団体コード,団体名,2016-03-31,2017-03-31,2018-03-31,2019-03-31,2020-03-31,2021-03-31,2022-03-31,2023-03-31,2024-03-31
011002,北海道札幌市,,51.2,46.2,42.4,46.9,48.8,44.4,46.9,49.7
012025,北海道函館市,,34.4,37.5,40.5,43.5,46.4,47.9,49.4,50.9
012033,北海道小樽市,,76.1,,,,65,67.4,69.9,72.4
012041,北海道旭川市,39.6,41.6,43.6,45.6,47.6,49.6,51.6,53.6,55.6
012050,北海道室蘭市,83.4,84,84.7,85.1,84.1,85.2,1,5.5,5.5
012068,北海道釧路市,,56.5,33.9,37,40.2,43.4,46.1,49.2,51.6
012076,北海道帯広市,,22,24,26,28,30,32,34,36
012084,北海道北見市,10.5,13,15.9,19.6,21.3,24.2,25.2,27.5,28.3
012092,北海道夕張市,,,,,,,,,
012106,北海道岩見沢市,,36.1,38.1,59.9,42.1,44.1,46.1,46.1,48.1
012114,北海道網走市,,30.8,34.8,36.8,38.8,40.8,41,44.8,46.8
012122,北海道留萌市,52.8,54,55.8,57.9,59.8,61.8,63.8,65.8,69.1
012131,北海道苫小牧市,59.4,61.6,63.8,66,68.2,70.4,72.6,74.8,77
012149,北海道稚内市,,28,30,32,34,36,37.9,39.8,41.7
012157,北海道美唄市,,91.6,94.1,96.1,98.1,100,100,100,100
012165,北海道芦別市,43,43.5,45.8,48.1,50.5,52.8,55.1,52.5,77.3
012173,北海道江別市,,52.5,54.5,56.5,58.5,60.5,62.5,62.5,66.5
012181,北海道赤平市,64.8,74,76,78,80,82,82,86,88
012190,北海道紋別市,52,52,54,58,60,62,64,66,64
012203,北海道士別市,34.8,36.9,39.1,41.2,40.8,43.2,45.6,48,50.5
012211,北海道名寄市,91.4,93.4,95.3,58.2,61.1,62.4,63.6,64.8,66.1
012220,北海道三笠市,72.4,74.4,78.3,80.3,80.3,82.3,84,87.3,88
012238,北海道根室市,74.6,75.2,76.2,77.1,78,79,79.9,79.7,80.7
012246,北海道千歳市,62.3,58,60,62,64,66.9,68,70,72
012254,北海道滝川市,,,,,,,,,
012262,北海道砂川市,62.1,63.5,65.8,68.1,68.1,69.7,71.5,71.5,74
012271,北海道歌志内市,62,,,,,,,,
012289,北海道深川市,,58.5,,,,68.3,70.7,73.2,75.6
012297,北海道富良野市,,,51.4,54.4,56.7,57.4,59.9,64.5,64.5
012301,北海道登別市,85.4,87.7,89.2,91.6,93.1,95.5,93.2,94.1,95
012319,北海道恵庭市,51,52.7,54.7,56.7,53.9,55.3,58.7,61.2,65.3
012335,北海道伊達市,74.1,76.3,76.8,78.7,80,81.9,83.8,85.8,87.7
012343,北海道北広島市,,37.5,38.8,41,43,45,46.8,49,51.2
012351,北海道石狩市,34.5,35.8,37.8,39.8,41,43,45,47,49
012360,北海道北斗市,40.4,41.6,43.7,45.8,47.9,47.9,52.1,54.2,56.3
013030,北海道当別町,,,,,,,,,
013048,北海道新篠津村,,,,,,,,,
013315,北海道松前町,,,,,,,,,
013323,北海道福島町,,,,,,,,,
013331,北海道知内町,,,,,,,,,
013340,北海道木古内町,,,,,,,,,
013374,北海道七飯町,,,,,,,,,
013439,北海道鹿部町,,,,,,,,,
013455,北海道森町,,,,,,,,,
013463,北海道八雲町,32,34,36,38,40,42,44,46,48
013471,北海道長万部町,52.8,54.1,56.4,58.6,60.9,63.1,65.4,67.7,63.5
013617,北海道江差町,53.2,,,,,,,,
013625,北海道上ノ国町,,,,,,,,,
013633,北海道厚沢部町,60,61.8,61.8,65.9,67.9,69.9,71.9,73.9,75.9
013641,北海道乙部町,,,,,,,,,
013676,北海道奥尻町,,,,,,,,,
013706,北海道今金町,,,,,,,,,
013714,北海道せたな町,,62.9,76,78,80,82,84,86,88
013919,北海道島牧村,,,,,,,,,
013927,北海道寿都町,,,,,,,,,
013935,北海道黒松内町,,,,,,,,75.6,84
013943,北海道蘭越町,98.4,98.4,99.6,100,100,100,100,100,100
013951,北海道ニセコ町,,23,25.3,,,,,,
013960,北海道真狩村,,,,,,,,,
013978,北海道留寿都村,,,,,,,,,
013986,北海道喜茂別町,,,,,,,,,
013994,北海道京極町,24.2,,,,,,,,
014001,北海道倶知安町,,,,,,,,,
014010,北海道共和町,,,,,,,,,
014028,北海道岩内町,,,,,,,,,
014036,北海道泊村,,,,,,,,,
014044,北海道神恵内村,,,,,,,,,
014052,北海道積丹町,,,,,,,,,
014061,北海道古平町,,,,,,,0,3.6,7.2
014079,北海道仁木町,,,,,,,,,
014087,北海道余市町,47.4,,52.7,55,57.2,59.5,61.7,63.9,66.2
014095,北海道赤井川村,,,,,,,,,
014231,北海道南幌町,,,,,,,,,
014249,北海道奈井江町,68,,,72,74,76,78,80,84
014257,北海道上砂川町,,,,,,,,,
014273,北海道由仁町,,,,,,,,,
014281,北海道長沼町,48,48,,52,54,56,58,60,62
014290,北海道栗山町,50.3,52.6,55,57.4,59.8,59.1,61.4,63.8,63.7
014303,北海道月形町,,70,73.6,77.3,81.1,84.9,88.6,92.4,92.4
014311,北海道浦臼町,,,,,,,,,
014320,北海道新十津川町,44,48.4,50.6,52.8,55,57.2,59.4,61.6,63.8
014338,北海道妹背牛町,,,,,,,,,
014346,北海道秩父別町,,64,65.3,63.3,65,66.6,68.3,70,71.6
014362,北海道雨竜町,,,,,,,,,
014371,北海道北竜町,,65.7,67.4,69.4,71.3,73.2,74.1,75.7,77.3
014389,北海道沼田町,,53.5,63.5,65.1,58,55.9,56.6,58.3,59.9
014524,北海道鷹栖町,,,,,,,,,
014532,北海道東神楽町,50,52,,,,,,,
014541,北海道当麻町,46.4,48,50,52.5,52.5,56.6,58.6,60.6,62.6
014559,北海道比布町,,48,30,32,52.5,32.4,35.7,37.5,40.1
014567,北海道愛別町,,,,,,,,,
014575,北海道上川町,,,,,,,,,
014583,北海道東川町,,,,,,,,,
014591,北海道美瑛町,10,12,14,2.7,5.4,8.1,10.8,13.5,16.2
014605,北海道上富良野町,,,,,93.6,95.6,97.6,97.6,97.7
014613,北海道中富良野町,,6,8,10,12,14,16,18,19.9
014621,北海道南富良野町,,,,,,,,,
014630,北海道占冠村,,,,,,,,,
014648,北海道和寒町,44,45.5,46.3,48.4,50.5,52.7,54.8,57,59.1
014656,北海道剣淵町,24,26,28,30,32,34,36,37.4,39.5
014681,北海道下川町,,,62.6,66.3,70,73.7,77.3,81,84.7
014699,北海道美深町,,,,,,,,,
014702,北海道音威子府村,,,,,,,,,
014711,北海道中川町,,,,,,,,,
014729,北海道幌加内町,,,,,,,,,
014818,北海道増毛町,,,,,,,,,
014826,北海道小平町,,,,,,,,,
014834,北海道苫前町,,,,,,,,,
014842,北海道羽幌町,,,,,,,,,
014851,北海道初山別村,,,,,,,,,
014869,北海道遠別町,,,,,,,,,
014877,北海道天塩町,,,,,,,,,
015113,北海道猿払村,,,,,,,,,
015121,北海道浜頓別町,,45,,,,,,,
015130,北海道中頓別町,,,68.2,70.4,72.6,74.8,77,79.2,81.4
015148,北海道枝幸町,,68.6,72.6,76.5,80.4,81.9,85.9,89.4,82.2
015164,北海道豊富町,,,,,,,,,
015172,北海道礼文町,,,88,90.2,92.4,94.6,96.8,99,100
015181,北海道利尻町,,,,,,,,,
015199,北海道利尻富士町,,,,,,,,,
015202,北海道幌延町,,,,,,,,,
015431,北海道美幌町,,100,100,100,100,100,100,100,100
015440,北海道津別町,,,,,,,,,3
015458,北海道斜里町,2,4,6.1,8.1,10.2,12.3,14.3,16.4,18.4
015466,北海道清里町,,39.1,,,,,,,
015474,北海道小清水町,,45.8,39.9,42.7,45.9,48.9,51.9,54.9,56.2
015491,北海道訓子府町,83.7,83.7,89.1,91.8,94.5,97.2,99.9,100,100
015504,北海道置戸町,21.8,23.9,25.8,27.8,,28.2,5.9,8,10.1
015521,北海道佐呂間町,48.5,66,68,70,72,74,76,78,80
015555,北海道遠軽町,,27.6,,33,35.1,37.3,39.5,41.7,29.5
015598,北海道湧別町,43.3,46.3,46.3,48.4,50.4,52.4,55.5,56,58.7
015601,北海道滝上町,42.2,,50.6,52.8,55,57.2,,,63.8
015610,北海道興部町,,64,65.1,67.2,69.3,71.3,73.4,78,80
015628,北海道西興部村,,,,,,,,,
015636,北海道雄武町,,92.2,93.5,2.3,4.6,9.5,14.5,21.3,26.1
015644,北海道大空町,51.2,53.4,59.1,57.8,57.6,60,62.2,59.3,61
015717,北海道豊浦町,,,,,,,,,
015750,北海道壮瞥町,,,,,,,,,
015784,北海道白老町,59.9,62.6,65.3,68,70.7,73.4,76.1,78.8,81.5
015814,北海道厚真町,,,,,,,,,
015849,北海道洞爺湖町,,,,,,,,,
015857,北海道安平町,,,,,,,,,
015865,北海道むかわ町,,,,,,,82,82,86
016012,北海道日高町,,57.8,60,62.2,64.4,65.7,67.4,69,70.7
016021,北海道平取町,,,,,,,,,
016047,北海道新冠町,,,,,,,,,
016071,北海道浦河町,,44,46,50,50,52,54,56,58
016080,北海道様似町,,48,50,52,54,54.8,56.8,58.8,60.8
016098,北海道えりも町,,,,,,,,,
016101,北海道新ひだか町,,,,18.4,21.3,24.2,22.3,25.4,28.4
016314,北海道音更町,,33.9,35.9,37.9,39.9,41.9,43.9,39.6,42.2
016322,北海道士幌町,,,,,,,,,
016331,北海道上士幌町,,55,57.2,59.4,61.6,63.8,66,68.2,70.4
016349,北海道鹿追町,,77,,81.4,83.6,85.8,88,90.2,92.4
016357,北海道新得町,,75.6,77.6,79.6,81.7,83.7,85.7,87.7,89.7
016365,北海道清水町,,53.1,55.2,57.1,58.2,60.4,62.4,64,65.8
016373,北海道芽室町,49.9,52.4,54.9,57.4,67.9,55.7,57.8,60.4,63.6
016381,北海道中札内村,,,,,,,,,
016390,北海道更別村,,,,,,,,,
016411,北海道大樹町,100,100,,,100,100,100,100,100
016420,北海道広尾町,,92.8,94.9,95.3,95.6,95.8,94.3,93.8,91
016438,北海道幕別町,,63.7,65,66.4,67.4,68.2,70.1,68.2,73.3
016446,北海道池田町,100,90.5,91.1,91.8,92.5,93.2,93.9,94.6,95.3
016454,北海道豊頃町,25.5,30,30.7,,,,,,
016462,北海道本別町,,28.6,30.8,33,,37.4,37.4,39.6,44
016471,北海道足寄町,,,,,,47.4,50.7,54.1,57.4
016489,北海道陸別町,,,,,,,,,
016497,北海道浦幌町,,,36,38,40,42,44,46,48
016616,北海道釧路町,,,,,,,,,
016624,北海道厚岸町,,41.5,,,,,,,
016632,北海道浜中町,,,,,,64.9,,,
016641,北海道標茶町,,,70,72,74,76,78,80,82
016659,北海道弟子屈町,,,,,,,,,
016675,北海道鶴居村,,,,,40,42,41.3,43.6,45
016683,北海道白糠町,,,,,,,,,
016918,北海道別海町,46,47.8,49.1,51.1,52,54,56.1,58.1,54.5
016926,北海道中標津町,,48.4,50.6,52.8,55,57.2,59.4,61.6,63.8
016934,北海道標津町,100,100,100,100,100,100,100,100,
016942,北海道羅臼町,,,,,,,,,0.7
022012,青森県青森市,,88.2,,,,,,,
022021,青森県弘前市,,46.4,48.4,50.2,51.8,53.5,54.7,56.7,58.7
022039,青森県八戸市,,46.2,47.9,49.5,51.4,53.4,55.3,57.2,59.1
022047,青森県黒石市,,,,,,,,0,2
022055,青森県五所川原市,,80,82,84,84.9,83.9,86.1,88.3,90.5
022063,青森県十和田市,0,2.7,5.4,10.8,10.8,16.2,16.2,18.9,21.6
022071,青森県三沢市,,67.1,68.2,70.3,72.3,74.4,76.4,69.4,72
022080,青森県むつ市,,34.8,58.3,38.8,40,42,44,46,45.3
022098,青森県つがる市,,,,,,,,,
022101,青森県平川市,,47.9,35.7,,,44.5,46.6,36.6,51
023019,青森県平内町,,77,79.2,72.7,83.6,85.8,88,84.5,87.1
023035,青森県今別町,12.6,14.7,16.8,18.9,21.1,23.2,25.3,27.5,29.6
023043,青森県蓬田村,,,,,,,,,
023078,青森県外ヶ浜町,,,,,,,,,
023213,青森県鰺ケ沢町,,,,,,,,,
023230,青森県深浦町,,,,,,,,,
023434,青森県西目屋村,,,,,,,,,
023612,青森県藤崎町,34.7,34.7,36.9,39,42.9,44.8,47,40.1,42.2
023621,青森県大鰐町,,,,,,,,,
023671,青森県田舎館村,,,,,,,,,
023817,青森県板柳町,100,100,100,100,100,100,100,100,100
023841,青森県鶴田町,,,,,,,,,
023876,青森県中泊町,,,,,,,,,
024015,青森県野辺地町,62.1,63.9,65.5,67.3,69.5,70.5,70.9,72.9,77.8
024023,青森県七戸町,100,100,100,100,100,100,100,100,100
024058,青森県六戸町,64,66,68,70,62.8,68.2,70.7,73.3,75
024066,青森県横浜町,,,,,,,,,
024082,青森県東北町,,82,83.7,85.7,87.6,87.1,91.8,93.8,95.7
024112,青森県六ケ所村,,44,46.2,46.2,50.5,52.8,52.8,56.9,59.1
024121,青森県おいらせ町,51,57.4,60.4,63.3,66.3,69.3,70.2,73.3,
024236,青森県大間町,,,,,,,,,
024244,青森県東通村,,,,,,,,,
024252,青森県風間浦村,,,,,,,,,
024261,青森県佐井村,,,,,,,,,
024414,青森県三戸町,70.7,72.7,71.6,73.6,75.6,77.6,79.7,75,77.1
024422,青森県五戸町,38,38,40,46,47.9,49.7,51.6,53.5,55.4
024431,青森県田子町,43.7,45.7,47.7,49.7,51.7,51.2,52,57.7,57.2
024457,青森県南部町,,,,,,,,,
024465,青森県階上町,,,,,,,,,
024503,青森県新郷村,,,,,,,,,
032018,岩手県盛岡市,,42.1,44.1,46.2,48.2,50.2,52.2,54.2,37.6
032026,岩手県宮古市,87.7,90.6,93.5,72.8,74.1,76,75,77,78.5
032034,岩手県大船渡市,,16,18,20,22,24,26,,
032051,岩手県花巻市,54.1,56.2,58.4,61.1,63.2,63.1,65,67,68.8
032069,岩手県北上市,46.8,48.6,49.9,50,54.1,58.2,58.7,60.9,61.5
032077,岩手県久慈市,,62.9,62.9,,,70.9,48,50,52
032085,岩手県遠野市,72,,76.7,78.7,80.7,82.7,84.7,86.5,86.6
032093,岩手県一関市,,18,21.3,24.7,28,31.3,34.2,37.6,40.8
032107,岩手県陸前高田市,,7.9,0.1,4.3,8.5,12.7,16.9,21.1,25.3
032115,岩手県釜石市,56.8,59.3,59.6,62.2,64,66.5,69.1,71.6,74.1
032131,岩手県二戸市,,70.6,72.8,75,77.2,79.2,81.4,83.6,85.8
032140,岩手県八幡平市,,52,54,56,58,60,62,66,66
032158,岩手県奥州市,,41.4,43.4,45.4,47.4,48,50,50.2,52.2
032166,岩手県滝沢市,81.6,0,4.5,8.9,13.4,17.9,22.3,26.8,31.3
033014,岩手県雫石町,,63.2,65.2,67.2,69.2,71.2,73.2,75.2,77.2
033022,岩手県葛巻町,,,,,,,,,
033031,岩手県岩手町,64.6,48.7,48.7,54.1,56.5,59.3,62,64.7,67.4
033219,岩手県紫波町,,16.8,21,25.2,29.4,33.6,33.6,42,46.2
033227,岩手県矢巾町,,,,,,,,,
033669,岩手県西和賀町,,,,,,,,,
033812,岩手県金ケ崎町,,41.8,41.8,46.2,48.4,50.6,57,59.1,60.8
034029,岩手県平泉町,,40.7,41.9,44,46.1,48.3,50.4,4.8,9.6
034410,岩手県住田町,,,,,,,,,
034614,岩手県大槌町,,,,,,,,18.4,23
034827,岩手県山田町,,,4.2,8.3,8.3,8.3,8.3,8.3,8.3
034835,岩手県岩泉町,2,4.5,,9,11.3,13.5,15.8,18,20.3
034843,岩手県田野畑村,,,,,,,,,
034851,岩手県普代村,,,,,,,,,
035017,岩手県軽米町,91.1,91.6,92,92.5,92.9,93.4,93.8,94.2,94.7
035033,岩手県野田村,,,46,48,50,52,54,56,58
035068,岩手県九戸村,,,,,,,,,
035076,岩手県洋野町,,71.8,73.5,75.3,72.4,74.5,76.5,77.8,79.9
035246,岩手県一戸町,,33,35.2,37.3,39.6,41.9,35.2,40.6,40
041009,宮城県仙台市,,42.6,44.6,46.7,48.8,50.7,52.4,54.4,56.6
042021,宮城県石巻市,,88.5,90.3,90.3,94.3,96.3,98.3,100,100
042030,宮城県塩竈市,,65.7,68.3,70.8,70.8,75.8,78.4,80.9,83.4
042056,宮城県気仙沼市,,,,,,4.6,6.7,8.7,10.7
042064,宮城県白石市,,77.7,79.7,81.7,83.7,85,87.1,88.4,90.5
042072,宮城県名取市,47.9,49.8,52.2,6.2,8.9,11.6,14.3,16.9,19.6
042081,宮城県角田市,,8.3,10.8,13.3,15.8,18.4,20.9,23.4,25.9
042099,宮城県多賀城市,,4.1,8.1,12.2,16.2,20.3,24.4,28.4,32.5
042111,宮城県岩沼市,13.5,13.5,16.2,21.6,24.3,27,29.7,32.5,35.1
042129,宮城県登米市,,57.2,59.4,61.6,63.8,66,67.8,69.5,71.2
042137,宮城県栗原市,,42.7,44.9,48.5,48.5,50.7,52.9,54.5,57.3
042145,宮城県東松島市,46,48,50,52,54,56,58,58.7,60.8
042153,宮城県大崎市,,,,,,6.7,8.9,11.1,13.3
042161,宮城県富谷市,,,,,,,,,
043010,宮城県蔵王町,22,24,26,28,30,32,34,36,38
043028,宮城県七ケ宿町,,,,,,,,,
043214,宮城県大河原町,,,,,,,,,
043222,宮城県村田町,,,,,,,,,
043231,宮城県柴田町,,57.2,59.4,63.8,62.4,64.8,68.2,68.2,72.6
043249,宮城県川崎町,,,,,,,,,
043419,宮城県丸森町,77.3,77.3,80,80,82.8,85.6,88.4,89.8,90.4
043613,宮城県亘理町,,48.7,50.6,52.1,53.2,53.2,51.8,54.2,56.6
043621,宮城県山元町,,,,,,,,,
044016,宮城県松島町,,,,,,,,,
044041,宮城県七ケ浜町,,,,,,,,,
044067,宮城県利府町,,49.3,51.4,53.6,55.8,58,4.3,7.4,10.6
044211,宮城県大和町,,,,,,,,,
044229,宮城県大郷町,,,,,,,,,
044245,宮城県大衡村,,,,,,,,,
044440,宮城県色麻町,,,,,,,,,
044458,宮城県加美町,,38.6,38.6,50,52,54,50.6,52.6,54.6
045012,宮城県涌谷町,,,,,4.4,6.6,,,
045055,宮城県美里町,,,,58,59.5,60.7,59.5,61,63.2
045811,宮城県女川町,,,,,,,,,
046060,宮城県南三陸町,,,10,12,4.2,8.4,12.6,16.8,21
052019,秋田県秋田市,65.1,66.2,67.3,68.4,66.2,68.4,68.1,69,70.7
052027,秋田県能代市,48.9,50.9,52.6,53,53.3,52,54,56,57.8
052035,秋田県横手市,,43.4,41.1,43.1,43.7,45.9,48.2,50.4,52.6
052043,秋田県大館市,,63.9,65.8,67.6,69.5,71.4,73.2,75.2,77.1
052060,秋田県男鹿市,78,,,,86.2,88.2,90.2,91.6,93.6
052078,秋田県湯沢市,,59.1,61.1,61.9,65.1,67.2,69.2,72.4,74.4
052094,秋田県鹿角市,,17.7,19.6,21,23.4,25.3,27.2,29.1,31
052108,秋田県由利本荘市,,44.4,47.3,50.3,53.2,56.2,59.7,63.9,67.4
052116,秋田県潟上市,78.6,81.5,84.3,85.2,86.3,87.3,87.7,88.1,89.2
052124,秋田県大仙市,52.9,55.9,58,60.1,62.2,63,64.3,67.4,69.6
052132,秋田県北秋田市,,,,,,,,72.1,74.1
052141,秋田県にかほ市,,22,38,40,42,44,46,48,38.1
052159,秋田県仙北市,,52.2,72,74,76,78,80,82,84
053031,秋田県小坂町,87.7,84.1,87,87.8,88.4,86.8,87.4,83.3,84.5
053279,秋田県上小阿仁村,,48.1,,,,,,,
053465,秋田県藤里町,,,,,,,,,
053481,秋田県三種町,,,,,,,,,
053490,秋田県八峰町,,,,,,,,,
053619,秋田県五城目町,,,,,,,,,
053635,秋田県八郎潟町,,,,,,21,25.2,29.4,33.6
053660,秋田県井川町,,,,,,,,,
053686,秋田県大潟村,,,,,,,,,
054348,秋田県美郷町,60,62,64,66,68,70,72,74,76
054631,秋田県羽後町,20.2,22.2,24.2,26.2,28.2,30.2,32.2,34.2,36.2
054640,秋田県東成瀬村,,,,,,,,,
062014,山形県山形市,34,36,38,40,37,38.6,39.7,33.5,34.9
062022,山形県米沢市,0,3.4,6.8,10.3,13.7,17.2,20.6,24.1,27.5
062031,山形県鶴岡市,80.2,77.7,82.8,80.3,88.4,90.2,93.1,93.8,94.5
062049,山形県酒田市,71.2,62,63,55.8,58.3,58,17.5,20.2,12.4
062057,山形県新庄市,70.3,71.7,73.1,74.6,76,71.3,71.9,74.1,75.5
062065,山形県寒河江市,,,,,,,,,64.3
062073,山形県上山市,52,42.2,44.2,46.3,41.1,43.8,46.5,49.3,52
062081,山形県村山市,,18,21,24,27,30,33,36,39
062090,山形県長井市,,72,74,76,78,80,82,6.1,5.4
062103,山形県天童市,66,68,70,72,74,76,77.1,78.9,81
062111,山形県東根市,,0,2.7,5.4,8.1,10.8,13.5,16.2,18.9
062120,山形県尾花沢市,,,,,,,,,58.8
062138,山形県南陽市,45,48,51,54,57,60,63,66,69
063011,山形県山辺町,,,,,,,,,
063029,山形県中山町,,,,,,18,19.6,21.6,23.6
063215,山形県河北町,44.7,48.4,50.6,52.8,55,57.2,59.4,61.6,63.8
063223,山形県西川町,56.7,58.7,60.7,62.7,64.7,66.7,68.7,70.7,70.7
063231,山形県朝日町,30,32,34,36,36,56.3,36,44,46
063240,山形県大江町,,0,3.6,7.7,11.4,15.1,18.8,22.5,26.3
063410,山形県大石田町,,,,,,9.2,12.3,11,13.2
063614,山形県金山町,,,,,,,,,
063622,山形県最上町,,,,,,,,,
063631,山形県舟形町,,,,,,,,,
063649,山形県真室川町,,,,,,,,,
063657,山形県大蔵村,,,,,,,,,
063665,山形県鮭川村,,,,,,,,,
063673,山形県戸沢村,,,,,,,,,
063819,山形県高畠町,84.6,81.9,31.2,2,4.9,8.1,11.3,12.8,16.1
063827,山形県川西町,,44,46,48,50,52,54,56,49.6
064017,山形県小国町,,,,,,,,,
064025,山形県白鷹町,,,,,0,4.2,8.4,12.6,16.8
064033,山形県飯豊町,,,,,,,,,
064262,山形県三川町,,,,,,,,,
064289,山形県庄内町,,82.6,84.7,87.8,90.2,92.3,91,81.3,21.9
064611,山形県遊佐町,100,100,100,95.4,87.7,85.9,75.5,77.1,78.8
072010,福島県福島市,,,,99.8,99.8,99.8,99.5,99.1,99.1
072028,福島県会津若松市,10,12,14,16,18,20,22,24,26
072036,福島県郡山市,58.4,58.8,54.2,55.8,58.1,60.1,62.5,62.6,65
072044,福島県いわき市,,24.5,24.5,29.7,32.6,35.3,38,40.7,43.4
072052,福島県白河市,,,34.8,36.8,38.8,40.8,42.6,44.6,46.6
072079,福島県須賀川市,67.5,69.9,71.9,9.9,6.9,9.1,11.3,12.8,15
072087,福島県喜多方市,,88,90,92,94,95.4,95.4,99.5,99.6
072095,福島県相馬市,,,,,,,,,
072109,福島県二本松市,,57,59.1,61.2,63.3,65.4,67.5,69.6,67.8
072117,福島県田村市,72,74,76,80,80,84,86,88,90
072125,福島県南相馬市,,,16,18,,,,,
072133,福島県伊達市,,75.9,80.1,84.4,84.6,84.6,62.3,65,65.2
072141,福島県本宮市,42,44.2,46.4,48.6,51.1,52.5,55,44.4,46.5
073016,福島県桑折町,,,,,,,,,
073032,福島県国見町,,,,,,,,,
073083,福島県川俣町,,,,,,,,,
073229,福島県大玉村,,,,,,,,,
073423,福島県鏡石町,51.3,51.3,54,56.7,59.4,62.1,64.7,67.1,69.5
073440,福島県天栄村,,,,,,,,,
073644,福島県檜枝岐村,,,,,,,,,
073679,福島県只見町,,,,,,,,,
073687,福島県南会津町,,,28,30,32,34,33.1,36.1,
074021,福島県北塩原村,,,,,,,,,
074055,福島県西会津町,,,,,,,,,
074071,福島県磐梯町,,,,,,,,,
074080,福島県猪苗代町,8.1,10.8,13.5,16.2,18.9,21.6,24.3,27,29.7
074217,福島県会津坂下町,,,,,,,,,
074225,福島県湯川村,,,,,,,,,
074233,福島県柳津町,,,,,,,,,
074446,福島県三島町,,,,,,,,,
074454,福島県金山町,,,,,,,,,
074462,福島県昭和村,,,,,,,,,
074471,福島県会津美里町,,,,,,,,,
074616,福島県西郷村,,,,,,,,,
074641,福島県泉崎村,,14,28,27.1,29.1,31.2,33.4,35.6,37.8
074659,福島県中島村,,,,,,,,,
074667,福島県矢吹町,,,49.3,50.8,52.7,54.4,56.1,57.8,59.5
074811,福島県棚倉町,13.8,13.8,18.4,23,27.6,32.2,36.8,41.4,46
074829,福島県矢祭町,,50.5,52.3,54.2,56,57.8,59.7,61.5,63.3
074837,福島県塙町,46,48,50,52,53.9,55.9,58,60,62
074845,福島県鮫川村,,,17.9,20,22.1,23.9,26.2,28.5,30.6
075019,福島県石川町,,,,22,24.7,26.9,29.1,31.3,31.3
075027,福島県玉川村,,,,,,,,,
075035,福島県平田村,,,,,,,,,
075043,福島県浅川町,,,2.6,6.4,10.2,13.9,17.7,21.5,25.4
075051,福島県古殿町,,,,,,,,,
075213,福島県三春町,,,,,,,,,
075221,福島県小野町,,53.2,55.5,58,59.1,61.3,41.5,43.7,46
075418,福島県広野町,,,,,,,,,
075426,福島県楢葉町,,,,,,,,,
075434,福島県富岡町,,36,39,42,45,48,51,54,57
075442,福島県川内村,,,,,,,,,
075451,福島県大熊町,,36.2,41.5,45.5,47.5,47.5,49.5,51.5,53.5
075469,福島県双葉町,,66,68,70,72,74,76,78,80
075477,福島県浪江町,,,,,,,,,
075485,福島県葛尾村,,,,,,,,,
075612,福島県新地町,,,,,,47.9,50,52,54
075647,福島県飯舘村,,,,,,,,,
082015,茨城県水戸市,,46.5,43.4,44.8,46.8,48.8,50.8,52.8,54.8
082023,茨城県日立市,39,41,43.1,43.6,45.9,47.1,49.2,51.5,53.7
082031,茨城県土浦市,83.1,27.9,0.8,4.5,7.9,11.2,14.4,17.8,21.3
082040,茨城県古河市,30,40.3,42.3,44.2,45,45.8,46.1,48.6,50.8
082058,茨城県石岡市,71.5,58.4,60.6,62.9,65.2,67.5,69.8,72.1,74.1
082074,茨城県結城市,35.1,37.8,40.5,43.2,45.9,48.6,51.3,54,56.7
082082,茨城県龍ケ崎市,69.5,75.2,71.6,60.1,58.4,61.2,63.5,63.2,62.1
082104,茨城県下妻市,29.8,31.9,34.1,36.3,39,36.7,39.2,41.5,44
082112,茨城県常総市,68,71.7,73.6,75.5,77.4,79.3,81.2,83,84.9
082121,茨城県常陸太田市,52,54,56,56.3,57.7,59.9,62,64.2,66.4
082147,茨城県高萩市,66,68.2,70.2,72.2,74.2,76.2,76.8,78.8,80.8
082155,茨城県北茨城市,2.2,2.2,4.4,6.6,8.8,11,13.2,15.4,17.6
082163,茨城県笠間市,,28.6,30.6,31.9,34.1,36.2,38.3,39.7,42
082171,茨城県取手市,44.4,46,48.2,50.2,52.4,54.6,56.7,52.8,55.5
082198,茨城県牛久市,43.1,36.2,39,42,45.1,48.2,51.1,53.9,54.2
082201,茨城県つくば市,50,52,54,56,58,57.4,57.5,59.7,50
082210,茨城県ひたちなか市,,50.2,52.4,50.2,53,46.9,47.7,50.9,54
082228,茨城県鹿嶋市,49.1,51.2,53.2,55.3,57.4,55.6,57.9,60.2,62.4
082236,茨城県潮来市,22,24.2,26.4,28.4,30.6,32.8,34.8,36.9,39.1
082244,茨城県守谷市,46.2,48.4,50.6,52.8,55,57.2,59.4,61.6,63.1
082252,茨城県常陸大宮市,42,44,46,48,50,52,54,56,58
082261,茨城県那珂市,20.1,22.2,24.2,26,28.1,30.1,32.2,34,36.2
082279,茨城県筑西市,,40.2,44,44.2,46.4,48.5,48.1,52,54.2
082287,茨城県坂東市,,40,42,42,46,46,48,50,52
082295,茨城県稲敷市,,49.2,52,54.8,57.6,60.4,63.2,65.8,68.6
082309,茨城県かすみがうら市,,39.9,42,44,46,45.3,47.4,46.4,52.4
082317,茨城県桜川市,54.1,56.1,58.1,60.1,62.1,64.1,66.1,49.5,51.5
082325,茨城県神栖市,48.3,50.4,52.4,32.8,36.8,40.7,44.2,48.2,52.2
082333,茨城県行方市,69.4,70.6,72.7,74.7,76.8,78.9,81,82.8,84.8
082341,茨城県鉾田市,67.9,69.9,71.9,62.2,64.3,66.4,68.5,70.6,72.7
082350,茨城県つくばみらい市,,50.2,49.6,52,54.4,56.8,59.2,61.6,64
082368,茨城県小美玉市,45.9,47.9,49.9,51.9,53.9,55.9,57.9,59.8,61.8
083020,茨城県茨城町,45.7,47.1,49.4,50.6,52.8,56.1,58.2,60.6,61.1
083097,茨城県大洗町,,,,,,,,,
083101,茨城県城里町,37.4,39.6,41.8,44,46.2,48.4,50.6,52.8,55
083411,茨城県東海村,40.1,42.3,44.6,46.9,44,46.2,48.5,50.7,45.9
083640,茨城県大子町,,,,,,,,94.8,
084425,茨城県美浦村,,36,38,,,,,,
084433,茨城県阿見町,54,56.4,58.3,55,57.4,59.8,51,53.3,55.6
084476,茨城県河内町,,,,,,,,,
085219,茨城県八千代町,34,36,38,40,39.4,41.7,43.2,45.6,48
085421,茨城県五霞町,,,,,,,,,
085464,茨城県境町,,,,,,,,,
085642,茨城県利根町,46.2,44.9,58.1,59.9,61.5,62.9,64.7,64.1,66.1
092011,栃木県宇都宮市,,42.9,45,46.4,46.5,48.6,52,53.4,55.4
092029,栃木県足利市,,0,4.3,8.5,12.8,17,21.2,25.5,29.7
092037,栃木県栃木市,,65.3,67.7,69.9,72,74.2,76.3,78.4,80.3
092045,栃木県佐野市,,76.4,76.2,78.3,80.5,80.3,82.5,84.8,86.3
092053,栃木県鹿沼市,47.5,49.6,51.7,55.3,57.3,57.9,60,62.1,64.2
092061,栃木県日光市,,75.6,50.5,54,56.3,58.7,60.6,62.5,63.4
092088,栃木県小山市,,47.7,49.7,51.7,53.7,55.2,57.7,59.2,61.2
092096,栃木県真岡市,68.8,66.6,67.9,72.3,72.2,74.4,76.7,78.9,80.9
092100,栃木県大田原市,,15.1,17.1,19.1,21.1,21.1,25.1,27.1,29.1
092118,栃木県矢板市,72,74,76,78,80,82,84,86,88
092134,栃木県那須塩原市,,61.7,63.7,65.7,14.7,18.1,10.4,13.6,16.8
092142,栃木県さくら市,43.7,45.7,45.7,48.2,50.6,52.9,55.1,57.4,59.7
092151,栃木県那須烏山市,,,,45.4,47.2,48.9,50.6,52.3,55.5
092169,栃木県下野市,,61,63.5,65.5,67,68.4,69.9,69.2,73.8
093017,栃木県上三川町,,,,71.8,73.7,75.8,77.8,52.5,56.1
093424,栃木県益子町,,,,,,,,,
093432,栃木県茂木町,47.4,2,4.1,6.2,8.3,10.4,12.5,14.7,16.8
093441,栃木県市貝町,,,39.1,56,58,60,62,64,66
093459,栃木県芳賀町,,,,20,22,24,26,28,30
093611,栃木県壬生町,,62.3,64.3,67.2,69.2,71.2,72.1,75.2,77.2
093645,栃木県野木町,71.6,77.6,81,83.7,86.4,89.1,91.8,94.5,94.2
093840,栃木県塩谷町,,,,55,57.2,57.6,65.5,64.7,65.4
093866,栃木県高根沢町,,,56.5,58.4,60.2,62.1,63.9,65.8,67.6
094072,栃木県那須町,74,,73.7,75.7,77.7,78.7,80.9,82,81.6
094111,栃木県那珂川町,78.6,80.9,82,83,83.9,84.9,85.9,86.3,87.9
102016,群馬県前橋市,,55.7,57.8,59.9,62,64.1,66.2,68.4,70.5
102024,群馬県高崎市,18.8,21.4,23.9,26.5,29.1,31.7,34.2,36.8,39.4
102032,群馬県桐生市,16.2,53.9,,,,80,0,0,88
102041,群馬県伊勢崎市,,52.3,55.6,58.1,59.5,62.1,64.7,67.3,69.6
102059,群馬県太田市,52.8,41.4,43.8,45.9,48.5,51.2,53.8,56.4,37.9
102067,群馬県沼田市,48.4,50.6,52.8,55,57.2,57.2,59.4,61.6,63.9
102075,群馬県館林市,,73.6,75.3,75.8,77.8,80.1,82.6,85,87.4
102083,群馬県渋川市,61.5,63.4,65.4,67.3,69.3,71.1,73.1,73.3,71.7
102091,群馬県藤岡市,,54.2,56.2,58.2,60.2,62.2,64.2,66.2,68.2
102105,群馬県富岡市,72.1,,71.5,73.5,75.6,77.6,79.6,81.6,83.6
102113,群馬県安中市,53.5,55.5,57.5,59.5,61.5,63.5,65.5,67.5,69.5
102121,群馬県みどり市,33.9,35.9,37.9,39.6,39.5,43.7,,47.9,48.5
103446,群馬県榛東村,,,,,,,,,
103454,群馬県吉岡町,39.3,42,44,46,,49.8,51.6,53.1,53.6
103667,群馬県上野村,12.8,14,,,,,,,
103675,群馬県神流町,,,,,,,,,
103829,群馬県下仁田町,,,,,,,,,
103837,群馬県南牧村,,,,,,,,,
103845,群馬県甘楽町,54.9,58.5,59.7,60.9,62.1,63.3,64.5,65.6,58.7
104213,群馬県中之条町,35.2,37.4,39.6,41.8,44,46.2,48.4,50.6,52.8
104248,群馬県長野原町,,,,,,,,,
104256,群馬県嬬恋村,,,,,,,,,
104264,群馬県草津町,,2.7,5.3,8,10.6,13.3,16,18.6,21.3
104281,群馬県高山村,,,,,,,,,
104299,群馬県東吾妻町,,,,,,,,,
104434,群馬県片品村,,,,,,,,,
104442,群馬県川場村,,,,,,,,,
104485,群馬県昭和村,,,,,,,,,
104493,群馬県みなかみ町,,,,,,,,,
104647,群馬県玉村町,46,50,52,54,55.8,57.8,59.8,61.8,63.8
105210,群馬県板倉町,,,,,,,,,
105228,群馬県明和町,40,57.3,,,,100,,,
105236,群馬県千代田町,66,68,70,72,74,76,78,80,
105244,群馬県大泉町,52,54,56,57.2,59.3,61.3,63.4,65.6,65.6
105252,群馬県邑楽町,43.2,45.2,46.9,48.2,49.1,49.2,51.7,53.6,
111007,埼玉県さいたま市,35.5,36.9,37.6,34.4,37.1,38.6,41.1,43.6,46
112011,埼玉県川越市,45.8,47.9,49.9,51.9,53.9,56,55.5,56.7,58.1
112020,埼玉県熊谷市,,57.2,44.6,47.4,50.1,52.7,55.4,58.2,61
112038,埼玉県川口市,36.8,34.8,36.8,38.7,40.7,36.5,38.9,41.3,43.5
112062,埼玉県行田市,,37.8,40.5,43.2,44.2,47,49.9,52.7,55.5
112071,埼玉県秩父市,56.9,59.2,61.4,63.6,65.9,68,69.9,72.1,74.4
112089,埼玉県所沢市,19.5,21.6,23.6,25.7,27.2,27.9,30.1,32.3,34.4
112097,埼玉県飯能市,38.8,41.4,44,46.4,47.9,51.6,53,54.1,55.6
112101,埼玉県加須市,28.1,30.4,32.7,35,37.3,39.2,39.2,43.6,45.9
112119,埼玉県本庄市,,40.4,43.1,45.7,47.5,49.2,50.9,52.6,54.3
112127,埼玉県東松山市,48.9,50.9,52.4,54.2,55.9,57.8,59.9,62,64
112143,埼玉県春日部市,60.4,62.2,64.1,65.9,67.7,69.6,70.7,73.2,70.8
112151,埼玉県狭山市,,73,74.7,76.7,78.8,80.8,81.4,82.3,83.1
112160,埼玉県羽生市,64.6,65.7,67.8,69.9,72.1,72.1,72.1,74.2,76.2
112178,埼玉県鴻巣市,37,39.1,24.9,27,29.1,31.2,33.3,35.4,37.5
112186,埼玉県深谷市,47.6,49.9,52.2,54.5,56.8,59.1,61.4,63.2,66
112194,埼玉県上尾市,,60.3,61.7,63.8,64.9,66.9,69.8,71.7,73.9
112216,埼玉県草加市,32,34,36,36.7,40,34.4,34.4,40.5,43.5
112224,埼玉県越谷市,58.4,66.1,68.4,70.8,73.1,73.4,75.8,75.8,77.6
112232,埼玉県蕨市,73.3,75.2,74.6,71.5,73.6,75.7,77.9,80,82.1
112241,埼玉県戸田市,58.6,57.6,59.7,61.4,63.7,65.8,68,70.1,72.3
112259,埼玉県入間市,44.7,46.4,48.3,50.2,52.1,54,55.6,57.3,59.2
112275,埼玉県朝霞市,52.1,54.1,56.2,58.2,60.2,62.3,45.8,48.1,50.3
112283,埼玉県志木市,48.2,50.2,38.1,40.1,41.9,43.9,46,48,50.1
112291,埼玉県和光市,48.1,50.9,53.2,55.5,57.7,60.2,62.5,64.9,67.1
112305,埼玉県新座市,,46.3,64.7,50.8,52.9,55.2,57.5,59.8,62.1
112313,埼玉県桶川市,53.1,29.1,29.1,36.3,39.9,37.1,40.8,44.6,45.4
112321,埼玉県久喜市,,44.3,46.3,48.3,50.2,51.9,54,52.8,55.2
112330,埼玉県北本市,43.9,46.1,48.3,48,50.3,52.5,54.7,57,59.2
112348,埼玉県八潮市,,46.8,48.8,50.8,52.8,54.8,56.8,42.7,44.8
112356,埼玉県富士見市,,44.9,42.7,44.7,46.7,48.7,49.9,51.9,53.6
112372,埼玉県三郷市,,44.6,46.4,48.8,51.2,53.6,56,46.7,49.5
112381,埼玉県蓮田市,,49.8,52.5,54.5,54.5,60.1,63,65.8,68.6
112399,埼玉県坂戸市,64.5,66.9,68.2,68.9,70.3,72.2,74,76,77.9
112402,埼玉県幸手市,66.2,66.1,66.1,71.1,73.6,76.1,75.6,78.1,80.6
112411,埼玉県鶴ケ島市,40.8,42.7,44.7,46.7,48.6,50.6,52.6,53.8,
112429,埼玉県日高市,,46.3,46.7,48.7,50.8,52.7,54.8,56.9,59
112437,埼玉県吉川市,38.5,40.5,42.5,44.5,46.3,48.2,49.5,51.6,53.7
112453,埼玉県ふじみ野市,,51.1,53,54.9,57.2,59.5,61.7,64,66.2
112461,埼玉県白岡市,71.6,74.5,78.1,0,3.3,6.6,9.9,77.3,17.3
113018,埼玉県伊奈町,56,58,60,62,64,66,68,70,72
113247,埼玉県三芳町,,,53.3,55.4,57.5,59.6,61.6,63.7,65.8
113263,埼玉県毛呂山町,,59,61,63,60.7,63.1,65.5,67.8,70.2
113271,埼玉県越生町,,79.1,80.2,81.4,82.6,83.7,84.6,84.9,86.1
113417,埼玉県滑川町,,62,64,66,68,70,72,74,76
113425,埼玉県嵐山町,,,,40.9,43,45,47.1,49.1,51.2
113433,埼玉県小川町,28,30,32,34,36,37.9,39.9,41.9,44
113468,埼玉県川島町,60.5,62.1,64.2,66.2,65.9,67.9,67.2,71.9,71.4
113476,埼玉県吉見町,59.4,61.7,64.1,66.4,68.8,71.1,7.7,10.4,13.1
113484,埼玉県鳩山町,,57.2,59.3,61.4,63.6,67.8,68.8,68.8,72
113492,埼玉県ときがわ町,46.1,48.2,46.1,48.7,51.4,53.9,56.5,59,61.6
113611,埼玉県横瀬町,49.4,52.3,55.2,57.2,59.9,62.2,64.8,67.5,69.6
113620,埼玉県皆野町,,,,,,,,,
113638,埼玉県長瀞町,,,,,,,,,
113654,埼玉県小鹿野町,,,,,,,,,
113697,埼玉県東秩父村,,,,,,,,,
113816,埼玉県美里町,,45.9,48.6,51.3,54,56.7,59.4,62.1,64.8
113832,埼玉県神川町,,,,,,,,,
113859,埼玉県上里町,46,48,50,52,54,55,55.7,57.7,58.4
114081,埼玉県寄居町,32.1,34.1,36.1,38.1,40.1,42.1,43.9,45.9,47.9
114421,埼玉県宮代町,43.8,48.1,48,50.1,52.2,54.3,56.4,58.5,60.6
114642,埼玉県杉戸町,,22,24,26,28,34.9,37.2,39.5,41.8
114651,埼玉県松伏町,,,,,,,,,
121002,千葉県千葉市,,35.3,37.2,34.4,36.3,40.5,42.3,44.1,47.1
122025,千葉県銚子市,74.8,68,72,74,76,83.2,85.1,87,89.3
122033,千葉県市川市,,,61.2,65.6,67.3,69.1,70.7,71.8,73.5
122041,千葉県船橋市,44.1,30.6,32.8,35.8,38,38.2,41.8,44.5,47.9
122050,千葉県館山市,83.5,85.8,88.1,90.4,92.6,94.9,97.2,98.5,99.9
122068,千葉県木更津市,,76.9,82,84,86,88,90,92,89.2
122076,千葉県松戸市,75.4,72.5,74.3,77.2,79.3,81.2,62.1,61.8,58.7
122084,千葉県野田市,,41.3,40.2,43,45.2,47.5,49.7,52,54.2
122106,千葉県茂原市,,,,,,,,,
122114,千葉県成田市,,61.2,63.7,66.2,68.7,71.2,73.7,76.1,78.6
122122,千葉県佐倉市,,41,43,45,47.1,49,51,30.1,31.1
122131,千葉県東金市,79.2,,81.4,83.6,85.8,88,90.4,92.5,84.9
122157,千葉県旭市,99.6,100,100,100,100,100,100,,
122165,千葉県習志野市,,66.6,68.3,69.9,53.7,51.7,52.7,54.5,42.2
122173,千葉県柏市,,83.3,85.6,79.1,81.5,83.8,86.1,82.8,85.4
122181,千葉県勝浦市,80,,,75.1,,,,98.4,98.5
122190,千葉県市原市,,50,52,54,56,58,60,62,
122203,千葉県流山市,,49.4,51.6,53.4,56.8,57.2,59.9,39.5,41.7
122211,千葉県八千代市,,,,,,23.6,27.8,26.5,28.3
122220,千葉県我孫子市,,37.9,39.9,41.4,43.6,45.8,48,50.3,52.5
122238,千葉県鴨川市,52.8,54.8,48.8,51.5,54.1,56.7,59.4,62,64.6
122246,千葉県鎌ケ谷市,,56.1,53,55,56.2,58.7,60.6,63.2,65.7
122254,千葉県君津市,26,28,30,32,34,36,38,33.1,35.9
122262,千葉県富津市,,,,,,,,,
122271,千葉県浦安市,,72.4,74,74.5,38.3,40.5,42.2,44.4,46.3
122289,千葉県四街道市,,68,69.4,71.4,73.5,69.8,71.9,76.1,78.3
122297,千葉県袖ケ浦市,47.6,49.6,49.7,51.4,53.5,55.6,57.5,59.6,61.8
122301,千葉県八街市,50,52,54,56,49.4,52.6,52.3,52.2,53.2
122319,千葉県印西市,30.7,33.2,35.3,37.7,40.2,42.7,45.2,47.8,50
122327,千葉県白井市,,44.5,46.4,47.7,50.2,52.5,54.8,57.3,59.8
122335,千葉県富里市,36.2,38.9,41.6,43.1,45.8,48.5,51.3,53.5,55.9
122343,千葉県南房総市,19.8,23.7,27.5,31.4,35.2,39.1,42.9,73.4,75.4
122351,千葉県匝瑳市,,44.9,43.5,46.4,48.2,52.1,55,57.9,60.7
122360,千葉県香取市,57.6,59.6,61.6,63.6,65.6,67.6,69.6,37.7,28
122378,千葉県山武市,,32.8,34.9,36.9,39,39.1,41.3,43,48.2
122386,千葉県いすみ市,,,,,,,,,
122394,千葉県大網白里市,,,,,,,,,
123226,千葉県酒々井町,,28.6,30.8,33,31.3,33.5,35.7,37.8,40
123293,千葉県栄町,,,,,,,,,
123421,千葉県神崎町,,,,,,,,,
123471,千葉県多古町,,2,4,6,8,10,12,14,16
123498,千葉県東庄町,,,,,,,,,
124036,千葉県九十九里町,,,,,,,,,
124095,千葉県芝山町,,,,,,,,,
124109,千葉県横芝光町,49.1,52,54.9,57.8,60.7,62.2,65.2,68,70.5
124214,千葉県一宮町,,,,,,,,,
124222,千葉県睦沢町,,,,,,,,,
124231,千葉県長生村,,,,,,,,,
124249,千葉県白子町,,,,,,,,,
124265,千葉県長柄町,,,,,,,,,
124273,千葉県長南町,,,,,,,,,
124419,千葉県大多喜町,52,54,56,58,57.3,59.4,62,62.7,
124435,千葉県御宿町,,,,,,,,,
124630,千葉県鋸南町,,,,,,,,,
131016,東京都千代田区,,23.3,25.4,27.6,29.6,31.8,34,36.1,38.3
131024,東京都中央区,,,45.7,48.9,52.2,55.2,58.3,15.9,13.7
131032,東京都港区,,47.6,48.5,50.8,52.4,54.7,56.7,37.2,39.9
131041,東京都新宿区,56.7,53.9,55.3,57.1,58.4,60.2,62,63.6,64.5
131059,東京都文京区,,71.6,73.2,71.5,72.5,74,74.8,76,77.5
131067,東京都台東区,,,,59,46.3,47.3,49.6,51.8,54
131075,東京都墨田区,24.6,18.1,20.2,22.2,24.3,26.1,28.2,30.4,32.5
131083,東京都江東区,52.4,41.5,43.6,46,48.2,50.4,49.3,45.4,48.1
131105,東京都目黒区,,32.9,35,39.1,41.1,42.8,46.4,48.3,49
131113,東京都大田区,52.6,54,54.7,46.8,49.1,45.3,47.4,49.6,49.8
131121,東京都世田谷区,,,52.8,55.3,56.9,58.9,56,57.9,57.9
131130,東京都渋谷区,,31.4,33.4,35.4,37.4,39.3,41.3,36.8,38.7
131148,東京都中野区,65.3,68.6,70.1,71.7,73.2,74.9,49.4,51.9,53.9
131156,東京都杉並区,51.9,53.3,55.1,57.1,58.4,47.6,45.2,47,49.5
131164,東京都豊島区,,,38,40.3,43.9,45.3,47.2,49.1,51
131172,東京都北区,,24.5,26.1,28.1,28.3,30.3,32.3,34.3,36.3
131181,東京都荒川区,,,15.7,19.1,22.5,21.3,24.8,28.3,31.7
131199,東京都板橋区,51,51.7,47.4,49.4,50.6,32.5,32.5,34.8,37.1
131202,東京都練馬区,45.4,41.4,43.9,46.1,48.6,50.8,52.8,55,57
131211,東京都足立区,53.7,51.8,56.1,58.2,58.9,60.4,60.3,62.2,59.7
131229,東京都葛飾区,36.1,45.2,47.4,49.6,47.5,48.5,50.8,53.1,55.4
131237,東京都江戸川区,31.5,34,35.3,37.3,38.9,41.1,43,42.5,45
132012,東京都八王子市,,46.6,48.5,50.3,52.4,54.4,56.3,58.4,58.4
132021,東京都立川市,,45.2,47.2,49.2,51.2,53.2,55.2,56.5,57.8
132039,東京都武蔵野市,29.9,31.9,30.9,32.9,34.9,36.9,37.4,39.3,41.4
132047,東京都三鷹市,,48.7,50.7,48.6,50.4,48.5,50.5,52.5,54.3
132055,東京都青梅市,,58.8,62.9,65.4,70.9,74.6,74,77,78.2
132063,東京都府中市,,36.8,39,41,43.4,43.2,47.1,40.6,42.6
132071,東京都昭島市,82.9,79.8,81.8,83.8,8,4.3,7.3,10.5,13.7
132080,東京都調布市,,52.8,52.9,54.3,56.3,57.5,58.4,61.2,58.3
132098,東京都町田市,49.7,52,53.7,55.8,58.2,60.1,62.6,64.1,66.5
132101,東京都小金井市,,45.8,41.4,42.8,42.1,44.1,46.2,48.2,50.3
132110,東京都小平市,,43.2,45.4,47.6,49.8,52.1,54.3,56.5,58.7
132128,東京都日野市,65.2,64.2,65.8,66,63.9,65.9,64.2,68,69.5
132136,東京都東村山市,,,48.1,72.9,74.9,76.9,78.9,79.6,81.6
132144,東京都国分寺市,68.1,70.5,72.5,71,73.1,75.4,77.8,79.7,81.6
132152,東京都国立市,82,82.3,83.6,85.1,86.5,86.8,89.1,91.5,93.8
132187,東京都福生市,51.4,53.2,52.4,51.5,53.5,55.8,58.1,60.4,36.2
132195,東京都狛江市,,77.3,79.3,81.3,83.2,85,86.9,88.8,90.6
132209,東京都東大和市,64,65.9,67.1,69.1,70.6,67.2,69.3,71.4,73
132217,東京都清瀬市,60.5,60.5,62.5,62.6,64.7,66.2,69.1,71.3,73.4
132225,東京都東久留米市,64,69.3,71.7,73.8,75.6,42.1,50.8,56.4,65.9
132233,東京都武蔵村山市,,86.7,89.5,91.4,94.3,97.2,98.3,99.1,99.2
132241,東京都多摩市,31.4,33.4,36.4,43.6,52.4,60.4,62.5,25.5,28.1
132250,東京都稲城市,41.9,48,50,52.1,54.2,56.3,58.3,60.3,62.3
132276,東京都羽村市,,32,34,36,38,40,41.6,43.7,45.7
132284,東京都あきる野市,21.5,21.5,26,28.2,30.4,34.3,36.7,38.8,41.2
132292,東京都西東京市,,53.4,55.6,58.1,60.3,62.6,44,46.9,50
133035,東京都瑞穂町,74.8,77.3,75,77,79,81,47.6,48.5,50.7
133051,東京都日の出町,,57.6,59.6,61.6,61.8,63.8,65.8,66,64.5
133078,東京都檜原村,,,,,,58.8,63,67.2,68.6
133086,東京都奥多摩町,,,,,,,,,
133612,東京都大島町,,100,56.3,,,100,6,11,15.8
133621,東京都利島村,,,,,,,,,
133639,東京都新島村,,,,,,,,,
133647,東京都神津島村,,16.8,21,24.8,29,33.1,37.2,41.4,45.5
133817,東京都三宅村,,,,,,,,,
133825,東京都御蔵島村,,,,,,,,,
134015,東京都八丈町,,,100,100,100,98.5,95.8,78.8,75.4
134210,東京都小笠原村,,,,,,,,,
141003,神奈川県横浜市,,49.5,51.3,52.3,54.5,56.6,58.5,60.1,62.1
141305,神奈川県川崎市,34.6,32.2,34.7,37.6,33.5,43.9,46.6,49,51.5
141500,神奈川県相模原市,54.9,56.9,58.9,60.9,63,65,67,69,71
142018,神奈川県横須賀市,,72.2,73.8,75.5,77.1,78.7,80.4,82,80.1
142034,神奈川県平塚市,,64.5,65.2,68.7,70.8,72.4,72.3,73.7,75
142042,神奈川県鎌倉市,86.9,93.7,95.9,98.1,100,100,88.4,88.7,88.9
142051,神奈川県藤沢市,49.9,51.9,53.8,55.7,57.5,59,60.8,62.4,63.9
142069,神奈川県小田原市,44.2,44.8,46.8,48.8,50.8,52.8,54.8,55.3,58.7
142077,神奈川県茅ヶ崎市,62,64,66,68,68.7,68.3,66.5,69.4,72.4
142085,神奈川県逗子市,24.2,24.4,26.5,28.7,30.9,33.2,35.4,37.5,39.7
142107,神奈川県三浦市,80.9,85.1,86.6,87.7,88.7,89.8,89.8,92,93
142115,神奈川県秦野市,28,,,,65.1,66.1,70.4,72.5,72.4
142123,神奈川県厚木市,62,64,66,68,70,72,74,76,78
142131,神奈川県大和市,,,,,6,8,10,12,14
142140,神奈川県伊勢原市,67.5,54.9,57.1,59.2,61.3,63.5,65.6,67.8,69.9
142158,神奈川県海老名市,34.1,34.8,37.5,40.2,42.8,39.4,42.3,45.2,48.2
142166,神奈川県座間市,,66,68,70,72,74,76,78,80
142174,神奈川県南足柄市,,,60,62,64,66,68,70,72
142182,神奈川県綾瀬市,41.8,43.9,45.9,47.9,49.9,53.1,54,56,58.1
143014,神奈川県葉山町,,,,,,80,82,84,86
143219,神奈川県寒川町,19.4,25,27.5,30,32.5,35,37.5,40,42.5
143413,神奈川県大磯町,58.2,60.8,63.4,66,63.8,71.1,73.5,76.1,78.7
143421,神奈川県二宮町,35.1,43.2,45.9,48.6,51.3,54,56.2,59,61.7
143618,神奈川県中井町,,,,,,,,,
143626,神奈川県大井町,,,,,,,,,
143634,神奈川県松田町,,72,72.3,70.8,73,75.2,77.3,78.3,82.9
143642,神奈川県山北町,,,,,,,,,
143669,神奈川県開成町,,,,,,,,,
143821,神奈川県箱根町,,,,,,,,,
143839,神奈川県真鶴町,25.3,27.5,29.7,30.8,33,35.2,37.4,39.6,41.8
143847,神奈川県湯河原町,,77.9,79.3,81.1,83.7,86.3,88.8,91.4,93.9
144011,神奈川県愛川町,,,,,,,,,
144029,神奈川県清川村,,21.6,27,29.7,32.4,35.1,37.8,40.5,43.2
151009,新潟県新潟市,25.2,26.7,28.7,31.1,33.2,35.4,37.5,39.8,41.8
152021,新潟県長岡市,52.5,54.3,53.8,57.6,58.4,51,60.4,52.4,52.4
152048,新潟県三条市,,,,,,,,,
152056,新潟県柏崎市,56.6,58.2,59.8,61.4,63,64.6,58.4,59.9,61.7
152064,新潟県新発田市,,15.7,17.5,20.6,23.6,26.7,29.5,33.3,35.5
152081,新潟県小千谷市,97.7,98.3,99,99.6,100,100,99.9,100,100
152099,新潟県加茂市,,,,,,55.4,57.7,60,62.2
152102,新潟県十日町市,,36,38,40,40,44,46,48,50
152111,新潟県見附市,,,,,64.2,66.5,68.5,70.8,72.7
152129,新潟県村上市,,74.5,77.7,80.9,50,52.1,54.2,56.3,58.4
152137,新潟県燕市,,,95.8,93.8,95,76.2,78.1,79.2,80.2
152161,新潟県糸魚川市,,56.7,55.2,58.3,61,63.1,65.1,67.8,70.4
152170,新潟県妙高市,,,,,,,,,
152188,新潟県五泉市,,32.4,35.1,37.1,39.2,41.2,43.2,45.2,46.6
152226,新潟県上越市,33.8,37.7,36.6,37.8,40.2,42.7,44.7,46.8,48.9
152234,新潟県阿賀野市,35.8,42.5,39.4,41.8,41.9,44.3,46.6,46,49.1
152242,新潟県佐渡市,,78.2,78.2,79.9,83.2,84.9,86.6,,
152251,新潟県魚沼市,,,,0,1.9,6.4,11,15.6,20.1
152269,新潟県南魚沼市,5.4,8,10.6,13.2,15.7,18.3,20.9,23.5,26.1
152277,新潟県胎内市,,100,100,100,100,100,99.7,99.7,99.8
153079,新潟県聖籠町,5.4,10.9,16.3,23,28.8,34.5,38.1,41.8,45.6
153427,新潟県弥彦村,,,,,,,,,64.2
153613,新潟県田上町,,,,,,,,,
153851,新潟県阿賀町,,80.1,83.4,82.5,85.1,86.3,87.4,88.5,
154059,新潟県出雲崎町,,,,,,,,,
154610,新潟県湯沢町,,,,,,,,,
154822,新潟県津南町,,,,,,,,,
155047,新潟県刈羽村,,,,,,,,,
155811,新潟県関川村,,,,,,,,,
155861,新潟県粟島浦村,,,,,,,,,
162019,富山県富山市,,3.1,5.7,22.8,22.8,27.8,30.3,28.8,18.3
162027,富山県高岡市,65,60,59.9,62.2,67.8,57.7,63,54.6,54.1
162043,富山県魚津市,37.8,41.1,44.4,47.7,50.1,51.6,53,54.3,55.5
162051,富山県氷見市,,100,100,,,,100,100,100
162060,富山県滑川市,47.4,46.9,47.5,49.8,52,54.1,56.4,58.7,61
162078,富山県黒部市,,51.6,53.6,55.6,57.6,59.6,61.6,63.6,19.2
162086,富山県砺波市,63.4,62.2,60,69.4,71.4,6.9,10.5,10.5,14.1
162094,富山県小矢部市,,58.3,60.3,62.3,15.2,3.6,7.2,10.8,14.4
162108,富山県南砺市,47.9,49.8,51.7,53.7,55.7,56.4,59.7,61.7,63.7
162116,富山県射水市,,50.2,51.7,52.3,53,55.3,64.4,63.3,66.3
163210,富山県舟橋村,36,37.9,,,,45.9,,43.6,46
163228,富山県上市町,54,56,58,59.6,61.1,61.1,65.2,67.1,
163236,富山県立山町,14.4,19.3,24.8,29.8,34.7,39.6,44.7,49.7,54.6
163422,富山県入善町,71.8,71.7,73.2,77.1,78.7,80.2,81.6,83,84.4
163431,富山県朝日町,2,4,6,10,12,14,16,18,20.1
172014,石川県金沢市,,,,41.8,43.9,47.6,37.9,39.4,41.4
172022,石川県七尾市,,48.5,,23.1,25.1,27.1,29.1,31.1,33.1
172031,石川県小松市,,43.2,45.4,47.6,49.8,50.3,52.7,55.1,57.4
172049,石川県輪島市,,71,,,,,,83.6,85.7
172057,石川県珠洲市,82,84,86,0,3.4,6.9,10.3,13.7,17.2
172065,石川県加賀市,,50.2,51.7,52.3,54.9,56.9,58.9,60.9,62.8
172073,石川県羽咋市,40,41.8,43.9,45.6,47.7,49.8,51.4,53.2,55.4
172090,石川県かほく市,,34,36.5,43.4,45.8,47.9,45.9,48.3,50.5
172103,石川県白山市,,43.4,40,43.7,47.4,49.5,54.8,58.5,62.2
172111,石川県能美市,28.6,30.6,32.2,34.3,35.8,37.7,39.8,42,44.1
172120,石川県野々市市,,91.7,0,3.9,7.7,11.6,15.4,19.3,23.1
173240,石川県川北町,,52,54,56,58,60,62,64,66
173614,石川県津幡町,21.3,24.2,26.4,28.6,30.8,31.4,33.8,36.3,38.8
173657,石川県内灘町,,71.9,73.9,75.9,77.9,79.9,81.9,83.9,85.9
173843,石川県志賀町,44,46,48,50,52,54,55.5,57.5,59.6
173860,石川県宝達志水町,,64.2,66.2,68.2,,,,,
174076,石川県中能登町,,42.7,45.1,,48.6,50.6,47.2,49.2,51.2
174611,石川県穴水町,,,,,,,,,
174637,石川県能登町,,,,,,,,,
182010,福井県福井市,,,68.2,69.5,70.9,72.2,73.6,74.5,37.9
182028,福井県敦賀市,46.2,48.2,50.2,52.2,54.1,58,60,61.9,63.7
182044,福井県小浜市,,49.5,51.6,52.5,54.8,54.5,57,59.2,
182052,福井県大野市,,43.2,45.4,47.5,49.7,51.8,53.8,55.9,57.8
182061,福井県勝山市,,66.1,67.7,69.4,73.7,70.7,72.5,74.2,75.8
182079,福井県鯖江市,,38,39.2,39.2,41.4,32,35.1,38.6,41.6
182087,福井県あわら市,,78.1,80.7,83.4,85.9,88.3,90.7,93.1,93.7
182095,福井県越前市,19.2,21.2,23.2,25.2,27.2,29.2,31.3,33.3,35.3
182109,福井県坂井市,,31.3,33.3,36.4,38.4,40.4,41.5,42.3,44.4
183229,福井県永平寺町,42.1,44.1,46.1,48.1,50.1,52.1,54.1,56.1,58
183822,福井県池田町,,,,,,,,,
184047,福井県南越前町,,,58.4,60.4,62.4,64.4,64.4,68.4,63.9
184233,福井県越前町,,44,46,48,50,52,54,56,58
184420,福井県美浜町,,,10,12,14,16,18,,
184811,福井県高浜町,58,18.9,23.4,25.4,27.4,29.4,31.4,33.4,35.4
184837,福井県おおい町,,46,43.1,,,,,,61.7
185019,福井県若狭町,,34.6,38.9,38.9,41.1,43.3,45.5,41.9,53.2
192015,山梨県甲府市,40,42,44,43.9,47.6,49.7,51.7,53.6,55.7
192023,山梨県富士吉田市,15.4,13.2,15.4,17.6,19.8,22,24.2,26.4,28.6
192040,山梨県都留市,88,90.2,67.5,94.6,96.8,99,100,100,100
192058,山梨県山梨市,,,,37.7,40.6,43.6,46.6,49.6,42.3
192066,山梨県大月市,,40.3,41.8,44,46.2,48.4,50.6,52.8,55
192074,山梨県韮崎市,11.1,11.1,13.3,15.6,17.8,20,22.2,24.4,26.7
192082,山梨県南アルプス市,55.9,38.3,40.3,42,44.7,46.6,47.4,48.6,49.3
192091,山梨県北杜市,,32.1,34.2,38.2,36.4,40.8,42.6,44.8,47
192104,山梨県甲斐市,,42,45.8,46,48,50,52,53.7,55.7
192112,山梨県笛吹市,49.2,52,54.7,57.4,60.8,60.7,65.7,68.2,70.9
192121,山梨県上野原市,62.6,64.6,66.6,65.8,67.8,69.8,71.8,73.8,71.4
192139,山梨県甲州市,38,40,42,44,46,48,47.6,49.5,48.2
192147,山梨県中央市,44.6,45.9,47.9,52.1,54.5,56.7,59.2,61.5,63.9
193461,山梨県市川三郷町,92.4,70.9,85.4,100,1.9,5,7.9,11,14.1
193640,山梨県早川町,,,,,,,,,
193658,山梨県身延町,,45.4,47.5,49.7,45.5,48.6,51.5,54.8,57.9
193666,山梨県南部町,,41.7,43.6,45.5,47.5,49.4,51.3,50.1,50.7
193682,山梨県富士川町,,,,,,,,,
193844,山梨県昭和町,,56.1,58.1,58.1,61.9,63.8,65.7,67.6,69.3
194221,山梨県道志村,,,,,,,,,
194239,山梨県西桂町,,,,,,,,,
194247,山梨県忍野村,,13.2,15.4,17.6,19.8,22,24.2,26.4,28.6
194255,山梨県山中湖村,50.1,54,57.6,58.8,60.1,61.3,62.5,63.7,64.9
194298,山梨県鳴沢村,,,,,,,,,
194301,山梨県富士河口湖町,50.2,54.3,58.5,62.7,66.9,70.6,74.7,78.7,57.8
194425,山梨県小菅村,,,,,,,,,
194433,山梨県丹波山村,,,,,,,,,
202011,長野県長野市,72.3,74.4,76.5,78.6,80.8,82.9,83.2,85.5,87.8
202029,長野県松本市,45.1,48.6,50.7,52.9,55,57.1,59.2,61.4,63.5
202037,長野県上田市,,,28.2,31.2,34.2,37.2,37.3,40.1,42.9
202045,長野県岡谷市,,80,82.3,84.6,86.9,90.6,90.8,93.1,94.2
202053,長野県飯田市,,68.4,70.5,69.9,72.7,73.3,75.1,75,76.6
202061,長野県諏訪市,50,52,54,56,58,60,62,63.9,65.4
202070,長野県須坂市,,65.7,68.1,70.5,73,75.4,77.9,80.4,56.4
202088,長野県小諸市,,3.8,7.5,7.5,15.1,18.9,22.6,26.4,30.2
202096,長野県伊那市,48.4,50.5,52.7,64.6,57.1,59.3,54.1,56.3,58.5
202100,長野県駒ケ根市,,70.4,72.6,74.8,65.8,68.3,71.4,74.4,77.4
202118,長野県中野市,,51.2,53.1,54.8,56.7,58.2,47.4,50.7,53.3
202126,長野県大町市,34,36,38,40,42,44,46,48,50
202134,長野県飯山市,,56,58,60,62,64,66,68,70
202142,長野県茅野市,57,60.2,62.2,64,65,67.1,68.3,70.4,71.6
202151,長野県塩尻市,20.3,22.3,24.3,26.3,21.6,24.2,26.8,29.4,28.9
202177,長野県佐久市,66.2,66.2,56.2,60,61.9,63.8,65.7,67.4,69.3
202185,長野県千曲市,32.1,33.1,34.1,35.1,36.1,37.1,37.9,38.9,40
202193,長野県東御市,,,,,,,,20,22
202207,長野県安曇野市,,21.5,18.1,21.2,24.1,27,29.9,32.8,35.8
203033,長野県小海町,,,,,,,,,
203041,長野県川上村,,42,44,47.2,48.5,49.9,52.2,53.7,56.1
203050,長野県南牧村,,40,56.6,59.2,61.7,64.3,66.9,69.4,71.9
203068,長野県南相木村,,,,,,,,,
203076,長野県北相木村,,,,,,,,,
203092,長野県佐久穂町,,28.6,30.8,33,35.2,37.4,39.6,39.6,42
203211,長野県軽井沢町,15.9,17.9,17.9,19.8,24.2,26.4,28.7,31,33
203238,長野県御代田町,23.7,29.3,,,,,,,
203246,長野県立科町,,,,,,,,,
203491,長野県青木村,,58.8,66.9,71.4,71.4,74.8,78.6,81.2,79.8
203505,長野県長和町,,,,,,,,,
203611,長野県下諏訪町,26,28,30,32,34,36,38,40,42
203629,長野県富士見町,39.7,41.7,43.7,45.7,47.7,49.7,51.7,53.7,55.7
203637,長野県原村,,40.8,39.6,42.9,43.8,45.6,49.1,51.1,53.2
203823,長野県辰野町,71,72.5,74.4,75.3,77.2,79,80.8,82.7,84.5
203831,長野県箕輪町,99.9,59,60.3,61.6,62.9,64.4,65.9,67.4,68.9
203840,長野県飯島町,46,48,50,52,54,56,58,60,62
203858,長野県南箕輪村,16,25.6,26.3,43.5,49.1,49.1,48.9,51.8,56.2
203866,長野県中川村,36,38,28.6,42,44,46,48,50,52
203882,長野県宮田村,,,,,,,,,
204021,長野県松川町,46,47.9,49.9,51.9,53.9,55.9,57.9,59.9,61.9
204030,長野県高森町,,,,,,,,,
204048,長野県阿南町,67.4,70.1,72.8,75.5,78.2,80.9,83.6,86.3,89
204072,長野県阿智村,,72,74,76,78,61.9,60.9,63.4,60.7
204099,長野県平谷村,,,,,,,,,
204102,長野県根羽村,,,,,,,,,
204111,長野県下條村,42,44,46,46.4,50,51.8,53.8,55.8,52.3
204129,長野県売木村,,,,,,,,,
204137,長野県天龍村,46,48,50,52,52,56,58,58,61.6
204145,長野県泰阜村,,,,,,,,,
204153,長野県喬木村,,46,48,50,52,54,56,56.9,58.4
204161,長野県豊丘村,,10.8,13.5,16,18.7,21.4,24.1,26.8,29.5
204170,長野県大鹿村,,,,,,,,,
204226,長野県上松町,,,,,,,,,
204234,長野県南木曽町,,,,,,,,,
204251,長野県木祖村,,,,,,,,,
204293,長野県王滝村,,,,,,,,,
204307,長野県大桑村,,,,,,,8.5,2,4
204323,長野県木曽町,,0,2.6,5.4,9.7,12.4,15.2,15.9,23
204463,長野県麻績村,,,,,,,,,
204480,長野県生坂村,,,,,,,,,
204501,長野県山形村,61.7,74,76,78,80,72.7,73.6,76.4,72.3
204510,長野県朝日村,58,60,62,64,64,68,69.9,71.9,73.9
204528,長野県筑北村,,58.1,59.9,58.9,60.8,62.7,64.5,66.4,68.3
204811,長野県池田町,62.2,62.2,62.4,70.2,0,3.3,6.6,9.8,13.1
204820,長野県松川村,,24,25.8,27.6,29.5,31.3,33.1,34.9,36.8
204854,長野県白馬村,34,36,38,40,40.8,43,45.1,47.9,49.5
204862,長野県小谷村,,,,,,,,,
205214,長野県坂城町,,64,66,68,70,72,74.2,63,65.4
205419,長野県小布施町,36.5,39.3,42,44.7,47.4,49.9,52.5,55.1,57.9
205435,長野県高山村,,,,,,,,100,100
205613,長野県山ノ内町,44,45.9,47.9,49.9,51.9,53.9,55.7,56.9,58.2
205621,長野県木島平村,,,,,,,,,
205630,長野県野沢温泉村,,,,,,,,,
205834,長野県信濃町,,,,,,,,,
205885,長野県小川村,,,,,,,,,
205907,長野県飯綱町,,,,,,,,,
206024,長野県栄村,,,,,,,,,
212016,岐阜県岐阜市,6.3,9.6,12.9,16.2,19.5,22.8,26.1,29.5,32.5
212024,岐阜県大垣市,,71.3,73.1,61,63.9,66.2,68.5,71.2,71.8
212032,岐阜県高山市,29,31.2,33.5,35.6,37.9,40.2,42.5,44.8,46.8
212041,岐阜県多治見市,37.5,43.8,45.8,47.3,49,51.1,53.2,54.3,56.1
212059,岐阜県関市,46.2,49,51.7,54.4,41.8,43.8,45.8,43.5,45.7
212067,岐阜県中津川市,39.3,70.3,72.4,74.5,76.5,78.6,80.7,82.8,3.3
212075,岐阜県美濃市,37.1,37.1,43.5,43.7,45.9,45.7,47.9,50.1,46.7
212083,岐阜県瑞浪市,57,75.1,76.7,78.3,79.8,81.2,82.4,82.7,84.4
212091,岐阜県羽島市,,53.9,55.6,57.3,59,59.9,62.1,63.6,55.9
212105,岐阜県恵那市,,21.3,23.5,25.8,26.9,30.2,32.4,34.7,36.6
212113,岐阜県美濃加茂市,,,,52.1,55.1,56.9,58.2,60.3,60.1
212121,岐阜県土岐市,58.4,58.4,64.5,64.5,66.5,67.5,69.6,64.5,60.9
212130,岐阜県各務原市,60.4,63.1,64.9,64.9,66.8,69.6,66.2,67.1,70.2
212148,岐阜県可児市,42.2,56.9,,60.3,61.5,62.9,65.3,67,50.6
212156,岐阜県山県市,50.9,50,52.5,54.9,57.2,59.8,61.9,64.4,67.4
212164,岐阜県瑞穂市,,33.9,35.7,37.8,39.9,41.3,42.8,45.2,47.7
212172,岐阜県飛騨市,18.6,20.6,32.2,34.2,36.2,38.1,40.2,42.2,44.3
212181,岐阜県本巣市,53.3,54.9,56.4,58,59.5,61,62.6,64.2,65.8
212199,岐阜県郡上市,,47.8,47.8,47.8,53.8,55.8,57.8,61.8,63.8
212202,岐阜県下呂市,,55,57,59,61,63,65,67,66.5
212211,岐阜県海津市,38.7,40.6,42.7,44.7,46.6,48.6,50.7,53.8,55.1
213021,岐阜県岐南町,,68,70,72,74,76,78,80,82
213039,岐阜県笠松町,,,,,,,,,
213411,岐阜県養老町,,,,,,,,,
213616,岐阜県垂井町,42,45.9,46.1,50,52,53.6,54.1,54.8,53.8
213624,岐阜県関ケ原町,39.6,48.4,50.6,52.8,53.1,55.1,57,58.7,60.5
213811,岐阜県神戸町,57.1,57.7,63.4,49.4,50.1,54.3,57.1,58.2,57.1
213829,岐阜県輪之内町,42.6,44.6,44.3,48.4,50.4,52.5,54.5,56.5,58.4
213837,岐阜県安八町,,28,,,36,36,38,39.5,41.6
214019,岐阜県揖斐川町,61.9,64.1,66.3,68.5,8.1,11.5,16,20.6,29.7
214035,岐阜県大野町,,,,,,,,,
214043,岐阜県池田町,38.4,42.5,43.1,45.3,47.5,49.8,52,54.1,56.4
214213,岐阜県北方町,56.3,58.3,60.3,62.3,64.3,66.3,68.3,70.3,72.3
215015,岐阜県坂祝町,,,,,,,,,
215023,岐阜県富加町,,,,,,,,,
215031,岐阜県川辺町,,,,,,,,,
215040,岐阜県七宗町,,,,,,,,,
215058,岐阜県八百津町,,,,,,,,,
215066,岐阜県白川町,,,28,30,32,28,36,38,40
215074,岐阜県東白川村,,,,,,,,,
215210,岐阜県御嵩町,40,42,42,44,46,50,52,54,56
216046,岐阜県白川村,,,,,,,,,
221007,静岡県静岡市,45.3,42.5,42.8,43.9,47.6,45.9,44.9,49.3,51.5
221309,静岡県浜松市,46,46.1,48,52.6,54.5,56.8,58.9,55.7,
222038,静岡県沼津市,,46.1,48.1,49.8,51.5,52.9,54.8,56.7,57.2
222054,静岡県熱海市,,58.1,64.1,70.2,76.2,82.3,88.4,92.6,95.8
222062,静岡県三島市,38,40,42,44,46,48,50,52,54
222071,静岡県富士宮市,,57.2,59.3,61.3,63.3,65.4,67.5,57.9,55.6
222089,静岡県伊東市,72.7,77.7,79.9,82.2,84.2,86.3,72.8,55.3,24
222097,静岡県島田市,9.2,11.3,13.4,15.5,17.6,19.7,21.8,23.9,26.2
222101,静岡県富士市,,41.6,43.5,44,48.3,47.9,50.5,52.8,54.3
222119,静岡県磐田市,43.9,48.5,50.6,52.7,54.7,56.8,58.9,60.9,63
222127,静岡県焼津市,,65.3,66.9,68.5,69.1,70.6,72.3,73.7,75.1
222135,静岡県掛川市,,42.8,44.8,46.9,48.7,50.7,52.7,54.5,56.1
222143,静岡県藤枝市,71.5,74.1,75.7,77.1,78.4,80.2,82.4,84.7,87
222151,静岡県御殿場市,70,70,72,74,76,77.9,79.5,81.6,83.2
222160,静岡県袋井市,,59.1,60.7,63.4,66,65.9,50.1,69.5,67
222194,静岡県下田市,80,82,84,85.4,87.4,89.5,91.5,93.5,95.6
222208,静岡県裾野市,61.1,62.2,63.7,64.6,66,67.2,69,70.2,71.9
222216,静岡県湖西市,55.9,58.1,60,62,64.1,66,67.8,69.8,71.8
222224,静岡県伊豆市,38,41.8,43.9,45.9,47,57.7,50.8,52.9,55
222232,静岡県御前崎市,40.9,42.7,44.5,47.2,47.7,48.9,49.1,50.4,53.4
222241,静岡県菊川市,53.9,55.6,57.4,59.1,59.8,62.5,64.2,65.9,69.3
222259,静岡県伊豆の国市,,65.5,68.1,68.8,71.2,72.5,74,75.5,77
222267,静岡県牧之原市,,,,65.6,67.8,27.4,30.1,32.8,23.7
223018,静岡県東伊豆町,57.4,59,60.7,62.3,63.9,65.1,66.7,68.4,69.9
223026,静岡県河津町,,65.3,69.9,74.2,78.6,82.9,87.2,53.7,58.1
223042,静岡県南伊豆町,100,,85.2,86.3,87.3,88.2,89.1,90,90.5
223051,静岡県松崎町,,40,42,44,46,48,50,52,54
223069,静岡県西伊豆町,,,,,,,,,
223255,静岡県函南町,10.8,,13.6,16.3,19,21.7,24.4,27.1,29.8
223417,静岡県清水町,57.5,59.4,61.3,63.2,14.8,18.1,21.5,24.8,28.1
223425,静岡県長泉町,46.4,46.9,48.7,50.7,53,54.6,57,57,61.9
223441,静岡県小山町,,50,52,54,56,58,60,62,64
224243,静岡県吉田町,,34,36,38,40,42,43.4,45.4,47.3
224294,静岡県川根本町,,,,,,,,,
224618,静岡県森町,,,46.4,48.2,50.1,52.1,54.1,55.6,57.5
231002,愛知県名古屋市,59.6,60.2,58.8,60.5,62.5,64.3,64.4,67.1,
232017,愛知県豊橋市,59.9,61.9,63.8,65.7,67.5,69.4,39.8,41.7,71.6
232025,愛知県岡崎市,,19.3,19.4,21.4,23.4,25.5,27.5,29.6,31.6
232033,愛知県一宮市,42.4,25.9,29.4,32.9,36.5,40,43.2,46.7,49
232041,愛知県瀬戸市,,82.8,84.8,84,83,84.1,85.2,77.8,79.4
232050,愛知県半田市,,66,67,67.8,71,69.3,71,73.4,76
232068,愛知県春日井市,,38.5,40.7,39.1,41.3,43.4,45.6,47.8,50
232076,愛知県豊川市,,35.7,39.1,40,42,44,46,48,50
232084,愛知県津島市,,32,34.4,36.4,38.4,40.3,42.3,44.3,46.2
232092,愛知県碧南市,79.9,79.2,80.2,81.1,82,82.9,83.6,84.5,84.8
232106,愛知県刈谷市,45.3,53.8,55.7,57.7,59.7,59,60.2,59.3,63.7
232114,愛知県豊田市,47.4,50.1,52.7,55.4,58.1,60.8,63.4,66.1,68.7
232122,愛知県安城市,85.7,24.9,3.7,7.2,10.7,14.1,17.6,21.1,24.6
232131,愛知県西尾市,68.6,70.9,63.4,65.4,67.7,69.9,71.5,72.8,73.8
232149,愛知県蒲郡市,,81,82.5,82.7,85.1,85.9,77.9,80.2,82.2
232157,愛知県犬山市,49.3,51.3,53.1,55.3,57.3,57,56.8,60.8,63.2
232165,愛知県常滑市,,92.3,94.2,96.1,98.1,100,100,,
232173,愛知県江南市,58.6,62.7,72.3,76.1,78.4,83.6,86.6,88.9,12.3
232190,愛知県小牧市,74,78,80,82,84,9.9,11.9,4,6
232203,愛知県稲沢市,29,31,33,35,37,38.7,40.8,42.5,44.2
232211,愛知県新城市,,59.4,59.7,61.9,63.9,65.9,67.9,70.3,70.4
232220,愛知県東海市,60.6,62,63.9,47.9,49,51.5,53.7,49.2,51.7
232238,愛知県大府市,,,,,,,,,
232246,愛知県知多市,72,74,76,78,80,81.4,82.8,83.2,79.8
232254,愛知県知立市,,55.9,58.2,59.4,60.8,63.1,65.6,68.1,70.5
232262,愛知県尾張旭市,,69.8,71.8,73.9,75.9,77.9,80,82,84.1
232271,愛知県高浜市,,73.6,75.7,77.9,80,82.1,84.2,86.2,88.2
232289,愛知県岩倉市,,66.4,68.8,71.1,73.4,75.7,77.7,80.1,82.6
232297,愛知県豊明市,,61.1,63.3,65.4,67.4,69.5,71.6,52.4,65.9
232301,愛知県日進市,17.4,19.6,21.8,24,26.1,28.3,30.5,32.7,34.9
232319,愛知県田原市,32,32,34,36,38,39.6,41.7,43.8,45.3
232327,愛知県愛西市,,54.1,56.3,58.4,60.4,54,56,47,49.8
232335,愛知県清須市,42.2,30.4,30.4,36,38.8,40.8,43.1,47.1,46.7
232343,愛知県北名古屋市,,50.7,52.7,53.8,55.8,56.7,59.2,61.4,63.6
232351,愛知県弥富市,59.4,63.1,65,67,69,70.9,72.9,74.8,76.7
232360,愛知県みよし市,,3.9,7.5,,,,21.8,25.4,29
232378,愛知県あま市,,48.4,50.6,52.8,55,57.2,59.4,61.6,63.8
232386,愛知県長久手市,44,48,50,52,54,55.1,57.3,59.3,61.5
233021,愛知県東郷町,66,66.5,68.6,70.7,72.3,74.4,76.5,78.4,78.4
233421,愛知県豊山町,,,,,,,,,
233617,愛知県大口町,,76,,43.8,45.9,48,43.8,51.5,59.4
233625,愛知県扶桑町,56.3,58.3,60.4,,58.8,61,63.7,64.4,67.1
234249,愛知県大治町,,,,,,,,,
234257,愛知県蟹江町,35.9,37.9,40,42,44,46.1,48.1,50.1,45.8
234273,愛知県飛島村,,44,44,46,48,50,52,54,56
234419,愛知県阿久比町,66,66.2,68.4,70.6,72.7,74.9,77,79.2,76.9
234427,愛知県東浦町,,52,54,54.7,56.7,58.5,58.2,60.1,62
234451,愛知県南知多町,,,,,,,,,
234460,愛知県美浜町,,40.3,43,45.7,48.4,51.1,53.8,56.5,59.4
234478,愛知県武豊町,58.6,60.3,62.5,64.2,66.4,68.6,70.9,73.2,74.4
235016,愛知県幸田町,,41.7,43.7,45.8,47.1,47.7,49.3,54,54
235610,愛知県設楽町,,,,,,,,,
235628,愛知県東栄町,,,,,,,,,
235636,愛知県豊根村,,,,,,,,,
242012,三重県津市,,61.2,63.7,68.2,70.4,65.1,66.4,64.8,67.4
242021,三重県四日市市,85.7,87.8,86.9,89,90,90.3,91.1,91.9,85.5
242039,三重県伊勢市,39.2,41.4,43.5,45.6,47.6,49.7,51.8,53.9,55.8
242047,三重県松阪市,,47.9,24.2,26.4,28.4,30.4,32.5,34.6,36.7
242055,三重県桑名市,42.4,41.2,44.2,47.2,50.2,53.1,54.1,57.9,59.7
242071,三重県鈴鹿市,,65.8,67.9,69.9,71.9,73.8,73.8,75,76.8
242080,三重県名張市,,59.5,61.3,63.3,65.4,62.6,65,63.3,
242098,三重県尾鷲市,,72,73.2,75.4,77.3,78.9,81.2,82.9,85.2
242101,三重県亀山市,,81.8,83.9,84.5,84.5,84.5,92.9,96.3,10.2
242110,三重県鳥羽市,54,56,54,60,62,64,66,68,70
242128,三重県熊野市,,,,,,,,22,28
242144,三重県いなべ市,,56.7,58.7,58.5,60.6,61.4,71.8,74.4,76.5
242152,三重県志摩市,,44,46,48,34.7,37.3,39.8,42.3,44.8
242161,三重県伊賀市,62,64,66,68,70,72,74,76,78
243035,三重県木曽岬町,,,0,2,4,6,8,10,12
243248,三重県東員町,54,56,58,60,62,64,66,68,70
243418,三重県菰野町,16.4,18.3,20.4,22.4,24.4,26.4,28.4,30.4,
243434,三重県朝日町,35.7,35.7,41.7,43.7,45.7,47.7,49.7,51.7,53.7
243442,三重県川越町,,,,,,,,,
244414,三重県多気町,28.2,30.4,32.5,34.5,36.6,38.6,40.6,42.6,44.6
244422,三重県明和町,50,52,54,56,58,57.9,62,64,66
244431,三重県大台町,35.9,38.8,41.4,44,46.6,49.2,51.8,54.4,57
244619,三重県玉城町,,,,,,,,,
244708,三重県度会町,,,,,,,,,
244716,三重県大紀町,,,,,,,,,
244724,三重県南伊勢町,,,,,,,,,
245437,三重県紀北町,,,,,,,,,
245615,三重県御浜町,,,,,,,,,
245623,三重県紀宝町,59.4,64.8,67.5,70.2,72.9,35.8,38.6,42.4,43.1
252018,滋賀県大津市,,61.1,63.3,65.5,67.6,69.8,72,74.1,75
252026,滋賀県彦根市,,,,,,,,,
252034,滋賀県長浜市,51.7,54.1,56.1,58.5,34.9,37.4,40.6,43.8,44.5
252042,滋賀県近江八幡市,,42,44,46,48,50,52,54,56
252069,滋賀県草津市,,47,47.4,46.5,48.5,49.9,51.2,52.6,54
252077,滋賀県守山市,56.3,58.3,60.3,9.5,4,8.1,12.1,16.1,19.9
252085,滋賀県栗東市,59.6,61.7,61.3,63.2,59.8,61.9,63.9,64.9,67.4
252093,滋賀県甲賀市,41.1,43.3,45.4,47.6,49.7,51.9,54,56.2,58.3
252107,滋賀県野洲市,,32.1,34.2,36.4,38.5,40.6,42.7,44.8,47
252115,滋賀県湖南市,53.2,54.6,56.6,58.6,60.6,60.7,62.7,64.7,66.7
252123,滋賀県高島市,36.7,38.7,40.8,41.7,44.8,46.8,48.8,50.8,52.9
252131,滋賀県東近江市,,53.7,,,,,,,
252140,滋賀県米原市,37.4,39.6,40.9,43.2,45.4,47.7,49.9,48.6,51.3
253839,滋賀県日野町,,39.1,39.9,41.7,43.5,45.5,47.6,48.7,49.2
253847,滋賀県竜王町,32,34,36,38,40,42,44,46,48
254258,滋賀県愛荘町,,,36.5,38.5,40.5,42.5,43.1,45.2,47.3
254410,滋賀県豊郷町,,,,,,,,,
254428,滋賀県甲良町,,46.5,,,,63.3,67.5,71.7,75.7
254436,滋賀県多賀町,34,,37.3,39.4,41.4,43.5,45.6,47,49.7
261009,京都府京都市,,,51.1,53.2,55.2,57.3,59.3,61.3,63.4
262013,京都府福知山市,6,6,8,10.1,12.1,14.1,16.1,18.1,19.4
262021,京都府舞鶴市,,54.1,56.3,58.4,60.9,63.2,65.4,67.5,69.6
262030,京都府綾部市,22.8,63.7,65.8,67.9,70,72.1,74.3,76.4,0
262048,京都府宇治市,,57.8,58.4,60.4,62.4,64.4,66.4,68.4,70.4
262056,京都府宮津市,92,94,96,98,,,,,
262064,京都府亀岡市,49.2,49.2,51.2,53.3,55.3,57.4,59.5,61.5,63.6
262072,京都府城陽市,42,44,0,2,4,6,8,10,12
262081,京都府向日市,,66.2,66.2,69.1,68.7,70.7,72.9,75.1,77.4
262099,京都府長岡京市,58,60,62,64,63.6,65.6,67.6,69.6,71.6
262102,京都府八幡市,69.9,44.2,44.2,47.3,50.4,53.5,56.7,,
262111,京都府京田辺市,48,49.8,51.9,53.7,55.8,57.8,59.9,61.9,64
262129,京都府京丹後市,36.7,38.7,40.7,42.7,44.7,42.6,45,47.5,49.9
262137,京都府南丹市,35.1,40,42,44,46,48,50,52,54
262145,京都府木津川市,,50,50.1,52.2,54.1,55.3,57.1,59.2,55.5
263036,京都府大山崎町,,,,,,,,,
263222,京都府久御山町,32,34,36,38,40,44,44,48,48
263435,京都府井手町,48.4,50.6,52.8,55,57.2,59.4,61.6,63.8,0
263443,京都府宇治田原町,44,46,48.1,50.3,52,53,55.3,57.7,60.1
263648,京都府笠置町,,,,,,,,,
263656,京都府和束町,,,,,,,,,
263664,京都府精華町,48.8,50.6,52.4,54.1,55.9,57.6,58.9,60.3,61.7
263672,京都府南山城村,,,,,,,,,
264075,京都府京丹波町,,,,,,,,,20.4
264636,京都府伊根町,,,,,,,,,
264652,京都府与謝野町,52.6,57.9,59.2,59.8,63.1,64.6,66,67.4,68.8
271004,大阪府大阪市,38.5,40.5,42.6,44.6,46.6,48.7,50.5,52.5,53
271403,大阪府堺市,52.2,54.2,56.3,58.3,60.4,62.5,64.1,65.7,67.4
272027,大阪府岸和田市,,92.4,94.6,96.8,99,100,99.3,96.9,97
272035,大阪府豊中市,,45.7,47.1,49,53.6,52.1,53.5,47,48.1
272043,大阪府池田市,,74,76.1,78.3,80.4,82.6,84.7,86.8,88.9
272051,大阪府吹田市,33.3,35.5,37.7,40,42.2,34.2,36,37.1,40.5
272060,大阪府泉大津市,,66.2,70.2,72.2,74.2,76.2,26.9,30,33
272078,大阪府高槻市,,,,,,43.5,45.8,50.2,50.2
272086,大阪府貝塚市,,55.8,62,64,65.7,68,64.1,66.1,68.1
272094,大阪府守口市,,,,,,49.6,51.9,54.2,55.2
272108,大阪府枚方市,48,52.3,54.2,51.3,48.9,50,52.3,53.4,55.4
272116,大阪府茨木市,,47.6,49.6,50.6,52.4,54.5,55.7,57.4,59.5
272124,大阪府八尾市,,21.3,23.3,25.4,27.5,29.5,31.4,33.5,34.5
272132,大阪府泉佐野市,,46.2,,,,,,,
272141,大阪府富田林市,73.1,75,77.1,79.1,81.2,82.3,84.3,74.9,70.4
272159,大阪府寝屋川市,60.1,60.9,63.4,64.5,66.2,67.9,36.8,31.8,33.9
272167,大阪府河内長野市,30.8,33,35.2,37.4,39.6,41.8,44,46.2,48.4
272175,大阪府松原市,,70.3,72.3,74.3,22.3,15.9,16.1,19,22.5
272183,大阪府大東市,52.8,54.5,60.5,62,63.5,65,66.4,67.8,68.6
272191,大阪府和泉市,,20.1,22.5,25,27.4,29.9,32.4,34.8,37.3
272205,大阪府箕面市,,47.2,,,,,,,
272213,大阪府柏原市,30,33.7,35.7,38.4,40.4,42.4,44.4,46.4,48.3
272221,大阪府羽曳野市,38.2,41.5,43.7,45.8,47.9,50.1,52.2,54.4,56.5
272230,大阪府門真市,66.4,68.5,70.6,71.8,74,76,78.1,80.2,82.3
272248,大阪府摂津市,,56.1,58.1,60.1,62.1,64.1,66.1,68.1,70.1
272256,大阪府高石市,26.8,68.5,70.6,32.8,34.8,36.8,38.8,40.8,42.8
272264,大阪府藤井寺市,69.8,71.8,,75.1,84.6,86.4,88.2,89.9,91.6
272272,大阪府東大阪市,,51.5,53.4,55.4,57.4,59.3,61.3,63.3,59.9
272281,大阪府泉南市,,72.3,74.4,76.6,78.8,81,83,85.2,87.5
272299,大阪府四條畷市,46.7,48,36.1,36.1,36.1,36.1,77,78.3,79.6
272302,大阪府交野市,56,62.5,65.1,69.3,65,67.5,66.2,68.9,71.6
272311,大阪府大阪狭山市,,54.4,56.4,58.4,60.4,62.4,64.4,66.4,67.8
272329,大阪府阪南市,,57.2,71.4,72.5,74,75.6,77.1,78.6,79.7
273015,大阪府島本町,37.4,39.4,40.7,42.8,44.9,47,49.1,51.2,53
273210,大阪府豊能町,,60.6,61.9,,64.8,67,57.1,60.3,63.4
273228,大阪府能勢町,,,,,,,,,
273414,大阪府忠岡町,68.4,70.6,71.4,74.6,75.9,78.2,80.5,82.7,76.2
273619,大阪府熊取町,,50.6,52.8,55,57.2,59.4,61.4,63.6,65.8
273627,大阪府田尻町,,,,,,,,,
273660,大阪府岬町,,,,,,,,,
273813,大阪府太子町,,22.8,26,29.1,32.3,34.3,38.5,26.5,
273821,大阪府河南町,,,,49.4,51.4,53.4,52.6,54.8,56.9
273830,大阪府千早赤阪村,,,,,,,,,
281000,兵庫県神戸市,45.2,46.6,48.6,50.6,51.5,52.5,54.6,54.4,56.6
282014,兵庫県姫路市,42.5,44.4,40.7,40,42.5,45.1,42.5,45.4,48.1
282022,兵庫県尼崎市,58,60.6,63.1,65.6,68.1,70.5,73,75.3,77.7
282031,兵庫県明石市,46.8,8.4,11.6,14.7,17.9,21,24.2,27.1,30.1
282049,兵庫県西宮市,48.1,50.1,51.9,53.6,55.5,57.4,59.6,61.6,63.5
282057,兵庫県洲本市,,41,37,39,41,42.6,43.8,46,46.9
282065,兵庫県芦屋市,,69.5,71.2,53.3,55.6,58,60.3,62.7,65.1
282073,兵庫県伊丹市,28.2,23.9,27.4,30.4,33.6,35.7,39,40.1,45.5
282081,兵庫県相生市,,71.5,64.5,66.2,67.9,69.1,70.9,72.6,74.4
282090,兵庫県豊岡市,45.9,51,51.6,52.9,55.3,57.3,61.1,63,66.3
282103,兵庫県加古川市,63.8,57.7,59.8,61.8,63.9,66,68.1,70.2,72.3
282120,兵庫県赤穂市,,69.3,72.8,77.4,81.5,86.3,91.3,40.5,42.5
282138,兵庫県西脇市,,4,6.1,10.2,10.2,12.3,14.3,16.3,18.4
282146,兵庫県宝塚市,,68,70,72,74,76,73,69.1,71.9
282154,兵庫県三木市,2.3,4.3,6.3,8.3,10.3,12.3,14.3,16.3,18.3
282162,兵庫県高砂市,,5.5,8.9,12.4,15.8,19.3,22.7,26.2,29.7
282171,兵庫県川西市,50.2,52.2,54.2,56.2,58.2,60.2,58.1,60.4,62.6
282189,兵庫県小野市,,42.3,44.3,46.3,44.5,46.8,49.1,51.2,53.3
282197,兵庫県三田市,57.1,59.6,62.1,64.2,66.7,69.3,70.6,73.2,
282201,兵庫県加西市,29.4,29.4,31.5,33.6,35.7,37.8,39.9,42,44.1
282219,兵庫県丹波篠山市,,28,30.2,32.2,34.2,36.2,37.5,39.6,41.8
282219,兵庫県丹波篠山市,,28,30.2,32.2,34.2,36.2,37.5,39.6,41.8
282219,兵庫県篠山市,,28,30.2,32.2,34.2,36.2,37.5,39.6,41.8
282219,兵庫県篠山市,,28,30.2,32.2,34.2,36.2,37.5,39.6,41.8
282227,兵庫県養父市,,,,,,,0,3.7,7.4
282235,兵庫県丹波市,32.9,35,35,35,40.5,42.2,44.3,46.4,48.6
282243,兵庫県南あわじ市,51,52.9,54.9,56.8,57.6,,56.4,,
282251,兵庫県朝来市,,37,39,41,43,45,46.9,48.9,50.9
282260,兵庫県淡路市,,45.8,47.8,50.2,51.8,19.3,55.8,57.8,59.8
282278,兵庫県宍粟市,54,56,58,60,62,64,66,68,70
282286,兵庫県加東市,44,45.9,47.2,48.7,46.5,47.5,47.9,49,50.9
282294,兵庫県たつの市,,49,51.6,53.6,51.6,53.6,55.7,57.4,59.4
283011,兵庫県猪名川町,,46.2,48.4,50.7,52.8,55.1,57.3,58.7,61.1
283657,兵庫県多可町,,74,76,78,80,82,84,86,88
283819,兵庫県稲美町,,48.8,48.8,50.8,52.8,,58.8,60.8,62.3
283827,兵庫県播磨町,,,,66.7,68.7,70.8,69.9,72.2,71.5
284424,兵庫県市川町,,37.6,39.8,42,44.2,40.5,43.1,45.6,48.3
284432,兵庫県福崎町,,24,26,28,30,32,34,36,
284467,兵庫県神河町,,,,,,,,,
284645,兵庫県太子町,,66,63.4,63.8,65.9,68,68.8,70.8,72.3
284815,兵庫県上郡町,,68,67.1,69.5,71.9,74.4,75.1,77.6,80.1
285013,兵庫県佐用町,,35.2,37.4,39.6,41.8,44,46.2,48.4,50.6
285854,兵庫県香美町,,,,,,,,,
285862,兵庫県新温泉町,,,,,54.5,45.4,48.3,47.4,50.5
292010,奈良県奈良市,65.4,65.2,61.7,63.5,65.3,67.4,68.3,70.5,65.6
292028,奈良県大和高田市,,56.6,57.8,60,59.9,64.2,66.2,68.3,68.5
292036,奈良県大和郡山市,,33,36.9,39,41.2,43.3,31.3,50.6,55.2
292044,奈良県天理市,55.3,57.3,59.2,61.2,60.2,69.1,71,72.8,74.7
292052,奈良県橿原市,42.7,46.3,48.5,50.7,53,53.1,55.5,57.7,60.1
292061,奈良県桜井市,,40.1,42.4,44.6,55.5,57.3,58.9,60.5,62.1
292079,奈良県五條市,74,78.2,80.2,82.2,84.2,86.2,88.2,90.2,92.2
292087,奈良県御所市,43.2,45.2,47.2,49.2,51.2,33.4,28.5,31.3,34.2
292095,奈良県生駒市,,40.6,57.8,57.3,58.2,63.3,65,69.1,71.4
292109,奈良県香芝市,,50.3,52.3,54.3,56.3,58.3,60.3,62.3,64.3
292117,奈良県葛城市,,49.4,51.4,53.4,55.4,57.4,59.4,61.4,63.4
292125,奈良県宇陀市,,62.8,15.2,32.8,,,39.4,41.6,75.5
293229,奈良県山添村,,,,,,,,,
293423,奈良県平群町,72.2,52.7,54.7,56.7,58.7,23.3,26.1,29,13.3
293431,奈良県三郷町,34.3,38.2,40.2,42.3,43.2,45.4,47.5,49.6,51.8
293440,奈良県斑鳩町,41,45.8,45.8,48,50,52.3,53.4,55.7,56.9
293458,奈良県安堵町,,,,,,,,,
293610,奈良県川西町,,0.6,7.3,14,20.6,27.4,34.1,40.8,47.5
293628,奈良県三宅町,,,,,,,,,
293636,奈良県田原本町,,32.4,,37.8,40.5,43.2,45.9,48.6,
293857,奈良県曽爾村,,,,,,,,,
293865,奈良県御杖村,,,,,,,,,
294012,奈良県高取町,,,,,,,,,
294021,奈良県明日香村,,41.5,74.3,74.3,74.3,74.3,90,93,96
294241,奈良県上牧町,,,,,,,,,
294250,奈良県王寺町,,,,,,,,,
294268,奈良県広陵町,48.1,47.3,47.2,50.3,52,54.1,56.3,58.4,60.4
294276,奈良県河合町,,56.8,59,61.2,63.4,65.6,67.8,70,72.2
294411,奈良県吉野町,,,,,,,,,
294420,奈良県大淀町,,44,46.2,48.4,50.6,52.8,55,57.2,59.4
294438,奈良県下市町,52,52,54,56,58,59.8,61.7,63.7,65.7
294446,奈良県黒滝村,,,,,,,,,
294462,奈良県天川村,,,,,,,,,
294471,奈良県野迫川村,,,,,,,,,
294497,奈良県十津川村,,,,,,,,,
294501,奈良県下北山村,,,,,,,,,
294519,奈良県上北山村,,,,,,,,,
294527,奈良県川上村,,,,,,,,,
294535,奈良県東吉野村,,,,,,,,,
302015,和歌山県和歌山市,82.6,83.9,84.1,85.3,43.9,46.6,49.3,50.4,53.1
302023,和歌山県海南市,79.5,82,45.2,47.5,46.2,48.9,51.5,54.1,56.7
302031,和歌山県橋本市,72.1,76.8,79.6,79,79,81.2,82.5,83,83.5
302040,和歌山県有田市,,54,0,2.3,4.6,6.8,9.1,11.4,13.7
302058,和歌山県御坊市,58,60,62,64,66,68,70,72,74
302066,和歌山県田辺市,13.4,16.1,18.8,21.5,24.2,26.9,29.5,30.8,33.5
302074,和歌山県新宮市,82,84,86,88,90,92,5.2,4.1,8.1
302082,和歌山県紀の川市,66.8,68.9,70.9,72.9,74.9,76.9,78.9,80.9,79.3
302091,和歌山県岩出市,,32.1,34.4,36.6,38.8,41.1,43.4,45.3,47.9
303046,和歌山県紀美野町,,,,,,,,,
303411,和歌山県かつらぎ町,50.8,53.4,59.2,63.4,67.6,19,59.8,,
303437,和歌山県九度山町,,,,,,,,,
303445,和歌山県高野町,,,,,,,,,
303615,和歌山県湯浅町,26,28,30,32,34,32.3,34.3,36.3,38.3
303623,和歌山県広川町,,,,,,,,,
303666,和歌山県有田川町,,23.9,26.8,29.8,28.8,31.9,35.1,38.2,41.4
303810,和歌山県美浜町,40,42,44,45.5,47.6,49,51.1,53.2,55.3
303828,和歌山県日高町,,,,,,,,,
303836,和歌山県由良町,,,,,,,,,
303909,和歌山県印南町,,,,,,,,,
303917,和歌山県みなべ町,32,46.1,46.1,50.4,49.5,51.2,49.6,51.4,51.4
303925,和歌山県日高川町,,,,,,,,,
304018,和歌山県白浜町,77.6,79.7,81.7,90.2,92.4,94.6,96.8,99,100
304042,和歌山県上富田町,,61.6,63.8,66,68.2,70.4,57.4,59.6,62
304069,和歌山県すさみ町,,,,,,,,,
304212,和歌山県那智勝浦町,72,74,76,76,80,82,84,86,88
304221,和歌山県太地町,,,,,,,,,
304247,和歌山県古座川町,,,,,,,,,
304271,和歌山県北山村,,,,,,,,,
304280,和歌山県串本町,,100,100,100,100,89.6,36.3,49.1,51.6
312011,鳥取県鳥取市,50.2,52.7,55.2,39.5,41.7,43.9,57.2,66,68.4
312029,鳥取県米子市,27.1,31.2,33.2,,37.3,39.3,41.3,43.4,45.4
312037,鳥取県倉吉市,30.8,32.9,35,37,39.1,41.1,43.2,45.1,
312045,鳥取県境港市,,,72.8,,66.2,,,,
313025,鳥取県岩美町,,84,81.7,84.8,7,10.8,14.6,18.4,22.2
313254,鳥取県若桜町,,54.6,54.6,63,67.2,71.4,75.6,79.8,83.5
313289,鳥取県智頭町,,86,88,90,92,0,2.7,5.4,8.1
313297,鳥取県八頭町,,37.8,40.5,45.9,48.6,51.3,54,56.7,59.4
313645,鳥取県三朝町,,73.1,,78.5,81.2,83.6,86,88.7,91.5
313700,鳥取県湯梨浜町,80.9,68.6,90.5,93.8,96.6,99.3,91.3,91.4,91.8
313718,鳥取県琴浦町,45.5,50.2,53,49.4,52.2,55,57.7,60.5,63.4
313726,鳥取県北栄町,,72.5,46.7,48.1,50.4,52.6,54.8,57,59.2
313840,鳥取県日吉津村,,,,,,,,,
313866,鳥取県大山町,,50.4,54.6,58.8,63,67.2,71.4,75.6,79.8
313891,鳥取県南部町,,48,56,58,60,0,4.1,14.3,18.2
313904,鳥取県伯耆町,,33.6,32,34.5,36.9,39.4,41.8,44.3,46.8
314013,鳥取県日南町,38,42,44,46,48,50,,54,56
314021,鳥取県日野町,38.9,41.9,44.8,42.3,41.8,44.5,47.1,50,52.7
314030,鳥取県江府町,,,,,,,,,
322016,島根県松江市,53.8,55.6,57.7,59.8,61.8,63.8,65.8,67.8,69.8
322024,島根県浜田市,7,9,11.1,13.1,15.2,17.2,19.3,21.3,23.3
322032,島根県出雲市,36.5,38.5,40.4,42.5,44.5,46.3,48.2,50.2,52
322041,島根県益田市,46,48,50,52,54,53.3,55.6,55.4,57.9
322059,島根県大田市,,39.3,41.5,41.5,43.8,46,48.2,50.4,52.7
322067,島根県安来市,24,26,28,30,32,34,36,38,40
322075,島根県江津市,83.8,84.9,83.9,85.1,86.3,87.5,90,90,91.2
322091,島根県雲南市,,,29.4,31.8,34.1,36.5,38.8,41.2,43.5
323438,島根県奥出雲町,,,,,,,,,
323861,島根県飯南町,,0,2.7,5.4,8,2.5,5.2,7.9,10.6
324418,島根県川本町,,56.8,58.5,62.1,63.9,63.5,65.6,67,69.1
324485,島根県美郷町,0,2,4,6,8,10,12,14,16
324493,島根県邑南町,100,100,100,100,100,99,98.1,99.2,98.5
325015,島根県津和野町,70,71.3,72.5,1.6,,9.8,13.4,17.6,21.7
325058,島根県吉賀町,,,52.4,55.1,57.8,60.5,63.2,65.9,68.6
325252,島根県海士町,,30.3,34.9,39.5,44.1,48.7,53.3,57.9,62.5
325261,島根県西ノ島町,,,0,5.4,10.7,16,21.4,26.9,32.3
325279,島根県知夫村,,,,,,,,,
325287,島根県隠岐の島町,,36.3,38.3,40.3,42.3,44.3,46,46.6,48.8
331007,岡山県岡山市,61.7,63.7,64.2,66.3,68.3,71.8,73.8,58.7,61.5
332020,岡山県倉敷市,42.5,44.6,46.7,48.9,51,53.1,55.2,57.3,59.5
332038,岡山県津山市,,47.5,50.1,52.7,55.2,57.8,60.4,62.2,64.8
332046,岡山県玉野市,84,86,2.7,10,15,20,25,30,35
332054,岡山県笠岡市,,78.4,80.5,82.6,84.7,86.9,86.7,89,91.3
332071,岡山県井原市,75.4,76.3,77.1,77.9,78.8,79.3,80.1,81,82.2
332089,岡山県総社市,53.8,57,68.7,60.1,66.5,76,71.3,73.7,75.6
332097,岡山県高梁市,,3.1,,,12.5,9.6,15.6,19.1,20.1
332101,岡山県新見市,,22.4,24.4,24.6,28.4,30.4,32.4,34.4,36.4
332119,岡山県備前市,,,68.7,70.4,72.4,74.2,76.2,78.2,80.1
332127,岡山県瀬戸内市,,5,8.1,11.2,14.3,17.3,20.4,23.5,26.5
332135,岡山県赤磐市,21.3,23.1,25.1,27.1,29.1,31.1,33.1,35,36.9
332143,岡山県真庭市,,52.8,37.9,40,43.1,45.6,48.1,42,27.4
332151,岡山県美作市,,57.4,44.3,46.2,44.3,46.3,48.3,50.2,52.2
332160,岡山県浅口市,54.6,58.7,60.7,62.7,64.7,66.7,68.7,70.7,69.3
333468,岡山県和気町,44,55.5,,100,100,55.9,57.9,59.9,61.7
334235,岡山県早島町,34,36,38,40,42,44,46,48,50
334456,岡山県里庄町,48,46.3,48.5,50.8,53.1,55.5,57.8,60.1,62.4
334618,岡山県矢掛町,34,36,38,,41.2,41.8,44.2,46.5,48.4
335860,岡山県新庄村,,,,,,,,,
336068,岡山県鏡野町,,,,33,34.9,36.9,38.9,36.5,38.3
336220,岡山県勝央町,50.4,58.8,63,67.2,71.4,75.6,79.8,84,88.2
336238,岡山県奈義町,,41.5,45.4,48,50,52,54,56,58
336432,岡山県西粟倉村,,,,,,,,,
336637,岡山県久米南町,30.5,32.5,34.5,36.5,38.5,40.4,39.5,40.4,43
336661,岡山県美咲町,31.8,36.1,38.1,40.1,40.1,45,46,48,50
336815,岡山県吉備中央町,,,,,,,,,
341002,広島県広島市,60.8,62.7,64.7,65.3,67.3,69.4,71.5,73.6,
342025,広島県呉市,,49.5,52.1,54.6,57.2,59.7,60.8,63.4,65.4
342033,広島県竹原市,86,61.3,0,2,4,6,8,10,12
342041,広島県三原市,53.7,66.5,59.6,61.6,64.5,14.4,17.7,21.1,24.4
342050,広島県尾道市,53.4,50.8,52.6,54.9,57,58.9,61,63.1,65.1
342076,広島県福山市,,25.3,29,30.6,32.8,34.7,36.8,38.8,40.8
342084,広島県府中市,46,48,50,52,53.8,55.8,57.8,59.7,61.7
342092,広島県三次市,,43.1,45.7,47.9,41,37,39.3,42,44.5
342106,広島県庄原市,60.8,60.8,62.5,64.1,65.7,67.4,69,70.6,69.3
342114,広島県大竹市,51.8,48.3,49,51.9,54.7,57.6,60.4,63.3,
342122,広島県東広島市,,46,48,50,50,54,55.1,56.6,58.7
342131,広島県廿日市市,,41.5,43.4,45.4,47.4,49.4,51.4,13,14.7
342149,広島県安芸高田市,27.5,29.6,31.7,25.7,32.2,34.6,36.4,38.8,38.6
342157,広島県江田島市,,,44.8,46.9,48.5,49.8,52.1,54.3,56.6
343021,広島県府中町,,20,22,24,26,28,30,32,
343048,広島県海田町,54.5,54.4,59.2,61.5,63.9,65.9,68.3,70.4,72.5
343072,広島県熊野町,,37.4,40.8,44.2,46.9,50.3,52.7,55.5,59
343099,広島県坂町,29.7,32.4,35.1,37.8,40.5,43.2,45.9,48.6,51.3
343684,広島県安芸太田町,,,,,,,,,
343692,広島県北広島町,48.1,51.9,54,39.2,42.3,45.4,48.4,51.5,54.7
344311,広島県大崎上島町,,,,,,,,,
344621,広島県世羅町,99.8,99.8,99.9,99.9,99.9,100,100,100,100
345458,広島県神石高原町,94,96,98,100,100,100,99.3,99.3,92.3
352012,山口県下関市,,32.3,34.8,37.2,39.6,42.6,44.5,47.5,46.9
352021,山口県宇部市,33.6,39.6,35.1,37.1,25.8,27.8,29.8,53.6,55.6
352039,山口県山口市,21.5,23.4,25.7,27.8,29.8,31.9,33.8,35.9,37.9
352047,山口県萩市,13.8,13.7,15.8,18,20.1,22.3,24.4,26.6,28.7
352063,山口県防府市,,20,22,24,24.7,28,30,32,34
352071,山口県下松市,10.8,13.5,16.2,18.9,21.6,24.3,27,29.7,32.4
352080,山口県岩国市,,50.2,52.2,54.1,55.7,57.7,59.6,63.3,63.1
352101,山口県光市,72,73.9,75.7,78,72.4,74.4,76.8,79.3,81.7
352110,山口県長門市,34,36,38,40,42,44,46,48,50
352128,山口県柳井市,40.4,42.4,44.4,46.4,48.4,50.4,52.4,54.4,9.4
352136,山口県美祢市,,91.3,92.7,93.8,95.3,96.3,97.8,99,98.2
352152,山口県周南市,48.5,50.5,52.5,52.6,54.6,56.6,58.5,60.5,62.5
352161,山口県山陽小野田市,43.7,44,44.3,46.6,48.8,51,53.2,55.4,57.6
353051,山口県周防大島町,54.7,56.5,58.3,60.1,62,63.8,65.6,67.4,69.2
353213,山口県和木町,46.7,48.7,49.2,47.5,49.4,47.9,50,50.3,48.9
353418,山口県上関町,2,4,6,8,10,12,14,16,18
353434,山口県田布施町,50.4,52.1,54,56,58.1,60.1,62.3,64.4,66.5
353442,山口県平生町,64.4,83.7,86.1,87.3,88.6,88.7,90,91.4,92.7
355020,山口県阿武町,,,,,,,,,
362018,徳島県徳島市,64,66,68,70,72,74,76,78,80
362026,徳島県鳴門市,70,72,74,49.8,51.8,54.2,56.6,58.9,61.3
362034,徳島県小松島市,48,50,52,54,54.8,57,59.1,61.1,63.2
362042,徳島県阿南市,52.1,54.1,56.1,58.1,60.1,60.3,62.4,64.6,66.7
362051,徳島県吉野川市,45.6,47.6,49.6,51.6,51.3,51,37.8,41.1,44.7
362069,徳島県阿波市,49.1,51.1,52.9,52.7,28.7,31.6,34.6,35.6,35.5
362077,徳島県美馬市,58,60,0,4.7,9.4,14,18.7,23.4,28.1
362085,徳島県三好市,2,4,6,9.7,100,,,,
363014,徳島県勝浦町,52,54,56,58,60,62,64,65.9,62.1
363022,徳島県上勝町,,,,,,,,,
363219,徳島県佐那河内村,,,,,,,,,
363413,徳島県石井町,,,,,,,,,
363421,徳島県神山町,,,,,,,,,
363685,徳島県那賀町,89.6,92.9,93.3,,94.3,78.3,81,83.7,86.4
363839,徳島県牟岐町,39.5,41.5,43.8,45.8,47.8,49.9,46.7,47,51.8
363871,徳島県美波町,50,52,54,56,56.7,58.5,60.4,62.5,64.6
363880,徳島県海陽町,34.5,36.5,38.3,40.4,41.9,43.9,45.9,47.9,46.3
364011,徳島県松茂町,19.6,21.8,23.8,25.6,27.6,29.6,31.6,33.5,36.3
364029,徳島県北島町,44,46,48,49.8,49.6,47.8,42.6,43.1,45.4
364037,徳島県藍住町,52,53.4,55,57.1,59,61.1,62.2,48.1,47.7
364045,徳島県板野町,42,44,46,47.8,49.2,51.2,53.2,55.3,51.2
364053,徳島県上板町,,,,,,,,,
364681,徳島県つるぎ町,,,,,,,,,
364894,徳島県東みよし町,37.8,40.5,43.2,45.9,48.6,51.3,54,56.7,59.4
372013,香川県高松市,,59,49.4,62.1,63.7,65.4,67.1,69,70.6
372021,香川県丸亀市,46,48,49.8,51.9,53.6,55.6,57.5,60,62
372030,香川県坂出市,72,73.4,74.4,75.9,77.8,79.1,78.6,80.5,82.3
372048,香川県善通寺市,81.1,83.3,85.5,87.7,89.9,92.1,94.3,10.4,9.4
372056,香川県観音寺市,29.7,32.4,35.1,37.8,40.5,43.2,45.9,48.4,51.1
372064,香川県さぬき市,,50,52,54,56,58,57.3,59.5,61.7
372072,香川県東かがわ市,46,48,50,52,54,56,58,60,62
372081,香川県三豊市,48.9,50.8,54.6,56.8,61.6,63.5,65.7,65.7,67.4
373222,香川県土庄町,,26,27.8,29.8,28,30.6,33.1,35.7,38.3
373249,香川県小豆島町,,48.2,50.2,52.2,53.5,52.8,55.2,57.5,59.8
373419,香川県三木町,,,,,,,,,
373648,香川県直島町,,,,,,,,,
373869,香川県宇多津町,,,,,,,,,
373877,香川県綾川町,8,14.9,16.9,18.9,20.9,22.9,24.9,26.9,28.9
374032,香川県琴平町,30,32.5,35,37.5,40,38.9,41.8,29.2,32.3
374041,香川県多度津町,68,70,72,74,76,75.3,75.6,77.8,66.6
374067,香川県まんのう町,,,,,,,,,
382019,愛媛県松山市,,56.1,57.7,59.8,61.8,63.9,65.9,67.9,70
382027,愛媛県今治市,,42.7,44.6,46.6,48.7,50.7,52.4,54.5,56.5
382035,愛媛県宇和島市,58.9,67.6,62.9,21.2,22.9,25,20.5,22.4,24.6
382043,愛媛県八幡浜市,48,50.1,52.1,54.1,56.1,58.1,60.1,62,64
382051,愛媛県新居浜市,,50,52,53.8,55.9,57.5,59.6,61.5,63.7
382060,愛媛県西条市,35.6,35.6,38.7,41.6,43.2,46,46,48.9,51.7
382078,愛媛県大洲市,,28.9,32.3,35.3,38.9,42.2,45.6,48.2,45.4
382108,愛媛県伊予市,72,71.7,73.7,75.7,0,2,4,6,7.8
382132,愛媛県四国中央市,45.1,47.5,49.9,52.3,54.7,57.1,59.4,61.6,63.4
382141,愛媛県西予市,72,30.8,32.8,34.8,2.3,6.3,10.3,14.3,18.3
382159,愛媛県東温市,62,62,64,66,68,70,55,54.9,56.7
383562,愛媛県上島町,,,,,,,,,
383864,愛媛県久万高原町,79.8,84,88.2,92.4,96.6,100,99.6,99,98.8
384011,愛媛県松前町,59.4,61.6,63.8,65.5,67.5,66.9,68.5,70.8,73.2
384020,愛媛県砥部町,27.9,30.1,32.2,34.4,36.6,38.8,41,43,42.2
384224,愛媛県内子町,63,67.5,71.8,75.9,73.6,78.2,82.8,90,93.3
384429,愛媛県伊方町,,,,,,,,,
384844,愛媛県松野町,,,,,,,,,
384887,愛媛県鬼北町,,,,,,,,,
385069,愛媛県愛南町,,,,,,,,,
392014,高知県高知市,,55.5,7,9.8,13.1,15.6,18.8,22,26.6
392022,高知県室戸市,88,90,92,94,96,97.6,99.6,99.6,99.7
392031,高知県安芸市,82,81.5,83.5,85.5,87.5,89.5,91.5,93.5,95.5
392049,高知県南国市,20,24,26,28,30,32,34,36,31.3
392057,高知県土佐市,98.4,99.5,100,100,0,4.2,8.5,12.7,12.7
392065,高知県須崎市,,100,100,100,100,100,100,100,100
392081,高知県宿毛市,46,48,50,52,53.8,55.9,57.8,59.9,62
392090,高知県土佐清水市,68,70,72,74,76,78,80,80.7,82.4
392103,高知県四万十市,16.4,20.6,24.3,28,31.7,35.5,39.2,42.9,46.7
392111,高知県香南市,53.1,55.1,55.4,57.6,58.8,59.5,56.4,58.4,61.1
392120,高知県香美市,92.6,45.6,47.3,49.1,79.7,82,84.3,7.5,9.4
393011,高知県東洋町,,0,0,0,0,0,0,0,0
393029,高知県奈半利町,,,,,,,,,
393037,高知県田野町,55.9,,,,,,,,
393045,高知県安田町,,,,,,,,,
393053,高知県北川村,,,,,,,,,
393061,高知県馬路村,,,,,,,,,
393070,高知県芸西村,44,45.3,47.4,50,52,54,56,58,60
393410,高知県本山町,,,,,,,,,
393444,高知県大豊町,,,,,,,,,
393631,高知県土佐町,86,90,92,94,96,98,100,100,100
393649,高知県大川村,,,,,,,,,
393860,高知県いの町,34,36,38,40,42,44,46,45.3,47.5
393878,高知県仁淀川町,,,,,,,,,
394017,高知県中土佐町,,,,,,,,,
394025,高知県佐川町,63.6,63.6,66.1,68.5,71,73.5,75.8,77.8,79.8
394033,高知県越知町,47.1,48.8,50.6,52.4,54.2,56,57.8,57.8,62.2
394050,高知県梼原町,,,0,2.7,5.4,8.1,10.8,13.5,16.3
394106,高知県日高村,95.8,2,6.3,10.6,14.8,19.4,23.7,28,32.4
394114,高知県津野町,51,54,57,59.1,62.1,65.1,68.2,69.1,72.2
394122,高知県四万十町,38.1,41.1,43.4,45.8,48.2,51.4,53.6,55.9,58.2
394246,高知県大月町,,,,,,,,,
394271,高知県三原村,,,,,,,,,
394289,高知県黒潮町,44.7,47.9,50.6,53.2,55.3,47.4,50.3,53.3,53.3
401005,福岡県北九州市,,59.8,48.7,46.4,42.3,44.2,44.5,45.8,48.2
401307,福岡県福岡市,37.3,39.3,41.3,43.3,45.3,46.8,46.7,48.7,50.7
402028,福岡県大牟田市,55,57.2,59.1,61.3,62.5,63.3,65.6,67.7,67.7
402036,福岡県久留米市,,78.8,80.7,82.6,79,81.2,49,54.3,58.5
402044,福岡県直方市,,30,32,34,36,38,40,42,44
402052,福岡県飯塚市,,,,,,,47.7,47.5,47.5
402061,福岡県田川市,70.8,73.5,75.7,78.4,78.3,81.1,83,84.4,86.3
402079,福岡県柳川市,49.9,46.9,50.2,52.6,55,56.6,58.2,59.9,63.8
402109,福岡県八女市,65.1,67.2,67.7,70,72.4,70.2,71.8,74.4,76.7
402117,福岡県筑後市,48.3,49.5,51.8,54,56.3,58.6,60.8,63.1,65.4
402125,福岡県大川市,66,67.9,69.6,71.6,73,74.8,59.2,60.5,62.9
402141,福岡県豊前市,12,14,,,,,,,
402150,福岡県中間市,53.1,55.1,,,,,65,67,57.6
402168,福岡県小郡市,56,58,60,62,64,66,68,70,72
402176,福岡県筑紫野市,52.3,53.9,55.8,57.6,59.3,61.1,63.1,63.5,64.5
402184,福岡県春日市,50.2,52.4,54.6,56.8,59,61.2,63.4,65.7,67.9
402192,福岡県大野城市,,41.1,44,45.2,45.7,46,48.5,49.9,51.7
402206,福岡県宗像市,,84,85.9,87.8,87.8,91.6,93.5,95.4,97.2
402214,福岡県太宰府市,58,60,62,50.8,56.8,57,60.2,63.5,64.8
402231,福岡県古賀市,41.8,43.8,45.6,47.6,49.6,51.3,53.3,55.4,57.4
402249,福岡県福津市,64.7,61.4,63,63.8,65.4,67.1,68.8,70.1,68.3
402257,福岡県うきは市,54,56,58,60,62,64,66,68,67.9
402265,福岡県宮若市,17.2,19.4,26.6,30.8,35,39.2,42.8,47.3,51.1
402273,福岡県嘉麻市,38.1,42.5,42.5,44.5,46.5,41.1,43.1,45.1,47.1
402281,福岡県朝倉市,44.4,46.5,50.4,52.7,54.9,57.1,59.3,61.5,63.8
402290,福岡県みやま市,34,36,37.7,39.7,41.8,43.8,45.9,47.9,49.9
402303,福岡県糸島市,,34.4,36.5,37.6,39.9,42.2,44.5,46.8,49.1
402311,福岡県那珂川市,55,57.5,60,62.5,65,67.5,58.9,57.9,51.6
402311,福岡県那珂川市,55,57.5,60,62.5,65,67.5,58.9,57.9,51.6
402311,福岡県那珂川町,55,57.5,60,62.5,65,67.5,58.9,57.9,51.6
402311,福岡県那珂川町,55,57.5,60,62.5,65,67.5,58.9,57.9,51.6
403415,福岡県宇美町,21.6,,24.3,27,32.4,35.1,37.1,39.9,42.7
403423,福岡県篠栗町,48.3,48.3,50.4,52.5,54.6,56.7,58.8,60.9,62.8
403431,福岡県志免町,50,52,54,56,56.4,58.5,60.6,62.7,64.8
403440,福岡県須恵町,,66.9,69.1,71.3,71.4,75,76.1,77.2,77.8
403458,福岡県新宮町,,45.7,47.7,49.7,51.8,54,56.1,58.3,60.4
403482,福岡県久山町,,,,,,,,,
403491,福岡県粕屋町,29.9,31.9,33.9,35.9,37,38.6,40.5,42.7,45
403814,福岡県芦屋町,,76,78,54.5,56.5,58.5,60.5,62.1,62.9
403822,福岡県水巻町,30.8,32.8,34.8,37.1,36.1,38.5,41,43.5,45.8
403831,福岡県岡垣町,61.9,63.6,65.5,67.8,69.6,71.6,73.4,75.3,75.5
403849,福岡県遠賀町,57.8,56.9,55.2,56.8,58.4,60,61.6,63.3,64.8
404012,福岡県小竹町,,,,,,,,,
404021,福岡県鞍手町,,,,,,,,,
404217,福岡県桂川町,34,36,38,40,41,42.7,44.9,47,49.1
404471,福岡県筑前町,33.3,36,38.3,40.6,42.9,43,45.5,48,50.5
404489,福岡県東峰村,,,,,,,,,
405035,福岡県大刀洗町,0,4.8,6.5,9.7,13,16.2,19.4,22.7,25.9
405221,福岡県大木町,12.8,14,16,18,20,22,24,26,25.8
405442,福岡県広川町,,12.8,17.6,22.4,27.2,31.8,36.8,41.5,46.4
406015,福岡県香春町,,,,,,,,,
406023,福岡県添田町,,38.4,40.4,35.6,38.6,41.5,41.5,44.4,47.4
406040,福岡県糸田町,26,28,30,32,34,36,38,40,
406058,福岡県川崎町,57,60,63,66,,69,75,78,81
406082,福岡県大任町,,,,,,,,,
406091,福岡県赤村,31.8,35.2,37.4,39.6,41.8,44,46.2,48.4,50.6
406104,福岡県福智町,,19.3,23.6,25.1,32.4,36.6,40.9,45.1,49.3
406210,福岡県苅田町,63.7,65.2,66.7,68.2,69.7,71.2,72.7,73.5,75.1
406252,福岡県みやこ町,,31.5,33.5,35.4,37.4,42,44,43.7,45.6
406422,福岡県吉富町,,,,,,,,,
406465,福岡県上毛町,,,36.1,38.1,40.1,42.1,44.1,46.1,
406473,福岡県築上町,48.4,50.6,52.8,55,57.2,59.4,61.6,63.8,66
412015,佐賀県佐賀市,,44,46.2,48.4,50.6,52.8,55,57.2,59.4
412023,佐賀県唐津市,59.3,61.3,63.3,65.3,67.3,69.3,71.3,73.3,75.3
412031,佐賀県鳥栖市,61.3,64.2,64.1,65.1,66.5,68,65.4,66.4,68
412040,佐賀県多久市,70,72,74,76,78,80,82,84,88
412058,佐賀県伊万里市,42,44,46,48,50,52,54,56,58
412066,佐賀県武雄市,29.3,31.3,28.7,29.4,31.5,32.8,34.7,36.7,38.7
412074,佐賀県鹿島市,33,35.2,37.4,39.6,41.8,44,46.2,48.4,50.6
412082,佐賀県小城市,44.1,45.9,47.7,49.2,50.9,86.2,55,56.5,58.3
412091,佐賀県嬉野市,,57,59.4,61.8,63.6,65,67.4,69.8,72.2
412104,佐賀県神埼市,,46.8,42.9,44.4,46.5,22.5,25,47.5,30.4
413275,佐賀県吉野ヶ里町,,,,,,,,,
413411,佐賀県基山町,0,3.2,8,10.9,14.7,18,21.1,22.7,26.5
413453,佐賀県上峰町,43.6,50.8,53,55.2,57.4,58.1,60.4,62.3,64.7
413461,佐賀県みやき町,60.4,61.7,61.7,62.9,64.2,65.5,66.8,68.1,69.3
413879,佐賀県玄海町,88.4,88.4,87.4,91,94.6,97.9,94.8,94.9,96.3
414018,佐賀県有田町,,,,64.9,67.3,69.6,70.6,71.5,72.4
414239,佐賀県大町町,,,,,,,,,
414247,佐賀県江北町,,,,,,,,,
414255,佐賀県白石町,22.6,24.6,26.6,28.6,30.6,32.6,34.6,37.5,39.5
414417,佐賀県太良町,62,60,64,66,68,70,61.5,58.2,60.6
422011,長崎県長崎市,,21.3,23.4,25.5,25.8,26.9,26.4,26.5,27.1
422029,長崎県佐世保市,,46,48,50,52,54,54.8,56.9,61.1
422037,長崎県島原市,58.3,62,64,66.3,64.4,66.6,66.7,69.1,71.1
422045,長崎県諫早市,,40.6,43,45.4,47.4,49.1,50.4,51,52.1
422053,長崎県大村市,,87,88.9,,,,8.1,8.1,10.8
422070,長崎県平戸市,5.3,6,6.5,8.5,8.7,12.5,18.3,16.4,18.3
422088,長崎県松浦市,,35.2,37.4,42.8,47,49.2,51.3,49.3,51.7
422096,長崎県対馬市,,20,27.4,24,26,28,30,32,34
422100,長崎県壱岐市,,45.9,48,50,50.8,51.5,52.3,51.5,52.2
422118,長崎県五島市,,53.3,52.7,54.7,56.7,58.7,60.7,0,2
422126,長崎県西海市,,63.2,62,64.2,66.4,68.6,70.8,68.9,70.8
422134,長崎県雲仙市,26.4,,,,,37.4,39.6,41.8,44
422142,長崎県南島原市,28.4,30.1,32.1,33.9,35.9,37.8,39.8,41.9,43.9
423076,長崎県長与町,100,100,100,99.9,99.9,99.5,99.5,99.6,99.6
423084,長崎県時津町,,61.9,63.9,65.9,67.8,69.8,71.8,71,73.3
423211,長崎県東彼杵町,,,,,,,,,
423220,長崎県川棚町,,,,,,,,,
423238,長崎県波佐見町,,,,,,,,,
423831,長崎県小値賀町,62.9,64.5,65.7,67.3,56.9,59.1,61.2,63.4,65.6
423912,長崎県佐々町,,78,47.3,49.8,52.3,54.7,57.1,59.6,62.1
424111,長崎県新上五島町,,36.1,38.1,40.1,40.1,44,46,48,50
431001,熊本県熊本市,26.2,27.7,30.9,33.7,36.4,39.3,40.7,43.6,46.3
432024,熊本県八代市,,59.4,61.5,63.6,62.3,64.4,69.1,71.4,73.7
432032,熊本県人吉市,,,,,,,,,
432041,熊本県荒尾市,86.3,77.7,75.4,77.8,80.3,90.8,93,47.2,51
432059,熊本県水俣市,68,72,72,74,75,76.8,78.8,82,84
432067,熊本県玉名市,34,35.8,28.9,12.7,37.5,39.5,41.5,43.3,46.2
432083,熊本県山鹿市,11.9,13.9,15.9,36.2,19.9,21.9,23.9,25.9,27.9
432105,熊本県菊池市,,40,7.5,10.3,13,15.1,17.1,19.1,21.1
432113,熊本県宇土市,88,90.2,77.9,80.9,72.9,75.1,77.1,78.4,79.5
432121,熊本県上天草市,,46.6,53.2,55.4,58,59.9,59.9,31.1,30.4
432130,熊本県宇城市,41.2,41.1,43.8,46.6,49.3,52.1,42.9,46.1,49.3
432148,熊本県阿蘇市,45.6,47.5,49.5,51.5,53.2,55.2,57.2,59.2,59.2
432156,熊本県天草市,,74,76.1,78.1,80.2,8.6,11.3,14.9,18.5
432164,熊本県合志市,54.1,56.7,59.3,47.6,49.6,51.6,53.6,55.6,57.3
433489,熊本県美里町,,,,,,,,,
433641,熊本県玉東町,,,,,,,,,
433675,熊本県南関町,42,44,46,48,50,52,54,56,58
433683,熊本県長洲町,57.4,60.7,62.9,65.2,59.4,62.1,64.8,67.5,70.2
433691,熊本県和水町,,,,,,,,,
434035,熊本県大津町,26.6,28,30,32,33.8,35.8,37.8,39.8,41.9
434043,熊本県菊陽町,,28,30,31.8,33.8,35.7,37.7,39.7,41.7
434230,熊本県南小国町,,,,,,,,,
434248,熊本県小国町,,,,,,,,,
434256,熊本県産山村,,100,100,100,100,100,100,100,100
434281,熊本県高森町,,,,,,,,,
434329,熊本県西原村,,,,,,,,,
434337,熊本県南阿蘇村,,,,,,0,2.2,4.4,6.6
434418,熊本県御船町,,,,,,,,,
434426,熊本県嘉島町,,,,,,,,,
434434,熊本県益城町,,,24.3,27,,,,,
434442,熊本県甲佐町,,,,,,,,,
434477,熊本県山都町,51.3,54,56.7,59.4,59.7,61.7,64.7,67.8,69.7
434680,熊本県氷川町,2.7,5.4,8.1,10.8,13.5,16.2,18.9,21.6,24.3
434825,熊本県芦北町,,85.8,88,,,,,,
434841,熊本県津奈木町,70.2,,,,,,,,
435015,熊本県錦町,,97.5,97.1,97.4,97.6,97.8,98,98.2,98.5
435058,熊本県多良木町,,,,,,,,,
435066,熊本県湯前町,,10.3,4.2,8.4,33.6,37.8,42,46.2,50.4
435074,熊本県水上村,,,,,,,,,
435104,熊本県相良村,,,,,,,,,
435112,熊本県五木村,,,,,,,,,
435121,熊本県山江村,,,,,,,,,
435139,熊本県球磨村,,,,,,,,,
435147,熊本県あさぎり町,82,,,,,,,,
435317,熊本県苓北町,,,,,,,,,
442011,大分県大分市,,,,32.9,34.9,36.9,38.9,40.9,42.9
442020,大分県別府市,56,,60,62,64,66,68,70,72
442038,大分県中津市,46.5,47.1,48.5,50.8,53,55.2,57.1,59.3,61.5
442046,大分県日田市,,56,58,57,58.7,61,63,65,64.1
442054,大分県佐伯市,71.9,73.4,74.6,73.1,75.1,77.1,71.4,73.4,75.4
442062,大分県臼杵市,62.2,55.4,57.8,60.2,62.6,65,66.7,68.5,70.4
442071,大分県津久見市,40,40,44,43.7,42.9,46.7,48.7,50.7,52.6
442089,大分県竹田市,99.1,0,11.9,14.4,16.8,19.2,21.7,24.1,26.6
442097,大分県豊後高田市,6,8,10,12,14,16,18,20,22
442101,大分県杵築市,74,76,12.4,15.2,18,20.7,23.5,26.3,29
442119,大分県宇佐市,34,36,37.9,39.9,41.9,43.9,45.8,47.4,49.5
442127,大分県豊後大野市,58,60,62,64,66,67.4,2,4,6
442135,大分県由布市,40.9,,,,,,,,
442143,大分県国東市,45.7,44.2,43.5,43.5,45.6,47.7,49.7,51.7,53.8
443221,大分県姫島村,,,,,,,,,
443417,大分県日出町,48,,5.4,8.1,10.8,13.5,16.2,18.9,21.6
444618,大分県九重町,34,36,38,40,42,44,46,48,50
444626,大分県玖珠町,,,,,,,,,
452017,宮崎県宮崎市,38.3,40.4,42.4,44.4,45.9,48,49.7,51.9,54.1
452025,宮崎県都城市,87.8,89.8,91.8,11.1,13.3,15.5,17.6,19.8,22
452033,宮崎県延岡市,38,40.2,42.3,44.4,46.6,48.7,50.8,52.6,54.7
452041,宮崎県日南市,,63.7,65.6,67.4,69.2,71,72.9,74.7,76.5
452050,宮崎県小林市,,70,72,74,75.4,77.4,79.5,81.5,83.5
452068,宮崎県日向市,,93.9,94.2,94.6,94.9,95.2,95.5,95.8,96
452076,宮崎県串間市,42,44.8,46.8,48.8,50.8,51,53.2,55.4,57.5
452084,宮崎県西都市,51.8,53.8,55.8,57.8,57.8,59.9,62.1,64.2,66.3
452092,宮崎県えびの市,,46,48,50,49,54,56,58,60
453412,宮崎県三股町,,33,35.2,37.4,39.6,41.7,43.9,46,48.2
453617,宮崎県高原町,,,,,,,,,
453820,宮崎県国富町,22.1,24.1,26.1,28.1,30.1,32.1,34.1,36.1,38.1
453838,宮崎県綾町,,22,24,26,28,30,32,34,35.8
454010,宮崎県高鍋町,83.6,79.2,81.1,83,84.7,86.6,51.4,54.2,50.5
454028,宮崎県新富町,,,,,,,,14,16
454036,宮崎県西米良村,,,,,,,,,
454044,宮崎県木城町,,,,,,,,,
454052,宮崎県川南町,,35.9,37.3,40,42,44,46,48,49.1
454061,宮崎県都農町,42,44,45.8,47.8,49.9,51.9,52.2,54.4,56.6
454214,宮崎県門川町,28,30,31.9,33.8,35.7,35.6,37.9,39.8,41.9
454290,宮崎県諸塚村,,,,,,,,,
454303,宮崎県椎葉村,,,,,,,,,
454311,宮崎県美郷町,41.5,55.5,59.7,63.7,67.7,71.7,75.4,79.7,83.7
454419,宮崎県高千穂町,,,,,,,,,
454427,宮崎県日之影町,,,,,,,2,4,6
454435,宮崎県五ケ瀬町,,,,,,,,,
462012,鹿児島県鹿児島市,59.8,60.9,62,63.5,64.5,67.1,48.6,50.6,51.5
462039,鹿児島県鹿屋市,,71.9,74,76,78,80.1,82.1,84.2,86.2
462047,鹿児島県枕崎市,76,78,77,78.7,80.7,82.7,83.1,85.2,78.2
462063,鹿児島県阿久根市,,,100,100,100,100,100,100,100
462080,鹿児島県出水市,51.7,53.7,55.7,57,59.1,45.4,46.9,49.9,52.8
462101,鹿児島県指宿市,,56.2,58.4,60.6,62.8,65,67.3,69.1,71.3
462136,鹿児島県西之表市,22,21.6,23.5,25.5,27.6,31.7,33.8,35.9,38
462144,鹿児島県垂水市,48.7,50.8,52.8,54.8,56.9,57,42.6,46.1,49.5
462152,鹿児島県薩摩川内市,33.6,38.4,43.2,48,52.8,61.9,66.2,70.5,61.4
462161,鹿児島県日置市,39.9,41.1,42.6,44.6,49.6,47.8,49.8,53.1,53.1
462179,鹿児島県曽於市,50,51.9,53.9,55.9,57.9,59.9,61.9,63.9,65.9
462187,鹿児島県霧島市,100,100,100,94.4,94.6,94.9,95.1,91.8,92.4
462195,鹿児島県いちき串木野市,,36.1,100,100,74,76,78,80,82
462209,鹿児島県南さつま市,,,,,,,,,
462217,鹿児島県志布志市,31.5,33.5,35.5,37.5,39.5,41.5,43.5,40.2,42.3
462225,鹿児島県奄美市,,,,,,,,,
462233,鹿児島県南九州市,28.7,28.7,32.7,34.7,36.7,38.7,40.7,42.7,44.7
462241,鹿児島県伊佐市,47,,49,51,53,55,57.1,59.1,
462250,鹿児島県姶良市,43.3,45.1,46.7,48.6,50,51.8,53.7,55.5,59.2
463035,鹿児島県三島村,,,,,,,,,
463043,鹿児島県十島村,,,,,,,,,
463922,鹿児島県さつま町,,,,,,,,,
464040,鹿児島県長島町,,72,74,76,78,80,82,84,86
464520,鹿児島県湧水町,,32.2,36.2,38.2,40.2,42,44,45,47.1
464686,鹿児島県大崎町,62.4,59.5,61.2,63.2,65.2,67.2,69.2,71.1,73.1
464821,鹿児島県東串良町,,,,,,,,,
464902,鹿児島県錦江町,,,,,,,,,
464911,鹿児島県南大隅町,,70,72,74,74.5,76.6,78.7,80.8,83
464929,鹿児島県肝付町,,,,,,,,,
465011,鹿児島県中種子町,,,,,,,,,
465020,鹿児島県南種子町,,100,100,100,100,100,100,100,100
465054,鹿児島県屋久島町,,,,,,,,,
465232,鹿児島県大和村,,,,,,,,,
465241,鹿児島県宇検村,,,,,,,,,
465259,鹿児島県瀬戸内町,43.6,45.6,47.6,49.6,51.6,53.6,51.4,51.1,53.4
465275,鹿児島県龍郷町,,,,,,,,,
465291,鹿児島県喜界町,58,62,62,68,70,72,74,76,78
465305,鹿児島県徳之島町,,,,,,,,,
465313,鹿児島県天城町,,50.2,52.2,54.2,56.2,58.2,60.2,62.2,64.2
465321,鹿児島県伊仙町,,,,,,,,,
465330,鹿児島県和泊町,72,74,76,78,80,82,84,86,88
465348,鹿児島県知名町,50,52,54,56,57.7,59.7,61.7,63.8,65.8
465356,鹿児島県与論町,64,72.6,74.8,77,79.2,81.4,83.6,85.8,88
472018,沖縄県那覇市,,53.6,55.5,57.3,59.2,61.1,63,64.9,66.7
472051,沖縄県宜野湾市,48,65.1,66.7,68.2,69.9,71.6,73.3,75,76.7
472077,沖縄県石垣市,45.1,51,52.9,54.9,57,59,61,58.3,60.5
472085,沖縄県浦添市,,7.7,15.1,15.1,22.7,26.6,30.2,34.2,38.1
472093,沖縄県名護市,,36,38,40,42,44,46,48,50
472107,沖縄県糸満市,38,,40.5,42.4,44.4,46.4,48.5,48.6,50.8
472115,沖縄県沖縄市,,,,,,9.9,11.9,13.9,15.9
472123,沖縄県豊見城市,56,57.7,58.9,61.3,59.2,61.4,63.7,65.9,68.1
472131,沖縄県うるま市,63.8,65,59.6,61.3,63,64.6,66.2,65.5,67.4
472140,沖縄県宮古島市,55.1,59.4,75.6,77,1.3,4.8,7.1,10.6,14.1
472158,沖縄県南城市,4,6,8,10,12,14,16,18,20
473014,沖縄県国頭村,,,,,,,,,
473022,沖縄県大宜味村,,,,,,,,,
473031,沖縄県東村,,,,,,,,,
473065,沖縄県今帰仁村,70.4,71.9,73.9,76.1,79.2,81.4,83.6,85.8,
473081,沖縄県本部町,,76,77.6,79.2,80.8,82.4,,,
473111,沖縄県恩納村,,2,4,6,8,10,12,14,16
473138,沖縄県宜野座村,26,,,,,,,,
473146,沖縄県金武町,32,34,36,38,40,42,44,46,48
473154,沖縄県伊江村,,,,,,,,,
473243,沖縄県読谷村,64.4,64.4,65.7,66.9,68.2,69.4,70.7,72,73.2
473251,沖縄県嘉手納町,26.4,29.7,33.1,36.4,39.7,43,46.3,49.5,50.9
473260,沖縄県北谷町,22,24,26,28,30,32,34,36,38
473278,沖縄県北中城村,30.7,34.4,20.7,22.7,24.8,26.8,28.8,30.8,32.9
473286,沖縄県中城村,,,4,6,8.8,18.1,21.7,25.4,29
473294,沖縄県西原町,,24.2,28.6,30.8,33,35.2,37.4,39.6,41.8
473481,沖縄県与那原町,,59,42,44,46,48,50,52,54
473502,沖縄県南風原町,8.2,17.8,21.4,24.9,28.5,32,35.6,39.1,42.7
473537,沖縄県渡嘉敷村,,,,,,,,,
473545,沖縄県座間味村,,,,,,,,,
473553,沖縄県粟国村,,52,54,,,,,,
473561,沖縄県渡名喜村,6,28.3,,,,,,,
473570,沖縄県南大東村,,,,,,,,,
473588,沖縄県北大東村,,,,,,,,,
473596,沖縄県伊平屋村,,,,,,,,,
473600,沖縄県伊是名村,,,,,,,,,
473618,沖縄県久米島町,,,,,,,2,4,6
473626,沖縄県八重瀬町,,,,,,,0,6.7,13.4
473758,沖縄県多良間村,66,74.8,77,79.2,81.4,83.6,85.8,88,90.2
473812,沖縄県竹富町,,,,,,,,,
473821,沖縄県与那国町,,,,,,,,,
