団体コード,団体名,2016-03-31,2017-03-31,2018-03-31,2019-03-31,2020-03-31,2021-03-31,2022-03-31,2023-03-31,2024-03-31
011002,北海道札幌市,,62.5,62.3,62.1,65.4,66.8,68.3,68.9,67.8
012025,北海道函館市,,52.9,52.8,51.8,52.3,53.4,54.6,55.8,56.9
012033,北海道小樽市,,55.8,,,,56.5,58.2,59.6,61.1
012041,北海道旭川市,38.6,40.3,41.9,43.6,45.3,47,48.7,50.4,52.1
012050,北海道室蘭市,50.8,51.2,52.3,54.5,55.5,57.1,57.9,58.2,58.4
012068,北海道釧路市,,53.4,55.3,57.1,59,60.9,62.7,64.5,65.8
012076,北海道帯広市,,45.5,46.9,48.1,49.6,51,52.4,53.9,55.3
012084,北海道北見市,47.8,49.5,51.2,52.9,54.6,56.3,57.1,58.8,59.5
012092,北海道夕張市,,48.5,50.2,51.8,53.4,55,56,57.5,59.1
012106,北海道岩見沢市,,56.2,57.6,59.8,61.3,62.6,64.2,65.7,66.4
012114,北海道網走市,,61.5,63.2,65,66.7,68.3,68.3,73,73
012122,北海道留萌市,42.3,43.5,44.6,45.8,46.8,46.7,46,47.2,47.9
012131,北海道苫小牧市,42.6,43.9,45,46.6,48.2,49.8,49.8,52,51.7
012149,北海道稚内市,,53.1,54,55.5,57.2,58.9,60.5,61.8,62.8
012157,北海道美唄市,,0,1.7,0.6,1.3,1.9,3.3,5.2,5
012165,北海道芦別市,46.2,47.7,48.9,48.8,50.5,52.1,53.6,54.7,56.1
012173,北海道江別市,,53.2,54.7,56.2,57.4,58.6,59.8,60.5,62.2
012181,北海道赤平市,35.9,42.8,44.6,45.8,46.9,48.5,48.5,50.5,51.8
012190,北海道紋別市,54,36.9,35,38.7,36.8,34.3,36,38.5,33.6
012203,北海道士別市,50.6,52.3,53.6,55,56.4,57.5,59,60.5,61.8
012211,北海道名寄市,59.2,60.9,62.6,64.1,65.7,66.9,68.5,69.9,71.3
012220,北海道三笠市,100,99,98.2,98.3,98,97,96.7,96.7,94.2
012238,北海道根室市,57.7,59.6,59.3,60.6,61.7,62.8,62.5,63.9,65.8
012246,北海道千歳市,50.8,51,52.7,54.1,55.4,56.7,48.9,50.2,50.6
012254,北海道滝川市,,,,,,,,,
012262,北海道砂川市,47.2,49,50.7,52.3,54,53.6,55,56.6,57
012271,北海道歌志内市,60.5,60.7,62.1,63.6,66.5,67.9,67.9,70.8,72.3
012289,北海道深川市,,52.6,,,,58.7,59.9,62.2,63.9
012297,北海道富良野市,,,51.8,54.1,55.8,57.3,57.2,60.3,60.1
012301,北海道登別市,53.9,56.7,58.3,59.8,61.4,62.9,62.8,64.1,65.4
012319,北海道恵庭市,45,46.1,47.7,49.2,50.5,51.9,53.4,54.7,55.5
012335,北海道伊達市,50.6,50.7,51.9,53.1,54.5,55.4,55.6,55.4,54.2
012343,北海道北広島市,,55.5,56.6,57.5,58,56.7,58.4,59.3,59.6
012351,北海道石狩市,52,53.6,54.3,55.8,57.1,57.2,58.8,60.2,61.4
012360,北海道北斗市,37,38.4,39.4,40.1,41.5,42.6,43.7,44.9,46.1
013030,北海道当別町,,99.7,99.7,99.5,99.4,98.6,98.1,97.5,97.6
013048,北海道新篠津村,52.2,52.8,54.5,56.2,55.3,56.6,57.5,58.3,60
013315,北海道松前町,84.4,,80.9,81.2,81.1,79.8,77.8,76.4,75.3
013323,北海道福島町,58.5,58.8,58.1,59.7,60.3,62.3,63.7,65.2,66.3
013331,北海道知内町,,,,,61.3,62,61.7,62.3,64
013340,北海道木古内町,61.3,69,61.1,62.5,64,64.9,66.3,67.6,68.9
013374,北海道七飯町,,47.9,49,50.6,52.3,54,55.7,55.1,56
013439,北海道鹿部町,,50.2,51.2,51.1,53.1,54.7,58,59.6,58.2
013455,北海道森町,49.4,47.9,47.3,45.4,43.2,43.2,39.7,41.4,43
013463,北海道八雲町,53,54.4,55.9,57.3,58.8,60.1,61.6,63,64.5
013471,北海道長万部町,58.6,60.3,62,63.3,64.8,66.6,68.3,69.1,70.6
013617,北海道江差町,64.6,65.6,,,,62.7,60.6,51,47.5
013625,北海道上ノ国町,52.6,,55.7,57.4,58.9,60.4,60.9,62.1,62.6
013633,北海道厚沢部町,73.2,72.4,72.4,71.6,72.2,72.8,73.6,74.8,74.8
013641,北海道乙部町,44.2,45.8,46.9,49,49.1,50,51.6,53,45.8
013676,北海道奥尻町,,48.8,46.5,49.9,51.5,51.8,52.1,53.2,53.2
013706,北海道今金町,54.8,57.3,60.4,61.8,61.3,62.6,63.8,64.8,65.1
013714,北海道せたな町,,64.7,66.6,68.2,69.4,69.9,71.2,72.2,73.1
013919,北海道島牧村,,55.3,56.3,56.5,57.6,52.5,51.3,53,53
013927,北海道寿都町,45.2,44.4,46.1,47.7,49.4,51.1,52.7,54.4,56.1
013935,北海道黒松内町,51.1,50.9,,53.9,55.3,56.6,58.1,57.8,60.9
013943,北海道蘭越町,33.8,33.8,36.8,38.2,38.2,38.3,38.6,40.3,40.9
013951,北海道ニセコ町,32.6,47.8,48.6,49.5,50.5,52.9,52.6,53.1,54
013960,北海道真狩村,51.1,,,,,59.5,61.2,62.9,64.6
013978,北海道留寿都村,,,,,,,,,
013986,北海道喜茂別町,,77.3,77.9,78.1,78.5,76.8,78.1,78.6,79.9
013994,北海道京極町,64.2,0,0,64.2,65.7,67.5,76.4,77.6,78.7
014001,北海道倶知安町,56.2,57.9,,61.1,60.6,61.1,54.4,54.7,56
014010,北海道共和町,52.5,,,57.1,58.8,64.4,58.7,60.1,59.6
014028,北海道岩内町,39.2,,,45.8,45.6,46.9,48.6,47.8,49.5
014036,北海道泊村,,77.3,72.6,74.7,68,69.8,71.6,73.5,75.3
014044,北海道神恵内村,,,48.7,49,50.8,53.2,55,56.9,58.7
014052,北海道積丹町,,,1.5,2.7,4.1,5.5,6.6,7.6,10.3
014061,北海道古平町,64,62.2,61.8,62.5,,68.7,69.8,69.6,70.7
014079,北海道仁木町,68.6,69.5,69.5,70.8,70,68.7,69.5,70,70.7
014087,北海道余市町,44.4,,46.9,48.3,49.7,51.6,51.7,52.9,53.8
014095,北海道赤井川村,,69.3,71,71.8,70.8,72.9,72.3,71.7,73
014231,北海道南幌町,,36,37.7,39.3,40.7,42.2,43.7,45.2,46.8
014249,北海道奈井江町,53.3,,,55.2,57.1,59,60.9,62.8,66.5
014257,北海道上砂川町,76.8,77.9,79,79.9,80.7,81.5,82.3,83.1,83.9
014273,北海道由仁町,27.9,29.6,31.2,,34.1,35.7,39.1,39,40.7
014281,北海道長沼町,55.6,55.6,,59.1,60.9,62.6,64.5,66.2,67.8
014290,北海道栗山町,51.4,50.6,15,24.1,25.8,48.9,50.3,51.7,53.2
014303,北海道月形町,,53.3,55,55,54.6,56.3,54.7,56.4,56.4
014311,北海道浦臼町,,,,5.1,6.8,7.9,8.7,9.5,11
014320,北海道新十津川町,48.8,52.5,54.3,55.9,57.7,59.4,61.2,62.5,63.9
014338,北海道妹背牛町,52.2,52.8,54.1,53.2,54.8,55.9,57.1,57.4,58.2
014346,北海道秩父別町,,45.1,46.7,48.1,49.2,50.4,51.7,52.7,54.2
014362,北海道雨竜町,,55.6,96.3,85.1,73.5,74.3,77.4,60.5,62.1
014371,北海道北竜町,,62,61.4,62,63.2,64.4,61.6,60.9,60.1
014389,北海道沼田町,46.3,47.3,47.3,49,50.3,49,53.6,55.9,57.5
014524,北海道鷹栖町,59.2,60.7,61.3,61.3,61.3,61.9,62,63.7,63.8
014532,北海道東神楽町,8.1,8.4,,10.9,11.1,12.2,12.9,14.7,16.5
014541,北海道当麻町,64,,,69,68.6,71.7,72.6,74.3,75.6
014559,北海道比布町,,44.5,46.1,47.6,68.6,51,52.6,54.3,55.9
014567,北海道愛別町,43.9,44.1,45.7,48.5,49.9,51.2,52.9,54.6,56.3
014575,北海道上川町,67.4,79.1,,72.8,74.2,75.4,76.7,77.8,79
014583,北海道東川町,,,,,,56.2,52.6,45.2,43.9
014591,北海道美瑛町,39.8,54.9,56.3,54.4,59.7,54.4,52.3,64.8,56.6
014605,北海道上富良野町,43.1,44.7,46.3,48,49.3,50.4,51.6,53,54.3
014613,北海道中富良野町,,51.3,53,54.7,56.3,58,59.7,61.3,62.9
014621,北海道南富良野町,60.7,60.7,68.8,70.1,69.9,71.5,73.1,74.7,75.8
014630,北海道占冠村,77.7,76,,,76,73.8,75.4,76.9,78.3
014648,北海道和寒町,47.9,50.3,51.7,52.9,53.7,55.2,56.3,57,58.1
014656,北海道剣淵町,51.7,53.4,55.1,56.5,58.2,59.7,61.3,63,64.7
014681,北海道下川町,,,1.6,2.4,3,4.2,5.7,7.5,8.4
014699,北海道美深町,,52.1,53.8,54.8,55.5,56.5,56.5,57.8,59.3
014702,北海道音威子府村,,,69.3,70.1,70.8,71.9,73.2,73.3,72.8
014711,北海道中川町,46,55.9,57.7,59.7,61.3,63,62.8,66.2,67.8
014729,北海道幌加内町,64.5,66.1,67.8,69.4,71.1,72.7,74.1,74.5,75.9
014818,北海道増毛町,,53.4,53.8,54.9,54.8,55.9,56.3,56.5,56
014826,北海道小平町,,61.3,60.9,62.6,63.1,64.6,66.2,67.6,67.8
014834,北海道苫前町,,47.1,48.2,49.9,50.7,50.7,53.3,52.6,54
014842,北海道羽幌町,,,,2.4,3.5,3.1,4.4,5.7,6.7
014851,北海道初山別村,53.9,55.4,56.9,56.9,56.5,59.4,61,37.3,64.4
014869,北海道遠別町,44.7,57.2,47.3,49,58.5,52.4,54.1,55.1,55.9
014877,北海道天塩町,,57.2,58.3,58.7,58.5,58.5,59.7,59.7,59.7
015113,北海道猿払村,67.2,68.6,70.5,71.7,67.2,74.8,76.5,78.1,78
015121,北海道浜頓別町,,54.2,,,,,,,
015130,北海道中頓別町,,45.9,45.9,45,46.6,48.3,50,51.7,53.4
015148,北海道枝幸町,,54.6,54.1,52.2,49.4,47.7,48.2,49.1,48.7
015164,北海道豊富町,49.5,51,51.9,,,56.6,57.9,60,61.2
015172,北海道礼文町,40.6,42.3,41,43.2,45.3,47.5,49.6,51.7,51
015181,北海道利尻町,44.9,48.3,50,47.3,45.6,47.3,48.9,50.6,52.2
015199,北海道利尻富士町,,,,,,,,41.6,43.7
015202,北海道幌延町,59.1,60.8,61.9,62,62.9,61.8,61.9,62.5,
015431,北海道美幌町,,50.2,51.9,53.5,55.1,56.6,58.1,59.6,61.1
015440,北海道津別町,41.6,43,44.5,45.9,47.2,48.6,50,51.4,52.9
015458,北海道斜里町,52.4,54,55.7,57.2,58.7,60.3,61.4,63,64.9
015466,北海道清里町,,49.6,,,13.6,11.7,13.9,13.5,23
015474,北海道小清水町,,44.7,45.5,46.6,47.7,48.9,50.3,51.6,52.9
015491,北海道訓子府町,46.9,44.3,43.1,42.6,41.7,38,37.8,39.5,38.9
015504,北海道置戸町,51.9,50.1,52,40.2,,40.8,61.4,57.5,54.6
015521,北海道佐呂間町,33.1,49.4,51.1,52.8,50.5,49.2,50.9,52.6,54.3
015555,北海道遠軽町,,55.2,,53.6,55.2,57.2,58.8,60,59.8
015598,北海道湧別町,57.2,62.4,57.6,59.1,65,66,67.3,68.3,69.2
015601,北海道滝上町,51.5,53.2,53.7,54.6,55,55.8,56.6,57.5,57.6
015610,北海道興部町,,62.2,67.8,68.3,69.2,71.2,70.6,71.6,72.7
015628,北海道西興部村,58.7,59.5,59,58.2,58.1,58.2,59,59.3,59.7
015636,北海道雄武町,,50.2,52.1,53.4,55.3,57,58.6,59.5,61.2
015644,北海道大空町,40.8,42.2,43.6,45.1,46.6,48.1,49.6,51.2,52.7
015717,北海道豊浦町,43.8,47.6,49.3,49.4,51.1,52.3,53.8,55.5,56.9
015750,北海道壮瞥町,49.2,49.2,50.5,51.6,52.3,53.6,54.8,56.5,58.2
015784,北海道白老町,58.7,60.1,61.7,63.7,59.1,60.3,68.2,69.5,71.7
015814,北海道厚真町,42.4,44.1,45.8,47.5,49.2,50.9,52.6,54.2,55.5
015849,北海道洞爺湖町,,54.6,54.2,58.2,59.9,61.9,62.6,63.8,65.2
015857,北海道安平町,,44.8,,48.2,49.9,51.6,53.3,55,56.7
015865,北海道むかわ町,,,,,,,68.6,69.7,71.1
016012,北海道日高町,,44.7,46.1,47.5,49.2,51,52.7,53.6,54.3
016021,北海道平取町,52.2,53.9,53.7,55.4,47.6,45.3,42,43.8,44
016047,北海道新冠町,60.1,61.2,62.6,63.7,65.2,66.1,67.5,68.3,69.6
016071,北海道浦河町,,61.8,63.4,63.4,66.6,68.1,69.7,71.3,72.9
016080,北海道様似町,,82.2,83.7,85.8,87.8,86.2,86.5,85.7,85.3
016098,北海道えりも町,,52.8,54.4,53.7,42.2,43.7,45.4,46.7,48.4
016101,北海道新ひだか町,,,,2.1,3.8,7,8.5,6,5.4
016314,北海道音更町,,61.8,63.4,65,66.3,67.5,68.8,69.9,70.9
016322,北海道士幌町,,50.6,51.4,53.2,55,,57.4,57.3,58.9
016331,北海道上士幌町,,60.7,53.8,38.8,40.5,43.7,44.9,47.1,40.8
016349,北海道鹿追町,,62.3,,65.5,67.1,68.2,69.8,71.4,73.1
016357,北海道新得町,,46.1,47.4,49.1,51.2,51.7,54.5,52.9,57.9
016365,北海道清水町,,53.5,55.2,56.8,70.8,72.5,60.8,54.7,56.2
016373,北海道芽室町,48.9,50.6,52.2,53.1,56.2,57.6,59,60.4,61.4
016381,北海道中札内村,,53.3,54.7,56.1,57.6,59,60.5,62,63.6
016390,北海道更別村,,47.8,48.5,50.7,49.8,49.8,48.1,47.1,45.6
016411,北海道大樹町,48.6,50.2,,,54.6,55.2,56,57.6,59.2
016420,北海道広尾町,,53.2,54.9,56.4,58,59.6,61.2,56.3,55.9
016438,北海道幕別町,,27.1,28.6,30.1,31.8,34.7,36.4,34.5,39.4
016446,北海道池田町,51,50.3,52.1,51.7,50.6,49.8,50.9,51.7,52.7
016454,北海道豊頃町,50.7,54.1,55.8,57.4,71.9,59.9,61.6,62.5,64.2
016462,北海道本別町,,49.6,49.6,52.9,,52.9,52.9,52.9,52.9
016471,北海道足寄町,,57,58.3,59.3,59.2,60.1,61.2,61.9,62.1
016489,北海道陸別町,,,,,,,,,
016497,北海道浦幌町,,,53.3,54.9,56.1,57.7,59.2,60.6,61.9
016616,北海道釧路町,,,,,,64.4,65,65.2,66.8
016624,北海道厚岸町,,65.6,61.6,55.4,57.8,69.1,60.1,60.1,60.5
016632,北海道浜中町,57.6,58.8,61.8,61.9,63.6,64.1,65.1,70.1,71.8
016641,北海道標茶町,,,55.4,56.8,58,59.7,61.1,62.4,63.9
016659,北海道弟子屈町,,67.3,69.3,71,72.9,74.6,77.9,79.2,77.6
016675,北海道鶴居村,,61.7,63.8,65.8,67.6,69.1,70.6,72,73.3
016683,北海道白糠町,,56.1,46.8,48.5,50.1,51.7,52.8,54.1,55.2
016918,北海道別海町,54.8,56.3,57.8,59.2,60.7,59,60.4,62,63.5
016926,北海道中標津町,,45.7,46.6,47.4,47.4,47.3,47.3,49.1,43.4
016934,北海道標津町,26.5,28.2,24.4,19.3,21,22.7,24.4,23.8,20.7
016942,北海道羅臼町,36.2,37.9,39.6,35.9,37.6,39.3,41,37.3,44.4
022012,青森県青森市,,46.3,46.9,48.6,49.2,47.7,44.8,46.2,47.6
022021,青森県弘前市,,58.2,59.6,60.2,61,61.7,61.5,62.2,63.3
022039,青森県八戸市,,43.3,29.6,30.3,30.8,31.2,30.9,31.4,33.3
022047,青森県黒石市,42.2,48.6,49,49.9,51,52.7,54.4,56.1,57.8
022055,青森県五所川原市,,34,34.6,34.7,36,36.8,38.5,40,41.7
022063,青森県十和田市,,0,1.7,3.4,5.1,49.6,49.5,50.8,51.6
022071,青森県三沢市,,54.5,55.8,57.5,59.2,58.5,60.2,61.9,63.6
022080,青森県むつ市,,43.6,44.5,46.3,45.2,46.1,47.9,46,47.8
022098,青森県つがる市,63.1,64.2,65.3,65.4,68.7,67.5,65.6,64.3,65.8
022101,青森県平川市,,21.3,1.9,,,4.9,6.6,8.4,10.2
023019,青森県平内町,,62,62.8,62.8,63.7,64.5,64.6,66.2,67.8
023035,青森県今別町,69.1,63.8,63.6,65,66.5,67.8,69.1,70.3,71.5
023043,青森県蓬田村,54.8,56,56.3,57.6,58.9,60.2,61.5,62.7,64
023078,青森県外ヶ浜町,,39.2,41.2,0.9,1.9,3.1,4,30.3,29.1
023213,青森県鰺ケ沢町,33,66.2,67.9,,,64.1,64.9,65.7,66.6
023230,青森県深浦町,67.3,67,68.3,69.7,70.9,72.2,73.4,74.1,74.9
023434,青森県西目屋村,75.3,76.6,77.9,75.8,75.4,74.4,73,73,74.5
023612,青森県藤崎町,57.5,57.6,58.3,59.4,62,62.6,64.3,65.5,66.6
023621,青森県大鰐町,,79.3,79,78.6,78.2,77.1,77.3,76.5,76.6
023671,青森県田舎館村,62.1,64,,51.3,53,54.7,56.1,57.6,59
023817,青森県板柳町,65.3,67,68.7,70.3,71.9,72.2,73.7,68.9,78.1
023841,青森県鶴田町,,,,,,,,,
023876,青森県中泊町,,1.6,,,,48,50,52.5,
024015,青森県野辺地町,49.1,50.1,52,53,54.8,55.8,58.3,56.6,61.8
024023,青森県七戸町,61.1,38.5,63.3,64.8,64.1,63.9,67.1,67.8,68
024058,青森県六戸町,65,64.6,66.8,68.9,70.7,75.5,77.6,78.5,73.1
024066,青森県横浜町,76,75,71.1,72.4,70.5,41.4,41.8,73.7,65.9
024082,青森県東北町,,45.9,45.9,47.4,49,49.5,50.2,51.5,51.8
024112,青森県六ケ所村,,51.6,51.5,51.7,53.4,55.1,55.1,58.5,57.6
024121,青森県おいらせ町,76.3,77.5,67.7,68.5,69.2,69.9,70.7,71.4,
024236,青森県大間町,,62.2,63.7,63.7,63.7,64,65.8,67.5,69.3
024244,青森県東通村,42,43.8,45.6,47.3,49,50.7,51.8,53.4,55.1
024252,青森県風間浦村,66.3,67.6,68.9,70.1,71.2,72.2,73.2,74.2,75
024261,青森県佐井村,,58.2,60.1,62,63.9,62.3,53.5,54.9,56.3
024414,青森県三戸町,21.6,23.3,24.8,26.5,27.6,29.1,30.3,31.7,33
024422,青森県五戸町,67.3,67.3,67.2,68.8,69.8,70.3,72,72.5,73.9
024431,青森県田子町,44.4,46.2,47.7,49.5,49.4,49.8,49.9,50.4,51.6
024457,青森県南部町,49.5,49.3,49.4,51.1,,54.4,56,57.7,55
024465,青森県階上町,32.5,32.7,34.4,34.9,36.5,38.3,38.5,40.3,42.2
024503,青森県新郷村,42.2,58.3,61.2,62.1,62.7,61.6,62.5,63.2,62.8
032018,岩手県盛岡市,,53,54.5,56.2,57.9,59.7,61.3,63.1,64.7
032026,岩手県宮古市,59.9,61.4,63,64.5,61,60.6,61.4,62.6,64
032034,岩手県大船渡市,,58.1,59.6,61.4,62.8,63.1,65.1,,
032051,岩手県花巻市,43.2,44.8,46.5,45.7,46.4,47.3,49.1,50.7,52.4
032069,岩手県北上市,59,59.9,60.6,61.6,62.7,64,64.1,65.9,68.7
032077,岩手県久慈市,,57.7,57.7,,,63.6,65.1,66.5,67.9
032085,岩手県遠野市,,,15.8,17.6,18.7,23.5,25.4,27.2,29.1
032093,岩手県一関市,,51.8,53.1,54.3,55.7,57.1,58.9,59.4,60.8
032107,岩手県陸前高田市,,50.7,51.4,53,54,52.8,41,42.3,34.2
032115,岩手県釜石市,76.5,77.2,78.4,79.5,81,81.9,83.1,83.7,84.5
032131,岩手県二戸市,,10.5,8.8,7.5,8.4,9.4,7.6,11.1,12.2
032140,岩手県八幡平市,,71.5,73,74.3,75.3,76.5,77.7,79,80.3
032158,岩手県奥州市,,54.7,55.6,55.9,57.3,56.3,57.6,58.9,59.7
032166,岩手県滝沢市,59.3,60.7,60.8,60.6,51.7,52.4,53.8,53.9,55.4
033014,岩手県雫石町,,67.4,69,69.2,70.3,72,73.7,75.4,72.6
033022,岩手県葛巻町,44.1,80,79,81.7,82.6,83.3,83.1,83.6,84.3
033031,岩手県岩手町,44.3,48.4,49.7,51.3,51.6,50.6,50.6,50.8,50.1
033219,岩手県紫波町,,45.9,47.6,49.3,50.7,52.3,53.9,55.6,57.2
033227,岩手県矢巾町,,51.7,53.5,55.1,56.4,58.2,59.8,61.5,63.1
033669,岩手県西和賀町,,57.4,58.5,59.6,60.5,61.5,65.6,63.8,67.7
033812,岩手県金ケ崎町,,59,57.7,61.4,62.7,63.2,64.6,64.7,66.8
034029,岩手県平泉町,,46.4,47.8,49.4,51,52.3,48.7,50.3,50.6
034410,岩手県住田町,,69.1,70.4,71.7,72.9,74.1,74.8,74.9,75.3
034614,岩手県大槌町,,,,,,,,8.4,13.6
034827,岩手県山田町,,0,0.1,1.8,2.2,2.2,3.9,5.5,6.9
034835,岩手県岩泉町,57.4,58.4,,61.2,62.8,64.2,66.1,67.4,68.4
034843,岩手県田野畑村,49.9,49.7,52,53.5,55.8,55.9,58,60.1,61.4
034851,岩手県普代村,,63,64.6,66.3,67.9,10.2,9.9,9,
035017,岩手県軽米町,28.8,30.5,32.2,33.8,35.5,36.9,38.6,40.2,41.9
035033,岩手県野田村,55.6,56.9,58.2,59.4,59.2,62,57.3,56.8,58.2
035068,岩手県九戸村,,4.4,2.7,3.3,5.3,7,3.7,5.4,7.1
035076,岩手県洋野町,,60.7,61.4,61.7,61.6,62.2,63.6,64.8,65.6
035246,岩手県一戸町,,32.6,33.8,34.5,34.6,34.5,33.5,38.2,37.4
041009,宮城県仙台市,,59.9,61.6,63,64.1,65.6,66.7,67.7,68
042021,宮城県石巻市,,80.5,81.1,81.1,83.4,84.6,85,64.5,61.9
042030,宮城県塩竈市,,73.8,69.2,70.5,69.5,69.4,68.7,68.8,70.4
042056,宮城県気仙沼市,,,,,,54.6,68.4,69,66.1
042064,宮城県白石市,,54.1,54.6,56.3,57.5,58.2,58.3,59,60.1
042072,宮城県名取市,27.2,29.5,31.8,34.1,21.8,16.6,18.5,20.4,22.4
042081,宮城県角田市,,58.2,58,59.3,6.1,60.9,62.5,64,64.6
042099,宮城県多賀城市,,40.8,42.2,42.8,43.5,44.8,46.3,48,49.7
042111,宮城県岩沼市,51.7,48.2,44.8,32,49.6,51.1,47.9,50.9,52.4
042129,宮城県登米市,,77.4,78.4,79.5,80.3,80.3,81.2,79.4,80.3
042137,宮城県栗原市,,56.6,58.1,61.4,61.3,63,64.5,66.1,67.7
042145,宮城県東松島市,44.4,46.1,41,36.7,36.4,33.8,34.9,36.2,35.9
042153,宮城県大崎市,,,,,,57.5,58.6,59.2,60.3
042161,宮城県富谷市,71.6,72.2,74.9,76.5,78.1,79.8,80.3,81.9,85.2
043010,宮城県蔵王町,45.6,42.1,35.9,37.6,36.8,38.5,40.1,41.3,43
043028,宮城県七ケ宿町,63,63,64.6,67.9,69.5,71,72.6,74.1,75.7
043214,宮城県大河原町,4.2,6.3,8.4,10.5,12.6,14.6,16.7,18.8,20.9
043222,宮城県村田町,77,78.7,67.6,69.3,70.9,72.5,73.4,74.8,74.8
043231,宮城県柴田町,66.4,68,69.6,72.7,72.6,74.2,72.5,72.5,74.9
043249,宮城県川崎町,25,26,36.4,27.6,28.6,30.8,32.4,34,35.6
043419,宮城県丸森町,46.3,48,49.3,51,52.6,53,54.7,56.5,58.2
043613,宮城県亘理町,,47.7,47.8,48.7,50,55.1,56.3,57.7,59.1
043621,宮城県山元町,69,70.5,72,72.7,75,76.5,78,79.4,80.8
044016,宮城県松島町,,,44.1,40.5,42.3,44,43.5,45.2,46.9
044041,宮城県七ケ浜町,52.2,54.2,,24.1,21.7,23.5,25.3,31.4,33.2
044067,宮城県利府町,,,100,100,99.9,99.9,99.9,99.9,98.2
044211,宮城県大和町,50.6,53.3,55,56.3,58,59.7,58.8,58.2,58.2
044229,宮城県大郷町,57.7,59.3,61,62.6,64.2,65.9,68.7,70.2,66.8
044245,宮城県大衡村,54.1,,60,61.4,62.9,63.1,63.1,63.4,66.4
044440,宮城県色麻町,,,,,78,79.7,81.4,83,84.6
044458,宮城県加美町,,62.1,62.1,61.5,62.5,64,65.4,66.9,68.3
045012,宮城県涌谷町,70.9,74.3,73.4,75.1,79.4,81.1,82.5,83,83.9
045055,宮城県美里町,,,,58.6,60.1,61.3,62,62.7,63.3
045811,宮城県女川町,19.5,20.9,22.3,23.8,23.8,25.2,28.1,29.2,29.2
046060,宮城県南三陸町,,,59.5,61.8,64.1,65.8,67.5,69.1,70
052019,秋田県秋田市,50.3,50.8,51.8,54.5,55.5,54.4,55.3,56.4,57.8
052027,秋田県能代市,43.1,39.4,40.7,40.9,40.3,45.9,42.7,44.2,44.2
052035,秋田県横手市,,71.3,72.4,73.6,74.2,74.9,72.4,77,77.3
052043,秋田県大館市,,51.5,52.9,51.8,52.7,52.1,52.8,52.1,52
052060,秋田県男鹿市,,,,,48.6,50.2,50.9,52.3,53.8
052078,秋田県湯沢市,,39,40.7,42.4,44.1,45.6,47.3,49,50.7
052094,秋田県鹿角市,,50.2,51.9,52.2,53.1,53.6,55.3,56.1,57.3
052108,秋田県由利本荘市,,54.1,55.6,57.2,58.7,60.2,59.3,62.8,64.2
052116,秋田県潟上市,53,53.1,53.8,54.1,53.7,51.7,53.7,55.5,55.3
052124,秋田県大仙市,64.9,66.3,67.5,68.9,70.3,71.6,72.9,74.3,75.5
052132,秋田県北秋田市,,39.1,,,,19.1,,18.8,20.3
052141,秋田県にかほ市,,48.9,50.2,51.7,53.3,54.9,55.8,57.3,58.8
052159,秋田県仙北市,,64.4,65.6,66.8,68.1,68.9,67.9,68.4,68.1
053031,秋田県小坂町,46.6,47,47.5,49.7,50.9,52.1,53.7,55.1,55.4
053279,秋田県上小阿仁村,,23.8,43.2,44.7,43,25.7,18.1,15.6,16.3
053465,秋田県藤里町,38.7,38.5,39.5,47.5,48.4,48.7,49.6,50.4,51.5
053481,秋田県三種町,51.4,50.9,52.6,53.8,53.2,54.8,53.5,55.1,55.2
053490,秋田県八峰町,50.8,52.6,54.3,54,54.8,55.9,57.5,57.1,58.6
053619,秋田県五城目町,86,87.5,88.7,89.4,89.5,86.1,87.5,88.9,90.2
053635,秋田県八郎潟町,,,,,,,,,
053660,秋田県井川町,,66.1,67.2,68.1,70.1,72,64.5,66.2,53.3
053686,秋田県大潟村,58,59.6,60.8,62.5,64.2,65.9,67.6,69.3,68.2
054348,秋田県美郷町,58.1,59.9,61.4,63.1,64.7,65.4,66.3,66.5,68.1
054631,秋田県羽後町,,,,,,,,,
054640,秋田県東成瀬村,68.3,69.9,71.4,72.9,74.2,75.4,76.7,77.9,78.8
062014,山形県山形市,35,36.6,37.9,44.2,41.3,42.9,44.2,45.4,46.8
062022,山形県米沢市,58.9,60.2,61.5,63.3,64.9,64.2,64.9,66.1,66.5
062031,山形県鶴岡市,68,69.3,70.5,71.9,73.2,74.4,75.7,77,77.9
062049,山形県酒田市,60.2,61.7,62.8,64.4,65.8,67.1,68.5,69.9,70.7
062057,山形県新庄市,43.7,45.3,46.8,48.3,47.5,49,50.2,51.7,52.8
062065,山形県寒河江市,,,,,,,,,
062073,山形県上山市,66.9,71.2,72.8,71.6,73.1,74.6,76.1,77.6,78.7
062081,山形県村山市,,51.4,52.2,54,55.8,56.2,58,59.7,61.5
062090,山形県長井市,,44.7,46.2,40.1,42,44,46,48.3,50.5
062103,山形県天童市,52,51.2,52.2,53.8,55,55.5,54.6,54.4,55.8
062111,山形県東根市,52.7,53.8,55.4,57,59.3,61,62.6,63.9,65.4
062120,山形県尾花沢市,,,,,,,,,62.8
062138,山形県南陽市,57.4,58.9,60.5,61.8,63.4,65,66.4,67.9,69.2
063011,山形県山辺町,,44.9,46.8,48.8,50.6,52.4,54.2,56,57.8
063029,山形県中山町,,,,,,54.6,56,57.5,59.1
063215,山形県河北町,64,65.3,66.6,67,68.2,67.7,69.2,68.4,68.4
063223,山形県西川町,50.3,49.1,50.4,49.3,50.4,51.4,52.5,54.1,54.6
063231,山形県朝日町,59.5,62.3,61.7,62.7,64.8,65.5,66.8,67.9,68.9
063240,山形県大江町,,55.3,56.9,58.6,60.2,61.8,63.5,65.1,66.6
063410,山形県大石田町,,,,,,49.1,50.8,52.5,54.2
063614,山形県金山町,47.8,54,55.6,56.9,58,57.9,59.6,60.8,62
063622,山形県最上町,,59.9,60.9,62.3,64.1,65.6,66.3,66.1,67.2
063631,山形県舟形町,45.6,47.3,49,50.7,19.3,21,22.6,24.1,25.7
063649,山形県真室川町,,,,,,,,,
063657,山形県大蔵村,,1,1.4,2.6,3.3,5,6.7,7.1,8.1
063665,山形県鮭川村,28.9,32.3,27.9,29.6,32.5,24.5,23.6,58.5,57.4
063673,山形県戸沢村,,55.3,57,58.7,60.4,62.1,63.2,63.5,63.5
063819,山形県高畠町,56.4,57.3,58.3,59.1,59.9,60.7,61.7,62.8,64.3
063827,山形県川西町,,53.1,61.8,63.4,64.9,65.6,65.2,65.2,70.1
064017,山形県小国町,49.2,49.2,49.2,56.9,56.3,58.9,60.4,61,62
064025,山形県白鷹町,55.5,57.1,58.8,60.4,62,63.6,65.1,66.1,66.8
064033,山形県飯豊町,63,64.1,64.1,65.6,68.1,69.5,71.1,72.6,74.5
064262,山形県三川町,93.1,93.9,94.6,95.2,95.9,96.4,83.9,84.3,83.6
064289,山形県庄内町,,58.9,60.4,62,63.5,64.2,65.8,65.6,67
064611,山形県遊佐町,63.4,64.8,65.9,67.4,67.2,68.6,70.4,71.7,72.5
072010,福島県福島市,,,,56.3,58,59.6,58.5,58.8,59.9
072028,福島県会津若松市,51.6,53.3,54.8,56.4,57.9,59.5,61.1,62.4,63.7
072036,福島県郡山市,63,64.8,65.4,66.9,68,67.1,68.5,69.7,69.3
072044,福島県いわき市,,72.3,40.3,74.5,76.7,79,81.3,82.3,84.2
072052,福島県白河市,,,50.5,51.2,52.7,54.2,55.2,54.8,56.2
072079,福島県須賀川市,43.5,45.1,47,51.1,50.7,52,53.7,55.6,57.5
072087,福島県喜多方市,,56.2,57.8,59.5,61.5,62.1,63.9,65.6,63.4
072095,福島県相馬市,,,57.8,59.4,60.9,62.3,,62.1,61.8
072109,福島県二本松市,,61.8,63,64,65.3,66.5,67.9,69.1,70.4
072117,福島県田村市,63.3,65.7,66.8,69.1,68.3,71.4,72.6,73.7,74.8
072125,福島県南相馬市,,,64.2,65.7,,,,,
072133,福島県伊達市,,62,63.7,65.3,67,67,70.2,70.9,69.5
072141,福島県本宮市,40.9,42.5,45.7,45.8,47.6,48.8,26.2,31.2,36.3
073016,福島県桑折町,,56.5,56.8,58.2,59.2,61,62.5,60.8,61.9
073032,福島県国見町,,,,,,69.7,73.4,75.3,77
073083,福島県川俣町,,62.6,64.2,64.1,65.2,65.7,66.6,68.1,69.1
073229,福島県大玉村,,,49.6,55.9,56.5,56.9,58.6,60.3,62
073423,福島県鏡石町,72.3,100,100,100,100,100,100,100,100
073440,福島県天栄村,,,,,,65.3,66.7,68.2,69.8
073644,福島県檜枝岐村,,,58.8,60.5,62.2,63.8,,,
073679,福島県只見町,,67.8,68.9,69.2,71.6,72.7,73.6,74.6,75.4
073687,福島県南会津町,,,47.2,48.8,49.5,51.1,52.7,54.4,
074021,福島県北塩原村,55,56.6,58.2,58.9,61.5,63,64.6,66.1,67.6
074055,福島県西会津町,,55.7,54.1,55.4,56.7,57.8,59.9,59.4,60.9
074071,福島県磐梯町,,40.5,42.2,43.9,43.2,47.3,49,50.7,52.4
074080,福島県猪苗代町,53.3,55.1,57,58.8,60.7,62.6,64,64.8,64.8
074217,福島県会津坂下町,,58.4,60,61.6,61.3,64.5,64.8,66.1,67.7
074225,福島県湯川村,,,,,,,,,46.8
074233,福島県柳津町,,,,72.7,74.8,77,79.2,81.3,83.4
074446,福島県三島町,,,,,,,0,0,0
074454,福島県金山町,,48.1,49.8,51.5,53.1,54.7,56,57.5,59
074462,福島県昭和村,53.2,,,,,61.9,61.6,60.2,61.1
074471,福島県会津美里町,,59.5,61.3,63,64.2,64.7,66.4,67.6,68.5
074616,福島県西郷村,,,50,51.5,52.5,54.3,38.1,47.3,49.2
074641,福島県泉崎村,,52.7,54.4,56.1,57.8,59.5,61.2,62.9,64.6
074659,福島県中島村,,55.7,57.4,61.5,63.2,64.9,65.2,68.3,70
074667,福島県矢吹町,,,56.1,57.6,59.2,60.1,61.8,63.4,65.1
074811,福島県棚倉町,,,,,,,,,
074829,福島県矢祭町,,,,,,,,,
074837,福島県塙町,39.1,64.7,34.5,68.7,70.7,72.7,74.7,76.7,78.7
074845,福島県鮫川村,,,33.8,,,,,,
075019,福島県石川町,,,52.5,43.1,41.6,36.7,33.9,32.4,32.4
075027,福島県玉川村,35.1,36.1,36.5,36.8,39.7,40.1,41.8,43.5,45.2
075035,福島県平田村,56.4,58.5,60.6,50.6,51,54.3,54.4,56.1,57.8
075043,福島県浅川町,51.8,53.8,54.4,56.4,58.3,55.6,57.6,55.6,57.6
075051,福島県古殿町,,,,,,,,,
075213,福島県三春町,,44.6,46.5,47.9,49.5,50.6,52.1,51.4,55.2
075221,福島県小野町,,68.8,70.2,71.6,73,72.7,74.1,77.1,76.8
075418,福島県広野町,22.2,29.1,25.6,19.5,19,18.5,23.5,24.9,22.8
075426,福島県楢葉町,,,50.8,52.5,64.6,54.6,7.2,6.5,8.2
075434,福島県富岡町,,37.3,36.6,37.6,38.5,39.3,41.1,42.5,44.2
075442,福島県川内村,,67.4,,,,73.1,71.5,72.6,73.5
075451,福島県大熊町,,53.5,63.9,69.5,70.4,70.4,71.3,72.2,73.1
075469,福島県双葉町,,80.8,81.6,82.4,83.1,82,84.2,80.1,82.1
075477,福島県浪江町,,,,,,89.2,89.2,90.2,91.1
075485,福島県葛尾村,,,,49.8,48.5,43.9,45.6,43.8,45.4
075612,福島県新地町,,,,,,12.5,12.6,14.3,16
075647,福島県飯舘村,,,,,,,,,
082015,茨城県水戸市,,58.5,59,56.2,59.3,60.4,62.1,63.6,59.2
082023,茨城県日立市,55.5,52.4,52,52.6,54,55,56.5,58,59.6
082031,茨城県土浦市,49.6,50.9,51.6,53.3,54.7,55.2,56.6,56.9,57.5
082040,茨城県古河市,34.3,36,37.4,39.1,40.9,42.7,44.4,46.2,48
082058,茨城県石岡市,55.8,25.2,25,25.5,20.7,22.4,23.9,25.5,27.2
082074,茨城県結城市,51.1,52.7,54.1,55.2,56.7,58.4,60,60.9,62.6
082082,茨城県龍ケ崎市,51.2,57.6,59.3,61,62.7,64.2,65.9,67.6,69.1
082104,茨城県下妻市,60,61.6,63.3,64.9,66.6,56.1,53.3,66.5,68.3
082112,茨城県常総市,49.6,52.7,53.8,54.9,55.1,56.5,57.6,59.2,60.9
082121,茨城県常陸太田市,49.9,51.3,52.6,56.4,73.8,59.3,60.5,61.8,63
082147,茨城県高萩市,54.6,55.7,57.2,58.4,60.2,61.9,63.5,65.2,60.7
082155,茨城県北茨城市,58.4,58.6,60.3,62.1,63.8,65.5,67.3,69,70.6
082163,茨城県笠間市,,53.6,55.3,57,57.9,59.7,60.7,59.8,59.5
082171,茨城県取手市,45,46.7,48.4,50.2,51.9,53.6,55.4,56.4,57.7
082198,茨城県牛久市,50.7,52.4,53.8,55.5,57.2,58.9,60.5,62.2,63.6
082201,茨城県つくば市,58.6,60.2,61.8,62.8,64,64.8,65.5,66.6,68
082210,茨城県ひたちなか市,,49.4,50.8,52.1,53,53.8,54.5,56.2,58.1
082228,茨城県鹿嶋市,38.6,40.5,42.4,44.3,46,47.7,49.4,50.5,52.3
082236,茨城県潮来市,,88.8,89.2,90.2,85.6,84.7,85.2,85.7,86.2
082244,茨城県守谷市,68.4,67,54.2,51.5,21,17,19.1,19,16.2
082252,茨城県常陸大宮市,50.4,50.8,51.6,52.6,53.1,54.7,56.3,57.9,59.5
082261,茨城県那珂市,54.8,56.7,58.7,60.7,62.7,64.2,65.6,66.4,68.4
082279,茨城県筑西市,,62,65.4,67.1,68.8,70.4,70.4,72.8,73
082287,茨城県坂東市,,61.2,62.4,62.4,46,63,46,47.4,48.7
082295,茨城県稲敷市,,53,54.8,56.7,58.5,60.2,61.1,62.7,64.1
082309,茨城県かすみがうら市,,39.5,43.2,45.1,46.9,48.7,50.5,48.6,53.6
082317,茨城県桜川市,44.8,46.4,47.9,49.6,51.2,52.9,54.3,55.9,57.5
082325,茨城県神栖市,59.2,60.7,62.2,63.7,65.2,66.6,68,69.4,70.8
082333,茨城県行方市,36.3,37.6,39.4,41.3,43.1,45,46.8,48.7,49
082341,茨城県鉾田市,55.3,56.6,58.3,59.1,55.1,56.1,57,58,59.7
082350,茨城県つくばみらい市,,15.4,13.6,15,16.5,17.9,19.4,20.9,22.3
082368,茨城県小美玉市,,,,,,,,,
083020,茨城県茨城町,38.5,40.1,41.6,43.3,45,46.7,48.3,49.8,51.4
083097,茨城県大洗町,71.1,72.4,73.6,74.8,76.1,77.3,78.5,79.7,81
083101,茨城県城里町,48,49.7,51,48.1,49.8,51.4,53.1,54.2,55.7
083411,茨城県東海村,72.3,73.7,75,76.3,77.3,78.6,79.9,81.2,75
083640,茨城県大子町,,36.5,38,39.4,40.9,42.4,42.9,30.5,32
084425,茨城県美浦村,,45.7,42,40.8,42.6,36.5,35.2,34.5,34.9
084433,茨城県阿見町,53.3,48.9,43.5,41.4,43.3,45.3,47.3,49.2,51.1
084476,茨城県河内町,59.7,61.9,63.7,65.4,67.1,68.8,70.4,72.1,73.8
085219,茨城県八千代町,55.7,57.3,59,60.7,59.2,60.9,62.2,63.9,65.4
085421,茨城県五霞町,,,68.5,,,72.6,74,76.7,75.4
085464,茨城県境町,57.2,62.8,64.5,66.1,67.7,69.3,70.9,72,73.6
085642,茨城県利根町,57.2,49.3,56.1,57.7,59.2,60.7,60.6,62.3,64.1
092011,栃木県宇都宮市,,37.1,38.8,40.7,42.4,44.3,46.2,48,49.9
092029,栃木県足利市,,63.7,65.5,67.3,68.9,70.5,72.2,73.3,74.2
092037,栃木県栃木市,,62.7,64,65.2,66.6,67.9,66.7,68.2,68.1
092045,栃木県佐野市,,48,47.6,49.2,50.8,52.4,53.8,55.3,56.7
092053,栃木県鹿沼市,60.2,62,63.4,64.8,65.5,67.2,68.6,70.3,71.6
092061,栃木県日光市,,,,,,,,,
092088,栃木県小山市,,64.3,66.1,68.3,69.7,71.4,70.7,72.5,74.3
092096,栃木県真岡市,60.8,59.6,60.8,63.3,63.3,64.3,65.5,66.5,67.3
092100,栃木県大田原市,,40.8,41.8,43.3,44.9,46.1,49.4,50.8,52.4
092118,栃木県矢板市,53,51.7,46.6,55.1,56.7,58.4,60,61.6,63.3
092134,栃木県那須塩原市,,51.1,52.6,52.6,54.1,55.8,57.4,59.1,60.7
092142,栃木県さくら市,68.8,64.6,63.8,65,66.2,67.5,68.8,70.1,71.4
092151,栃木県那須烏山市,,,,51.1,52.7,54.4,55.9,57.6,59.9
092169,栃木県下野市,,66.9,68.6,70.3,71.9,73.7,75.5,77.3,78
093017,栃木県上三川町,,,,34.3,36,38.1,39.8,41.5,42.4
093424,栃木県益子町,60.2,,58.4,59.6,65.8,67.3,61.2,62.7,67.5
093432,栃木県茂木町,57.2,60.1,61.8,65.5,67,68.4,69.7,68.4,69.9
093441,栃木県市貝町,,,29.4,41.7,44.9,46.6,48.3,50,51.7
093459,栃木県芳賀町,,,,97.4,97.9,96.8,97.1,97.4,97.6
093611,栃木県壬生町,85.8,86,85.6,86.1,86.2,7.3,86.3,86.7,87.1
093645,栃木県野木町,80.5,82,83.2,84.3,85.2,86.2,87,87.9,88.7
093840,栃木県塩谷町,,,,63.2,64.2,65.2,66.2,65.1,61.1
093866,栃木県高根沢町,,,73.7,75.6,77.5,79.4,78.8,80.3,82.1
094072,栃木県那須町,50.6,,53.5,55.1,56.6,58.1,59.7,61.3,62.7
094111,栃木県那珂川町,38.4,40.1,41.8,40.4,37.6,37.4,37.8,38.2,39.9
102016,群馬県前橋市,,55.4,57,58.5,60.1,61.7,63.2,64.8,66.3
102024,群馬県高崎市,59.1,60.2,61.8,61.7,59,59.8,59.6,60.6,61.8
102032,群馬県桐生市,42.8,46.3,,,,,,,5
102041,群馬県伊勢崎市,,53,48.1,49.6,43.5,42,43.6,41.4,40.7
102059,群馬県太田市,15.4,18.5,60.7,62.3,63.8,65.4,66.7,67.7,69.3
102067,群馬県沼田市,51.5,53,54.5,56,57.4,57.5,58.9,60.3,61.8
102075,群馬県館林市,,42.3,44,45.5,47.2,48.9,50.6,52.3,54
102083,群馬県渋川市,58.7,60.2,61.9,62.7,64.2,65.4,66.8,67.9,68.6
102091,群馬県藤岡市,,58.5,59.6,60.8,61.8,63.8,65,66.3,66.9
102105,群馬県富岡市,50.9,,67.1,68.3,69.8,71.3,72.3,73.9,75.2
102113,群馬県安中市,45.2,56.3,58.4,60.1,61.7,63.2,64.6,65.8,67.2
102121,群馬県みどり市,55.7,57.6,55.8,52.2,52.2,55.8,,59.4,61.2
103446,群馬県榛東村,,,,,,,,,
103454,群馬県吉岡町,64.2,65.5,63.2,60.4,,57,54.9,56.3,54.7
103667,群馬県上野村,68,68.6,,,46,45.7,,,
103675,群馬県神流町,,68.7,70,71.2,71.9,72.8,73.5,70.9,72.2
103829,群馬県下仁田町,52.3,46.8,47.9,49.4,50.9,52.3,52.1,55.1,55.8
103837,群馬県南牧村,41.7,43,43.5,46.6,48.3,49.9,51.6,53.3,54.9
103845,群馬県甘楽町,53.6,1.9,3.6,4,5.8,7.5,9.2,11,12.7
104213,群馬県中之条町,39.1,,,,43.1,44.7,46.3,48,49.7
104248,群馬県長野原町,,52.3,,,,57.5,58.5,60,61.2
104256,群馬県嬬恋村,47.3,49.1,51,52.9,54.6,51.7,53,,
104264,群馬県草津町,,1.2,5.1,3.2,5,6.8,7.9,8.5,10.2
104281,群馬県高山村,,,,,,62,57.6,,
104299,群馬県東吾妻町,23.4,25.1,26.7,28.2,29.6,29.6,,,
104434,群馬県片品村,,51.7,53.2,52.9,56.2,57.6,60,56.2,59
104442,群馬県川場村,,,45.9,47.6,44,43.4,45,46.5,46.5
104485,群馬県昭和村,40.9,43.1,44.3,46,49.3,50.4,51.9,53.6,55.3
104493,群馬県みなかみ町,44.9,46.9,48.6,51.2,52.5,54.6,56.5,58.5,60.5
104647,群馬県玉村町,54.1,61.1,62.6,64.1,65.7,67.2,68,69.5,70.4
105210,群馬県板倉町,49.3,50.6,52.1,53.5,54.9,56.4,58.1,59.6,61.3
105228,群馬県明和町,59.6,61.3,,,,49.8,,,
105236,群馬県千代田町,52.4,54.1,51.3,52.5,54.2,56,57.8,59.5,
105244,群馬県大泉町,49.5,49.7,50.3,50.5,50.4,51.4,52.9,54.5,56.1
105252,群馬県邑楽町,60,61.3,62.5,63.8,65,64.5,65.4,66,
111007,埼玉県さいたま市,59.5,60.6,61.8,62.8,62.7,64.2,65.1,66.6,67.4
112011,埼玉県川越市,54.5,25.3,20,21.1,23.8,22.1,18.7,21.5,24.4
112020,埼玉県熊谷市,,50.8,51.5,52.2,53.6,54.6,56.6,57.3,56.9
112038,埼玉県川口市,54.4,55.7,57.2,58.8,59.8,61,61.9,63.4,63.9
112062,埼玉県行田市,,65.4,66.8,68.2,69.1,70.3,71.6,72.8,74
112071,埼玉県秩父市,59,56.6,58.7,58.3,58.6,59.9,59.9,61.4,62.9
112089,埼玉県所沢市,80.1,80.9,81.5,82,79.7,78.4,76.4,77.2,75
112097,埼玉県飯能市,68.3,65.2,66,61.7,62.9,64.2,56.8,56.1,55.1
112101,埼玉県加須市,58.8,60.2,63.4,63.4,65,66.5,66.5,69.5,71
112119,埼玉県本庄市,,39.6,41.3,43,44.7,46.4,48.1,49.7,51.4
112127,埼玉県東松山市,71.7,73.5,74.8,76.6,78.3,80,81.1,81.5,80.8
112143,埼玉県春日部市,65.7,67.3,69,70.5,69.6,70.8,71.7,72.8,73.4
112151,埼玉県狭山市,,43.3,44.6,46.3,48.5,50.7,52.8,54.6,56.7
112160,埼玉県羽生市,55.5,56.6,57.5,58.6,60.1,61.5,63.5,65,66.6
112178,埼玉県鴻巣市,75.1,76.1,76.7,76,74.4,72.3,72.2,73.6,72.5
112186,埼玉県深谷市,70,71.9,72.1,72.4,69.4,69.2,70.3,72.1,69.5
112194,埼玉県上尾市,,70.2,66.7,68.1,69.4,69.5,70.5,71.9,73.3
112216,埼玉県草加市,51.1,52.7,53.7,55.5,56,57.7,57.7,58,59.6
112224,埼玉県越谷市,29.5,34.1,35.1,35.5,35.8,37.5,39.8,41.1,40.7
112232,埼玉県蕨市,92.6,93.1,93.7,94.2,94.5,91.3,91.6,91.9,92.2
112241,埼玉県戸田市,53.8,55.3,56.9,58.5,60.1,61.3,62.8,64.3,65.9
112259,埼玉県入間市,51.5,54.6,56.3,56.3,58,59.7,61.4,63.1,64.6
112275,埼玉県朝霞市,75.4,74.9,76.6,77.2,77.2,75.4,77,77.2,77.2
112283,埼玉県志木市,22.2,23.9,15.9,18.8,20.5,20.9,22.1,23.9,25.7
112291,埼玉県和光市,49.4,51,52.8,54.5,56.3,46.1,44.5,46.2,48
112305,埼玉県新座市,,0,1.5,1.1,4.6,3.4,4.8,6.9,9.1
112313,埼玉県桶川市,57.2,58.9,58.9,62.2,59.7,45.4,47.2,49.3,51.3
112321,埼玉県久喜市,,61.3,62.3,63.7,64.9,65.9,66.9,68.3,69.5
112330,埼玉県北本市,45.6,47.3,49,50.7,52.4,54.1,55.8,57.5,59.2
112348,埼玉県八潮市,,52.8,52.6,53.1,54.5,55,55.7,57.2,58.6
112356,埼玉県富士見市,,58,59.2,60,62.8,64.4,66,67.6,69.2
112372,埼玉県三郷市,,39.4,41,42.2,43.5,44.9,45.1,45.6,45.1
112381,埼玉県蓮田市,,52.8,54.5,56.2,56.2,59.6,61.3,63,64.7
112399,埼玉県坂戸市,41.5,43.2,44.9,46.3,47.4,49.1,46.1,47.8,49.5
112402,埼玉県幸手市,44.1,45.2,45.7,49,50.6,37.4,37.4,39,40.7
112411,埼玉県鶴ケ島市,38.5,51.1,51.2,53,51.8,53.9,55.7,57.5,
112429,埼玉県日高市,,59.4,59.3,60.9,62,63.3,62.6,59.1,56.5
112437,埼玉県吉川市,42.8,44.5,46.1,47.3,49,50.6,52.4,54.1,55.9
112453,埼玉県ふじみ野市,,69.7,70.7,71.8,57.9,59.1,60.4,61.6,62.8
112461,埼玉県白岡市,1.4,6.2,7.8,9,9.2,10.6,8.6,9,9.9
113018,埼玉県伊奈町,58.8,60.8,62.8,55.4,57.3,59.3,61.2,63.2,65.1
113247,埼玉県三芳町,,,65,66.7,68.4,70.1,71.8,59.8,61.7
113263,埼玉県毛呂山町,,57.2,58.9,60.6,62.2,63,64.4,65.7,67
113271,埼玉県越生町,,63,64.7,66,67.4,68.9,70.2,70.4,71.7
113417,埼玉県滑川町,,49.4,51.1,52.8,54.5,56.2,57.8,59.4,61.1
113425,埼玉県嵐山町,,,,,,,,,
113433,埼玉県小川町,55.6,55.9,56.2,55.8,56.3,56.5,56.9,57.9,59.1
113468,埼玉県川島町,38.4,40.1,41.7,42.7,44,45.4,46.3,47.1,48.9
113476,埼玉県吉見町,45,46.7,48.4,50.1,51.8,53.5,55.2,56.9,58.4
113484,埼玉県鳩山町,,47.7,48.8,49.8,50.5,52.3,53.8,53.8,57
113492,埼玉県ときがわ町,69.3,69.9,70.4,70.5,71.6,72.5,73.6,74.1,73.9
113611,埼玉県横瀬町,60.3,52.8,53.6,54.8,55.6,56,57.3,58.9,60
113620,埼玉県皆野町,,,52.8,54.6,56.4,58.2,59.9,61.6,63.4
113638,埼玉県長瀞町,,69.7,71.5,73.2,72.8,73.4,74.2,75,76
113654,埼玉県小鹿野町,67,67.9,68,68.4,68.9,68.6,70,72.8,71.2
113697,埼玉県東秩父村,55.8,57.2,57.6,58.5,61.3,35,62.3,63.4,64.6
113816,埼玉県美里町,,42.2,43.9,45.6,47.3,49,50.7,52.4,54.1
113832,埼玉県神川町,81.5,82.2,82.8,83.3,83.9,81.9,82.5,83.1,83.7
113859,埼玉県上里町,45.6,46.5,48.3,50,51.8,52.6,53.5,55.1,56.8
114081,埼玉県寄居町,73,74.6,83.8,77.7,77,74.4,76.6,78.1,79.6
114421,埼玉県宮代町,37,40.2,39.8,41.6,43,44.1,45.8,47,48.2
114642,埼玉県杉戸町,,51,52.7,54.3,56,56.4,57.7,59.4,60.6
114651,埼玉県松伏町,82.5,84.1,85.2,85.8,86.3,86.9,87.6,88.2,88.7
121002,千葉県千葉市,,67.7,68.6,70,70.7,64.9,72.8,74.3,76.5
122025,千葉県銚子市,39.3,40.8,40.8,42.4,43.9,45.4,42.4,43.9,45.3
122033,千葉県市川市,,,78.4,80.5,82.5,84.6,86.5,87.4,87.2
122041,千葉県船橋市,58.7,52.3,51.6,53.3,55,56.7,58.3,60,61.7
122050,千葉県館山市,43.6,45.1,46.4,47.3,49.8,49.3,50.9,52.7,53.4
122068,千葉県木更津市,,73.8,75,76.2,77.4,78.6,79.3,80.2,80.3
122076,千葉県松戸市,,60,61.7,62.8,63.9,65.2,66.8,68,69.7
122084,千葉県野田市,,,,,,,,,
122106,千葉県茂原市,57.1,58,50.8,51.8,53.1,54.1,55.1,56,57.5
122114,千葉県成田市,,68.8,70.3,71.7,73.2,74.7,76.2,77.6,79.1
122122,千葉県佐倉市,,60.4,60.6,61.9,63.3,64.4,65.8,67.1,68.5
122131,千葉県東金市,,,,,,,,,
122157,千葉県旭市,55,56.4,58.1,59.7,61.4,63.1,64.8,66.6,68.1
122165,千葉県習志野市,,44.1,46,47.9,49.8,50.6,52.5,48.5,50.4
122173,千葉県柏市,,56.3,58,59.6,61.4,63.1,64.7,66.4,65.8
122181,千葉県勝浦市,64.3,,,71.3,,,,75.6,76.8
122190,千葉県市原市,,55.2,56.5,58.2,59.7,60.8,62.2,63.8,
122203,千葉県流山市,,15.2,16.9,18.6,20.3,22,31.1,25.4,27.1
122211,千葉県八千代市,,,,,,51.7,53.5,59.5,55.5
122220,千葉県我孫子市,,59.1,59.9,61.3,62.7,64.1,65.5,66.9,68.3
122238,千葉県鴨川市,64.2,63.7,62.2,63.2,64.8,67.2,67.6,68.4,69.3
122246,千葉県鎌ケ谷市,,51.2,52.8,54.3,55.8,57.3,58.9,60.4,61.9
122254,千葉県君津市,62.2,63.7,64.5,66,67.5,68.8,70,71.3,72.5
122262,千葉県富津市,59.8,61.3,62.1,63.7,65.2,66.8,68.3,69.8,71.3
122271,千葉県浦安市,,54.4,55.9,57.9,59.6,61.4,64.4,66.3,68
122289,千葉県四街道市,,58.6,60.4,56.2,57.5,48.7,50.5,52.4,57.4
122297,千葉県袖ケ浦市,71.4,72.5,75.8,74,75.8,74.5,74.4,74.5,75.6
122301,千葉県八街市,57.1,59,60.8,62,63.7,65.4,67.1,69.2,70.9
122319,千葉県印西市,57.6,58.3,60.8,63.3,65.5,67.9,70.4,71,73.3
122327,千葉県白井市,,58,58.5,59.7,59.9,61.1,63.2,64.9,67.3
122335,千葉県富里市,64.2,65.9,67.6,67.3,69,70.6,72.2,73.7,75.2
122343,千葉県南房総市,47.8,49.3,50.8,52.3,53.7,55.1,56.6,58,59.4
122351,千葉県匝瑳市,,77.7,79.2,80.4,81.7,83,83.3,84.4,86.1
122360,千葉県香取市,58.6,59.6,61.4,62.7,64.4,65.3,63.1,63.7,64.9
122378,千葉県山武市,,57.5,59,60.5,61.2,65.1,66.7,68.2,65.2
122386,千葉県いすみ市,57.5,59.4,61.2,63.1,64.6,65.7,66.9,67.9,68.9
122394,千葉県大網白里市,14.9,16.5,17.5,19.2,21.2,23.3,23.3,26.8,28.8
123226,千葉県酒々井町,,0,0.4,1.7,3.4,3.8,5,6.7,5
123293,千葉県栄町,,69.7,71.7,73.2,73.9,75.6,77.6,78.5,79.5
123421,千葉県神崎町,54.4,56.1,56.1,57.6,59.2,54.1,55.7,57.7,63.9
123471,千葉県多古町,,31.9,33.9,35.9,37.9,39.9,41.9,43.9,45.9
123498,千葉県東庄町,71.9,72.7,70.8,70.2,75.2,70.3,71.2,71.5,70.3
124036,千葉県九十九里町,47.1,48.8,50.6,52.4,54.1,50.8,55.8,56,57.5
124095,千葉県芝山町,64.7,83.1,84,84.8,85.7,86.6,85.7,88.7,88.2
124109,千葉県横芝光町,23.9,25.6,27.4,29.1,30.7,32.3,33.7,35.4,36.8
124214,千葉県一宮町,100,61.1,100,96.4,100,100,54.7,100,100
124222,千葉県睦沢町,41.3,42.1,43.8,45.5,47.2,48.8,50.5,52.2,53.9
124231,千葉県長生村,61.5,64,65.4,66.5,67.9,68.7,70.3,71.3,72.1
124249,千葉県白子町,,53.6,54.3,56,57,58.5,59.4,61.1,61.4
124265,千葉県長柄町,62.4,61.3,63.3,64.4,66.5,68.4,70.1,71.6,73.1
124273,千葉県長南町,,59.9,59.9,58.5,59.9,57.4,57.8,59.2,60.6
124419,千葉県大多喜町,71.5,72.7,73.8,74.7,75.8,77.1,78.2,78.2,
124435,千葉県御宿町,37.6,39.1,40.6,42,43.6,44.8,45.7,47,48.3
124630,千葉県鋸南町,64.4,64.2,65.7,65.9,66.1,65.5,67,68.2,69.5
131016,東京都千代田区,,67.6,68.7,30,31.4,32.8,31.9,33.4,34.8
131024,東京都中央区,,,35.3,37.3,37,26.9,29,31,29.4
131032,東京都港区,,48,49.6,51.2,52.8,54.3,43.2,39.2,40.4
131041,東京都新宿区,57.1,54.3,54.4,54,54.6,55.4,56.7,58,57
131059,東京都文京区,,55,56.3,40,41.6,42.7,43.6,45.1,42.2
131067,東京都台東区,,,,60.5,62.9,65.2,67.5,69.5,71.7
131075,東京都墨田区,74.9,76,77.1,78.3,76.4,77.6,78.6,79.5,78.8
131083,東京都江東区,55.7,57.6,59.9,61,62.7,64.3,65.4,66.8,68.2
131105,東京都目黒区,,62.8,64.2,63.9,65.2,66.6,64.8,66.1,67.1
131113,東京都大田区,25,24.3,28.7,30.3,31.2,32.5,34.6,35,36.6
131121,東京都世田谷区,,,40.4,38.3,39.9,41.6,40.2,45.1,45.1
131130,東京都渋谷区,,57.6,59.1,60.7,60.2,61.9,63.4,64.9,66.3
131148,東京都中野区,40.9,43.2,44,43.8,45.2,46.6,47.9,49.3,46.9
131156,東京都杉並区,52.2,49.5,49.4,50.2,50.6,51.4,52.6,52,52.1
131164,東京都豊島区,,,52.6,54.2,55.8,57.4,59,59.8,61.4
131172,東京都北区,,71.2,70.4,71.7,73,74.3,75.6,76.9,78
131181,東京都荒川区,,,,,,,,,
131199,東京都板橋区,46.4,47.7,55.9,52.8,54.4,56,56.6,58.4,60
131202,東京都練馬区,39.5,40.2,44.5,46.1,47.7,49.5,48.4,49.6,51.2
131211,東京都足立区,30.1,30.3,31.9,33.4,35.5,35.8,36.8,37.8,47.7
131229,東京都葛飾区,28.1,56,55.7,57.4,59,60.6,62.2,63.9,65.5
131237,東京都江戸川区,30.4,32.3,33.9,34.8,36.5,38.1,40,41.9,39.2
132012,東京都八王子市,,37.4,37.5,38.5,36.7,37.8,38.8,40.2,40.8
132021,東京都立川市,,42.1,44.2,45.5,52.3,49.6,51.6,53.6,55.6
132039,東京都武蔵野市,43.5,41.4,42.2,43.3,44.3,45.3,46.1,45.9,39.5
132047,東京都三鷹市,,49.8,49.9,49.4,49.4,50.1,48.6,47.8,49.7
132055,東京都青梅市,,52.2,54.1,55.9,57.7,59.5,61.3,63.1,64.9
132063,東京都府中市,,59.7,61.4,63.1,62.7,57.7,50,50.9,52.6
132071,東京都昭島市,89.3,89.9,90.5,91.1,91.7,92.2,92.8,93.4,93.9
132080,東京都調布市,,61.3,61.5,55.1,53.4,55.2,55.6,56.4,58.1
132098,東京都町田市,34.8,38.7,39,40.6,42.1,43.7,47,46.2,47.8
132101,東京都小金井市,,59,60.2,58.3,55.4,52.8,54,55.8,48.8
132110,東京都小平市,,38.7,35.8,37.5,39.2,40.9,42.5,44.2,45.9
132128,東京都日野市,52.7,53.8,55.4,53.6,53.6,55.5,57.4,59.4,61.3
132136,東京都東村山市,,,61,63.5,68.1,70.2,71,72.7,74.9
132144,東京都国分寺市,,,,,,,,,
132152,東京都国立市,,,,,,,,,
132187,東京都福生市,81.9,77.8,72.8,74.1,74,72.3,73.2,74.1,70.5
132195,東京都狛江市,,46.1,47.8,49,50.7,44.6,46.3,48.4,50.1
132209,東京都東大和市,35.7,37.4,38.9,40.4,41.8,43.4,44.9,46.3,48
132217,東京都清瀬市,57.7,52.9,49.1,52.6,46.3,46,49.2,45.1,48.1
132225,東京都東久留米市,66.1,66.6,68,54.4,54,58.3,59.5,61.6,63.7
132233,東京都武蔵村山市,,52.3,54.3,56.3,58.3,59.5,52.8,54.7,56.5
132241,東京都多摩市,,,4,6,75.9,71.3,71.7,73.7,74
132250,東京都稲城市,38.8,40.4,42.2,43.9,45.6,47.3,49,50.7,52.4
132276,東京都羽村市,,33.9,33.3,35,36.7,38.4,40.1,41.8,43.5
132284,東京都あきる野市,68.1,68.1,71,71.6,71.3,72.2,73.3,73.2,76
132292,東京都西東京市,,33.3,33.4,34.7,33.5,32.9,34.6,34.8,34.9
133035,東京都瑞穂町,32.1,,,,,,,,
133051,東京都日の出町,,54.7,57.3,58.8,57.8,59.1,60.3,61.6,62.3
133078,東京都檜原村,,,,,,57.4,68.9,70.2,72.1
133086,東京都奥多摩町,87.1,84.6,92.5,92.5,93,93.5,93.8,93.8,94.9
133612,東京都大島町,,89.9,90.9,,,89.8,90.2,90.4,90.7
133621,東京都利島村,,,,,,,,,
133639,東京都新島村,,,42.5,39.4,42.4,44.1,44.1,27.7,29.7
133647,東京都神津島村,,40.6,41.3,42.8,44.3,45.9,47.4,48.9,50.4
133817,東京都三宅村,,,,,47.6,49.5,51.4,53.4,55.3
133825,東京都御蔵島村,,,,,,,,,
134015,東京都八丈町,,,2,4,6,8,10,8.1,6.4
134210,東京都小笠原村,,,,,,,,,
141003,神奈川県横浜市,,39.9,41,43.5,45.2,46.5,48,49,50.5
141305,神奈川県川崎市,61,60.9,61.3,61.9,62,62.2,62.3,62.4,63.2
141500,神奈川県相模原市,48.6,50.1,51.8,53.5,55.1,56.6,57.8,59.5,61.2
142018,神奈川県横須賀市,,57.9,59.1,60.3,61.5,62.6,60.8,61.9,62
142034,神奈川県平塚市,,46.2,47.5,48.8,50.1,50.9,51.7,53.2,54
142042,神奈川県鎌倉市,66.3,70.5,71.9,73.4,71.9,73.4,74.8,76.2,77.5
142051,神奈川県藤沢市,54.4,55.6,57,58.5,59.6,60.9,61.5,63.2,64.3
142069,神奈川県小田原市,40.4,53.5,54.9,56.2,57.4,58.1,59.9,60.6,62.9
142077,神奈川県茅ヶ崎市,46.9,49,50.8,52.8,54.9,57,58.9,60.9,63
142085,神奈川県逗子市,44.7,44.8,41.9,43,45.1,47.2,47.6,49.2,51.3
142107,神奈川県三浦市,60.3,63.6,65.2,66.8,56.4,55.9,50.6,53.3,55
142115,神奈川県秦野市,34.3,,,,52.9,54.7,54.8,52.3,52.7
142123,神奈川県厚木市,43.7,45.3,46.7,48.3,50,51.5,52.9,54.6,56.1
142131,神奈川県大和市,,,,,70.1,71.2,72.9,74.5,76.1
142140,神奈川県伊勢原市,56.3,57.4,59,60.4,61.5,63,64,65.5,67
142158,神奈川県海老名市,45.7,35.6,37.6,40.1,42.1,44.1,45.9,45.9,46.2
142166,神奈川県座間市,,45.2,46.8,47.9,49.5,51.2,52.9,54.6,56.2
142174,神奈川県南足柄市,,,40.9,40,38.7,36,36.5,48.9,38.3
142182,神奈川県綾瀬市,57.5,59.2,60.9,62.6,64.3,62.9,67.6,69.2,70.8
143014,神奈川県葉山町,,,,,,,,,
143219,神奈川県寒川町,56.2,60.3,61.6,53.2,55.5,57.7,59.6,61.3,63
143413,神奈川県大磯町,,,,,,,,,
143421,神奈川県二宮町,66.3,70,69,70.3,68.5,70.2,71.8,70.7,71.9
143618,神奈川県中井町,,,,0,9.9,14.6,16.6,18.7,20.8
143626,神奈川県大井町,,24.8,26.5,28.2,29.9,31.6,33.3,35,36.7
143634,神奈川県松田町,,60.4,62.3,60,59.8,65.5,67.4,59.4,63.3
143642,神奈川県山北町,45.1,45.9,49.8,51.3,53,54.6,56.3,58,59.6
143669,神奈川県開成町,50.8,52.6,56.2,57.9,59.6,61.3,63,64.7,66.4
143821,神奈川県箱根町,79.5,80,81.2,82.3,83.4,84.4,85.4,86.4,87.4
143839,神奈川県真鶴町,83.5,78.3,75.8,80.1,72.4,73.7,75.1,76.3,77.5
143847,神奈川県湯河原町,,68.2,69.7,71.5,73.1,74.7,76.4,78,79.5
144011,神奈川県愛川町,39.2,40.8,45.6,47.2,48.8,50.1,51.2,52.9,54.5
144029,神奈川県清川村,,35.7,39.9,41.4,42.6,44.3,46,47.7,49.3
151009,新潟県新潟市,54.1,55.4,56.5,58.1,59.1,59.5,61.1,62.4,64
152021,新潟県長岡市,45.4,46.5,47.4,48,47.7,48.8,48.4,51.2,50.1
152048,新潟県三条市,,,,,,44.5,45.5,46.9,48.6
152056,新潟県柏崎市,25.4,26.4,28.2,30,31.8,34.5,35,36.8,38.7
152064,新潟県新発田市,,55.8,57.2,58.6,60.1,61.4,62.8,64,65.5
152081,新潟県小千谷市,48.8,50.3,52,53.6,55.3,56.7,58.4,60.1,61.7
152099,新潟県加茂市,,,,,,87.1,87.6,88.4,89.1
152102,新潟県十日町市,,45.6,47.2,48.6,50.3,51.5,52.8,53.7,55.4
152111,新潟県見附市,,,,,62.6,64.3,65,66.6,67.9
152129,新潟県村上市,,0,0,0,0,0.7,2.3,1.3,2.5
152137,新潟県燕市,,,71.5,72.4,73.4,74.4,75.4,76.5,77.5
152161,新潟県糸魚川市,,42.2,43.8,44.8,45.9,45.5,45.6,45.9,45.5
152170,新潟県妙高市,48.3,,,,,56.8,57.1,58.8,58.9
152188,新潟県五泉市,,57.8,59.2,58.8,60,61.1,62.3,63.3,64.6
152226,新潟県上越市,48,49.8,51.2,53,54.8,56.5,57,58.8,60.6
152234,新潟県阿賀野市,52.1,53.8,55.5,56.5,58.2,59.8,61.5,63.2,63.5
152242,新潟県佐渡市,,41.9,41.9,43.6,46.5,48,49.1,,
152251,新潟県魚沼市,0,4,4.8,5.1,6.5,7.5,9.2,10.5,12.2
152269,新潟県南魚沼市,55.5,57.6,59.5,62.6,65.6,66.5,68.8,70.8,72.7
152277,新潟県胎内市,,42,54.4,52.2,53.8,55.5,57.1,58.8,60.4
153079,新潟県聖籠町,48.7,50.4,52,53.7,55.2,56.8,58.4,58.9,60.5
153427,新潟県弥彦村,58.9,60.6,62.3,64,65.7,66.7,68.2,69.8,70.5
153613,新潟県田上町,35.4,37.2,38.9,40.7,42.4,44.2,45.8,47.6,49.4
153851,新潟県阿賀町,44.8,48,49.6,49,52.3,54.2,55.8,56.2,56.2
154059,新潟県出雲崎町,62,66.6,67.6,69.4,71.1,72.8,74.5,76.1,77.6
154610,新潟県湯沢町,,58.8,59.8,61.6,61.5,61.9,63.5,65.1,66.6
154822,新潟県津南町,32.8,34.5,34.4,33.6,37,38.2,38.2,40.9,42.5
155047,新潟県刈羽村,,,,,,,,,
155811,新潟県関川村,,65.1,66.8,68.5,70.1,70,70.9,68.9,68.8
155861,新潟県粟島浦村,,,,,,,,,
162019,富山県富山市,,66.1,67.6,69.2,67.8,70.7,71.8,73,73.1
162027,富山県高岡市,49.3,50.9,52.4,53.9,55.4,54.4,56.8,58.8,61.2
162043,富山県魚津市,66.3,67.5,68.9,70.3,71.7,72.1,73.2,74.4,75.8
162051,富山県氷見市,,44.3,46.2,,,,54.1,56,58
162060,富山県滑川市,48.9,49.8,51.2,52.9,54,55.2,56.8,58.6,60
162078,富山県黒部市,,51,52.5,54.5,56,56.5,58.1,60.1,61.7
162086,富山県砺波市,61.9,80.3,82,66.9,68.5,69.1,69.7,70.5,72.1
162094,富山県小矢部市,,56.5,58.2,59.8,61.4,62.9,64.5,66.1,67.7
162108,富山県南砺市,54.8,55.6,56.5,57.9,59.2,60.6,61.8,63,64.3
162116,富山県射水市,,58.1,59.8,61.4,62.7,63.8,66.1,67.7,68.8
163210,富山県舟橋村,66.8,68.4,,,,73.5,,74.5,75.6
163228,富山県上市町,12.3,14,15.7,17.4,19.1,20.8,22.5,23.5,
163236,富山県立山町,53.7,55.4,57.1,58.9,60.6,62.3,64,65.8,67.5
163422,富山県入善町,58.8,60.5,60.9,63.9,65.6,63.3,63.4,62.1,63.8
163431,富山県朝日町,51.5,53,54.5,57.7,59.2,60.6,62.2,63.8,65.5
172014,石川県金沢市,,,,60.3,60.6,61.8,62.8,63.8,64.6
172022,石川県七尾市,,53.7,,57.1,58.2,59.7,61.1,62.6,64.1
172031,石川県小松市,,53,54.6,56.3,57.9,59.2,60.8,62.4,63.9
172049,石川県輪島市,,49.5,,,,,,55.1,56.3
172057,石川県珠洲市,42.4,44,45.7,46.8,48.4,50,50.8,52.2,53.8
172065,石川県加賀市,,51.7,53.1,54,55.9,57.5,58.5,59.9,61.5
172073,石川県羽咋市,85.9,86.5,81.6,81.7,81.7,82.4,83.2,82.8,83.7
172090,石川県かほく市,68.6,70.2,71.7,73,74.4,75.7,77,78.2,78.8
172103,石川県白山市,,55.5,57,58.7,60.1,61.6,63,64.5,66
172111,石川県能美市,45.9,47.5,49.1,50.8,51.9,53.5,55.2,56.8,58.5
172120,石川県野々市市,,51.5,52.8,54.3,55.8,57.2,56,57.3,58.8
173240,石川県川北町,,46.5,45.8,47.5,49.1,50.6,51.5,53.2,54.9
173614,石川県津幡町,64.2,60.6,61.3,61.8,61.9,64.8,66.2,63.5,64.5
173657,石川県内灘町,,90,87.8,88.6,89.1,89.9,90.7,89.9,90.8
173843,石川県志賀町,67.3,68.6,69.8,71,71.5,72.4,73.4,73.8,74.1
173860,石川県宝達志水町,,62.2,63.8,65.4,67.1,68.7,70.3,71.8,47.1
174076,石川県中能登町,,45.5,48.9,,50.6,52.3,54,55.7,57.4
174611,石川県穴水町,,68.7,70,71.7,72.8,72.9,72.7,70.9,70.9
174637,石川県能登町,,68.2,69,70,70.7,72.1,70.9,72.1,73.1
182010,福井県福井市,,,63.9,66,65.8,67.7,69.4,71.1,73.1
182028,福井県敦賀市,67.6,68.6,69.2,70.3,71.3,72.5,68.5,69,70
182044,福井県小浜市,,24.2,25.7,27.2,28.7,30.1,31.3,32.8,
182052,福井県大野市,,,,,,,,,
182061,福井県勝山市,,64.8,65.7,66.8,67,68.2,69.2,70.2,71.3
182079,福井県鯖江市,,51.9,54.9,54.9,56.3,57.9,58.4,59.9,61.7
182087,福井県あわら市,,71.9,73.3,73.3,69.4,72.1,73.5,73.4,74.8
182095,福井県越前市,60.6,62.1,63.2,64.7,66.4,65.4,69.7,71.4,73
182109,福井県坂井市,,,,,,,,,
183229,福井県永平寺町,44.3,46.2,48,46.8,48.7,48.2,51.4,53.3,55.1
183822,福井県池田町,62.6,63.8,65.1,66.4,67.1,69,69.4,71.2,72.6
184047,福井県南越前町,,50.5,51.8,53,54.3,55.5,49.8,51.2,52.3
184233,福井県越前町,,57,58.3,59.6,60.5,61.5,62.5,61,62.4
184420,福井県美浜町,,,52.4,1.9,0,2.1,4.3,6.9,8.8
184811,福井県高浜町,48.8,33.5,52.1,53.8,55.3,57,58.6,60.3,60.7
184837,福井県おおい町,,47.9,50,,,,,,56.7
185019,福井県若狭町,,66.3,68.7,68.2,69.2,70.2,71.1,71.6,72.3
192015,山梨県甲府市,54.5,54.7,58.6,58.6,61.6,63.4,65.2,67.1,68.9
192023,山梨県富士吉田市,57.5,51.6,52.9,54.6,56.2,57.9,58.4,60,61.6
192040,山梨県都留市,80.6,79,80.1,81.7,83.7,81.9,82.9,80.6,79.7
192058,山梨県山梨市,58.5,59.7,61.4,63.1,64.8,66.2,66.4,67.7,68.2
192066,山梨県大月市,,48.3,51.5,51.1,52.8,54.4,56,57.7,58.9
192074,山梨県韮崎市,58.4,34.9,32.6,34.5,36.4,37.3,11,12.3,12.7
192082,山梨県南アルプス市,33.2,42.3,42.4,43.6,44.3,43.6,44.9,46.2,47.6
192091,山梨県北杜市,,79.7,79.6,77.9,77.9,77.2,77.8,78.5,79.1
192104,山梨県甲斐市,,68.8,70.5,72.1,73.9,75.5,76.7,77.7,78.4
192112,山梨県笛吹市,54.8,58.4,60.2,62,63.8,63.8,67.2,63.4,64.9
192121,山梨県上野原市,44,45.4,46.9,51.8,49.7,51.3,53.6,55.2,56.8
192139,山梨県甲州市,57,58.5,59.9,60.8,62.2,63.3,63.9,64.6,65.9
192147,山梨県中央市,54.7,55.8,57,58.1,58.4,60,61.2,62.4,63.7
193461,山梨県市川三郷町,66,65.8,66.2,67.2,68.1,69.1,70,71,72.1
193640,山梨県早川町,,66.6,67.9,69.3,70.2,71.5,65.6,65.5,75.2
193658,山梨県身延町,,1.7,3.4,5.1,0.8,1.7,2.7,3.8,4.9
193666,山梨県南部町,,83.2,83.2,83.3,83.8,84.4,84.3,83.8,82.9
193682,山梨県富士川町,56.6,57.9,59.3,60.5,62.5,63.2,64.7,66.2,67.6
193844,山梨県昭和町,,59.7,61.2,61.1,64.3,66,67.7,69.4,71.1
194221,山梨県道志村,63.4,59.5,60.7,60.2,60.1,59.9,60.8,62.1,62
194239,山梨県西桂町,,58.7,76.5,76.4,71.4,70.1,69.6,65.2,66.6
194247,山梨県忍野村,47.1,64.8,66.5,56.6,51.1,53.7,52.7,51,52.6
194255,山梨県山中湖村,47.5,49.3,49.5,49.7,51.3,53,54.6,56.3,57.8
194298,山梨県鳴沢村,,0,,,,,,,
194301,山梨県富士河口湖町,53.1,54.8,56.5,58.2,59.9,61.1,62.6,64.1,65.7
194425,山梨県小菅村,47.9,59.6,59.5,61.5,63.6,64.3,69.9,59.9,68.7
194433,山梨県丹波山村,75.3,,75,74.2,76.1,77.5,78.7,79.9,81
202011,長野県長野市,53.3,54.7,56.4,61,62.8,64.4,66.1,67.7,69
202029,長野県松本市,50.5,51.9,53.1,54.2,55.5,56.8,58.8,60,61.5
202037,長野県上田市,,,45.6,47,47.8,50.2,48.9,50.9,51.3
202045,長野県岡谷市,,49.1,50.7,52,53.9,55.6,57.4,58.4,59
202053,長野県飯田市,,62.9,63.6,64.2,62.4,62,62.4,63.3,63.6
202061,長野県諏訪市,62.3,61.6,62.9,64.4,65.8,67.2,68.5,69.8,71
202070,長野県須坂市,,54.8,54.8,56.4,58,58.9,60.2,61.5,62.4
202088,長野県小諸市,,55.3,56.7,56.6,59,61.8,62.3,63,64.5
202096,長野県伊那市,53.8,55.2,56.6,57.8,59.4,60.2,61.8,63.3,64.8
202100,長野県駒ケ根市,,59.7,61,62.8,64.2,65.4,66.8,68.3,69.8
202118,長野県中野市,,49.6,50.8,52.5,52.7,54.3,56,57.6,59.2
202126,長野県大町市,60.1,59.7,61.2,62.7,64.2,48.5,66.5,64,65.4
202134,長野県飯山市,,58.9,60.5,62.2,63.9,65.5,67.1,68.6,69.4
202142,長野県茅野市,50.6,52,53.3,54.7,56.2,56.9,58.2,59.3,60.4
202151,長野県塩尻市,52.4,53.8,55.2,56.5,57.9,59.3,60.6,62,61.5
202177,長野県佐久市,53.8,53.8,53.5,56.7,58.2,59.8,61.2,62.7,63.5
202185,長野県千曲市,52.5,54.1,55.8,57.5,59.1,60.8,61.9,63.5,64.3
202193,長野県東御市,44.7,45,45.7,47.2,47.1,42.8,44.6,51,52.6
202207,長野県安曇野市,,58.7,59.4,60.4,61.3,62.7,63.3,64.1,64.7
203033,長野県小海町,,68.9,70.7,72.6,72.6,76.5,78.7,80.6,81.4
203041,長野県川上村,,54.2,56.2,58.2,60,61.9,63.8,65.5,66.3
203050,長野県南牧村,50.9,52.6,54.4,56,57.4,58.7,59.9,61.4,62.7
203068,長野県南相木村,53.1,54.8,56.4,57.6,59,60.7,61.4,61.4,64.2
203076,長野県北相木村,43.6,44.7,45.5,47,48.2,48.8,50.2,51.5,52.8
203092,長野県佐久穂町,,54.2,53.4,52.5,52.2,52.5,54.2,55.1,56
203211,長野県軽井沢町,46.5,47.4,46.8,48.3,52.8,52.8,54.5,54.6,56.3
203238,長野県御代田町,48.1,42.1,,,,47.6,49.1,48.9,50.5
203246,長野県立科町,,59,59.3,65.6,68.3,70,71.7,73.3,74.1
203491,長野県青木村,,52.2,53.1,54.5,55.5,57.2,58.6,59.3,63.3
203505,長野県長和町,,56.8,56.9,58.2,59.6,60.6,62.5,64.2,66.6
203611,長野県下諏訪町,47.9,49.2,50.9,52.5,54.1,55.2,55.1,55.1,58.3
203629,長野県富士見町,72.1,73.7,75.2,76.8,78.1,79.6,80.5,81.4,77.7
203637,長野県原村,,55,55.6,57.3,57.1,58.8,60.1,61.7,61.8
203823,長野県辰野町,65.1,66.7,68,69.6,71.2,72.8,74.3,75.7,77
203831,長野県箕輪町,63.8,65.3,63.9,66.6,68.1,69.5,70.9,72.3,73.7
203840,長野県飯島町,48.9,50.6,52.3,53.8,55.5,57.2,58.9,60.5,62.2
203858,長野県南箕輪村,68.1,68.1,67,68.2,69.9,69.7,70.1,70.8,73.4
203866,長野県中川村,52.1,53.6,35.4,55.9,56.9,58.3,59.2,59.5,60.8
203882,長野県宮田村,66.1,67.7,68.9,72.5,72.5,74.1,75.7,77.2,78.8
204021,長野県松川町,58.7,57.9,59,60.8,62.5,64,65,66.7,68.3
204030,長野県高森町,,55.7,57.7,59.6,57.6,59.5,61.1,63,64.8
204048,長野県阿南町,69.9,71.4,72.8,74.2,75.3,75.5,76.3,76.7,77.8
204072,長野県阿智村,,70.9,72.5,74,52.8,53.7,55,44,45.5
204099,長野県平谷村,,70.7,72.4,74.1,75.7,77.4,79.1,80.7,82.3
204102,長野県根羽村,,72.7,72.7,74.2,75.7,77.2,78.8,80.2,81.7
204111,長野県下條村,67.1,68.8,70.5,69.8,73.7,75.3,72.4,73,73.5
204129,長野県売木村,,67.9,69.6,71.3,72.9,72.4,73.3,74.9,76.4
204137,長野県天龍村,72.2,73.9,75.6,76.8,75,80.1,81.6,83.3,82.3
204145,長野県泰阜村,,40,40.2,53.1,54.2,55.2,56.3,57.3,57.5
204153,長野県喬木村,,63.9,64.1,65,64.5,65,65.6,68.8,68.9
204161,長野県豊丘村,,65.4,66.6,66.8,68.5,69.8,68.3,69,70.5
204170,長野県大鹿村,,68.6,70.1,71.7,73.2,74.6,76,74.2,75.5
204226,長野県上松町,,77.1,78.3,75.3,74.4,75.4,75.9,76.6,76
204234,長野県南木曽町,,51.4,52.4,53.7,55.3,57,56.4,57.6,59.2
204251,長野県木祖村,76,59.6,61.1,62.4,63.9,65.1,66.7,67.3,68.9
204293,長野県王滝村,60.2,61.6,64.7,65,66.5,68,67.7,68.7,69.3
204307,長野県大桑村,33.8,54.3,54.5,54.3,55.2,56.3,41.6,42.9,43.3
204323,長野県木曽町,71.3,81.8,82.8,82.1,82.2,83.1,83.2,84.1,75.4
204463,長野県麻績村,59.5,61.2,62.2,63.9,65.6,66.9,57.2,58.5,59.9
204480,長野県生坂村,,43.5,43.5,45.2,46.9,48.4,50,51.7,53
204501,長野県山形村,52.5,56,57.6,59.3,60.9,62.5,64.1,65.8,67.4
204510,長野県朝日村,55.6,57.3,58.9,60.6,62.2,61.2,62.7,62.7,64.2
204528,長野県筑北村,,54.1,54.9,56.1,58.4,59,60.1,61.4,62
204811,長野県池田町,48.9,48.9,49.1,51.5,52.4,47.9,45.4,47.1,47.5
204820,長野県松川村,,50,49.6,50.8,50.3,51.3,50.5,51.8,53.5
204854,長野県白馬村,40.8,44,45.5,45.6,46.1,47.1,47.5,47,48.5
204862,長野県小谷村,,49.5,50.3,50.7,51.3,51.2,51.1,51.4,50.3
205214,長野県坂城町,,69.6,69.7,73.1,72.3,67.8,68.5,68.6,75.3
205419,長野県小布施町,71,72,74,76.1,78.1,78.5,79.2,80.3,81.5
205435,長野県高山村,,44.9,46.6,43.6,44.7,44.4,45.1,45.9,47
205613,長野県山ノ内町,49.7,49.4,50.2,51.9,52.8,53.8,54.6,56.2,57.8
205621,長野県木島平村,46.4,48.3,50.1,52,53.8,55.7,57.5,59.3,60.6
205630,長野県野沢温泉村,57.9,61.3,62.8,62.5,64.1,65.8,67.5,69.1,70.8
205834,長野県信濃町,56.4,58.1,57.3,57.3,58.4,58.4,58.4,58.6,60
205885,長野県小川村,74.6,76.1,77.5,78.9,80.2,72.8,74.1,74.9,76.1
205907,長野県飯綱町,61.1,61.5,63.2,64.9,66.6,68.1,67,64.9,66.8
206024,長野県栄村,,60.5,62.3,55.3,56.3,57.8,59.2,60.5,61.8
212016,岐阜県岐阜市,51.3,52.7,53.7,55,56.5,57.4,58.9,60.3,61.8
212024,岐阜県大垣市,,64.3,66,67.6,69.3,70.9,71.8,73.3,74.7
212032,岐阜県高山市,52.4,51.9,53.3,54.5,55.8,57.5,58.6,60,61.5
212041,岐阜県多治見市,66.9,66.8,68,68.4,68.7,69.7,70.5,71.2,72.2
212059,岐阜県関市,46.3,47.9,49.6,50.8,52.3,52.9,54,55.2,56.6
212067,岐阜県中津川市,51.9,53.5,55.1,56.8,58.2,59.6,61.1,62.4,63.8
212075,岐阜県美濃市,57.9,57.9,54.5,58.6,58.3,57,53.1,53.5,53.6
212083,岐阜県瑞浪市,49.6,52.3,53.5,54.8,56.5,57.2,58.2,59.5,60.9
212091,岐阜県羽島市,,54.8,56.5,58.2,59.6,61.2,62.4,63.2,64.8
212105,岐阜県恵那市,,75.9,76.8,77.7,78.5,79.3,80.2,80.9,81.7
212113,岐阜県美濃加茂市,,,,62,63.4,64.7,65.6,66.9,68.2
212121,岐阜県土岐市,56.3,56.3,58.3,57.4,57.2,56.1,56.7,57.6,58
212130,岐阜県各務原市,37.8,39.3,40.6,42.3,43.4,44.2,45.8,47.1,48.4
212148,岐阜県可児市,48.8,50.6,,53.3,53.5,54.9,56.4,57.9,59.6
212156,岐阜県山県市,53.4,55.9,57.2,58.5,60.2,57.7,61.7,62.6,64.9
212164,岐阜県瑞穂市,,32.3,34,35,36.7,38,35.3,31.7,33.1
212172,岐阜県飛騨市,44.4,45.9,47.5,49,50.6,52.1,52.8,54.3,55.8
212181,岐阜県本巣市,40.5,41.2,54.7,56.2,57.9,59.3,60.9,62.4,63.9
212199,岐阜県郡上市,,36,37.2,38.6,39.8,41.4,43,46.3,47.6
212202,岐阜県下呂市,51.7,54.9,56.6,58.2,59.8,61.1,62.7,63.8,65.7
212211,岐阜県海津市,53,54.2,55.6,56.8,58.2,59.3,60.9,62,63.4
213021,岐阜県岐南町,,66.7,68.5,70.3,72.1,74,75.4,76.9,78.4
213039,岐阜県笠松町,78.5,81.2,82.5,83.6,84.8,85.8,86.4,87.1,88.4
213411,岐阜県養老町,47.3,2.3,3.3,4.3,4.4,5.6,7,8.4,10.1
213616,岐阜県垂井町,65.4,66.8,67.5,70.7,72,73.3,74.8,76.4,77.2
213624,岐阜県関ケ原町,50.6,54.1,55.6,50.3,51.2,52.8,54.1,54.6,55.6
213811,岐阜県神戸町,80.9,83.3,85.6,85.6,85.8,86.9,88,94.7,88
213829,岐阜県輪之内町,78.4,79.1,79.1,80.1,80.8,81.6,82.3,83.1,83.8
213837,岐阜県安八町,,84.2,,,86.2,86.2,87.3,76.3,89.5
214019,岐阜県揖斐川町,45.6,47.3,49,50.7,52.4,54,55.1,56.5,55.1
214035,岐阜県大野町,72,73.1,76.6,77.7,79.3,80.8,82,83.3,84.8
214043,岐阜県池田町,58.8,60.3,57.2,58,57.7,58.7,58.7,57.5,59.3
214213,岐阜県北方町,52.3,54,55.7,57.4,59.1,60.8,62.5,64.3,66
215015,岐阜県坂祝町,,52.9,54.7,56.4,58.1,59.9,61.6,63.4,65.1
215023,岐阜県富加町,51.7,53.4,55,56.7,58.3,59.9,61.5,63.1,64.6
215031,岐阜県川辺町,62.1,63.9,64.8,66.5,67.3,68.9,70.3,71.1,72.5
215040,岐阜県七宗町,67.3,68.5,69.7,71.1,72.4,72.3,73.5,74.6,76.1
215058,岐阜県八百津町,63.2,65,66.8,68.6,70.4,72.2,73.3,75.1,76
215066,岐阜県白川町,,,,,,,,,28
215074,岐阜県東白川村,,,,1.9,5.8,11,5.7,8.1,11.1
215210,岐阜県御嵩町,45.8,47,47.4,49.1,50.7,52.8,54.5,56.1,57.3
216046,岐阜県白川村,59.8,60.4,60.3,61.8,62.3,63.9,65.4,57.2,57.1
221007,静岡県静岡市,50.8,50.9,51.5,51.5,53.1,54.4,55.1,56,57
221309,静岡県浜松市,54.1,55.2,56.7,58.9,60.3,60.9,63.3,64.6,
222038,静岡県沼津市,,54.9,57.2,58.4,60,60.5,62.1,63.2,64.6
222054,静岡県熱海市,,74.5,74.8,71.8,68.8,64.8,66,62.7,60.3
222062,静岡県三島市,50.7,52.3,53.2,54.7,56.4,56.8,56.8,58.1,59.1
222071,静岡県富士宮市,,47,48.5,50.2,51.9,53.5,55.2,56.7,58.4
222089,静岡県伊東市,41.1,44,45.8,47.7,49.6,51.2,53.3,55.3,57.5
222097,静岡県島田市,58.8,60.2,61,62.4,63.5,63.9,65.4,66.4,67.7
222101,静岡県富士市,,47.8,49.3,50.9,52.6,53.9,55.3,56.7,58.2
222119,静岡県磐田市,65,66.3,68,69,70.7,71.9,72.6,73.6,74.7
222127,静岡県焼津市,,51.1,51.9,53.3,54.9,56.5,58,59.5,61.1
222135,静岡県掛川市,,74.7,75.3,76.4,77,78.5,79.1,80,80.4
222143,静岡県藤枝市,42.2,45.2,45,45.9,47.6,46.5,48.2,49.2,50.6
222151,静岡県御殿場市,61.5,61.6,63.5,65.2,66.9,68.6,70.2,71.9,73.1
222160,静岡県袋井市,,49.3,50.8,52.2,53.9,55.4,56.9,58.6,60.3
222194,静岡県下田市,54,55.5,57,58.2,59.6,60.7,61.8,63.4,64.9
222208,静岡県裾野市,41.4,42.7,44.3,45.3,46.5,47.6,49.2,50.5,52.2
222216,静岡県湖西市,56.4,57.5,59.2,60.8,62.5,64.2,65.9,67.6,69.2
222224,静岡県伊豆市,63.6,65,66.5,67.8,68.8,68.9,70.1,71.5,72.9
222232,静岡県御前崎市,47.9,49.2,50.7,51.5,53,54.6,56.1,57.9,59.4
222241,静岡県菊川市,51.4,52.9,54.3,55.2,56.4,57.3,58.6,60.2,61.3
222259,静岡県伊豆の国市,,53.8,55,56.4,58.1,59.6,61.1,61.6,62.4
222267,静岡県牧之原市,,,,49.2,50.6,52,53.4,54.8,56.3
223018,静岡県東伊豆町,60.4,61.9,62,63.5,61.8,59.7,60.9,59,60.4
223026,静岡県河津町,,61,62.5,63.5,64.2,66.5,68,69.5,68.1
223042,静岡県南伊豆町,64.9,,66.7,68.1,68.6,67.4,66.1,67,67.7
223051,静岡県松崎町,,64.2,62.6,64.1,64.6,65.4,66.3,68,69
223069,静岡県西伊豆町,,,82.5,83,83,82,81.6,82.7,82.8
223255,静岡県函南町,27.1,,28.4,29.8,33,38.2,39.9,35.2,36.7
223417,静岡県清水町,60.1,61.8,63.6,65.2,66.6,67.9,69.3,70.5,71.8
223425,静岡県長泉町,34,35.6,36.9,38.5,40.1,41.4,42.8,44.2,45.7
223441,静岡県小山町,,53.3,54.9,55.8,54.1,55.7,56.2,57.4,55.8
224243,静岡県吉田町,,47.3,49,50,51.3,53,53.8,55,56.1
224294,静岡県川根本町,,56,57.2,58.5,59.8,61.3,62.5,63,64.4
224618,静岡県森町,,,0,0.6,2.3,1,1.9,3.5,5.2
231002,愛知県名古屋市,52.1,54,55.9,57.7,59.5,61.3,58.3,58.4,
232017,愛知県豊橋市,57.5,59.2,59.3,61,62.7,64.3,66,67.6,69.3
232025,愛知県岡崎市,,60.7,61.6,62.8,61.2,62.4,63.8,65,66.2
232033,愛知県一宮市,52.5,61.7,62.3,53.9,54.4,54.7,54.9,55.7,56.5
232041,愛知県瀬戸市,,57.4,55.2,55.9,56,54.8,53.1,52.9,52
232050,愛知県半田市,,56.7,58.5,59.4,60.4,61.8,61.7,63.3,64.9
232068,愛知県春日井市,,78.2,78.9,80.1,81.1,82.2,83.1,84.3,85.5
232076,愛知県豊川市,,46.2,47.7,49.5,51.1,52.7,54.2,55.8,57.5
232084,愛知県津島市,,54.3,56,57.5,59.2,60.9,62.5,64.1,65.8
232092,愛知県碧南市,45.8,49.2,50.8,52.5,54.2,55.9,56.9,58.5,60.2
232106,愛知県刈谷市,54.5,53.3,55,56.9,58.7,60.2,61.5,62.8,64.2
232114,愛知県豊田市,54.4,55.9,57.4,58.3,59.3,60.5,61.9,63.3,64.3
232122,愛知県安城市,48.7,50.2,52.7,54.4,56.1,52.8,54.5,56.1,57.8
232131,愛知県西尾市,54.4,55.9,55.4,56.8,58,59.1,60.2,61.8,63.2
232149,愛知県蒲郡市,,60.3,61.5,63.1,64.8,66.5,66.8,68.4,69.6
232157,愛知県犬山市,43.9,45.1,49.2,50.3,51.1,52,52.9,55.5,57
232165,愛知県常滑市,,56.3,57.9,59.5,61,62.7,64.3,65.7,66.9
232173,愛知県江南市,76.3,77.9,79.4,80.9,82.3,83.8,85.2,86.7,88.1
232190,愛知県小牧市,63.3,63,63.7,64.3,65.5,66.6,66,66.2,67.5
232203,愛知県稲沢市,64.2,65.4,66,67.6,68,69.3,70.4,71.6,72.7
232211,愛知県新城市,,57.6,59.1,60.7,61.7,62.4,63.5,64.7,65
232220,愛知県東海市,69.3,70.1,70.2,71.7,70.8,67.5,68.1,68.9,68.6
232238,愛知県大府市,,64.5,64.8,65.3,61.1,61,62,61.9,63.6
232246,愛知県知多市,65.1,64.4,63.5,61.4,62.2,60.7,65.6,65.5,67.2
232254,愛知県知立市,,48.6,50.2,51.7,53.3,54.9,56.5,58.2,59.9
232262,愛知県尾張旭市,,68.3,69.8,70.7,72.1,73.6,75.1,76.7,78.2
232271,愛知県高浜市,,63.2,64.7,66.1,67.6,69,70.4,71.8,73.2
232289,愛知県岩倉市,,42.2,43.7,42.7,44.3,45.5,46.9,48.3,49.6
232297,愛知県豊明市,,33.3,35,36.7,38.4,40.2,41.9,43.6,45.3
232301,愛知県日進市,62.7,62.6,64,65.3,66.6,67.9,69.3,70.6,71.9
232319,愛知県田原市,42.4,42.3,43.8,45.3,46.6,48.1,49.3,50.5,51.8
232327,愛知県愛西市,,54.7,56.2,57.6,59.1,60.4,61.7,63.1,64.6
232335,愛知県清須市,63.4,56.7,48.9,38,40,35.8,31.9,30.7,30.7
232343,愛知県北名古屋市,,51.9,53.6,51.4,53.1,54.7,56.4,58,59.6
232351,愛知県弥富市,45.7,43.1,44.8,46.5,48.1,49.8,50.9,52.5,54.2
232360,愛知県みよし市,,46.4,47.6,,,,52.6,54,56.6
232378,愛知県あま市,,75.2,76,76.8,77.5,78.3,79.1,79.8,80.6
232386,愛知県長久手市,46.3,49.1,42.6,44.2,44.5,45,46.4,48.2,50
233021,愛知県東郷町,58.7,60.5,61.7,64.1,65.8,67.5,69.4,67.7,69.4
233421,愛知県豊山町,52.8,55.8,57.5,58.6,60.3,62,63.7,65.4,67.1
233617,愛知県大口町,,55.3,,56.9,57.2,58.5,56.2,57,60.4
233625,愛知県扶桑町,65,65.9,67.1,,68.8,70.1,71.2,72.4,74.2
234249,愛知県大治町,,40.4,42.1,43.8,45.5,47.2,49.1,50.8,52.5
234257,愛知県蟹江町,58.9,60,61.1,61.1,62.8,64.5,66.2,67.9,69.6
234273,愛知県飛島村,,53.5,52.2,53.8,55.5,57.2,58.9,60.5,62.2
234419,愛知県阿久比町,54.4,54.2,55.5,57.2,59,60.7,62.5,64.2,65.9
234427,愛知県東浦町,,34.1,35.8,37.5,44.6,47.4,49,50.7,52.3
234451,愛知県南知多町,,63.5,63.9,62.8,62.7,,50.7,55.6,67
234460,愛知県美浜町,,47.6,48.8,50.3,52,53.7,55.4,56.9,58.6
234478,愛知県武豊町,,46.3,49,50.7,52.4,54.1,55.8,57.3,59
235016,愛知県幸田町,,38.7,40.4,42.1,43.6,45.3,46.8,48.4,50
235610,愛知県設楽町,,,,,,84.8,85.9,86.5,87.3
235628,愛知県東栄町,,,,,,81.3,82.2,79.4,79.3
235636,愛知県豊根村,,4.7,8,11.3,14.6,16.6,19.8,22.9,26.1
242012,三重県津市,,47.8,49.4,50.5,51.1,53,55,57.1,59.1
242021,三重県四日市市,58.6,60.2,61.2,62.5,63.8,64.7,65.7,66.7,68.1
242039,三重県伊勢市,56,57.4,59.1,60.1,60.9,61.4,61.3,62.7,63.8
242047,三重県松阪市,,49.2,50.7,52.2,53.5,54.9,56,57.5,58.8
242055,三重県桑名市,63.7,65.2,66.5,67.8,69.3,70.6,72,73.3,74.6
242071,三重県鈴鹿市,,43.2,44.8,46.6,48.2,49.9,51.6,53.2,55.1
242080,三重県名張市,,81.8,83.4,84.5,85.5,86.5,86.7,87,
242098,三重県尾鷲市,,81.8,82,82.5,83.1,83.1,83,82.8,83.3
242101,三重県亀山市,,66.2,68,67.6,99,97.1,95.3,73.9,75.3
242110,三重県鳥羽市,78.9,72.4,70,71,72.3,72.3,73.2,74,74.9
242128,三重県熊野市,,,,,,,,65.2,69.7
242144,三重県いなべ市,,41,42.7,44.3,45.2,46.9,48.6,50.3,52
242152,三重県志摩市,,53.3,54.5,56,57.6,59.2,60.7,62.3,63.9
242161,三重県伊賀市,69.2,70.6,72,73.1,74.3,75.3,76.1,77.1,77.9
243035,三重県木曽岬町,,56.2,57.9,59.6,61.1,62.8,64.3,65.8,67.5
243248,三重県東員町,63.7,65.4,67.1,68.7,70.3,71.8,73.3,74.7,76.1
243418,三重県菰野町,68.4,69.7,70.2,71.4,72.6,73.1,74.4,75.7,
243434,三重県朝日町,7.6,7.6,13.2,15,16.9,18.8,20.6,22.5,24.4
243442,三重県川越町,53.5,55,56.9,58.9,60.8,62.7,64.5,66.3,68.2
244414,三重県多気町,55.2,56.6,57.7,58.6,60.1,61.7,63.4,64.8,66.4
244422,三重県明和町,41.8,43.5,45.1,46.8,48.2,49.7,51.4,53.1,55.2
244431,三重県大台町,50.3,50.9,52.2,53.8,55.4,57.1,58.7,60.3,61.9
244619,三重県玉城町,67.3,65.3,65.3,66.9,69.6,71.1,74.5,61.2,61.6
244708,三重県度会町,52.7,54.4,56,57.6,59.2,60.9,62.5,64.1,65.7
244716,三重県大紀町,,58.5,59.7,,,61.4,62.5,58.8,65.6
244724,三重県南伊勢町,,64.8,66.4,67.9,69.5,70.1,69.9,71.2,72.6
245437,三重県紀北町,55.9,55.3,63.6,61.6,57.8,57.8,61.1,63.6,64.9
245615,三重県御浜町,72.3,73.5,74.7,75.9,77.1,78.2,76.7,77.8,
245623,三重県紀宝町,45.1,47.7,49.2,50.9,52.4,54,55.7,55.7,59
252018,滋賀県大津市,,41.2,42.9,44.7,46.4,48.1,49.7,51.4,53
252026,滋賀県彦根市,,,,,,,,,
252034,滋賀県長浜市,48.3,49.9,51.1,52.7,54.4,55.4,57.1,57.6,58.9
252042,滋賀県近江八幡市,,43,44.6,46.3,48,49.5,51.1,52.7,54.4
252069,滋賀県草津市,,43.9,45.6,47.3,49,50.6,52.3,54,55.6
252077,滋賀県守山市,51.9,53.9,55.8,57.9,59.8,61.8,63.7,65.8,67.8
252085,滋賀県栗東市,41.4,43.1,44.1,43.7,42.5,44.2,43.5,45.3,47.5
252093,滋賀県甲賀市,50,51.6,53,54.6,56.2,57.9,59.5,61.1,62.7
252107,滋賀県野洲市,,68.3,69.2,69.2,70.3,68.1,68.6,69.3,69.4
252115,滋賀県湖南市,42.7,44.9,45.4,47.1,48.8,50.5,52.2,53.4,55.1
252123,滋賀県高島市,49.2,51,52.4,52.5,54.2,55.7,57.3,59.3,61.1
252131,滋賀県東近江市,,45.5,,,,,,,
252140,滋賀県米原市,72.7,73.8,74.7,75.6,76.9,75.2,75.7,76.6,78.3
253839,滋賀県日野町,,58.2,60.5,62.5,64.6,66.7,68.8,70.8,72.9
253847,滋賀県竜王町,53.3,54.9,56.3,58.2,60,59.6,60.7,61.6,62.9
254258,滋賀県愛荘町,,,70.6,72,73.3,74.6,75.8,76.4,77.3
254410,滋賀県豊郷町,,,0,2.3,4.6,6.9,0.5,2.2,2.6
254428,滋賀県甲良町,,55.4,,,,61.7,63.2,64.8,66.3
254436,滋賀県多賀町,50.5,,51.5,53.1,53.8,54,55.2,56.8,58.3
261009,京都府京都市,,,65.1,66.4,67.7,67.2,67.1,68.4,69.3
262013,京都府福知山市,70.8,70.6,70,71.5,73.1,74.5,74.6,76,77.4
262021,京都府舞鶴市,,67,69.7,73.7,76.4,77.9,80.5,81.5,86.3
262030,京都府綾部市,56.1,57.4,58.9,60.3,61.7,63,64.4,65.7,67
262048,京都府宇治市,,55.6,39.8,41.3,42.8,44.2,57.3,52.3,48.7
262056,京都府宮津市,57.1,58.5,60,61.2,61.2,61.9,63.2,63.7,
262064,京都府亀岡市,45,44.9,46.6,48.3,50,51.6,53.1,54.7,56.3
262072,京都府城陽市,60.6,62.3,63.9,65.6,67.3,68.9,70.5,59.5,73.8
262081,京都府向日市,,58.6,56,60.2,56.8,58.9,60.9,68.5,65
262099,京都府長岡京市,55.7,56.7,57.9,63.3,65,66.5,68.1,69.5,70.8
262102,京都府八幡市,71.8,58.4,55.4,58.6,60,61.3,60.3,,
262111,京都府京田辺市,39,40.7,42.4,44.1,45.8,47.1,48,49.5,51.3
262129,京都府京丹後市,81.5,82.5,82.3,83,83.2,82.8,83,82.5,82
262137,京都府南丹市,82.6,51.8,53.2,54.6,56,57.3,58.3,59.6,60.7
262145,京都府木津川市,,50.2,51.9,53.6,55,56.8,58,59,59.3
263036,京都府大山崎町,48.1,48.8,50.5,52.1,53.8,55.5,51.5,49.9,48.7
263222,京都府久御山町,49.1,50.8,52.5,54.2,55.9,59.3,59.3,62.7,62.7
263435,京都府井手町,47.7,49.9,51.7,53.3,28.7,30.4,31.7,33.4,35
263443,京都府宇治田原町,84.5,86.1,87.7,89.2,90.5,91.7,92.8,93.7,94.6
263648,京都府笠置町,69.9,70.2,71.1,71.5,73,74.5,76,77.5,77.5
263656,京都府和束町,,84.7,81,81.9,82.7,82.6,83,78.1,78.7
263664,京都府精華町,57.5,58.5,59.8,61.2,63.4,64.7,63.4,64.8,65.3
263672,京都府南山城村,67.3,70.7,70.4,71.8,73.3,74.7,76.1,75.5,76.4
264075,京都府京丹波町,,47.3,48.5,50.2,51.9,53.4,54.9,56.6,59.2
264636,京都府伊根町,66.2,67.8,69.4,70.7,72.3,72.7,73.7,75.3,77
264652,京都府与謝野町,89.1,50.4,52.1,51,54.3,56.7,57.7,59.3,60.6
271004,大阪府大阪市,48.3,50,52.4,52.8,54.5,55.9,57.7,59.4,61.1
271403,大阪府堺市,57.7,59.3,60.9,62.5,64.1,65.7,67.3,68.9,70.5
272027,大阪府岸和田市,,70.6,72.1,73.3,74.6,76,77.3,78,79
272035,大阪府豊中市,,73.4,74.2,74.9,76.4,77.8,74.3,75.3,76
272043,大阪府池田市,,87.4,86.6,85.4,85,85.1,81.8,79,75.5
272051,大阪府吹田市,43.7,47.5,49.5,50.2,52.2,54.3,56.3,58.6,60.6
272060,大阪府泉大津市,,37.9,41.1,42.8,44.5,46.2,51.2,50,43.8
272078,大阪府高槻市,,,,,,81.9,82.7,83.6,84.4
272086,大阪府貝塚市,,69,69.9,70.8,73,74.4,75,75.4,76.8
272094,大阪府守口市,84.2,83.3,83.7,84.7,85.6,86.6,87.5,88.4,89.2
272108,大阪府枚方市,20.8,20.9,11.2,11.7,12.1,12.6,13.9,16.1,17.7
272116,大阪府茨木市,,58.7,42.5,42.6,44.4,46.2,48,49.8,10.3
272124,大阪府八尾市,,67.4,68.7,69.9,70.8,71.6,71.8,73.2,74.3
272132,大阪府泉佐野市,,69.2,71.3,66.9,68.9,70.9,56.7,58.7,57.4
272141,大阪府富田林市,65.5,65.2,66.2,67.9,69.5,62.4,62.6,64.2,65.9
272159,大阪府寝屋川市,80.7,82.1,83.5,84.8,85.8,85.4,87.4,88.1,88.5
272167,大阪府河内長野市,90.4,90.5,91,91.9,92.6,93.3,93.8,94.4,94.6
272175,大阪府松原市,,47.1,49.1,50.1,52.1,54.2,56.2,54.6,55
272183,大阪府大東市,,,57.4,49,50.7,52.4,52.8,43.7,45.3
272191,大阪府和泉市,,41.5,42.9,44.5,46,47.6,46.3,47.9,49.2
272205,大阪府箕面市,,45.7,,,,,,,
272213,大阪府柏原市,94.1,94.6,91.8,88.6,87.8,84.4,82.5,80,77.6
272221,大阪府羽曳野市,51.9,53.5,55.4,57.2,58.9,59.5,62.3,62.1,63.5
272230,大阪府門真市,55.9,57.6,57.2,59,60.8,62.5,64.3,66.1,63.8
272248,大阪府摂津市,,62,62.7,64.4,66.2,67.9,69.7,71.4,73.2
272256,大阪府高石市,64.5,57.6,57.2,68.4,69.1,69.3,62.3,63.6,62.1
272264,大阪府藤井寺市,60.5,61.9,,61.8,62.2,62.8,63.1,64.5,65.6
272272,大阪府東大阪市,,51.7,53.4,55.1,56.8,58.5,60.2,61.9,63.6
272281,大阪府泉南市,,51.9,53,54.7,56.3,57.8,59.3,60.8,62.9
272299,大阪府四條畷市,49.7,51.3,52.9,54.5,55.9,57.5,59.2,60.9,61.8
272302,大阪府交野市,59.5,59.9,61.4,62.4,58.5,56.2,55.8,57.9,56.3
272311,大阪府大阪狭山市,,55.5,57.1,58.8,60.4,62,63.6,65.2,66.8
272329,大阪府阪南市,,53.4,53.8,55.5,55.2,56.9,58.6,59.5,60.8
273015,大阪府島本町,31.3,24.9,20.4,21,22.1,21.1,25.3,27.2,29.1
273210,大阪府豊能町,,74.8,76.4,,78.1,79.2,78.9,79.9,80.9
273228,大阪府能勢町,,64.7,66.1,67.5,68.8,69.9,71.2,72.3,73.6
273414,大阪府忠岡町,45.4,47.1,48.8,50.5,52.2,53.9,55.6,57.3,59
273619,大阪府熊取町,,50.2,48.8,50.4,47.6,37.9,39,38.4,40
273627,大阪府田尻町,,,,0.1,2.8,4.5,6.2,7.9,9.6
273660,大阪府岬町,61.3,62.7,64.1,65.5,66.1,67.5,68.1,67.3,68.7
273813,大阪府太子町,48.9,50.4,51.8,53.5,55.1,54.7,56.2,57.9,59.6
273821,大阪府河南町,,44.3,,38.6,40.2,41.8,43.4,45,46.6
273830,大阪府千早赤阪村,44.5,0,,88.4,91.8,95.2,98.6,100,100
281000,兵庫県神戸市,58.7,60,61.4,62.8,64.1,65.1,64.4,65.3,66.7
282014,兵庫県姫路市,57.5,58.9,60.4,61.4,62.9,64.3,65.5,66.2,67.9
282022,兵庫県尼崎市,46.3,48.2,50.1,51,51.9,52.7,55.5,57,58.5
282031,兵庫県明石市,39,38.5,40.5,42.4,44.4,46.1,47.9,49.8,51.8
282049,兵庫県西宮市,63,63.8,64.6,65.4,66.3,67.6,68.1,68.9,70.1
282057,兵庫県洲本市,,59.1,55.7,57.6,59.1,60.9,62.3,63.4,65.2
282065,兵庫県芦屋市,,50.9,52.3,49.5,51.1,52.7,53,51.7,52.9
282073,兵庫県伊丹市,54.4,56,57.3,58.8,59.9,61.2,60.2,61.6,61.8
282081,兵庫県相生市,,62.5,64.2,65.9,67.5,69.2,70.5,71.2,72.8
282090,兵庫県豊岡市,88.8,88.9,88,85.4,86.1,85.7,86.4,86.8,84.8
282103,兵庫県加古川市,47.8,49.2,50.2,51.4,52.8,54.5,56.1,57.8,59.4
282120,兵庫県赤穂市,,76.1,76.3,77.1,77.6,78,78.7,79.3,80.1
282138,兵庫県西脇市,,92.1,92.8,93.3,92.4,91.9,90.8,91.3,92
282146,兵庫県宝塚市,,55.6,57.2,58.7,60.3,61.8,63.3,64.8,66.2
282154,兵庫県三木市,72.3,73.1,73,76.7,74.6,75.3,76.8,78.3,79.8
282162,兵庫県高砂市,,58.8,59.1,57.4,57.8,58.7,59.7,60.3,61.1
282171,兵庫県川西市,66,66.8,68.1,69.9,70.8,71.8,71.1,67.4,66.4
282189,兵庫県小野市,,46.6,48.3,49.5,50.4,52,53.7,55.3,56.5
282197,兵庫県三田市,55.2,52.6,50,51,52.9,47,38.2,33.7,
282201,兵庫県加西市,70.7,70.7,72.7,74.6,76.6,78.6,80.3,81.9,83.2
282219,兵庫県丹波篠山市,,51.2,52,53.7,56.2,57.8,58.8,61,62.6
282219,兵庫県丹波篠山市,,51.2,52,53.7,56.2,57.8,58.8,61,62.6
282219,兵庫県篠山市,,51.2,52,53.7,56.2,57.8,58.8,61,62.6
282219,兵庫県篠山市,,51.2,52,53.7,56.2,57.8,58.8,61,62.6
282227,兵庫県養父市,,0,0.9,1.7,2.9,3.1,3.9,3.7,68.5
282235,兵庫県丹波市,53.7,54.7,54.7,54.4,55.6,59.9,60.9,60.8,61.8
282243,兵庫県南あわじ市,71.8,73.4,74.9,76.6,78.2,,80.9,,
282251,兵庫県朝来市,,25.4,22.2,23.2,20.6,15.2,16,16.1,17.2
282260,兵庫県淡路市,,52.1,52.8,54.1,55.4,56.4,60.4,60.6,60.7
282278,兵庫県宍粟市,67.8,69.4,70.9,72.5,73.2,74.2,75.6,77,78.4
282286,兵庫県加東市,71.1,72.6,74.7,76,76.8,78.1,79.3,80.5,81.7
282294,兵庫県たつの市,,56.5,57.6,59,59.6,60.3,61.2,62.1,63.4
283011,兵庫県猪名川町,,62.4,63.9,64.7,65.2,66.1,67,68,67.8
283657,兵庫県多可町,,56.3,69.7,71.4,73.1,63,64.6,66,67.5
283819,兵庫県稲美町,,58.7,59.3,60.3,62,,66.8,68.3,69.9
283827,兵庫県播磨町,,,,0.4,1.4,3.3,5.2,7.2,9.1
284424,兵庫県市川町,,100,100,100,100,99.8,78.7,80,81
284432,兵庫県福崎町,,61.2,61.7,61.1,61.2,55.8,56.4,57.7,
284467,兵庫県神河町,17.4,18.8,20.5,22.2,23.9,25.6,27.3,29,30.7
284645,兵庫県太子町,,79.5,80.4,79.9,79.1,83.7,75.7,77.1,78.4
284815,兵庫県上郡町,,55.1,56.6,57.8,56,57.5,58.8,60.1,60.8
285013,兵庫県佐用町,,57.2,58.5,60,60.7,61.7,61.6,63.3,64.1
285854,兵庫県香美町,53.4,54.6,55.9,57.5,58.4,60.7,60.1,62.8,64.4
285862,兵庫県新温泉町,,,,,76.8,78.5,79.9,80.1,79.2
292010,奈良県奈良市,60.4,61.8,63,64.4,65.5,66.2,67.4,67.6,68.5
292028,奈良県大和高田市,,84.9,85.6,86.7,87.1,86.7,87.6,88.6,89.5
292036,奈良県大和郡山市,,32.3,32.1,32.4,33.5,35.2,40.2,42,40.2
292044,奈良県天理市,78.1,79.3,80,80.7,81.2,81.9,82.2,82.4,82.7
292052,奈良県橿原市,56.1,58.4,59.4,60.7,62.2,64,65.6,65.4,67.1
292061,奈良県桜井市,,34,35.4,36.8,38.2,39.2,40.2,41.6,43
292079,奈良県五條市,38.2,42.7,44.3,45.8,47.3,48.9,50.4,51.8,53.3
292087,奈良県御所市,79.4,76,78,79.9,81.8,83.6,85.4,87.2,88.9
292095,奈良県生駒市,,65.7,66.8,68.8,70.8,73.1,73.1,75.2,77.5
292109,奈良県香芝市,,30.4,32.1,33.8,35.5,37.1,38.4,40.1,41.8
292117,奈良県葛城市,,55.4,57.2,59.1,61,62.8,64.7,56.1,57.9
292125,奈良県宇陀市,,63,64.4,65.9,,,69.1,70.4,71.5
293229,奈良県山添村,,48.3,50.2,52,53.8,55.3,55.7,58.2,60
293423,奈良県平群町,42.4,44.1,45.8,47.5,49.1,50.5,52.4,54.1,55.8
293431,奈良県三郷町,64.9,67.6,69.6,71.3,72.6,73.8,75.1,76.3,75.7
293440,奈良県斑鳩町,79.9,80.6,80.6,81.6,82,83,84.1,84.5,85.5
293458,奈良県安堵町,,,,,,,,2.3,4.6
293610,奈良県川西町,63.9,64.5,65.1,65.9,66.5,67.5,69,70.5,71.9
293628,奈良県三宅町,53.4,55,56.6,58.2,59.8,61.4,62.4,63.3,64.9
293636,奈良県田原本町,,,,66.7,68.3,69.6,69.9,71.5,
293857,奈良県曽爾村,,38.6,40.3,41.2,42.8,44.3,45.5,47,48.7
293865,奈良県御杖村,,65.7,67.3,68.6,70.1,68.8,70.2,71.4,72.8
294012,奈良県高取町,,,50.9,51.8,53.5,55.2,56.9,58.6,60.2
294021,奈良県明日香村,,45.2,48.6,48.1,49.8,51.5,53.2,55,56.7
294241,奈良県上牧町,70.6,72.6,71.2,71.4,73.4,72.6,71.5,72.8,74.1
294250,奈良県王寺町,27.1,28.8,30.5,32.2,33.9,35.6,37.3,37.6,39.3
294268,奈良県広陵町,72.2,74.5,73.9,75.8,76.7,77.7,78.6,79.6,80.7
294276,奈良県河合町,,57.1,58.9,60.7,62.5,64.3,66.1,67.8,69.6
294411,奈良県吉野町,70.2,70.9,71.5,72.9,74.5,75.5,76.3,76.7,77.9
294420,奈良県大淀町,,30,31.6,33.3,34.9,35.6,36.3,38.5,40.6
294438,奈良県下市町,69.6,71.1,73.7,73.3,73.6,75,76.4,77,77.7
294446,奈良県黒滝村,,61.5,60.8,62.7,64.1,64,66.5,67.7,68.4
294462,奈良県天川村,,56.2,55.8,55.8,55.8,55.8,55.7,55.7,55.5
294471,奈良県野迫川村,,,0,2.5,5,7.5,10,11,53
294497,奈良県十津川村,,67.9,70.6,71.5,73,69.4,69.2,69.8,70.4
294501,奈良県下北山村,50.6,51.6,53,54.5,55.9,57.2,58.4,58.7,59.9
294519,奈良県上北山村,45.3,46.9,48.4,50,51.5,53.1,54.7,56.2,57.4
294527,奈良県川上村,23.2,24.8,26.2,27.2,27.7,28.6,28.9,44.8,45.4
294535,奈良県東吉野村,73.3,73.9,,,,76.6,77.6,78.3,82.6
302015,和歌山県和歌山市,74.3,65.7,71.4,72.8,74.5,75.8,74.4,75.5,75.9
302023,和歌山県海南市,57.4,59,60.6,62.1,63.6,63.8,65.3,66.7,68
302031,和歌山県橋本市,39.2,40.7,42.3,45.6,45.6,47.1,48.8,50.4,52.1
302040,和歌山県有田市,,36.9,38.5,40.2,41.8,43.4,45.1,46.7,48.3
302058,和歌山県御坊市,58.1,58.8,59.6,60.4,60.5,61.9,62,63.5,65
302066,和歌山県田辺市,64.1,65.3,66.5,68,68.9,70.2,71.4,72.4,73.6
302074,和歌山県新宮市,66,67.5,68.2,69.7,71.2,72.5,73.6,74.3,73.4
302082,和歌山県紀の川市,76.4,77.1,77.8,78.6,79,78.2,78.2,78.4,78.9
302091,和歌山県岩出市,,42.4,44,45.5,47,49.3,49.6,52,53.5
303046,和歌山県紀美野町,,,69.8,46.3,47.5,,,,
303411,和歌山県かつらぎ町,55.2,56.5,57.7,58.9,60,61.3,62.8,,
303437,和歌山県九度山町,45,46.6,47.9,49.3,50.9,52.3,53.2,54.1,55.6
303445,和歌山県高野町,48.6,44.5,41.2,41.3,36.3,34.6,36.2,31.1,27
303615,和歌山県湯浅町,52.3,54.1,55.8,57.1,59.1,61.1,63.1,64.8,66.7
303623,和歌山県広川町,42,45.1,45.1,45.1,48.4,50.1,51.5,53.2,54.9
303666,和歌山県有田川町,,60.3,60.7,61.6,62.9,64.5,66,66.9,68.4
303810,和歌山県美浜町,58.6,60.3,62,62.8,64.5,66.2,67.8,58.2,59.5
303828,和歌山県日高町,76.4,78.1,79.3,80.5,82.1,83.1,83.9,82.6,82.4
303836,和歌山県由良町,23.6,29.3,29,30.5,32.2,33.3,34.5,36.1,37.6
303909,和歌山県印南町,43.5,45.5,47.3,49.1,51,50.4,51.8,49.6,48.5
303917,和歌山県みなべ町,59.5,63.3,63.3,55.1,60.9,63,64.9,66.8,68.7
303925,和歌山県日高川町,49.9,63.2,66.2,67.6,68.9,69.9,70.9,71.5,72.7
304018,和歌山県白浜町,58.4,60,61.7,63.4,65,66.7,68.3,69.9,70.7
304042,和歌山県上富田町,,52.6,54.3,56.1,57.8,59.6,62.4,64,66.1
304069,和歌山県すさみ町,,85.8,86.3,86.9,87.4,87.7,87.9,88.4,89
304212,和歌山県那智勝浦町,84.5,85.2,86.3,86.1,85.9,86.8,87.6,88.1,88.9
304221,和歌山県太地町,42.5,42.5,45.1,47.7,50.2,52.7,55.2,57.8,59.7
304247,和歌山県古座川町,,42,45.1,46.7,48.2,67.4,67.9,68.7,69.5
304271,和歌山県北山村,4.6,6.1,,8.9,10.3,11.7,13.1,14.6,16
304280,和歌山県串本町,,62.1,63.5,63.9,64.9,62.5,62.6,61.4,61.7
312011,鳥取県鳥取市,42.7,44.4,46.1,44.9,41.8,38,33,47,48.7
312029,鳥取県米子市,80.4,81.6,82.8,,83.8,83.8,83.7,83.4,83.1
312037,鳥取県倉吉市,50.6,51.9,53.1,54.4,55.6,55.9,57.4,58.1,
312045,鳥取県境港市,,,59.3,,62.6,,,,
313025,鳥取県岩美町,,,,,,,,,
313254,鳥取県若桜町,,62.3,63.9,65.5,66.7,68.1,67.4,68.7,70
313289,鳥取県智頭町,,46.9,70.2,71.7,73.3,60.9,62.4,63.8,65.1
313297,鳥取県八頭町,,68.2,69.7,72.2,72.7,73.7,74,73.2,73.4
313645,鳥取県三朝町,,70.8,,99.2,74.3,75.3,76.6,77.7,78.8
313700,鳥取県湯梨浜町,53.1,56.6,58.2,59.9,57,56.6,56.5,58.1,59.7
313718,鳥取県琴浦町,69.4,71,71,72.4,73.6,74.2,75.5,75.7,75.3
313726,鳥取県北栄町,,58.9,52.5,53.3,53.8,54.8,55.9,57.4,59
313840,鳥取県日吉津村,,80.4,80,80.6,81.2,82.9,83.6,83.9,84.5
313866,鳥取県大山町,,55.4,56.8,53,54.3,56,57.6,56.9,60.9
313891,鳥取県南部町,,17,85.6,87.4,88.3,89.8,90.9,92,93.1
313904,鳥取県伯耆町,,82,70.7,73.9,73.5,72.1,71.6,72.7,73.7
314013,鳥取県日南町,42.7,45.9,47.1,48.5,49.9,51.4,52.8,54.1,55.5
314021,鳥取県日野町,40.7,43.8,45.3,46.9,48.4,49.9,51.4,52.6,53.7
314030,鳥取県江府町,58.7,61.8,63.2,64.6,66,67.2,67.7,67.7,67.2
322016,島根県松江市,45.5,46.9,48.2,49.8,51.2,52.5,53.8,55.2,56.7
322024,島根県浜田市,45,46.7,48.1,49.7,51.4,52.9,54.5,56.1,57.3
322032,島根県出雲市,40.3,42,43.6,45.1,46.8,48.4,50,51.7,53.4
322041,島根県益田市,56.8,58.4,60,61.6,63.1,64.6,66.1,67.4,68.8
322059,島根県大田市,,61.5,61.8,61.7,61.6,62.8,61,62.2,63.5
322067,島根県安来市,64.6,52.4,53.8,55.3,56.6,57.8,58.9,60,61
322075,島根県江津市,50.4,52.4,53.7,55.1,56.4,57.8,60.4,60.3,61.6
322091,島根県雲南市,,,56.1,57.6,59.2,60.7,62.3,63.8,65.3
323438,島根県奥出雲町,39.3,41,42.6,44.3,45.7,46.6,48.2,49.6,51.2
323861,島根県飯南町,35.7,45.7,46.6,48.1,48.8,50.5,52.2,53.9,55.5
324418,島根県川本町,70.7,68.4,69.5,71.9,73.4,73.4,74.8,76.1,77.4
324485,島根県美郷町,57.6,59.4,61,62.6,64.1,65.6,67.1,68.5,71.5
324493,島根県邑南町,32.3,32.3,35.5,37,38.3,39.8,41.3,42.7,44.2
325015,島根県津和野町,63.2,64.8,66.2,67.6,,,,,
325058,島根県吉賀町,,,58.9,60.4,59.9,61.4,62.4,64,66.2
325252,島根県海士町,,29.4,38.8,32.7,34.3,35.9,37.5,39.1,40.7
325261,島根県西ノ島町,43.2,46.5,45.9,47.6,47.9,49,50.7,51.7,53.4
325279,島根県知夫村,,58.1,52.1,53.8,50.5,51.1,49.5,46.3,48.3
325287,島根県隠岐の島町,,51.7,52.4,53.7,55.3,56.4,56.5,58.1,58.6
331007,岡山県岡山市,58.7,60.5,62.2,63.8,65.4,66.9,68.4,71.4,72.4
332020,岡山県倉敷市,54.4,53.9,55.4,56.6,57.6,58.5,59.8,61.2,62.7
332038,岡山県津山市,,63.7,65,66.4,67.1,68.6,70,71.3,72.7
332046,岡山県玉野市,53.4,55,58.3,59.9,61.5,63,64.6,65.8,66.8
332054,岡山県笠岡市,,88.1,87.7,87.5,87.5,88.3,88.7,88.7,87.8
332071,岡山県井原市,70.4,71.9,73.3,74.7,76.1,76.2,77.5,78.5,79.4
332089,岡山県総社市,55.8,37,38.3,38.3,41.1,42.6,44,45.5,46.9
332097,岡山県高梁市,,52.2,,,55.8,57.3,58.8,60.3,61.8
332101,岡山県新見市,,58.8,60.1,61.8,62.7,61.8,63.2,64.5,66.1
332119,岡山県備前市,,43.7,45.4,47.1,48.7,50.3,51.9,53.5,54.9
332127,岡山県瀬戸内市,,70.2,71.5,71.7,72.6,73.3,73.6,74.5,75.4
332135,岡山県赤磐市,45.8,49.7,51.5,53.4,55.2,57,58.8,60.7,62.5
332143,岡山県真庭市,,68.5,69.7,70.8,72.1,73.3,74.5,75.8,76.9
332151,岡山県美作市,,55.1,56.6,57.6,59.1,60.5,62.2,63.8,65.4
332160,岡山県浅口市,59,62.1,62.9,64.5,66,67.6,68.9,70,71.3
333468,岡山県和気町,49.7,51.1,,100,100,58.3,60,61.7,63.3
334235,岡山県早島町,49.3,51,52.7,54.4,56.1,57.8,59.5,61.2,65.3
334456,岡山県里庄町,55.8,55.8,57.7,59,58.2,56.9,58.9,60.7,62.4
334618,岡山県矢掛町,69.7,70.7,71.7,,71.8,71.4,72,73,74
335860,岡山県新庄村,,58.6,57.4,57.6,59.2,,59.2,63.9,57.8
336068,岡山県鏡野町,,,,67.9,69.1,70.3,71.4,72.5,73.4
336220,岡山県勝央町,54.2,57.5,59.1,60.7,62.3,63.9,65.4,67,68.5
336238,岡山県奈義町,,62.8,65,66.5,68,69.5,71,72.5,74
336432,岡山県西粟倉村,70,72.9,75,78,76.8,,,,
336637,岡山県久米南町,48.3,49.8,51.3,52.8,54.3,55.8,57.2,58.7,60.1
336661,岡山県美咲町,35.4,39,40.8,42.5,43.9,45.5,46.8,48.5,50.1
336815,岡山県吉備中央町,49.9,51.9,51.9,53.6,55.2,56.9,58.6,60.2,61.9
341002,広島県広島市,63.6,65.2,66.9,68.1,69.8,71.2,72.6,74.4,
342025,広島県呉市,,59,60.7,62.3,64,65.5,66.9,68.1,69.5
342033,広島県竹原市,65,,1.7,3.4,5.1,6.8,8.5,10.2,11.9
342041,広島県三原市,55,57.9,58,59.4,60.8,62.1,60.4,60.9,61.8
342050,広島県尾道市,70,62.5,63.5,64.5,65.7,66.7,67.8,68.9,70
342076,広島県福山市,,59.6,61,62.5,63.9,65.3,66.8,68.2,69.7
342084,広島県府中市,70,70.7,71.5,72.4,73.4,73.9,73.9,73.9,73
342092,広島県三次市,,62.2,61.8,62.4,63.3,64.4,64.8,65.5,65.6
342106,広島県庄原市,31.8,31.8,33.4,35.1,36.7,38.3,39.9,41.4,43
342114,広島県大竹市,62.5,64.1,63.6,65.2,66.8,66.6,66.6,68.2,
342122,広島県東広島市,,34.7,36.2,37.8,39.5,40.4,42.1,43.7,45.4
342131,広島県廿日市市,,51.9,52.2,53.6,55.1,52.7,54.1,55.1,56.3
342149,広島県安芸高田市,44.9,45.9,47.1,48.4,49.7,52.5,53.6,53.3,55.7
342157,広島県江田島市,,,,,71.5,73,72,72.5,74.1
343021,広島県府中町,,,,2.7,1.9,3,3.6,8.1,
343048,広島県海田町,57.4,57.4,60.8,62.5,64.1,65.8,67.4,69,70.5
343072,広島県熊野町,,33.2,35.2,37.2,39.2,41.2,39.7,41.7,43.7
343099,広島県坂町,61,60.8,61.2,62.9,64.6,66.1,67.6,69.1,70.4
343684,広島県安芸太田町,69.5,70.8,72.1,73.3,74.5,75.6,76.7,77.8,78.6
343692,広島県北広島町,59.7,62.3,63.9,65.5,66.7,68.2,69.6,71.1,72.2
344311,広島県大崎上島町,58.4,59.6,61.3,63.1,64.8,67.5,68.3,70.1,71.8
344621,広島県世羅町,68.4,69,69.8,70.4,70.5,71.2,72.1,72.4,73.2
345458,広島県神石高原町,60.4,61.9,63.4,64.9,66.4,67.8,69,69,71.8
352012,山口県下関市,,64.3,65.7,67,68,69,70.1,71.4,70.3
352021,山口県宇部市,55.7,59.7,52.9,54.4,55.9,57.3,58.7,60.5,61.3
352039,山口県山口市,56.4,57.7,58.9,60.4,61.1,62.6,63.8,65,66
352047,山口県萩市,67.9,69.2,70.5,71.8,73,74.1,75.3,76.5,77.6
352063,山口県防府市,,57.1,58.2,59.4,60.8,61.6,62.5,63.4,64.4
352071,山口県下松市,59,60.5,62.1,61.2,62.6,63.9,65.2,66.7,68
352080,山口県岩国市,,82.6,83.2,83.7,84.4,84.9,83.3,84.3,83.3
352101,山口県光市,66.1,67.4,69.3,70,72.1,72.4,73.4,74,75.3
352110,山口県長門市,69.4,65.6,67,68,68.3,68.8,69.9,70,71.2
352128,山口県柳井市,68.7,70,62.1,62.9,63.7,64.4,65.4,65.5,66.3
352136,山口県美祢市,,65.5,66.4,67.6,67.6,68.3,69,69.7,71.6
352152,山口県周南市,59.4,61,62,63.4,64.3,65.2,66.2,67.5,68.1
352161,山口県山陽小野田市,81.6,83,84.4,85.6,86.6,87.5,88.3,89.1,89.4
353051,山口県周防大島町,63.6,64.3,66,67.3,69.8,71.4,73,74.6,76.1
353213,山口県和木町,56,57.6,59.3,61,62.7,64.4,66.1,67.8,69.5
353418,山口県上関町,42,43.7,45.3,47,48.6,50.3,52,53.6,55.3
353434,山口県田布施町,47.3,46.8,49.8,51.4,40.4,41.4,43.2,44.9,45.4
353442,山口県平生町,59.2,60.6,53.4,54.8,56.2,57.6,59,60.4,61.8
355020,山口県阿武町,59.5,62.4,63.8,65.3,66.7,66.5,67.3,67.8,67.6
362018,徳島県徳島市,58.1,59.1,58.5,58.8,59.6,59.2,59.9,59.7,60.1
362026,徳島県鳴門市,65.8,66.5,67.6,67.8,68.7,69.3,69.6,69.3,69.1
362034,徳島県小松島市,48.8,50.1,51.1,52.3,53.5,54.7,55.7,56.7,57.7
362042,徳島県阿南市,36,37.3,38.9,40.3,41.7,43,44.2,45.8,47
362051,徳島県吉野川市,52.6,54.1,54.7,56.2,57.5,59,60.3,61.9,63.6
362069,徳島県阿波市,52.6,54.1,55.7,58.1,59.1,60.7,62.4,64.1,65.8
362077,徳島県美馬市,57.7,57.3,58.7,60.2,61.6,63.1,64.1,65.5,66.9
362085,徳島県三好市,64.8,67.9,68.9,69.8,70.2,68.6,68.5,69.8,70.6
363014,徳島県勝浦町,59.3,65,65.3,65.8,66.4,66.5,67.1,66.8,66.5
363022,徳島県上勝町,63.6,65.1,64.6,65.4,66.1,67,68.4,68.9,68.6
363219,徳島県佐那河内村,69,70.2,71.2,72.4,72.7,73.8,74.6,75.2,73.7
363413,徳島県石井町,47.3,48.7,50.4,52,52.3,53.5,54.7,55.8,57
363421,徳島県神山町,68.9,65.7,69.6,70.4,70.5,71.8,71.2,70.6,71.9
363685,徳島県那賀町,62,64.4,66,67.5,68.9,70.3,71.7,72.9,73.4
363839,徳島県牟岐町,62.6,64.3,66.3,67.3,68.3,68.7,66.4,67.9,70.8
363871,徳島県美波町,68.2,69.7,71.1,72.4,73.6,74.8,75.9,77.1,78.2
363880,徳島県海陽町,63.8,65.6,67.4,69.1,66.3,67.6,68.9,70.6,72.3
364011,徳島県松茂町,,39.1,38.2,39.4,40,40.4,41.1,41.2,42
364029,徳島県北島町,42.1,43.7,45.4,47,48.5,49.8,51.3,52.9,54.3
364037,徳島県藍住町,55.1,,59.3,61,62.9,65,67,68.9,70.9
364045,徳島県板野町,65.4,67.1,68.5,69.6,71.2,72.9,74.5,76,77.5
364053,徳島県上板町,46.8,50.3,52.1,47.1,48.9,50.2,52,53.7,55.5
364681,徳島県つるぎ町,74.5,78.7,80.2,80.5,78.2,79,80.3,81.1,82.3
364894,徳島県東みよし町,49.6,51.2,52.8,54.1,54.8,56.3,57.3,58.8,60.2
372013,香川県高松市,,53.5,50.4,52.1,53.8,55.2,56.7,50,50.9
372021,香川県丸亀市,62.7,64.2,65.7,67.3,68.8,70.3,71.2,70.4,71.2
372030,香川県坂出市,74,73.8,74.2,75.3,75.8,75.4,75,75.9,76
372048,香川県善通寺市,57.3,59,60.6,62.2,63.2,64.9,66.5,68.2,69.8
372056,香川県観音寺市,56.4,57.7,58.9,60.3,61.2,61.1,60.4,60.8,61.3
372064,香川県さぬき市,,32.5,34.8,76.1,77.5,78,78.9,79.9,80.7
372072,香川県東かがわ市,58.4,59.5,60,61,61.8,62.6,63.7,64.5,65.9
372081,香川県三豊市,57.5,59.2,59.4,60.1,61.1,61,60.6,60.4,60.8
373222,香川県土庄町,,75.5,78.1,79.5,80.6,81.7,83,84.1,85.2
373249,香川県小豆島町,,,,,64.4,43,34.2,33,29.6
373419,香川県三木町,,65.3,66.6,67.9,69.2,70.2,71.5,72.5,73.6
373648,香川県直島町,75.2,75.5,77,78.4,79.6,81.1,82.5,83.9,85.3
373869,香川県宇多津町,53.7,55.3,57,58.6,60.2,61.9,63.5,65.1,66.3
373877,香川県綾川町,53.7,55.3,57,58.2,59.7,61.3,62.9,64.5,66
374032,香川県琴平町,50.8,51.9,52.6,53.6,54.5,55,55.3,56.2,56.4
374041,香川県多度津町,47.6,49.3,50.9,51.5,52.5,53.7,55.3,56.2,56.7
374067,香川県まんのう町,64.1,65.7,66.2,67.8,67.8,68.9,69.5,70.6,71.5
382019,愛媛県松山市,,39.5,40.8,42.4,43.9,45.5,46.9,48,50.1
382027,愛媛県今治市,,74.2,72,73.1,73.9,73.4,71,71.4,72
382035,愛媛県宇和島市,59.6,60.7,62.1,63.4,64.8,65.9,67.2,68.5,69.8
382043,愛媛県八幡浜市,80.3,73.9,75,76.3,77.5,78.7,79.9,80,78.8
382051,愛媛県新居浜市,,53.7,55.3,56.4,57.8,59.5,61,62.5,64.1
382060,愛媛県西条市,58.9,58.8,59.9,61.6,63,62.9,64.2,65.5,66.9
382078,愛媛県大洲市,,63.2,63.9,64.7,65.3,66.1,65.4,61.4,62
382108,愛媛県伊予市,50.4,51.4,53.1,54.7,56.4,53.3,54,55.2,56.8
382132,愛媛県四国中央市,56.1,55.9,57.1,58.7,59.3,60.3,61.7,63,63.8
382141,愛媛県西予市,68.3,61.8,61.5,62.7,64.2,64.3,64.9,65.1,65.5
382159,愛媛県東温市,61.8,51.4,53.1,54.7,56.4,58,59.1,59.4,59.9
383562,愛媛県上島町,50.8,52.5,53.4,51.8,49.6,60.7,42.3,64.1,65.8
383864,愛媛県久万高原町,72.1,73.5,74.7,76.2,77.6,79,80.2,81,81
384011,愛媛県松前町,58.6,60.3,61.9,63.4,64.9,66.5,66.9,67.4,68.1
384020,愛媛県砥部町,,,,,,,,,
384224,愛媛県内子町,59.4,61.9,63.4,64.9,66.4,67.8,69.2,68.4,69.8
384429,愛媛県伊方町,17.6,23,24.4,25.7,27.1,28.5,30,31.4,31.9
384844,愛媛県松野町,52.2,53.9,55.4,56.3,58,59.2,58.9,59.4,60.6
384887,愛媛県鬼北町,53.6,54.6,56.2,57.8,59.4,60.6,61.7,61,61.3
385069,愛媛県愛南町,42.5,44,45.4,46.9,48.1,49.6,50.9,52.2,53.4
392014,高知県高知市,,45.8,47.3,48.8,50,51.2,52.4,53.4,54.6
392022,高知県室戸市,78,81.4,80.8,81.7,82.7,81.3,78.1,81,77.6
392031,高知県安芸市,56.6,57.1,58.4,59.8,61.4,63,63.1,62.5,60.8
392049,高知県南国市,48.5,54.5,56.2,57.7,57.3,59.1,66.9,64.4,64.8
392057,高知県土佐市,55,56.6,57.6,59.1,60.8,62.5,64.1,65.8,67.4
392065,高知県須崎市,36.4,52.4,53.6,54.8,55.3,56.3,57.4,56.3,58.6
392081,高知県宿毛市,66.6,67.8,68.9,70.3,71.5,72.2,71,71.1,72.3
392090,高知県土佐清水市,65.2,68.6,70,71.3,72.2,71,75.2,72.2,72.6
392103,高知県四万十市,54.7,56.1,57.7,59.3,60.5,62,63.1,64,65.1
392111,高知県香南市,41.5,43,44.6,46.3,47.6,48.1,48.1,49.6,51.2
392120,高知県香美市,77.2,69.6,71.1,72.7,74.2,75.7,76.6,76.5,77.1
393011,高知県東洋町,,85.9,86.7,87.4,87.4,81.9,83.5,83.5,85.1
393029,高知県奈半利町,61.6,64.6,64.6,64.5,66.1,62.7,64.3,65.8,66.4
393037,高知県田野町,43.6,45.2,45.2,46.8,48.4,48.8,50.4,52,53.6
393045,高知県安田町,46.4,48.1,49.7,51.3,52.9,54.5,56.1,51.7,52.7
393053,高知県北川村,68.1,97.7,94.1,94.5,94.8,95.1,95.4,95.7,96
393061,高知県馬路村,78.3,80.7,79,80.9,81.4,81.3,82.4,82.7,81.6
393070,高知県芸西村,59.3,60.6,61.8,63.4,65,65.4,66.1,67.3,68.9
393410,高知県本山町,70.1,73.5,,,,78,76.9,80,81
393444,高知県大豊町,42,79.6,79.5,80.2,78.6,78.9,79,77.1,75.9
393631,高知県土佐町,87.5,89.4,82.6,83.2,84.1,85,86,85,87.2
393649,高知県大川村,80.6,81.1,83.3,,,,,,
393860,高知県いの町,69.5,70.9,72.1,72.4,73.2,73.6,74.2,74.6,75.3
393878,高知県仁淀川町,74.4,75.9,75.3,78.5,79.8,81.4,82.4,83.8,82.9
394017,高知県中土佐町,78.2,79.1,80.1,80.9,81.3,79.9,79,78.7,79.6
394025,高知県佐川町,35.1,35.6,37.1,38.7,40.3,41.9,38.4,38.3,39.5
394033,高知県越知町,73.7,75,76,77.1,76.3,77.3,78.4,78.4,80.8
394050,高知県梼原町,75.6,73,74.6,75.6,77.2,78.5,79.1,79.6,79
394106,高知県日高村,49.6,51.3,47.6,49.1,50.1,75.6,77.2,78.7,80.1
394114,高知県津野町,91.7,91,91.2,90.6,88.7,87.9,86.9,86.3,86.4
394122,高知県四万十町,58.9,59.4,60,60.9,62,62,62.6,61.9,62.4
394246,高知県大月町,59.8,63.3,64.9,66.4,67.9,69.4,70.9,44.6,44.2
394271,高知県三原村,52.6,55.1,56.7,58.3,57.5,59.1,59.7,61.3,66.3
394289,高知県黒潮町,63.2,64.2,65.1,66.6,67.6,69,70.4,70.6,71.8
401005,福岡県北九州市,,,,0.5,2.2,3.9,5.7,7.4,9.1
401307,福岡県福岡市,56.7,57.9,58.9,60.4,54.8,62.7,63.4,65.2,66.9
402028,福岡県大牟田市,70.5,71,71,72.3,71.2,69.6,70.7,71.7,72.7
402036,福岡県久留米市,,50.8,52.3,53.8,55.1,56.8,58.1,61.4,62.9
402044,福岡県直方市,,41,42.7,44.1,45.6,47,48.6,50.1,51.7
402052,福岡県飯塚市,,,,,,,97.4,98.8,98.8
402061,福岡県田川市,46.8,47.7,49.4,51.1,52.7,54.4,56.1,58.1,59.8
402079,福岡県柳川市,56.8,58.4,60.1,61.7,62.8,64.2,65.6,67.1,68.7
402109,福岡県八女市,46.1,47.4,48.9,50.7,51.1,52.6,53.9,55.4,56.5
402117,福岡県筑後市,40.1,41.1,42.8,44.3,46,47.7,49.3,50.9,52.5
402125,福岡県大川市,80.3,81.1,81.9,82.4,83,83.6,84.1,84.6,85.1
402141,福岡県豊前市,34,35,,,,,,,
402150,福岡県中間市,59.3,64,,,,,3.3,83.7,84.1
402168,福岡県小郡市,60.1,58.3,60,60.2,61.9,61.1,59.7,61.4,62.2
402176,福岡県筑紫野市,57.5,59,60.6,62,63.5,64.8,65.9,67.4,68.8
402184,福岡県春日市,,,,,,,,,
402192,福岡県大野城市,,45.9,47.6,49.3,50.8,52.5,54,55.3,56.6
402206,福岡県宗像市,52.8,54.3,54.9,56.5,56.5,58,59.5,61,62.3
402214,福岡県太宰府市,42.7,44.3,46,47.7,49.3,50.8,51.8,53.4,55.1
402231,福岡県古賀市,60.6,61.9,63.8,59.6,60.5,61.4,62.5,63.3,64.2
402249,福岡県福津市,51.3,48.8,49.2,49.6,50.3,50,51.7,53,52.3
402257,福岡県うきは市,76.2,76.8,76.9,77.3,77.5,77.8,78.6,78.7,79.2
402265,福岡県宮若市,57.6,59.8,59.6,61,62.3,63.6,65,66.3,67.3
402273,福岡県嘉麻市,45.1,48.3,48.3,49.7,51.1,52.6,53.7,55.1,56.7
402281,福岡県朝倉市,,55.2,56.5,58.2,59.8,60.8,61.5,61.6,63.2
402290,福岡県みやま市,67.7,68.9,70.4,71.6,72.7,74.2,75.6,76.8,77.9
402303,福岡県糸島市,,61,59.3,60.6,62.2,63.8,63.6,64.9,64.2
402311,福岡県那珂川市,63.6,65.1,66.5,68,69.4,70.9,72.2,73.6,73.1
402311,福岡県那珂川市,63.6,65.1,66.5,68,69.4,70.9,72.2,73.6,73.1
402311,福岡県那珂川町,63.6,65.1,66.5,68,69.4,70.9,72.2,73.6,73.1
402311,福岡県那珂川町,63.6,65.1,66.5,68,69.4,70.9,72.2,73.6,73.1
403415,福岡県宇美町,71.6,,70.1,71.7,74.9,75,75.8,77.3,70.9
403423,福岡県篠栗町,45.9,45.8,47.5,49.3,50.9,52.6,53.8,55.5,56.4
403431,福岡県志免町,60.2,62,63.9,65.7,67.6,69.3,70.7,72.4,73.6
403440,福岡県須恵町,,74.7,75.7,77.1,78.7,80.2,81.4,82.8,84.1
403458,福岡県新宮町,,1.8,3.5,27.1,28.6,30.2,31.9,33.5,35.1
403482,福岡県久山町,49.7,51.4,50.4,52.1,53.3,54.9,56.5,57,53.4
403491,福岡県粕屋町,55.1,56.6,58.2,59.6,61.3,61.3,62.7,64.4,66.1
403814,福岡県芦屋町,,53,57,57.2,57.8,58.3,60,61.7,63.3
403822,福岡県水巻町,65.6,67.2,68.7,70.3,72,73.6,75.2,76.8,78.2
403831,福岡県岡垣町,56.2,57.2,58.6,59.4,60.6,61.4,61.5,62.7,63.7
403849,福岡県遠賀町,56.7,57.4,59.1,60.3,61.7,63.2,64.7,66.1,64.7
404012,福岡県小竹町,,29.9,31.4,33.1,34.8,36.5,38.2,39.9,41.6
404021,福岡県鞍手町,63.4,64.4,65.5,66.8,68.3,69.7,71.2,72.8,69.8
404217,福岡県桂川町,54.3,55.9,57.1,58.6,60.3,59.8,61.4,63.1,64.8
404471,福岡県筑前町,4.6,56.1,57.8,58.1,58.7,60.1,61.5,62.6,64
404489,福岡県東峰村,,,,,,,,77.3,74.5
405035,福岡県大刀洗町,49.6,60,60.3,59.3,60,61.4,62.5,63.5,64.6
405221,福岡県大木町,66.8,65,65.8,66.8,67.8,68.6,70.4,72.1,69.3
405442,福岡県広川町,,48.4,50.1,51.7,53.1,54.7,56.3,56.8,58.3
406015,福岡県香春町,37.6,37.7,41.1,41.2,41.7,40.1,42.2,41.1,41.7
406023,福岡県添田町,,36,65.9,67.1,68.7,71.6,71.4,72.9,74.4
406040,福岡県糸田町,55.3,57,57.8,58.5,60.2,61.8,63.5,65.2,
406058,福岡県川崎町,41.5,43.2,44.9,46.4,,49.8,51.4,52.6,54.2
406082,福岡県大任町,65.3,66.8,69.7,67.1,68.4,69.8,75.5,76.9,78.4
406091,福岡県赤村,41.2,21,22,23.1,25,24.6,25.6,26.6,27.7
406104,福岡県福智町,62.7,64.2,66,67.9,71.8,72.7,74.5,76.3,78.2
406210,福岡県苅田町,41.9,43.5,45.2,46.5,47.7,49.1,50.6,52.2,53.7
406252,福岡県みやこ町,,49.9,51.3,52.6,54.1,55.2,56.5,58.1,59.8
406422,福岡県吉富町,82.6,82.6,84.9,86.1,87.2,82.6,68.8,,
406465,福岡県上毛町,,,57.1,58.5,60.5,61.5,61.3,64.1,
406473,福岡県築上町,39.5,40.9,42.3,43.8,45.3,46.6,47.8,49.3,50.8
412015,佐賀県佐賀市,,49.1,50.6,52,53.3,54.8,56.2,57.7,59
412023,佐賀県唐津市,89.1,89.6,90.2,90.7,91.2,91.7,92.2,92.7,93.2
412031,佐賀県鳥栖市,41.7,45,46.6,47.8,49.5,50.6,52,54.6,56
412040,佐賀県多久市,52.3,53.3,52.9,52.9,54.2,53.6,54,55.4,57.5
412058,佐賀県伊万里市,53.6,56.1,57.7,59.3,60.9,62.5,64.1,65.7,67.2
412066,佐賀県武雄市,57.9,59.5,60.5,59.6,60.9,62.2,62.1,63.1,62.4
412074,佐賀県鹿島市,42.7,44.3,45.7,47.2,48.8,50.3,51.9,53.4,54.9
412082,佐賀県小城市,57.5,58.7,59.8,61,62.1,63.3,64.7,65.9,67.1
412091,佐賀県嬉野市,,52.4,53.6,54.8,56.1,56.6,57.8,59.3,59.6
412104,佐賀県神埼市,,68.5,68.7,69.7,70.8,71.3,72.3,73,73.9
413275,佐賀県吉野ヶ里町,3,49.4,47.3,49,51.1,53.1,53.7,55.1,56.6
413411,佐賀県基山町,49.5,52.9,52.4,53.9,55.3,57,58.5,60.2,61.7
413453,佐賀県上峰町,54,55.7,57.4,59,60.4,61.8,63.1,64.5,65.8
413461,佐賀県みやき町,57.2,58.5,59.9,61.2,62.4,63.5,64.6,65.8,67.2
413879,佐賀県玄海町,45.7,46,47.1,47.5,23.4,24.6,26.2,27.9,29.4
414018,佐賀県有田町,58.8,59.7,60.8,62.3,63.6,65.2,66.8,68.3,69.8
414239,佐賀県大町町,61.5,68.4,70,71.1,72.7,73.4,74,75.5,77
414247,佐賀県江北町,44.4,47.1,48.4,49.8,51.6,53.3,54.9,56.6,58.3
414255,佐賀県白石町,55.1,56.6,58.1,59.6,61.2,61.8,63.4,64.9,66.4
414417,佐賀県太良町,4.8,24.9,27.3,28.3,29.9,31.3,32.7,34.2,36
422011,長崎県長崎市,,59.4,61,42.8,43.4,45.2,44.4,44.6,45.6
422029,長崎県佐世保市,,75.2,67.1,68.4,69.7,71,72.3,73.5,76.1
422037,長崎県島原市,35.3,35.5,35.1,32.8,34.1,36,32.1,29.1,28.8
422045,長崎県諫早市,,54.1,55.1,55.8,57.4,57.7,58,58.2,59.2
422053,長崎県大村市,,60.7,62,63.4,65.3,67.9,69.2,70.5,70
422070,長崎県平戸市,60.5,61.7,29.4,21.7,23.5,25.3,22.2,23.8,25.5
422088,長崎県松浦市,,57.3,58.6,60.1,61.3,62.5,63.9,65.4,66.5
422096,長崎県対馬市,,44,46.6,47.4,48.8,50.4,52.1,53.8,53.4
422100,長崎県壱岐市,,60.8,62.4,64.2,65.9,67.3,68.8,68.7,71.7
422118,長崎県五島市,,51.8,53.4,54.6,55.8,56.3,57.6,59.3,59.5
422126,長崎県西海市,,25.3,26.8,28.3,29.9,31.4,32.9,37.8,39.6
422134,長崎県雲仙市,53.4,,,,,75.5,76.4,77.3,77.5
422142,長崎県南島原市,56.8,58.4,60,61.6,63,64.6,66.1,67.7,69.3
423076,長崎県長与町,58.9,60.2,51,52.1,53.5,54.9,56.4,54.4,55.9
423084,長崎県時津町,,35.2,28.2,27.6,25.3,27.2,29.2,25.6,25.5
423211,長崎県東彼杵町,36.8,38.1,39.6,41,42.5,43.9,45.2,46.7,47.9
423220,長崎県川棚町,55.4,56.9,58,59.5,,62.3,63.2,64.3,65.9
423238,長崎県波佐見町,53.7,54.8,56.8,56.3,59.7,61,62.3,64.8,66.3
423831,長崎県小値賀町,57,58,59.1,60.2,58.7,59.8,60.9,62,63.2
423912,長崎県佐々町,,71,45.7,47,46.8,48.5,49.4,50.5,51.8
424111,長崎県新上五島町,,69.1,70.4,71.9,71.9,73.3,72.2,71.4,72
431001,熊本県熊本市,59.1,60.4,61.8,63.1,64.1,65,66.1,67.4,67.9
432024,熊本県八代市,,,,63.2,63.3,63.7,65.8,66.6,67.8
432032,熊本県人吉市,50,52,63.1,64.4,65.9,67.2,68.6,69.9,71.3
432041,熊本県荒尾市,44.9,44.9,46.6,48.3,50,50.1,70,72,73.2
432059,熊本県水俣市,60.6,69.3,69.9,70.9,72.2,73.5,74.8,76.1,77.1
432067,熊本県玉名市,95.9,95.6,92.2,59.4,60.8,62.7,56.5,58.1,58.8
432083,熊本県山鹿市,59.9,61.5,63,64.5,66,67.3,68.6,69.8,71
432105,熊本県菊池市,,52.2,53,54.5,55,56.2,57.4,58.7,59.9
432113,熊本県宇土市,35.5,78.6,79,79.6,79.8,80.1,80.7,81.3,81.7
432121,熊本県上天草市,,44.9,46.6,45.5,46.3,47.2,48.7,49,49.2
432130,熊本県宇城市,50,51.7,54.5,55.7,57.1,48.3,49.5,51.1,52.6
432148,熊本県阿蘇市,50.2,51.9,53.6,55.2,56.6,57.3,58.3,59.1,59.1
432156,熊本県天草市,,52.8,54.3,55.8,57.3,58.7,60.1,60.6,62.1
432164,熊本県合志市,48.7,50.5,52,53.5,55,56.6,58.3,60.1,61.9
433489,熊本県美里町,64.8,63.8,65.1,64.9,65,65.2,64.9,65.6,65.9
433641,熊本県玉東町,46.7,47.7,48.6,50.2,51,55.8,57.4,59,60.5
433675,熊本県南関町,64,61.2,57.8,54.8,49.4,51.5,53.5,55.6,52.1
433683,熊本県長洲町,58.3,61.4,62.2,63.4,63.3,64.4,69.6,66.9,68.2
433691,熊本県和水町,61.6,63.1,64.1,65.2,66.6,66,69.2,68.9,70.2
434035,熊本県大津町,62.9,64.4,65.6,66.9,64.8,64.8,65.7,67.1,68.4
434043,熊本県菊陽町,,46.8,48.1,49.4,50.8,52.1,53.4,54.7,50.3
434230,熊本県南小国町,37,38.2,39.7,41.1,42.6,43.8,45.2,46.6,48
434248,熊本県小国町,,50.3,51.7,78.5,79.9,81.2,82.6,82,83.4
434256,熊本県産山村,59.9,61.4,62.9,64.5,65.9,67.4,68.9,70.3,71.1
434281,熊本県高森町,56,57.6,59.2,60.3,52.6,47,48.2,48.4,50
434329,熊本県西原村,57.4,59.2,61,62.7,64.5,66.1,63.6,64.7,65.5
434337,熊本県南阿蘇村,,55.1,56.4,57.6,58.3,59.5,58.9,53.1,54.5
434418,熊本県御船町,57.6,59.2,51.6,53,54.6,55.9,56,57.4,59.1
434426,熊本県嘉島町,59.6,61.4,63.3,63.9,63.9,62.5,64.1,63.9,62.9
434434,熊本県益城町,,60.8,62.3,63.8,65.3,66.8,68.3,34,35.5
434442,熊本県甲佐町,51.6,65.4,75.2,76.2,79.4,82.2,85.3,72.6,73.7
434477,熊本県山都町,53.5,55.1,56.7,58.2,58.8,59.3,60.7,61.2,62.7
434680,熊本県氷川町,54.4,94.1,94.3,94.2,94.5,94.3,94.5,94.8,94.5
434825,熊本県芦北町,,27.3,28.8,30.3,31.7,42.1,43.6,45,46.4
434841,熊本県津奈木町,61.8,64.8,66.4,68.1,69.7,71.3,71.6,71.8,72.2
435015,熊本県錦町,67.1,68.3,47.8,49.2,50.4,51.7,52.6,50.8,51.9
435058,熊本県多良木町,56.3,56.3,58,59.6,60.8,62.2,63.9,65.6,67.2
435066,熊本県湯前町,60.3,61.9,63.2,64.7,63.5,64.6,65.6,67.1,68.6
435074,熊本県水上村,36.5,38,38.5,39.9,39.7,42.3,43.2,44.1,45.1
435104,熊本県相良村,50.7,52.4,53.2,54.9,56.6,58.3,60,61.7,63.4
435112,熊本県五木村,,47.1,48.5,49.9,51.1,52.4,53.7,54.9,56
435121,熊本県山江村,55.1,58.3,42.4,37.2,35.6,27.6,28.5,26.9,
435139,熊本県球磨村,55.9,60.1,60.6,62.3,63,64.6,65.6,66.9,65
435147,熊本県あさぎり町,51.2,52.7,54,55.1,55.5,58.1,59.1,60.5,62
435317,熊本県苓北町,,,,67.4,68.3,68.3,68.9,66,66.5
442011,大分県大分市,40.3,41.9,42.7,45.4,43.4,43.4,43.5,42.8,42.5
442020,大分県別府市,82.7,,83.7,78.7,75.8,75.8,80.8,79.2,79.1
442038,大分県中津市,56.7,57.1,57.4,57.2,57.2,57.7,58,58.5,58.7
442046,大分県日田市,,,,,66,67.2,68,68.8,69.8
442054,大分県佐伯市,57.9,59.3,60.6,55.4,56.5,57.9,58.8,59.5,60.8
442062,大分県臼杵市,59.2,60.4,62.1,63.2,64.7,64.2,65,66.4,68
442071,大分県津久見市,45.9,47,48.3,49.2,50.3,51.1,52.1,53.1,54.1
442089,大分県竹田市,46.7,48.2,49.7,51.3,52.9,54.4,55.8,57.2,58.5
442097,大分県豊後高田市,67.3,68.1,69.1,70.2,70.7,71.3,71.2,71.7,71.3
442101,大分県杵築市,27.2,28.3,30,31.7,33.4,35.1,36.8,84.1,84.5
442119,大分県宇佐市,54,55.4,56.2,57.6,58.7,59.7,60.6,61.8,65.8
442127,大分県豊後大野市,51.4,52.7,53.9,55.1,56.2,57.4,58.6,59.5,60.8
442135,大分県由布市,51.8,53.4,54.8,56.4,57.5,59.1,60,61,62.4
442143,大分県国東市,75.3,75.8,77.4,77.4,78,78.6,78.9,79,79.3
443221,大分県姫島村,28.6,29.1,30.7,31.5,33.1,34.6,36.2,37.8,39.4
443417,大分県日出町,47.5,48.1,52.8,54.4,55.6,57,58.7,60.2,61.8
444618,大分県九重町,68.4,68.7,70.1,70.9,71.3,72.6,72.5,72.9,73.7
444626,大分県玖珠町,54.6,55.7,56.6,57.8,58.2,58.5,60.5,61.6,62.6
452017,宮崎県宮崎市,49.8,51.3,52.6,54,55.3,56.7,53.2,54.8,55
452025,宮崎県都城市,57,58.6,60.3,61.7,62.1,63.7,65.1,66.6,67.9
452033,宮崎県延岡市,47.7,49.1,50.7,52.2,53.3,54.8,56.3,57.5,58.9
452041,宮崎県日南市,,54,55.7,57.4,59.1,60.6,62.1,63.2,64.6
452050,宮崎県小林市,,57.5,58.9,60.4,61.7,63,64.3,65.7,66.9
452068,宮崎県日向市,,22.5,24.1,25.8,27.5,29.2,30.9,32.3,33.9
452076,宮崎県串間市,,52.2,53.9,58.3,59.7,61,62.4,63.8,65
452084,宮崎県西都市,65.3,66.5,67.7,68.8,69.8,69.4,69.9,71,72.1
452092,宮崎県えびの市,,56.5,57.9,59.2,60.6,61.9,56.7,58,59.4
453412,宮崎県三股町,,67.3,68.8,70.2,71.5,72.8,74.2,75.6,76.9
453617,宮崎県高原町,,58.1,56.2,57.7,59.2,60.7,62,63.3,64.8
453820,宮崎県国富町,51.5,53,54.1,55.4,56.6,57.7,58.8,59.8,61.2
453838,宮崎県綾町,,0,1.7,0.2,58.7,60.2,61.7,63.3,64.9
454010,宮崎県高鍋町,59.3,75.4,75.8,73.8,65.9,66.2,62.1,58.6,58.6
454028,宮崎県新富町,,35.8,56.2,57.4,58.5,59.7,60.8,61.9,63.1
454036,宮崎県西米良村,,34.7,37.8,35.7,37.5,38.9,40.2,40.7,42.6
454044,宮崎県木城町,62.5,64,62.8,62.7,62.8,62.3,62.4,62.7,63.2
454052,宮崎県川南町,57.3,60.4,60.9,62.2,63.5,64,65.3,63.6,64.1
454061,宮崎県都農町,83.3,85.5,87.3,86.4,85.9,85.6,80.7,80.7,81.1
454214,宮崎県門川町,54.9,56.4,58,46.9,48.6,50.2,51.9,53.6,55.3
454290,宮崎県諸塚村,,66.7,66.6,65.8,67.1,66.1,66.4,66.2,65.3
454303,宮崎県椎葉村,,,,61.4,62.7,63.9,65.3,66.6,67.7
454311,宮崎県美郷町,,,,,,,,,72.5
454419,宮崎県高千穂町,81.6,78,79.2,76.4,77.5,78.2,79.2,80.2,78
454427,宮崎県日之影町,60,61.2,61.7,63.1,63.9,61.2,62.6,63.2,64.6
454435,宮崎県五ケ瀬町,77.9,78.9,77.5,77.5,57.8,58.1,56.7,55.5,53.4
462012,鹿児島県鹿児島市,47.7,49.4,51.1,52.7,54.4,55.4,57.1,58.7,60.3
462039,鹿児島県鹿屋市,,64.7,66,67.6,69.1,70.5,71.9,73.2,74.5
462047,鹿児島県枕崎市,35.7,37.4,37.6,37.4,38.1,38.4,50.6,51.3,51.4
462063,鹿児島県阿久根市,,,0,1.7,3.4,1,77.4,76.2,74.1
462080,鹿児島県出水市,70.3,69.7,71,71.7,72.7,71,71.4,71.5,71.9
462101,鹿児島県指宿市,,71.4,72.6,73.7,74.4,75.7,76.9,78.1,79.3
462136,鹿児島県西之表市,74.3,73.4,74.6,75,74.8,77.9,77.3,76.7,77.7
462144,鹿児島県垂水市,50.8,52.4,51.7,52.7,52.9,53.8,54.9,57,58.4
462152,鹿児島県薩摩川内市,53.5,54.5,55.2,56.5,57.6,59.1,41.6,42.8,41.8
462161,鹿児島県日置市,50.5,52,53.6,53.8,53.8,56.5,57.4,57.9,59
462179,鹿児島県曽於市,58.9,60.5,61.9,63.4,64.9,66.2,67.4,68.6,69.8
462187,鹿児島県霧島市,59.4,55.5,57,57.9,59.2,60.4,61.7,63,67.1
462195,鹿児島県いちき串木野市,,0,,0,1.7,1.7,5.1,55.3,56.9
462209,鹿児島県南さつま市,,57.7,59.2,60.2,60.2,59.4,61.7,62.7,64.8
462217,鹿児島県志布志市,48.7,50,51.6,53.2,54.7,52.6,54,55.5,54.9
462225,鹿児島県奄美市,,69.5,69.9,70.1,69.5,69.7,69.8,69.7,70
462233,鹿児島県南九州市,89,89,91.3,90.4,90.8,92.5,92.4,93.2,93.8
462241,鹿児島県伊佐市,60.7,,57.6,56.6,58.2,59.7,55.1,53.2,
462250,鹿児島県姶良市,66,62.1,63.1,63.8,64.2,64.8,66.1,67.3,69.4
463035,鹿児島県三島村,66.7,70.3,70.3,72.1,74,75.8,66,62.2,64
463043,鹿児島県十島村,,,28,,,,3.4,4.1,5.8
463922,鹿児島県さつま町,,,31.8,33.3,35,36.5,37.8,39.1,40.9
464040,鹿児島県長島町,,62.5,64,65.4,66.7,68,71.8,73.1,74.3
464520,鹿児島県湧水町,,60.6,63.1,64.1,64.8,65,65.9,66.8,68
464686,鹿児島県大崎町,36.8,33.6,31,32.6,30.5,30.6,31.5,33.1,34.3
464821,鹿児島県東串良町,,69.8,68.4,72.5,,75.2,76.5,77.8,80.3
464902,鹿児島県錦江町,54.2,32.1,34.1,34.2,36,36.3,37.3,39,41
464911,鹿児島県南大隅町,,,,,55.1,56.3,57.9,58.7,60.3
464929,鹿児島県肝付町,,1.7,3.4,5,4.7,16.7,20.6,26.5,33.2
465011,鹿児島県中種子町,47.1,48.7,49.7,50.4,52,53.7,55.3,56.9,56.6
465020,鹿児島県南種子町,,44.1,45.6,45.2,45.1,45,44.6,44.8,45.4
465054,鹿児島県屋久島町,,66,64.6,65.5,66.8,66.7,68,67.2,67.1
465232,鹿児島県大和村,,73.9,75.1,73.8,74.6,75.3,75.4,76.2,76.4
465241,鹿児島県宇検村,74.7,76.3,77.9,77.4,74.5,74.7,76.2,76.8,77.8
465259,鹿児島県瀬戸内町,27.1,16.3,18,19.7,21.4,23.1,23.9,25,26.7
465275,鹿児島県龍郷町,66.2,67.7,69.2,70.7,72,73.2,69.2,70.4,66.5
465291,鹿児島県喜界町,86.7,90.1,,,,,,,
465305,鹿児島県徳之島町,67.4,68.9,54.7,55.8,57.4,57.8,58.6,59.5,60.4
465313,鹿児島県天城町,,11,35.1,36.6,37,38.4,40.1,41.9,43.7
465321,鹿児島県伊仙町,,44.8,46.3,47.9,49.8,47.3,48.3,49.5,51.2
465330,鹿児島県和泊町,36.9,54.4,55.8,57.1,58.4,62.7,63.8,65,66.2
465348,鹿児島県知名町,61.3,62.2,63.8,65.5,66.8,68.1,69.4,70.6,71.9
465356,鹿児島県与論町,67.9,93.9,94.3,94.6,95,95.3,95.6,96,96.3
472018,沖縄県那覇市,,40.2,41.8,43.4,45,46.6,48.2,49.8,51.5
472051,沖縄県宜野湾市,47,18.4,20.1,21.8,23.4,25,26.7,28.4,19
472077,沖縄県石垣市,51.9,64.9,61.3,62.9,62.3,64,63.8,69,70.8
472085,沖縄県浦添市,,58.6,60.4,60.4,64.6,67.2,68.1,68.1,69.4
472093,沖縄県名護市,,52.6,46.6,48.3,50,51.7,53.4,55.1,46.9
472107,沖縄県糸満市,40.9,,44.4,46.2,47.9,49.7,49.9,50.3,46.7
472115,沖縄県沖縄市,,,,,,49.3,51.4,52.7,54.4
472123,沖縄県豊見城市,34.6,36.3,35.7,36.6,38.3,40,41.7,43.4,45.1
472131,沖縄県うるま市,48.5,50.2,51.9,53.6,54.9,56.6,56.9,58.6,60.3
472140,沖縄県宮古島市,29.5,35.5,37.2,38.9,40.4,42.1,43.8,45.3,47
472158,沖縄県南城市,47.6,100,100,99,54.5,56.1,56.9,58.5,60.1
473014,沖縄県国頭村,,20.2,32.6,33.7,35.3,35.8,36.3,36.3,37.9
473022,沖縄県大宜味村,,43.5,44.8,45.2,47,47.8,49.5,50.1,51.9
473031,沖縄県東村,49.6,51.3,43.6,45.3,47,48.7,49.1,50.8,52.4
473065,沖縄県今帰仁村,41.5,43.6,45.6,47.6,49.3,51.3,53.2,55,57
473081,沖縄県本部町,,40.1,40.9,38.6,40.3,37.3,37.2,38.3,40
473111,沖縄県恩納村,,33.6,53.5,52,53.7,50.8,52.5,51.8,50.6
473138,沖縄県宜野座村,76.8,81.5,83.6,83.9,77.9,76.3,67.4,57.6,56.3
473146,沖縄県金武町,26.1,53.6,49.6,51.1,50.9,50.2,50.7,52,48.4
473154,沖縄県伊江村,,,,,,,,,
473243,沖縄県読谷村,26.1,22.7,23.1,24.4,26.1,26.9,28.6,24.9,26.7
473251,沖縄県嘉手納町,44.1,46.9,42.3,44,39.9,40.1,40.5,42,43.9
473260,沖縄県北谷町,38.5,41.1,42.5,43.3,45,46.7,47.9,51,52.7
473278,沖縄県北中城村,54,55.7,55.5,57.2,42.7,44.4,45.1,47,48.8
473286,沖縄県中城村,,52.3,54,55.7,48.2,49.9,51.6,52.3,52.2
473294,沖縄県西原町,,44.5,46.1,48.2,50,52,46.2,51.6,49.4
473481,沖縄県与那原町,,15,14.9,16.6,18.3,20,21.5,22.3,24
473502,沖縄県南風原町,41.7,42.7,44.4,46.1,47.8,49.5,51.2,52.6,54.2
473537,沖縄県渡嘉敷村,53.1,26.1,27.8,29.5,31.2,32.9,34.6,36.3,38
473545,沖縄県座間味村,34.4,36.1,37.8,39.5,41.2,42.9,44.6,46.3,48
473553,沖縄県粟国村,42.2,44.9,46.6,48.3,50,51.7,53.4,55.1,56.8
473561,沖縄県渡名喜村,,,,,,,,,
473570,沖縄県南大東村,41.5,39.8,41.5,43.2,44.9,46.6,48.3,50,40.4
473588,沖縄県北大東村,61.2,62.9,64.6,66.3,68,69.7,71.4,73.1,74.8
473596,沖縄県伊平屋村,,32.4,34.1,35.8,37.5,39.2,40.7,42.4,43.3
473600,沖縄県伊是名村,36.4,39,40.7,42.4,44.1,45.8,47.5,49.2,43.7
473618,沖縄県久米島町,27,30.6,32.3,34,35.7,37.3,38.2,39.6,41.3
473626,沖縄県八重瀬町,46.1,47.8,49.5,51.2,52.9,53.5,53.8,55.5,57.2
473758,沖縄県多良間村,51,52.7,54.4,56.1,57.8,59.5,61.2,62.9,64.6
473812,沖縄県竹富町,,,,,,,,,
473821,沖縄県与那国町,39.8,,45.9,47.6,49.3,51,52.7,54.4,56.1
