団体コード,団体名,2016-03-31,2017-03-31,2018-03-31,2019-03-31,2020-03-31,2021-03-31,2022-03-31,2023-03-31,2024-03-31
011002,北海道札幌市,,79.8,81.6,81.6,83.5,86.1,87.5,61.6,76.6
012025,北海道函館市,,58.5,60.4,62.3,64.2,66,67.8,69.6,71.4
012033,北海道小樽市,,55.5,,,,,,,
012041,北海道旭川市,48.7,50.8,52.7,54.7,56.7,57.6,61.6,64.8,66.6
012050,北海道室蘭市,,,,0.4,,,,,
012068,北海道釧路市,,60.7,62.7,64.7,66.6,68.6,70.5,72.5,73.5
012076,北海道帯広市,,,,,,,,,
012084,北海道北見市,61.3,63.3,65.2,67.9,69.2,70.7,75.5,57,60.6
012092,北海道夕張市,,94.6,96.8,99,100,100,100,100,100
012106,北海道岩見沢市,,,,,,,,,
012114,北海道網走市,,30.8,34.8,36.8,38.8,40.8,41,44.8,46.8
012122,北海道留萌市,87.2,92.6,93.9,95.4,96.2,97.5,97.9,98.7,98.8
012131,北海道苫小牧市,66,68.2,70.4,72.6,74.8,77,79.2,81.4,76
012149,北海道稚内市,,,,,,,,,
012157,北海道美唄市,,96.7,97,97.3,97.7,60.1,61.4,98.8,78.2
012165,北海道芦別市,,,,,,,,,
012173,北海道江別市,,47,48.9,50.7,52.7,51.4,53.6,55.5,57.2
012181,北海道赤平市,49.6,73.6,75.7,77,79.2,81.4,81.4,85.8,88
012190,北海道紋別市,87.2,87.2,88.6,96.5,99.7,99.7,92.8,92.9,87.5
012203,北海道士別市,83,84.7,86.3,87.8,89,90,90,93.2,93.8
012211,北海道名寄市,60.1,68,67.5,35.3,37.1,39.8,42.5,45.2,47.8
012220,北海道三笠市,72.4,74.4,78.3,80.3,80.3,82.3,84,87.3,88
012238,北海道根室市,47.8,49.5,37,34.9,37.8,40.7,42.5,45.7,49
012246,北海道千歳市,69.1,68.3,72.6,74.6,76.3,78.1,100,100,100
012254,北海道滝川市,,,60.1,63.9,58.3,67.9,69.4,71.4,73.5
012262,北海道砂川市,35.9,38.8,41.7,44,46.9,49.8,52.7,55.6,58.5
012271,北海道歌志内市,,,,,,,,,
012289,北海道深川市,,78.1,,,,86.1,88.1,90.1,90.9
012297,北海道富良野市,,,83.6,83.6,87.6,89.6,89.6,93.6,93.6
012301,北海道登別市,65.6,67.5,69.6,71.7,71.8,73.5,73.1,,
012319,北海道恵庭市,53,49.4,57.1,61.3,58.4,60.5,64.4,66.4,69
012335,北海道伊達市,,,,,,,,,
012343,北海道北広島市,,43.3,46.8,50.2,53.7,57.2,60.7,64.2,67.7
012351,北海道石狩市,98.7,100,100,100,100,100,100,87,88.7
012360,北海道北斗市,70,72,74,76,78,78,82,84,86
013030,北海道当別町,,100,100,100,100,100,100,100,100
013048,北海道新篠津村,,,,,,,,,
013315,北海道松前町,95.4,,88.5,90,91.6,93.1,94.7,96.2,97.8
013323,北海道福島町,,,87.7,88.2,86,88,88.3,92,94
013331,北海道知内町,,,,,73.1,74.6,74.3,77.2,79
013340,北海道木古内町,74,76,78,80,50.5,54,50.9,54.8,58.7
013374,北海道七飯町,,45,46.2,48.2,50.2,52.3,54.3,57.4,59.3
013439,北海道鹿部町,,77.8,80.4,79.1,81.7,83,85.5,86.8,92.9
013455,北海道森町,81.7,85.7,87.7,89.7,91.7,93.8,95.8,96.3,96.7
013463,北海道八雲町,100,100,100,100,100,100,100,100,100
013471,北海道長万部町,,,,,,,,,
013617,北海道江差町,,,,,,83,85.9,87.3,88.7
013625,北海道上ノ国町,,,,,,,,,
013633,北海道厚沢部町,,,,,,,,,
013641,北海道乙部町,64,66,68,70,69.2,71.4,73.1,75.3,76.5
013676,北海道奥尻町,,,,,,,,100,7.6
013706,北海道今金町,54.7,,,,,,,,
013714,北海道せたな町,,,,,,,,,
013919,北海道島牧村,,,,,,,,,
013927,北海道寿都町,,46.2,48.8,51.3,55,57.2,59.4,61.6,63.8
013935,北海道黒松内町,,,,,,,,78.6,83.2
013943,北海道蘭越町,,,,,,,,,
013951,北海道ニセコ町,,45.3,47.3,,,,,,
013960,北海道真狩村,67.8,,,,,80,82,84,86.1
013978,北海道留寿都村,,,,,,,,,
013986,北海道喜茂別町,,,,,,,,,
013994,北海道京極町,64,66,68,70,72,74,76,78,80
014001,北海道倶知安町,90.9,94.7,,93.7,94.6,95.5,95.9,96.3,96.8
014010,北海道共和町,,,,40.5,42.8,41.6,44.2,37.9,39
014028,北海道岩内町,72.6,,,,,,,,
014036,北海道泊村,,60,45.1,47.1,49.1,51.1,53.1,55.1,57.1
014044,北海道神恵内村,,,,,,,,,
014052,北海道積丹町,,,58,59.5,51.3,50.5,54.5,54.4,57.9
014061,北海道古平町,,,,,,,,,
014079,北海道仁木町,,,,,,,,,
014087,北海道余市町,69.2,,75.2,75.8,76.6,79.1,81.6,83.7,86.2
014095,北海道赤井川村,,,,,,,,,
014231,北海道南幌町,,,,,,,,,
014249,北海道奈井江町,72,,,76,78,80,82,84,88
014257,北海道上砂川町,,,,,,,,,
014273,北海道由仁町,,,,,,,,,
014281,北海道長沼町,,,,,,,,,
014290,北海道栗山町,54.4,57,58.6,59.6,61.9,66.1,68.5,70.2,72.5
014303,北海道月形町,,,,,,,,,
014311,北海道浦臼町,,,,,,,,,
014320,北海道新十津川町,,,,,,,,,
014338,北海道妹背牛町,,,,,,,,,
014346,北海道秩父別町,,66.9,63,64.5,66,67.2,68.8,70.2,68.2
014362,北海道雨竜町,,77.9,77.9,77.6,77.9,80,82.7,89.2,89.7
014371,北海道北竜町,,79,82.7,86.1,89.6,92.8,93.2,94.7,95.1
014389,北海道沼田町,,,,,,,,,
014524,北海道鷹栖町,80.8,78.7,47.8,34.2,36.5,39.9,43.3,46.7,50.1
014532,北海道東神楽町,37.9,43.1,,12.5,17.6,22.1,19.2,24.4,29.4
014541,北海道当麻町,43.3,48.5,51.2,51.1,12.6,17.6,20.1,22.6,25.2
014559,北海道比布町,,48.5,90.9,92.7,12.6,96.2,97.9,98.3,98.7
014567,北海道愛別町,100,80.3,77.9,63.8,61.8,60.5,64.1,67.8,71.4
014575,北海道上川町,,,,,,,,,
014583,北海道東川町,,,,,,28.5,35.1,41.6,48.2
014591,北海道美瑛町,100,100,100,100,50.7,52.1,53.8,57,58.7
014605,北海道上富良野町,77.8,74.1,74.7,80.4,75.2,76.9,75.2,76.9,77
014613,北海道中富良野町,,69.7,72.2,74.6,76.9,76,79.4,81,82.7
014621,北海道南富良野町,65.1,59.2,60.7,62.8,65.2,66.3,68.6,70.2,72.5
014630,北海道占冠村,,,,,44,50,51.4,53.5,55.5
014648,北海道和寒町,63.8,65.4,67.4,67.2,68.4,68.7,69.9,71.1,72.3
014656,北海道剣淵町,,,,,,,,,
014681,北海道下川町,,,65,67.8,70.5,72.8,74.5,75.9,78.8
014699,北海道美深町,,,,,,,,,
014702,北海道音威子府村,,,66.2,72.8,75.2,77.5,79.9,82.2,84.5
014711,北海道中川町,15.1,32.3,40.6,56.3,57.3,60,74,82.4,90.9
014729,北海道幌加内町,,90.3,91.3,92.2,93.2,94.2,95.2,83.6,84.7
014818,北海道増毛町,,,,,,,,,
014826,北海道小平町,,99.8,82,91.5,100,,,,83.7
014834,北海道苫前町,,48,50,45.8,52.8,48.9,51.1,40.3,43.1
014842,北海道羽幌町,,,,63,65,67,60.3,63,65.8
014851,北海道初山別村,,46.3,48.3,48.3,49.6,52.3,53.3,57.7,57.5
014869,北海道遠別町,,,,,,,,,
014877,北海道天塩町,,,,,,,,,
015113,北海道猿払村,,,,,,,,,
015121,北海道浜頓別町,,,,,,,,,
015130,北海道中頓別町,,,,,,,,,
015148,北海道枝幸町,,,,,,,,,
015164,北海道豊富町,,,,,,37.3,41,46,47.8
015172,北海道礼文町,,,,,,,,,
015181,北海道利尻町,52,56,58,60,62,64,66,67,68.3
015199,北海道利尻富士町,,,,,,,,50.2,52.5
015202,北海道幌延町,11,10.1,13.6,17,20.5,23,27.4,30.8,
015431,北海道美幌町,,,,,,,,,
015440,北海道津別町,66,68,70,69.4,68.7,69.4,69.4,79.3,85.6
015458,北海道斜里町,53,46.8,48.4,49.7,51.4,57.7,56.1,57.2,59.2
015466,北海道清里町,,39.1,,,46.5,48.7,22,52.5,54.1
015474,北海道小清水町,,73.7,74.8,75.9,77.1,78.2,38.7,,
015491,北海道訓子府町,62.8,62.8,66.8,68.8,70.8,72.8,74.8,76.8,77.4
015504,北海道置戸町,76.7,77.6,61.3,56.5,,57.3,53.9,55.5,57.4
015521,北海道佐呂間町,,,,,,,,,
015555,北海道遠軽町,,74.8,,80.6,82.1,83.6,85.1,86.6,82.4
015598,北海道湧別町,100,98.2,36.8,35.3,46,50.6,55.2,59.8,64.4
015601,北海道滝上町,65.9,87.8,63.8,66,89.9,90.3,91,92.5,92.5
015610,北海道興部町,,77.1,82,81.1,62.1,63.5,65.2,90,91.7
015628,北海道西興部村,59,61.8,65.4,77.7,79.7,81.7,83.7,85.5,87.3
015636,北海道雄武町,,,,,,,,,
015644,北海道大空町,76.8,62.9,64.5,80.8,82.5,84.2,85.9,87.6,88.7
015717,北海道豊浦町,,,,,,,,,
015750,北海道壮瞥町,99.7,100,100,100,100,100,100,100,100
015784,北海道白老町,66.8,68.5,70.1,71.8,72.5,74.3,76.8,78.5,75
015814,北海道厚真町,70.3,82.6,73.4,75,76.5,78.1,83.1,81.2,82.7
015849,北海道洞爺湖町,,100,,,,,,,
015857,北海道安平町,34.4,58.5,,50.2,52.3,53.7,56,57.7,60
015865,北海道むかわ町,,,,,,,,,
016012,北海道日高町,,66,68,70,72,74,76,78,80
016021,北海道平取町,28.9,74.3,76.3,78.3,80.3,79.5,82.5,84.8,86.5
016047,北海道新冠町,,,,,,,,,
016071,北海道浦河町,,85.3,45.6,49.6,49.6,,,,
016080,北海道様似町,,80,82,84,86,85.2,87.2,89.2,91.2
016098,北海道えりも町,,,,,,,,,
016101,北海道新ひだか町,,,,71.9,73.5,73.2,73.3,74.4,73.4
016314,北海道音更町,,74.2,72.4,74.9,77.2,80.4,82.2,83.4,84.2
016322,北海道士幌町,,87.9,89.2,90.5,91.7,,93.6,81,94.5
016331,北海道上士幌町,,,,,,,,,
016349,北海道鹿追町,,62.6,,66.9,68.3,69.8,71.3,72.7,74.2
016357,北海道新得町,,66.1,68.1,70.1,72.1,71.8,73.8,69.8,71.2
016365,北海道清水町,,71.7,73.7,75.8,77.9,80,82.2,84.2,86.3
016373,北海道芽室町,42.8,45,47.2,46,73.9,75.6,66.6,68.7,68.8
016381,北海道中札内村,,,,,,,,,
016390,北海道更別村,,,,,,,,,
016411,北海道大樹町,,36,,,,,,,
016420,北海道広尾町,,96.6,87,100,100,100,100,100,100
016438,北海道幕別町,,67.4,70.3,73.2,76.1,81.9,84.8,65,88.3
016446,北海道池田町,76.1,,,,,,,,
016454,北海道豊頃町,25.5,30,31.9,,,,,,
016462,北海道本別町,,31.9,34.4,36.8,,41.7,44.1,44.1,48.9
016471,北海道足寄町,,,,,,,,,
016489,北海道陸別町,66,68,70,70.5,72.6,74.8,76.9,79,77.3
016497,北海道浦幌町,,,80,82,84,88,90,92,94
016616,北海道釧路町,,,,,,64,64.1,65.7,66.8
016624,北海道厚岸町,,65.2,67.2,69.2,71.2,73.2,73.2,82.6,81.1
016632,北海道浜中町,,,,,62.9,69.3,71.1,,
016641,北海道標茶町,,,100,100,100,98,100,100,100
016659,北海道弟子屈町,,100,100,100,100,100,100,100,100
016675,北海道鶴居村,,,,,,,,,
016683,北海道白糠町,,71.1,73.2,74.9,76.8,76.4,80,82,84
016918,北海道別海町,77.1,78.6,80.1,81.8,83.8,85.8,87.8,19.8,21.9
016926,北海道中標津町,,,,,,,,,
016934,北海道標津町,,,,,,,,,
016942,北海道羅臼町,90.9,93,94.8,96.5,98.3,,,,
022012,青森県青森市,,42.2,44.2,46.1,48.1,49.8,51.7,53.4,55
022021,青森県弘前市,,66.7,68.6,70.5,72.4,74.3,76.2,78.1,79.8
022039,青森県八戸市,,47.9,46.9,47.9,50.5,52.5,54.6,56.7,58.4
022047,青森県黒石市,68.3,73.9,75.5,77,78.5,79.9,81.3,83.9,82.1
022055,青森県五所川原市,,81.5,82.8,83.4,84.8,83.5,85.5,87.5,89.6
022063,青森県十和田市,66.9,72.9,74.9,79,,,,,
022071,青森県三沢市,,73.6,76.1,57.5,59.9,62.3,64.7,67.1,69.4
022080,青森県むつ市,,69.3,69.7,70.4,71,72.3,73.7,75.1,75.4
022098,青森県つがる市,65.3,74.1,76.1,78.3,80.4,73.5,75.7,78.1,80.6
022101,青森県平川市,,74.4,76.1,,,48.2,46.9,49,50.8
023019,青森県平内町,,86.2,87.5,88.7,90,91.2,92.5,93.7,95
023035,青森県今別町,70.9,72.5,74.1,75.7,77.4,79,80.7,81.1,84
023043,青森県蓬田村,52.3,54.6,56,58.4,59.9,60.3,62.9,65.5,68.1
023078,青森県外ヶ浜町,,79.8,88.1,89.2,90.3,91.3,92.4,93.5,94.6
023213,青森県鰺ケ沢町,42.4,68.8,74.6,,,80.8,82.4,84.3,85.2
023230,青森県深浦町,83.3,85.1,87,88.9,68.1,70,71.9,73,74
023434,青森県西目屋村,61.1,63.8,63.7,68.9,71.3,73.8,74.3,76.9,79.5
023612,青森県藤崎町,45.3,44.8,36,38.9,44.6,47.4,49.8,50.2,53.1
023621,青森県大鰐町,,90.2,92.2,94.2,96.2,97.5,97.3,96.7,83.6
023671,青森県田舎館村,72.9,74.8,,76.4,46.1,26.6,29.2,7.5,10.4
023817,青森県板柳町,77.2,78.9,80.5,82.1,83.7,85,86.6,87.1,98.1
023841,青森県鶴田町,67.8,69.7,71.7,73.6,75.6,77.5,79.5,81.5,83.4
023876,青森県中泊町,,89.2,,,,98.4,97.7,98.2,
024015,青森県野辺地町,78.6,81.6,82,83.9,83.9,85.7,85.6,87.2,92.8
024023,青森県七戸町,82.3,82.9,83.4,84,84.6,82.7,83.5,80.6,81.5
024058,青森県六戸町,57.8,59.5,61.2,62.9,64.6,77.7,80,83.1,84.5
024066,青森県横浜町,65.5,66.7,65.9,67.1,68.5,69.8,65.9,72.6,73.4
024082,青森県東北町,,81.7,84,85.7,87.6,89.6,91.8,93.8,95.7
024112,青森県六ケ所村,,57,58.7,60.3,60.6,59.9,59.9,63.5,53.6
024121,青森県おいらせ町,69.5,74.2,76.6,79,80.5,82,82.1,83.7,
024236,青森県大間町,,50,52.7,55.4,58,60.7,63.3,66,68.6
024244,青森県東通村,,,,,,,,,
024252,青森県風間浦村,98.9,99.5,100,100,100,100,100,100,100
024261,青森県佐井村,,,,,,,,,
024414,青森県三戸町,84.6,84.6,86.2,87.7,89.1,89.6,90.7,91.9,93.1
024422,青森県五戸町,70,70,72,75,77,78.4,80.4,82.4,84.3
024431,青森県田子町,71.8,75.3,78.4,76.7,78.6,79.7,81.6,86.9,85.3
024457,青森県南部町,71,72.9,74.8,65.1,,81.5,82.6,80,81.3
024465,青森県階上町,56,66.6,68.6,70.6,72.6,74.6,76.6,77.1,77.7
024503,青森県新郷村,77.1,78.7,80.4,81.6,82.8,83.9,85.1,76,77.4
032018,岩手県盛岡市,,42.7,44.8,46.1,41,42.6,44.9,48.2,50
032026,岩手県宮古市,65.3,60.4,62.4,71.9,73.5,73.8,73.6,75.1,76.7
032034,岩手県大船渡市,,40.6,42.8,45.1,47.4,45.2,52,,
032051,岩手県花巻市,70.3,72.6,74.6,73.7,75.7,68.7,75.3,,
032069,岩手県北上市,,,,,,,,,
032077,岩手県久慈市,,56.6,54.8,,,86.9,86.9,86.9,
032085,岩手県遠野市,80.4,,82.3,84,85.7,87.5,87.4,86.7,68
032093,岩手県一関市,,,,,,,,,
032107,岩手県陸前高田市,,19.9,18.4,21.3,25.4,27.3,30.5,32.8,36.9
032115,岩手県釜石市,85.4,85.8,82,59.2,61.5,63.5,64.4,66.3,68.1
032131,岩手県二戸市,,78.4,79.8,81.4,82.9,84,69.4,99.6,
032140,岩手県八幡平市,,57.4,60,62.7,65.1,67.8,65.7,70.6,70.6
032158,岩手県奥州市,,100,100,100,99.4,99.4,99.4,99.4,99.5
032166,岩手県滝沢市,82,84.8,,,,,,,
033014,岩手県雫石町,,71.5,69.7,70.4,70.7,72.9,75,74.7,76.9
033022,岩手県葛巻町,76.6,78.6,80.5,82.5,84.4,86.4,88.3,90.3,88.1
033031,岩手県岩手町,74.1,85.7,89.5,84.3,84.6,83.7,84.6,85.4,84.3
033219,岩手県紫波町,,69.5,71.4,72.1,74.2,76.2,78.1,77.9,81
033227,岩手県矢巾町,,56,58,60,57.1,58.9,60.9,62.9,64.9
033669,岩手県西和賀町,,75.8,78.1,80.2,82,83.7,85.4,87.1,91.2
033812,岩手県金ケ崎町,,60.6,60.3,67.8,68.3,67.7,65.4,66.5,65.4
034029,岩手県平泉町,,80.8,82.1,83.3,84.6,85.9,87.1,13.3,18
034410,岩手県住田町,,61.5,63.9,66.3,68.8,48.8,48.9,53.2,57.1
034614,岩手県大槌町,,,,,,,,24.6,21.7
034827,岩手県山田町,,62.3,64.2,64.4,65.9,67.5,69.7,74.2,74.2
034835,岩手県岩泉町,,,,,,,,,
034843,岩手県田野畑村,,31,33.7,38.6,39.2,41.9,44.4,46.8,49.3
034851,岩手県普代村,,,,,,,,,
035017,岩手県軽米町,73.6,74.8,76.9,79,81.2,83.3,85.5,87.6,89.6
035033,岩手県野田村,,,81.4,83.6,85.8,88,75.6,77.8,80
035068,岩手県九戸村,,71.3,72,73.9,75.9,76.2,77.8,78.6,80.8
035076,岩手県洋野町,,100,100,100,100,100,100,100,100
035246,岩手県一戸町,,70.3,72.4,74.6,76.7,78.5,78.5,,
041009,宮城県仙台市,,42.3,44.7,44.2,44.9,46.7,46.2,47.4,48.9
042021,宮城県石巻市,,78.9,80.6,44.7,26.8,27.7,29.9,32.9,35.1
042030,宮城県塩竈市,,81.2,83.1,85,85,88.5,90.2,91,91.8
042056,宮城県気仙沼市,,,,,,66.6,27.4,29.5,30.6
042064,宮城県白石市,,59.2,61.7,64.9,67.7,71.1,73.7,76.9,79.5
042072,宮城県名取市,47.7,38.5,39.7,25.3,28,30.7,34.5,37.4,31.4
042081,宮城県角田市,,68.7,70.9,70.5,72.3,73.5,74.9,75.7,76.4
042099,宮城県多賀城市,,60.2,63,65.7,68.5,71.3,74.1,76.5,79.3
042111,宮城県岩沼市,62.3,62.3,64.6,68.6,70.5,70.7,72.7,65,76
042129,宮城県登米市,,46.5,47.6,49.7,52.5,54.9,54.9,57.1,59
042137,宮城県栗原市,,83.3,84.5,86.1,86.1,87.1,97.1,89.1,90.1
042145,宮城県東松島市,72.8,29.4,76.6,78.9,82.1,84.2,86.1,87.9,89.8
042153,宮城県大崎市,,,,,,68.6,69.5,70.2,70
042161,宮城県富谷市,49.8,51.8,53.7,54.8,56.9,59,61.1,63.2,67.4
043010,宮城県蔵王町,72.7,74.8,76.9,78.9,81,82.7,84.4,86,87.7
043028,宮城県七ケ宿町,69.3,60.7,63.5,67,71.9,74.7,77.2,78.3,79.6
043214,宮城県大河原町,66.7,68.7,70.7,72.7,74.7,76.7,78.7,80.7,82.7
043222,宮城県村田町,97.5,97.8,98.1,98.4,98.6,96.9,97.2,97.5,97.7
043231,宮城県柴田町,62.7,66,64.2,68.8,68.2,71.3,73.5,73.7,78.5
043249,宮城県川崎町,81.5,89.2,91,93.2,94.8,96.3,97.3,97.8,98.2
043419,宮城県丸森町,,,,,,,,,
043613,宮城県亘理町,,59,60.8,62.5,64.2,74.8,76.7,79,80.3
043621,宮城県山元町,97.2,99.9,100,9.2,11.1,10.9,12.8,14.7,16.6
044016,宮城県松島町,,,79.6,81.5,83.3,85.2,87,88.9,90.7
044041,宮城県七ケ浜町,38.9,40.9,81,41.3,38.3,40.4,42.8,45.3,47.7
044067,宮城県利府町,,52,54,56,58,60,4.3,7.4,10.6
044211,宮城県大和町,,,,,,,,,
044229,宮城県大郷町,75.8,78.1,80.3,82.5,84.5,86.1,86.7,89.6,91.6
044245,宮城県大衡村,,,,70.4,61.4,63.4,63.4,68.2,73
044440,宮城県色麻町,,,,,88,90.2,92.4,94.6,95.9
044458,宮城県加美町,,59.2,68.2,82.8,84.7,86.9,41.7,34.6,37.2
045012,宮城県涌谷町,29.5,41.5,44.1,46.8,22.8,52,56,57.4,59.9
045055,宮城県美里町,,,,,,,,,
045811,宮城県女川町,,,,,,,,,
046060,宮城県南三陸町,,,22.7,23.8,17.1,27.4,23,25.9,28.9
052019,秋田県秋田市,76,79.1,75.6,,,,,,
052027,秋田県能代市,69.3,72.6,73.6,74.1,73.5,78.2,79.2,81.3,82
052035,秋田県横手市,,55.4,57.6,59.4,58.9,61.2,63.4,65.6,65.7
052043,秋田県大館市,,63.2,65.6,67.7,69.9,72.1,74.3,75.9,75.5
052060,秋田県男鹿市,71.8,,,,79.1,83,84.4,85.5,87.1
052078,秋田県湯沢市,,59,60.9,62.9,64.8,66.7,62.9,64.6,65.9
052094,秋田県鹿角市,,,,,,,,,
052108,秋田県由利本荘市,,61.1,62.1,64.3,66.4,68.5,70.6,69,70.8
052116,秋田県潟上市,79.6,81.2,80.2,69.9,70.1,72.2,69.5,71.7,53.7
052124,秋田県大仙市,73.7,76.3,86.4,71.6,74.5,60.7,61.9,64.3,59.8
052132,秋田県北秋田市,,73.2,,,,78.2,,56.6,59.3
052141,秋田県にかほ市,,71.1,73.3,75.4,77.6,79.7,81.7,83.3,84.9
052159,秋田県仙北市,,82.8,86.5,90.8,92.7,94.3,95.7,96.9,98.2
053031,秋田県小坂町,76.5,83.4,85.8,87.5,83.6,85,86.4,87.9,80.6
053279,秋田県上小阿仁村,,82.9,100,100,100,100,100,95.6,95.8
053465,秋田県藤里町,87,86.3,88.2,80.8,82.8,84.5,86.6,88.5,90.9
053481,秋田県三種町,55.7,58.7,61.8,64.9,37.4,28.1,31.6,34.8,38
053490,秋田県八峰町,53.5,71.1,70.4,72.6,74.8,77,79.2,81.4,83.6
053619,秋田県五城目町,75.5,78.1,80.2,82.3,84.3,86,87.7,89.3,91
053635,秋田県八郎潟町,,,,,,,,51,53.7
053660,秋田県井川町,,60.2,64.3,68.3,72.1,75.9,79.7,83.5,80.3
053686,秋田県大潟村,90,93,95.1,96.9,98.5,97.7,97.4,97.2,97.3
054348,秋田県美郷町,51.3,54,56.7,59.4,62.1,64.8,67.3,70,72.9
054631,秋田県羽後町,46,55.5,57.5,59.5,61.6,63.7,65.7,68.1,70
054640,秋田県東成瀬村,,,34.8,38.7,41,43.5,45.8,48.1,50.3
062014,山形県山形市,34,34,36,38,37.8,38.6,38.3,41.1,42.6
062022,山形県米沢市,86.7,86.3,87.8,89.5,91.3,93,94,92.3,92.6
062031,山形県鶴岡市,66.5,74.5,76.7,74.9,79.8,82,84.2,86.4,88.7
062049,山形県酒田市,68.1,53.4,56.3,59.1,61.8,64.8,67.7,70.7,69.1
062057,山形県新庄市,68.4,68,70.8,73.6,75.6,74.7,77.7,62.5,65.2
062065,山形県寒河江市,,,,,,,,,96.6
062073,山形県上山市,75.8,42.6,45.2,44.2,46.5,46.6,47.7,50.3,52.7
062081,山形県村山市,,71.7,82,84,81.7,83.7,85.7,87.7,89.7
062090,山形県長井市,,77.6,80.5,,,,,,
062103,山形県天童市,50.6,51.5,54.6,57.7,56,54.6,57.7,56,59.4
062111,山形県東根市,30.2,32.4,34.6,36.8,39.4,40.7,43,44.4,46.8
062120,山形県尾花沢市,,,,,,,,,71.8
062138,山形県南陽市,64.3,66.5,69,71.5,73.4,75.3,74.4,77,78.5
063011,山形県山辺町,,57.1,59.7,62.2,64.5,70.5,71.8,73.1,74.1
063029,山形県中山町,,,,,,93.4,96.3,98.2,100
063215,山形県河北町,65.9,68.8,71.6,74.5,75.4,77.6,79.8,82.1,84.3
063223,山形県西川町,80.2,82.6,84.7,86,87.4,88.7,89.4,90.8,92.1
063231,山形県朝日町,53.2,44.3,48.9,46.5,50.3,52,56.9,56.7,58.3
063240,山形県大江町,,4.8,8.5,12,15.6,19.4,23,26.6,30.3
063410,山形県大石田町,,,,,,93.4,95.3,91.7,90.5
063614,山形県金山町,84.8,92.5,94.3,96.2,99.8,96.7,99.9,97.2,
063622,山形県最上町,,81.3,82.3,83.1,84.2,81.6,87.2,83.1,84.4
063631,山形県舟形町,82,84,51.4,53.3,55.3,56.8,53.2,55.3,57.3
063649,山形県真室川町,,,,,,,,,
063657,山形県大蔵村,73.4,,,,,,,,
063665,山形県鮭川村,60,63.8,65.3,67.3,69.4,70.9,73,75,75.3
063673,山形県戸沢村,,50.2,53.2,55.2,55.6,57.8,57.8,59.9,62.1
063819,山形県高畠町,34.7,47.5,49.4,51.5,53.6,55.7,57.8,59.5,60.8
063827,山形県川西町,,99,100,100,100,99.8,84.8,83.3,87.4
064017,山形県小国町,90.7,90.7,90.7,93.5,93.5,100,100,100,100
064025,山形県白鷹町,82,84,86,88,0,4.2,8.4,12.6,16.8
064033,山形県飯豊町,68.6,71.3,71.4,71.4,78.9,81.6,84.1,86.5,88.5
064262,山形県三川町,67.8,77.7,79.9,82.1,84.3,86.5,88.7,90.9,93.1
064289,山形県庄内町,,74.1,78.4,78.8,71.8,73,75,,
064611,山形県遊佐町,,79.5,80.8,,,,,,
072010,福島県福島市,,,,52.3,54.1,48.9,50.9,45.7,47.6
072028,福島県会津若松市,33.7,33.6,35.6,37.3,39.2,41.1,43,44.8,46.5
072036,福島県郡山市,50.7,46.7,49.6,51.7,53.8,54.8,56.9,58.7,57
072044,福島県いわき市,,52.9,54,63.6,59.3,61.2,62.4,64.3,64.4
072052,福島県白河市,,,49.7,51.2,52.6,54.2,55.8,57.2,58.7
072079,福島県須賀川市,75.7,77.4,79.3,61.5,53.2,43.2,47.7,47.1,
072087,福島県喜多方市,,68.6,66.7,68.7,70.9,62.2,63.6,69.4,68.3
072095,福島県相馬市,,,39,41.7,44.4,47.1,60.1,43.5,54.9
072109,福島県二本松市,,76.3,71.2,75.9,77.5,77.1,76.4,78.2,80
072117,福島県田村市,79.2,81.1,82.2,85.7,85.7,88.5,89.8,91,92.4
072125,福島県南相馬市,,,100,100,,,,,
072133,福島県伊達市,,,,,,,,,
072141,福島県本宮市,80.4,82.4,84.1,85.6,59.1,58.2,66.1,42.8,34
073016,福島県桑折町,,63.7,65.2,65.5,67.8,70.4,71.4,73.7,75.9
073032,福島県国見町,,,,,,54,56,56,60
073083,福島県川俣町,,60.3,63.6,66.4,67.8,70.1,63.9,54.6,52.1
073229,福島県大玉村,,,100,100,98.8,97.4,96.6,97.1,97.5
073423,福島県鏡石町,93.6,94.5,91.7,95,97.4,99,99.3,99.6,99.9
073440,福島県天栄村,,,,,,,,,
073644,福島県檜枝岐村,,,40,41.6,43.7,45.7,,,
073679,福島県只見町,,,,,,,,,
073687,福島県南会津町,,,49.4,51.4,35.9,43.8,53.4,56,
074021,福島県北塩原村,70.4,75.8,78.2,80,82.5,84.5,86.6,88.6,90.6
074055,福島県西会津町,,89,91,93,93.8,92.9,93.9,94.9,95.8
074071,福島県磐梯町,,66,68,70,72,72.9,74.9,76.9,78.1
074080,福島県猪苗代町,,,,,,,,,
074217,福島県会津坂下町,,67.2,67.1,68.3,68.1,70.3,66.6,67.7,67.7
074225,福島県湯川村,,,,,,,,,
074233,福島県柳津町,,,,53.9,57.8,61.7,68.1,71.8,75.4
074446,福島県三島町,,,,,,,,,
074454,福島県金山町,,97.2,99,78.7,79.6,77.2,75.3,75.8,77.4
074462,福島県昭和村,36.6,,,,,81,83.7,87.2,87.9
074471,福島県会津美里町,,,,,,,,,
074616,福島県西郷村,,,69.4,71.9,70.4,73.1,75.7,77.8,78.8
074641,福島県泉崎村,,69.6,71.7,74,75.4,75.4,77.8,79.7,82
074659,福島県中島村,,41.3,45.9,49.8,54.4,59,63.5,68.4,73
074667,福島県矢吹町,,,79.9,80.7,65.3,12.6,15.2,17.7,20.2
074811,福島県棚倉町,,,,,,,,,
074829,福島県矢祭町,,77,78.9,80.9,82.8,84.8,86.7,88.7,90.5
074837,福島県塙町,51,79.3,81.3,83.1,84.8,80.4,81.7,83.4,85.1
074845,福島県鮫川村,,,51.4,52.1,54.3,56.1,58.4,61.1,63
075019,福島県石川町,,,96.8,37.6,39.8,41.7,43.7,45.7,52.7
075027,福島県玉川村,,78,79,74.3,76.7,79.7,81.7,83.7,85.8
075035,福島県平田村,75.7,77.8,79.8,76,83.3,80,,,
075043,福島県浅川町,100,100,98.5,97.1,97.3,97.5,97.7,96.8,74.8
075051,福島県古殿町,,,25.1,28.7,32.6,36.3,40,65.9,69.5
075213,福島県三春町,,55.4,58.7,61.5,62.2,63.4,64.8,62.9,67.7
075221,福島県小野町,,68.5,72.9,77.3,71.7,74,81.9,83.4,84.9
075418,福島県広野町,55.3,53.2,69.1,70.9,76.4,81.7,83.7,80,82.7
075426,福島県楢葉町,,,88.5,90.5,92.6,94.7,96.7,97.5,98.2
075434,福島県富岡町,,,,,,,,,
075442,福島県川内村,,87.4,,,,95.1,95.4,95.8,96.1
075451,福島県大熊町,,47,57.2,38.1,40.5,40.5,42.9,45.4,47.3
075469,福島県双葉町,,82,83.4,,,,,,
075477,福島県浪江町,,,,,,95.9,5.7,5.7,7.8
075485,福島県葛尾村,,,,,,80,82,84,86
075612,福島県新地町,,,,,,72.9,39.9,42.2,43.5
075647,福島県飯舘村,,,,,,8.8,11,13.2,15.4
082015,茨城県水戸市,,87,88.5,90,,,,,
082023,茨城県日立市,,,,,,,,,
082031,茨城県土浦市,38.3,42.3,43.3,46,51.1,53.2,55.3,58.1,58.3
082040,茨城県古河市,48.9,68.2,69.9,57,58,59.6,61,60.6,62.6
082058,茨城県石岡市,69.1,71.1,68.8,71.1,72,72.7,74.6,76.4,74.9
082074,茨城県結城市,81.5,83.5,33.4,35.8,38.2,8.9,11.5,14.2,16.8
082082,茨城県龍ケ崎市,,,,,,,,,
082104,茨城県下妻市,65.5,67.6,69.5,71.7,73.9,75.7,78,80.2,82.3
082112,茨城県常総市,75.9,74.9,58.3,60.2,62.8,64.7,66.5,68.4,52.5
082121,茨城県常陸太田市,71.3,69.5,62.6,64.5,77.5,79.7,80.6,82.9,85
082147,茨城県高萩市,91.8,85.6,87.4,89.2,90.9,92.7,94.4,95,95.5
082155,茨城県北茨城市,86.3,85.3,86.4,87.5,88.6,89.7,90.7,91.8,92.9
082163,茨城県笠間市,,70.8,61.4,58.1,60.6,63.2,61.6,68.8,71.1
082171,茨城県取手市,73.5,65.4,67.5,69.6,70.6,72.5,73.7,71.7,73.5
082198,茨城県牛久市,45.4,49,49.3,52.4,55.7,59.2,61.5,51.3,54.5
082201,茨城県つくば市,,,,,,,,,
082210,茨城県ひたちなか市,,,,,,,,,
082228,茨城県鹿嶋市,46.4,48.6,42.6,44.9,45.2,45.4,47.6,49.9,51.2
082236,茨城県潮来市,81.3,79.5,81.3,75.1,76.3,76.9,74.2,76.2,78.2
082244,茨城県守谷市,42.1,54.8,58.4,60.1,41.7,44.3,46.9,49.4,49
082252,茨城県常陸大宮市,83,84.4,86.3,88,89.3,90.7,92,93.4,94.8
082261,茨城県那珂市,69.2,70.4,72.6,74.8,77,78.8,80.5,82.8,81
082279,茨城県筑西市,,54.3,47.2,48.8,50.5,43.5,42.2,45.7,45
082287,茨城県坂東市,,71.1,73.2,73.2,63.6,63.6,65.3,66.6,69.4
082295,茨城県稲敷市,,47.2,40.5,43.5,46.5,38.1,41.6,45,48.5
082309,茨城県かすみがうら市,,54.1,68.8,70.4,72,72.5,78.1,61.5,69.2
082317,茨城県桜川市,30.3,32.4,82,36.6,38.6,40.5,41.6,32.3,34.3
082325,茨城県神栖市,60.2,56,56,58,58.4,59.1,57.7,58.4,61.5
082333,茨城県行方市,58.3,59.4,61.5,63.7,62.1,64.3,66.4,68.3,69.2
082341,茨城県鉾田市,74.7,72.4,74.5,75.7,77.9,64.4,65.2,67.5,69.8
082350,茨城県つくばみらい市,,78.8,80.9,82.2,78.9,80.6,82.2,83.6,84.9
082368,茨城県小美玉市,65.4,67.2,78.4,80.1,81.9,83.6,85.4,86.4,87.5
083020,茨城県茨城町,,,,,,,,,
083097,茨城県大洗町,66,68,70,71.9,73.2,73.7,75,73.8,75.7
083101,茨城県城里町,77.4,79.6,81.6,83.3,84.9,86.6,88.3,90,91.6
083411,茨城県東海村,41.5,43.8,46.3,48.7,51,58.6,18.7,21.7,39.3
083640,茨城県大子町,,84.8,87,89.2,91.4,93.4,95.3,100,99.3
084425,茨城県美浦村,,58.2,61,61.6,64.3,66.6,66.4,69.2,72.1
084433,茨城県阿見町,48.1,44.5,46.6,48.6,49.1,51.2,53.3,55,57
084476,茨城県河内町,72.8,75,77.3,79.6,81.8,84.1,86.3,88.6,
085219,茨城県八千代町,82,84,86,88,90,92,94,95.5,97.5
085421,茨城県五霞町,,,59.5,,,66.4,68.5,72.5,72.5
085464,茨城県境町,67.1,68.9,70.9,72.9,74.8,74.6,78.8,78.5,80.7
085642,茨城県利根町,58.7,64.1,64.3,66.8,67.9,69.8,71.6,,
092011,栃木県宇都宮市,,46.9,48.6,50.8,50.5,52.3,53.8,57.3,59.2
092029,栃木県足利市,,54.9,57,59.1,57.9,60.1,62.3,64.5,66.7
092037,栃木県栃木市,,60,60.3,62.4,64.3,66.2,67.6,69.4,71.5
092045,栃木県佐野市,,66,68.6,69.9,71.2,73,74.3,75.9,77.7
092053,栃木県鹿沼市,49.2,51.7,51.7,54.5,57.1,59.6,49.8,53.6,56.3
092061,栃木県日光市,,76.3,31.4,32.1,25.9,22.6,25.2,27.8,35.7
092088,栃木県小山市,,43.6,82.3,84.3,87.5,88.8,91.4,96.1,94.6
092096,栃木県真岡市,50,63.1,65,67.9,67.9,68.7,70.5,72.3,73
092100,栃木県大田原市,,60.2,62.3,61.3,63.7,63.7,68,70.1,72.3
092118,栃木県矢板市,74.6,76.5,78.6,80.5,82.5,83.4,85.5,87.7,89.9
092134,栃木県那須塩原市,,57.1,56.9,58.7,60.9,62.6,62.3,63.5,64.8
092142,栃木県さくら市,63,66.1,64.6,66.2,68.3,63.1,65.3,67.5,69.6
092151,栃木県那須烏山市,,,,76.3,78.2,80.1,82,83.8,86.9
092169,栃木県下野市,,66,63.5,58.9,59,54.5,56.6,37,39
093017,栃木県上三川町,,,,93.7,94.8,98.2,98.3,98.5,6.7
093424,栃木県益子町,56,,60,62,57.2,59.7,68.7,62.5,65.2
093432,栃木県茂木町,83.8,85.9,50.2,52.4,54,48.7,50.6,26.7,54.4
093441,栃木県市貝町,,,39.1,76,78,80,82,84,86
093459,栃木県芳賀町,,,,,,,,,
093611,栃木県壬生町,69.5,58.7,58.3,60.8,60.5,63,51.6,54,56.3
093645,栃木県野木町,100,100,100,100,100,100,95.6,95.9,96.2
093840,栃木県塩谷町,,,,,,,,,
093866,栃木県高根沢町,,,,,,,,,
094072,栃木県那須町,49,,72.3,74.3,76.2,78.2,80.1,82,83.4
094111,栃木県那珂川町,79.5,81.6,83.8,85.4,86.9,88.3,89.7,90.9,92.7
102016,群馬県前橋市,,41.4,43.7,45.9,47.8,50,50.8,52.9,55
102024,群馬県高崎市,57.7,63.2,63.1,60.8,60.3,57.2,59.2,61.6,63.7
102032,群馬県桐生市,70,72.9,,,,74.1,76.2,78.6,83.7
102041,群馬県伊勢崎市,,55.6,58,54.5,54.8,57.5,59.5,61.5,63.4
102059,群馬県太田市,39,38,41.2,43.6,40.4,47.4,51.9,52.9,53.2
102067,群馬県沼田市,74.1,76.2,78.6,80.7,82.8,82.8,,,
102075,群馬県館林市,,51,53.3,53.8,49.8,51.6,54.1,56.5,58.9
102083,群馬県渋川市,49.7,52.1,54.8,56.4,59.5,61.2,63.7,66.2,68.5
102091,群馬県藤岡市,,74.8,75.8,77.8,78.1,75.9,55.3,47.4,48.2
102105,群馬県富岡市,71.1,,71.1,74.9,77.1,78.8,80.4,83.2,83.9
102113,群馬県安中市,49.4,57,58.8,61,62.8,65.1,66.3,68.6,70.5
102121,群馬県みどり市,55,57,59,59.5,50.4,54.2,,58.5,60.6
103446,群馬県榛東村,,96.8,99,100,100,100,100,100,100
103454,群馬県吉岡町,40,42,44,46,,50,51.9,53.9,55.7
103667,群馬県上野村,,,,,,,,,
103675,群馬県神流町,,,,,,,,,
103829,群馬県下仁田町,66,69.9,66.2,69.6,72.7,74.9,77.2,79.4,81.6
103837,群馬県南牧村,88.3,90.3,92.3,94.3,96.3,98.3,100,100,100
103845,群馬県甘楽町,78.3,57.7,61,64.3,67.6,70.9,74.2,77.3,80.5
104213,群馬県中之条町,77.9,78.9,80.9,82.8,84.8,86.7,88.7,90.2,93.6
104248,群馬県長野原町,,83.7,,,,29,,,
104256,群馬県嬬恋村,66.9,60.5,62.8,63.3,65.6,67.6,70,,
104264,群馬県草津町,,28.9,31.1,32.4,30.3,36,39.6,43.3,46.8
104281,群馬県高山村,,,,,,58.7,62.7,,
104299,群馬県東吾妻町,59.3,61.5,68.7,71.5,73.7,73.7,,,
104434,群馬県片品村,,89.8,90.4,57.7,63.9,67.5,66.9,70.5,77.8
104442,群馬県川場村,,,60,62,64,62,64.3,68.5,70.3
104485,群馬県昭和村,44.8,58,59.9,61.9,65.9,67.9,69.9,71.9,73.9
104493,群馬県みなかみ町,59.6,61.8,63.9,65.1,67.4,61.7,52.7,55.4,58.1
104647,群馬県玉村町,49,54.1,55.9,57.8,59.4,61.2,56.3,57.6,59.9
105210,群馬県板倉町,68.2,65.3,67.2,69.1,71.6,73.7,75.3,77.5,79.6
105228,群馬県明和町,74,76,,,,82.2,,,
105236,群馬県千代田町,,,,,,,,,
105244,群馬県大泉町,60.6,62.3,64.4,66.4,67.8,70,72.3,74.7,75
105252,群馬県邑楽町,86.5,88.4,90.4,7.6,11.3,22.3,25.9,29.3,
111007,埼玉県さいたま市,43.2,42.8,43.8,44.8,46,46.8,47.5,48.2,48.1
112011,埼玉県川越市,59.2,61.1,63.3,65.1,66.6,68.3,69.9,63.4,64.1
112020,埼玉県熊谷市,,64.2,65.7,67.3,68.8,70.4,72,73.6,73.3
112038,埼玉県川口市,46.4,45.5,41.4,40.8,43,42,43.3,42.9,45.2
112062,埼玉県行田市,,42.8,42.3,44.5,46.4,48.4,50.5,53.1,55.4
112071,埼玉県秩父市,45.4,47.2,41.3,43.5,45.8,48.1,50.3,52.5,54.8
112089,埼玉県所沢市,35,36.8,38.5,40.2,42.7,44.5,46,47.3,49.2
112097,埼玉県飯能市,,,,,,,,,
112101,埼玉県加須市,42.5,44.7,46.5,48,49.8,51.7,51.7,,
112119,埼玉県本庄市,,45.7,47.7,49.6,51.5,53.6,55.2,57.3,59.4
112127,埼玉県東松山市,,,,,,,,,
112143,埼玉県春日部市,52.9,54.5,56.4,58.2,60,62.1,64.1,66.1,67.5
112151,埼玉県狭山市,,62.5,51,53.7,56.3,57,59.9,62.6,65.2
112160,埼玉県羽生市,55.4,58.1,61.1,63.8,66.4,66.5,69.1,71,73.5
112178,埼玉県鴻巣市,49.3,51.2,53.2,34.9,33.3,34.7,37.3,39.2,40.6
112186,埼玉県深谷市,32.6,34.5,35.8,37.8,34.4,36.4,38.5,40.7,36.4
112194,埼玉県上尾市,,56.1,53.2,55.4,57.2,59.4,61.9,62.2,62.3
112216,埼玉県草加市,42.8,37.8,38.9,41.1,43.4,45.7,45.5,50.4,52.9
112224,埼玉県越谷市,31.8,33.4,34.8,36.8,38.5,39.6,38.3,39.5,44.2
112232,埼玉県蕨市,69.2,71.5,64.9,66.9,61.9,64.1,66.3,68.3,69.6
112241,埼玉県戸田市,81.8,80.9,83.2,80.2,82,84.3,86.7,88.6,90.5
112259,埼玉県入間市,47.5,52.4,54,56,58,59.9,61.5,62.6,62.7
112275,埼玉県朝霞市,68.2,69.7,74.4,71.9,73.7,75.8,75.7,75.2,76.4
112283,埼玉県志木市,77.8,64.4,54.4,60.7,61.5,53.9,56.4,58.9,61.4
112291,埼玉県和光市,55.3,57.3,59.5,60.7,61.8,63.9,66,67.7,69.8
112305,埼玉県新座市,,37.8,55.3,57.1,57.9,59.6,62,64,66.2
112313,埼玉県桶川市,48,56.9,50.1,54.3,56.3,51.7,54.5,56.9,51.5
112321,埼玉県久喜市,,54.7,55.9,57.6,59.5,61.4,63.3,65.1,67
112330,埼玉県北本市,64.1,66,68.1,69.6,71.7,73.8,75.9,78,79.6
112348,埼玉県八潮市,,46.8,48.8,50.8,52.8,54.8,56.8,46.5,48.6
112356,埼玉県富士見市,,73.5,66.3,68.7,70.8,50.6,51.5,53.4,64
112372,埼玉県三郷市,,77.6,79.6,81.7,,,,,
112381,埼玉県蓮田市,,30,32,30.2,30.2,32.2,34.3,36.4,38.5
112399,埼玉県坂戸市,62.5,65,65.8,66.7,66.7,68.3,70.2,72.2,73.3
112402,埼玉県幸手市,58.9,60.6,61.7,65.6,67.5,66.9,66.9,68.9,70.8
112411,埼玉県鶴ケ島市,,,,,,,,,
112429,埼玉県日高市,,57.3,59.2,62.1,64.9,67.6,69.9,72.9,51.5
112437,埼玉県吉川市,56.4,45.9,48.7,52,51.1,52.5,50.4,52.8,46.2
112453,埼玉県ふじみ野市,,62.3,64.5,66.6,67,58.7,72.3,74.5,71.8
112461,埼玉県白岡市,71.6,76,78,80,82,84,86,85.5,88.2
113018,埼玉県伊奈町,77,78.6,80.8,83.1,85.3,87.5,89.8,92,94.3
113247,埼玉県三芳町,,,31.8,34.5,37.1,39.8,42.3,44.8,47.4
113263,埼玉県毛呂山町,,57.5,58.4,61.7,65,68.3,71.5,74.7,74.8
113271,埼玉県越生町,,74.9,77,79.2,81.1,82.9,84.7,86.6,88.5
113417,埼玉県滑川町,,75.1,77.1,79,80.9,82.8,84.7,86.6,88.5
113425,埼玉県嵐山町,,,,,,,,,
113433,埼玉県小川町,83.9,85,86.1,86.8,85.8,70.3,72.2,74.1,76
113468,埼玉県川島町,73.7,75.4,76,78.4,79.5,81.4,83.3,57.7,86.2
113476,埼玉県吉見町,65.3,67.6,55.2,57,59,60.9,62.9,64.8,67.4
113484,埼玉県鳩山町,,60.4,62.5,64.5,62.8,65,66.8,66.8,70.6
113492,埼玉県ときがわ町,42.6,44.4,46.2,48.2,50.2,52.2,54.2,56.2,58.2
113611,埼玉県横瀬町,49.4,52.3,55.2,57.2,59.9,62.2,64.8,67.5,69.6
113620,埼玉県皆野町,,,88.2,88.7,89.3,89.8,90.3,90.9,91.4
113638,埼玉県長瀞町,,64.1,66.1,68.1,70.1,72.1,69.2,70.4,72.2
113654,埼玉県小鹿野町,65.4,65.8,67.3,67.2,64.2,60.3,61.2,61.7,72.1
113697,埼玉県東秩父村,69,71,73,74.8,78,73.5,81,83.7,86
113816,埼玉県美里町,,62.8,64.9,67.1,54.8,56.4,58.4,60.3,62.3
113832,埼玉県神川町,48,49.5,39.8,41.5,43.5,45.5,47.5,49.5,50.7
113859,埼玉県上里町,60.8,63,65.2,67.4,69.7,70.8,71.7,73.9,76.1
114081,埼玉県寄居町,70,72,68,70,72,74,76,78,79.2
114421,埼玉県宮代町,100,99.7,97.6,91,86.9,78.4,79.8,81.3,82.4
114642,埼玉県杉戸町,,65.9,68.1,70.2,72,73.5,73.8,75.4,74.3
114651,埼玉県松伏町,50.6,52.6,50.4,52.4,57.2,59.2,61.2,62.2,56.7
121002,千葉県千葉市,,51.9,52.7,46.4,47.3,49.1,51.4,53.7,62.7
122025,千葉県銚子市,47,42.5,45.3,48.2,51,42.4,41.3,43.1,45.5
122033,千葉県市川市,,,67.7,69.6,71.6,73.2,75,76,77.3
122041,千葉県船橋市,44.2,46.9,49.9,52.1,54.3,55.6,58,58.8,61.3
122050,千葉県館山市,68.7,70.6,74.2,77.1,78.9,80.7,77.2,77.9,76.2
122068,千葉県木更津市,,56.8,55.8,57,58.2,60.2,63,63.8,65.3
122076,千葉県松戸市,80,80.5,82.6,84.7,86.7,88.8,90.9,93,95.1
122084,千葉県野田市,,45.6,48,50.2,52.5,53.8,56.2,58.5,60.8
122106,千葉県茂原市,79.1,81.1,26.7,20,21.8,23.7,25.6,27.5,25.4
122114,千葉県成田市,,59.1,61.2,63.3,65.4,67.5,69.6,71.7,73.7
122122,千葉県佐倉市,,35.6,37.6,40.5,43,44.4,46.4,48.4,49
122131,千葉県東金市,67.4,,63.5,65.1,66.6,68,69,70.5,72
122157,千葉県旭市,76.1,77.1,77.5,79.7,81.7,80.9,82.3,84.5,85.3
122165,千葉県習志野市,,72.7,74.5,76.3,35.8,32.7,36.3,39.9,45
122173,千葉県柏市,,69.8,72.3,74.8,77.3,29,31.2,33.4,35.3
122181,千葉県勝浦市,,,,,,,,,
122190,千葉県市原市,,67.4,69.2,71,72,74,76.1,78.1,
122203,千葉県流山市,,79.3,79.6,83.3,82.1,76.2,86.9,83.9,83.9
122211,千葉県八千代市,,,,,,60.1,57.4,64.7,60.1
122220,千葉県我孫子市,,35.4,37.8,38.1,41.3,44.4,47.5,50.6,53.7
122238,千葉県鴨川市,59.9,61.7,66.8,68.7,70.8,73.1,75,77.3,79.2
122246,千葉県鎌ケ谷市,,43.6,45,47.2,49.4,51.3,53.3,50.7,52.7
122254,千葉県君津市,43.2,44.8,47.2,49.5,52.7,55,57,57.8,57.4
122262,千葉県富津市,74.8,76.5,80.6,82.4,84.1,83,84.6,85.9,87.2
122271,千葉県浦安市,,57.5,52.7,51.1,53.5,52.9,55.2,57.7,60.2
122289,千葉県四街道市,,63.4,65.3,67.1,69.1,69.6,71.4,73.4,75.4
122297,千葉県袖ケ浦市,43.1,44.8,45.5,47.2,48.8,50.7,52.4,54,56.5
122301,千葉県八街市,100,98.4,98.7,94.2,93.4,89,87.8,85.7,80.9
122319,千葉県印西市,43.5,45.7,48.2,50.6,53.2,55.6,46,48.2,46.8
122327,千葉県白井市,,52.7,54.1,55.8,38.8,41.6,43.1,45.3,66.6
122335,千葉県富里市,65.3,66.9,69,69.6,71.6,73.6,75.6,77.6,77.7
122343,千葉県南房総市,66.2,71,71,71.8,74.2,76.6,79.1,79.2,63.2
122351,千葉県匝瑳市,,35.7,38,35.6,38.1,40.6,43,45.5,48.1
122360,千葉県香取市,49.3,57.7,58,59.6,61.7,63.8,64.9,67.4,63.2
122378,千葉県山武市,,47.3,28,30.3,32.7,35.9,35.2,37.7,40
122386,千葉県いすみ市,51.1,53.1,55.1,57,56.6,60.4,62.1,45.2,47.3
122394,千葉県大網白里市,61,63.7,66.4,69.1,71.6,73.7,75.6,76.8,78.9
123226,千葉県酒々井町,,72,63.6,65.3,67,51.2,53.3,55.4,57.5
123293,千葉県栄町,,,,,,,,,
123421,千葉県神崎町,,,,,,,,,
123471,千葉県多古町,,,,,,,,,
123498,千葉県東庄町,47,48.6,53.4,55.1,56.8,57.2,62.2,60.9,62.7
124036,千葉県九十九里町,77.4,78.7,79.2,80.7,86.3,87.4,88.4,66.2,68.8
124095,千葉県芝山町,77.5,79.9,79.9,78.2,77.8,80.3,79.3,82.6,83.9
124109,千葉県横芝光町,,,,,,,,,
124214,千葉県一宮町,57.3,81.3,93.1,94.4,95.7,94.9,95.8,94.9,96.7
124222,千葉県睦沢町,67,76.5,70.8,73,74.8,77,79.2,82.5,83.7
124231,千葉県長生村,69,87.9,90,92.1,94.2,13.3,3.2,6.7,10.2
124249,千葉県白子町,,94,96,98,100,98.5,98.6,98.7,96.4
124265,千葉県長柄町,84.2,83.5,85.1,87.1,89.2,91.3,93.3,95.4,97.4
124273,千葉県長南町,,86,88,89.5,91.5,93.1,95.1,97.2,99.2
124419,千葉県大多喜町,77.1,79.1,81.1,83.1,69.6,71.7,65.6,66.9,
124435,千葉県御宿町,76,75.1,77.7,80.3,78.7,81.8,84.8,87.5,89.2
124630,千葉県鋸南町,61.1,61.6,60.5,63,65.5,68,70.5,73,75.5
131016,東京都千代田区,,,,,,,,,
131024,東京都中央区,,,,,,,,,
131032,東京都港区,,,,,,,,,
131041,東京都新宿区,,,,,,,,,
131059,東京都文京区,,,,,,,,,
131067,東京都台東区,,,,,,,,,
131075,東京都墨田区,,,,,,,,,
131083,東京都江東区,60.6,,,,,,,,
131105,東京都目黒区,,,,,,,,,
131113,東京都大田区,,,,,,,,,
131121,東京都世田谷区,,,,,,,,,
131130,東京都渋谷区,,,,,,,,,
131148,東京都中野区,,,,,,,,,
131156,東京都杉並区,,,,,,,,,
131164,東京都豊島区,,,,,,,,,
131172,東京都北区,,,48.8,51.2,53.2,55.2,57.2,59.2,61.2
131181,東京都荒川区,,,,,,,,,
131199,東京都板橋区,,,,,,,,,
131202,東京都練馬区,,,,,,,,,
131211,東京都足立区,,,,,,,,,
131229,東京都葛飾区,,,,,,,,,
131237,東京都江戸川区,,,,,,,,,
132012,東京都八王子市,,,,,,,,,
132021,東京都立川市,,,,,,,,,
132039,東京都武蔵野市,,,,,,,,,
132047,東京都三鷹市,,37.8,,,,,,,
132055,東京都青梅市,,,,,,,,,
132063,東京都府中市,,59.6,62.1,64.1,65.8,65.1,68.6,70.8,72.8
132071,東京都昭島市,75.8,77.7,75.8,71,71.9,74.2,76.4,71.2,73.8
132080,東京都調布市,,60.7,63.2,65.7,68.2,68.3,70.7,69.1,55.8
132098,東京都町田市,26,28,28.8,31.1,33.4,35.8,38.1,40.4,42.7
132101,東京都小金井市,,31.7,33,35,37,35,39.6,42.4,44.1
132110,東京都小平市,,68.5,70.4,72.4,74.4,76.4,78.3,80.3,82.3
132128,東京都日野市,87.3,87.1,87.7,88.2,88.8,89.4,90,90,90.6
132136,東京都東村山市,,,66.2,68.2,70.2,72.2,74.2,75.8,77.8
132144,東京都国分寺市,68.1,69.3,70.1,69.5,65.1,67.8,69.5,71.8,71.8
132152,東京都国立市,74,76,76.8,79,80.5,82.6,83.7,86,85.1
132187,東京都福生市,76.4,79.4,77.9,71.7,69.7,67,69.3,71.6,73.9
132195,東京都狛江市,,50.4,53,47.9,50.5,52.8,54.8,57.5,58.4
132209,東京都東大和市,78,68.7,70.7,72.7,68.1,69,70.4,71,72.6
132217,東京都清瀬市,,,,,,,,,
132225,東京都東久留米市,,,,,,,,,
132233,東京都武蔵村山市,,49.8,52.3,54.7,57.1,59.5,61,62.4,63.8
132241,東京都多摩市,35.1,37.1,36.6,38.7,42,44.1,46.2,47.5,49.6
132250,東京都稲城市,62.2,65.2,67.1,69.1,71.1,73,75,76.4,77
132276,東京都羽村市,,22,24,26,28,30,32,34,36
132284,東京都あきる野市,22.2,22.2,26.3,28.3,30.3,32.2,34.2,36.2,38
132292,東京都西東京市,,40.7,43,54.2,57.9,60.8,42.5,46.6,48.3
133035,東京都瑞穂町,,,,,,,,,
133051,東京都日の出町,,,,,,,,,
133078,東京都檜原村,,,,,,53.9,45.9,44.5,48.5
133086,東京都奥多摩町,38.9,,,,,,,,
133612,東京都大島町,,64.3,68.5,,,79.3,9.8,79,81
133621,東京都利島村,,73,75.6,78.1,80.7,82.8,83.1,86,88.8
133639,東京都新島村,,,,,,,,,
133647,東京都神津島村,,,,,,,,,
133817,東京都三宅村,,,,,,,,,
133825,東京都御蔵島村,,,,,,,,,
134015,東京都八丈町,,,33.4,35.6,37.7,40.9,42.9,44.8,46.6
134210,東京都小笠原村,,,,,,,,,
141003,神奈川県横浜市,,,,,,,,,
141305,神奈川県川崎市,51.4,53.2,53.7,55.6,57.7,59.3,60.7,61.2,63.2
141500,神奈川県相模原市,59.8,58,59.4,61.4,60.6,62.5,64.4,66.4,66.2
142018,神奈川県横須賀市,,,,,,,,,
142034,神奈川県平塚市,,56.1,57.9,60,61.8,63.1,63,65.1,67.1
142042,神奈川県鎌倉市,,,,9.2,,,,,
142051,神奈川県藤沢市,52.4,55.1,56.9,58.8,60.7,61.5,61.7,63.3,65.4
142069,神奈川県小田原市,,67.7,69.9,70.7,100,70.9,100,70.8,100
142077,神奈川県茅ヶ崎市,62.5,63.2,64.8,25.8,69.1,69.2,55.4,58.2,60.9
142085,神奈川県逗子市,,,,,,,,,
142107,神奈川県三浦市,69,73,75,77,79,81,81,80.6,80.6
142115,神奈川県秦野市,30.3,,,,51.1,43.6,45.5,46.6,46.4
142123,神奈川県厚木市,40.7,38.4,40.6,43,45.3,47.3,49,50.4,52.5
142131,神奈川県大和市,,,,,17,19.3,21.8,24.2,26.7
142140,神奈川県伊勢原市,68.1,55.4,57.4,59.4,60.8,62.5,64.5,65.9,67.6
142158,神奈川県海老名市,,,,,,,,,
142166,神奈川県座間市,,63.5,66,68.5,71,73.5,76,78.5,81.1
142174,神奈川県南足柄市,,,46.7,48.7,50.8,52.8,54.9,54.6,56.6
142182,神奈川県綾瀬市,47,49.1,50.7,52.7,54.7,56.5,58,60.1,61.9
143014,神奈川県葉山町,,,,,,,,,
143219,神奈川県寒川町,79.5,82.7,85.1,87.5,89.5,90.9,89.4,90.8,92.3
143413,神奈川県大磯町,,,,,,,,,
143421,神奈川県二宮町,35.1,,,,,,,,
143618,神奈川県中井町,,,,61.8,62.5,65.8,64.7,66.2,66.1
143626,神奈川県大井町,,54.7,56.9,59.4,61.6,62,63.9,64.2,66.9
143634,神奈川県松田町,,72,72.3,70.8,73,75.2,77.3,78.3,82.9
143642,神奈川県山北町,,47.5,80,,,,,,
143669,神奈川県開成町,,,,,,,,,
143821,神奈川県箱根町,64.3,64.9,66.6,68.3,74.4,65.4,67.3,66.7,68.6
143839,神奈川県真鶴町,64.7,66.7,61.3,70,72,74,76,72.5,74.1
143847,神奈川県湯河原町,,,,,,,,,
144011,神奈川県愛川町,57.2,59.2,60,61.9,63.7,65.8,67.9,69.8,70.4
144029,神奈川県清川村,,,,,,,,,
151009,新潟県新潟市,57.6,59.6,60.3,62.2,64,62,62.3,64.3,65.5
152021,新潟県長岡市,52.3,54.1,55.3,57.1,56.7,57.1,59.2,60.4,59.9
152048,新潟県三条市,,,,,,,,,
152056,新潟県柏崎市,53.2,53.2,54.5,54.6,57.3,59.6,61.8,62.1,65
152064,新潟県新発田市,,54,54,56.2,58.1,53.3,47.4,50,53.2
152081,新潟県小千谷市,,,48.5,50.4,51.9,50.2,50.9,53.1,55.3
152099,新潟県加茂市,,,,,,,94.5,94.8,95.1
152102,新潟県十日町市,,79.5,40.5,44.8,49.1,51.2,55.5,59,63.2
152111,新潟県見附市,,,,,64.9,67,69,72.4,73.4
152129,新潟県村上市,,59.5,61.7,64,12.5,15.3,17.7,20.1,22.3
152137,新潟県燕市,,,59.4,61.5,58.9,61.8,64.9,64.9,64.9
152161,新潟県糸魚川市,,,,,,,,,
152170,新潟県妙高市,,,,,,,,,
152188,新潟県五泉市,,36.9,34.9,37.1,39.4,41.6,43.5,41.3,44
152226,新潟県上越市,58.3,56.8,62.8,64.7,66.4,69,70.9,72.7,73.7
152234,新潟県阿賀野市,37.9,47.1,49.5,27.3,33.4,36.6,32.4,35.9,40.3
152242,新潟県佐渡市,,67.8,67.8,68,67.8,67.8,69.8,,
152251,新潟県魚沼市,70,75.4,76.3,77.5,77.5,79.2,77.9,66.6,61.3
152269,新潟県南魚沼市,70.3,70.2,75,76.6,77.5,78.2,80.5,82.6,84.8
152277,新潟県胎内市,,80.9,82.8,84.7,86.6,87.6,89.3,91.3,92.7
153079,新潟県聖籠町,52.3,73.4,74.8,90.5,91.6,92.5,93.3,94,94.6
153427,新潟県弥彦村,69.4,70.6,100,100,100,100,100,100,100
153613,新潟県田上町,100,100,100,100,7.3,11,14.7,18.4,22.1
153851,新潟県阿賀町,83.1,83.9,86.8,85.4,88.3,89.3,89.8,90.3,88.1
154059,新潟県出雲崎町,72.5,74.4,80.1,81.4,82.7,84.1,84.7,85.6,87.1
154610,新潟県湯沢町,,68.7,70.7,72.1,72.5,74.4,76,78,79.5
154822,新潟県津南町,60,62,64,64,68,70,69.7,73.7,75.7
155047,新潟県刈羽村,,,,,,,,,
155811,新潟県関川村,,66.2,68.5,70.7,71.4,73.5,73.4,73.4,73.4
155861,新潟県粟島浦村,,32.5,,,,,,96,98.6
162019,富山県富山市,,59.2,59.4,56.8,54.1,56.9,57.9,56.5,59.7
162027,富山県高岡市,55.7,55.1,55.2,57.2,58.9,63.5,63.5,62.6,63.4
162043,富山県魚津市,66.1,61.3,59.9,60.6,62.6,65.6,67.3,69.6,71.3
162051,富山県氷見市,,90.9,91.2,,,,66.2,68.2,70.2
162060,富山県滑川市,66.6,68.5,70.2,72.4,74.4,76.4,67.1,69,71.1
162078,富山県黒部市,,54.8,57,51.3,60.1,59.8,54.4,52.8,52.5
162086,富山県砺波市,67.6,68.6,70.3,73,74.6,76.3,75.1,76.9,81.2
162094,富山県小矢部市,,54.4,54.8,57.1,61,61.5,63.8,66.1,67.3
162108,富山県南砺市,64.3,60.7,62.6,64.5,66.9,60.6,,,
162116,富山県射水市,,58.4,61.3,64,65.3,67.1,,,
163210,富山県舟橋村,,,,,,80.9,,,
163228,富山県上市町,69.3,71.2,72.9,74.4,75.8,77.2,78.3,79.5,
163236,富山県立山町,68.9,70.7,70,72,73.9,75.9,76.8,78.8,80.7
163422,富山県入善町,35.9,39.8,40.8,45,48.5,51.9,55.4,58.8,59.8
163431,富山県朝日町,49.4,54.7,58.8,67.1,71.1,75.3,79.4,82.9,85.8
172014,石川県金沢市,,,,47.2,49.5,49.8,51.8,53.8,54.7
172022,石川県七尾市,,67.9,,60.3,61.2,59.2,60.6,62.2,64.1
172031,石川県小松市,,49.8,52.1,54.4,56.7,58.9,61.2,63.5,65.8
172049,石川県輪島市,,76.6,,,,,,95.3,92.6
172057,石川県珠洲市,64,67.6,67.4,69.4,71.6,73.6,76.4,77.5,80
172065,石川県加賀市,,56.8,58.7,57.2,57.6,80.4,82.5,84.6,85.8
172073,石川県羽咋市,69.6,71.2,72,55.2,56.9,57.6,58.7,60.9,63
172090,石川県かほく市,67,68.6,68.7,71.9,71.5,72.8,73.8,74.4,75.2
172103,石川県白山市,,42.7,39.4,42.1,42,43.7,39.6,41.7,40.3
172111,石川県能美市,28.6,31.7,34.2,37.1,39.4,41.4,42,38,41.1
172120,石川県野々市市,,74.4,70.7,11.3,11.5,15.4,19.2,23.1,26.9
173240,石川県川北町,,64,66,68,70,72,74,52,54
173614,石川県津幡町,37.1,38.4,40.7,43,45.2,46.8,49.1,51.5,53.9
173657,石川県内灘町,,49.8,51.4,50.9,52.6,53.2,55.3,57.6,60.3
173843,石川県志賀町,70.3,79.8,55.2,72.3,66,68.1,70.2,69.8,65.9
173860,石川県宝達志水町,,,,,,,,,
174076,石川県中能登町,,77,81.3,,48.9,50.9,52.8,54.8,56.8
174611,石川県穴水町,,50.2,53.6,54.1,56.1,57.3,54.5,54.5,54.9
174637,石川県能登町,,76.5,55.7,48.6,45.5,43.1,46.3,48.7,50.9
182010,福井県福井市,,,49.1,49.5,49.2,50.5,52.1,52.7,53.8
182028,福井県敦賀市,38.6,34,35.6,36.7,38.9,42.6,44.4,41.6,48.9
182044,福井県小浜市,,51.1,53.5,55.8,55.9,56.9,57.5,58.7,
182052,福井県大野市,,50.4,53.9,55.8,58.1,59.9,61.2,62.3,63.7
182061,福井県勝山市,,59.6,61.4,64.1,66.8,69,71.5,73.8,
182079,福井県鯖江市,,69.7,59.4,59.4,63.7,70.5,58,62.4,61.4
182087,福井県あわら市,,72.6,73.9,71.2,73.5,75.8,77.6,76.7,78.5
182095,福井県越前市,73.2,64.6,69.7,71.7,73.8,75.9,77.8,79.8,72.7
182109,福井県坂井市,,47.2,42,30.5,28.9,31.5,34,37.3,38.8
183229,福井県永平寺町,83.6,84.8,75.8,49.3,51.9,53.7,56.1,59.4,60.4
183822,福井県池田町,67.2,81.4,83.6,,,,,,
184047,福井県南越前町,,73.3,77,66.3,66,68,68,68.4,87
184233,福井県越前町,,34.2,35,37,39,51.6,53.6,55.6,57.6
184420,福井県美浜町,,,67.9,70,71.9,74,76.1,75.9,78.1
184811,福井県高浜町,29.3,57.4,10.2,13.2,16.2,19.3,22.3,25.4,28.4
184837,福井県おおい町,,45.4,49.6,,,,,,55.9
185019,福井県若狭町,,54.7,59.3,59.3,88.3,89.4,90.9,92.2,63.4
192015,山梨県甲府市,48.2,49.9,51.2,50.9,55.5,57.5,58.4,61.3,63.1
192023,山梨県富士吉田市,,49.4,51.9,54.2,56.8,59.3,58.1,56.7,59.3
192040,山梨県都留市,90,74.8,67.5,94.5,96.8,99,100,100,100
192058,山梨県山梨市,67.6,65.8,65.1,62.6,57.8,60,62.4,64.3,61.5
192066,山梨県大月市,,66.9,70.5,89.8,90.2,92.8,93.3,94.6,95.4
192074,山梨県韮崎市,39.7,54,56.7,51.6,51.7,54.2,56.7,52.2,54.8
192082,山梨県南アルプス市,54.1,64.8,66.3,67.8,67.4,69.1,70.6,72.3,72.4
192091,山梨県北杜市,,69.9,72.3,77.7,75,80.6,83.1,85.6,87.7
192104,山梨県甲斐市,,42.9,41.4,43.4,45.4,47.4,49.3,50.2,52.1
192112,山梨県笛吹市,68.8,59.2,65.8,68.1,69.8,71.2,67,78.4,80.7
192121,山梨県上野原市,70.9,73.2,73.2,76.8,79,81.2,83.4,85.6,87.3
192139,山梨県甲州市,54.1,57.8,59.2,60.5,62.3,63.9,65.6,67.4,68.8
192147,山梨県中央市,,,,,,,,,
193461,山梨県市川三郷町,82.4,56.9,64.4,60.1,63.8,67.2,78,80.2,82.2
193640,山梨県早川町,,92.2,94.5,96.7,98.2,98.5,98.8,99,99.2
193658,山梨県身延町,,57.7,59.7,61.7,63.5,65.6,66.8,68.9,71
193666,山梨県南部町,,69.7,72,74,75.7,77.5,79.4,80.1,81.2
193682,山梨県富士川町,78.9,80,72.1,75,76.4,77.9,79.3,80.7,82.2
193844,山梨県昭和町,,93.7,94.9,94.9,95.6,95.9,96.2,96.6,96.9
194221,山梨県道志村,73.4,75.2,47.2,49.5,54.7,57.3,60.1,62.9,65
194239,山梨県西桂町,,,41.8,44.9,48,51.2,60.3,57.5,60.4
194247,山梨県忍野村,,,,,,,,,
194255,山梨県山中湖村,50.5,53.4,55.6,58.5,61.4,64.4,67.4,70.8,73.7
194298,山梨県鳴沢村,60.1,62.5,64.9,67.3,69.6,72,74.4,76.3,78.7
194301,山梨県富士河口湖町,72,74.2,72.6,69.6,70.9,73,75.3,77.5,77.9
194425,山梨県小菅村,38.4,40.8,23,26.5,30.5,35.6,41.8,47.3,33.7
194433,山梨県丹波山村,77.3,,83.9,85.8,90.3,92.1,94,95.8,97.2
202011,長野県長野市,54.1,56.1,57.8,58.4,54.2,52.9,55.2,56.3,58.5
202029,長野県松本市,40.6,49.4,51.3,52.5,54.8,57.6,57.6,59.9,64.6
202037,長野県上田市,,,42.3,45.3,46.5,49.3,50.5,52.5,55.4
202045,長野県岡谷市,,74.8,76.8,78.8,80.8,82.8,84.7,86.7,78.2
202053,長野県飯田市,,63.4,64.5,53.7,55.8,58.3,42.2,61.4,63.4
202061,長野県諏訪市,83.4,85.6,87.8,95.2,94.4,96,97.5,95.5,93.9
202070,長野県須坂市,,52.4,54.2,56.8,59.3,61.8,63.7,66.2,68.7
202088,長野県小諸市,,64,72.6,66,70,72,74,80.9,82.5
202096,長野県伊那市,33.5,29.6,32.3,35,37.7,40.4,37,37.3,38.5
202100,長野県駒ケ根市,,72.5,74.2,76.2,77.9,19.7,12.9,16.3,19.6
202118,長野県中野市,,64.7,66.4,73.9,74.4,76.9,79.4,81.5,83.6
202126,長野県大町市,67.2,70.1,73,75.8,78.1,80.4,82.1,83.9,85.6
202134,長野県飯山市,,67.5,69.7,72.6,65.1,65.9,66.5,68.6,69.4
202142,長野県茅野市,81.4,74.1,75.2,77.3,79.6,82,84.4,86.6,84.8
202151,長野県塩尻市,50,48.4,49.7,51.9,47.2,49.6,52,53.4,55.4
202177,長野県佐久市,39,39,27.8,31.8,30.7,27.4,24.7,27.9,30.9
202185,長野県千曲市,84,82.4,83.5,85,85.9,85.5,86.5,87,84.1
202193,長野県東御市,60.1,61,60.9,65.7,65.7,67.8,70.2,74,74.7
202207,長野県安曇野市,,32,30.7,32.9,35.2,37,38.6,40.8,43.1
203033,長野県小海町,,95.7,94,94.2,94.2,94.9,95.2,95.6,95.9
203041,長野県川上村,,88.1,90,91.2,92.4,93.4,94.8,95.9,96.9
203050,長野県南牧村,83.1,70.5,66.9,68.1,70.6,73.1,75.5,77.7,80.1
203068,長野県南相木村,24,30.9,33.3,35.8,38.3,40.7,43.1,43.1,41.9
203076,長野県北相木村,58,65.5,68.1,70.7,73.3,75.9,78.5,80.9,83.3
203092,長野県佐久穂町,,28.6,30.8,33,35.2,37.4,39.6,39.6,42
203211,長野県軽井沢町,74,75,74.3,76.4,80.9,82.7,82.9,84.1,83.8
203238,長野県御代田町,27.3,29.3,,,,45.3,48.8,52.3,54.9
203246,長野県立科町,71.2,71.9,72.2,75.2,61.3,63.3,68,70,72
203491,長野県青木村,,84.7,92,94,96,98,100,100,100
203505,長野県長和町,,84.1,82.3,82.5,83.7,84.8,76.9,70,71.3
203611,長野県下諏訪町,55.3,57.3,59.3,61.2,63,65,67,69,71
203629,長野県富士見町,100,100,100,100,100,100,100,100,100
203637,長野県原村,,52.5,55.1,57.3,59.8,60.8,63.1,65.8,68.5
203823,長野県辰野町,76.4,77.6,79.4,80.1,81.9,83.6,85.3,86.8,88.4
203831,長野県箕輪町,,,,,,,,,
203840,長野県飯島町,43,46.7,50.4,54,57.5,60.9,64.3,67.5,69.7
203858,長野県南箕輪村,42.2,44.9,47.6,43.3,46.1,48.9,50,52.6,58.3
203866,長野県中川村,36,38,28.6,42,44,45.5,47.6,49.7,51.8
203882,長野県宮田村,,46.5,46.5,47.4,47.4,49.6,51.9,54.2,56.4
204021,長野県松川町,75.4,40.4,43.9,47.5,51,54.5,57.8,61,63.9
204030,長野県高森町,,74.4,76.4,79.2,82.1,84.4,86.6,88.8,87.6
204048,長野県阿南町,77.5,79.1,80.2,82.3,83.9,85.5,87.1,88.7,90.4
204072,長野県阿智村,,65.8,67.6,69.4,64.2,60.1,61.9,63.8,66
204099,長野県平谷村,,86.5,88.5,88,90,92,94,96.3,98
204102,長野県根羽村,,63.1,63.1,63.1,63.1,63.1,63.1,63.1,63.1
204111,長野県下條村,60.7,74.3,77.4,77.7,80.2,81.5,90.7,36,40
204129,長野県売木村,,,,56.9,59.6,62.2,64.8,67.5,67.7
204137,長野県天龍村,,,,,,,,,
204145,長野県泰阜村,,,,,,95.9,,,
204153,長野県喬木村,,76,78,80,82,75.8,78.4,76.8,79.5
204161,長野県豊丘村,,14.2,17.3,20.8,24.7,28.5,32.2,35.9,39.7
204170,長野県大鹿村,,93.2,94.1,95.9,97.6,99.4,99.5,99.6,57.4
204226,長野県上松町,,96.7,98.9,99.9,99.9,99.9,99.7,99.8,99.8
204234,長野県南木曽町,,100,100,100,100,92.1,65.8,67.6,68.7
204251,長野県木祖村,87,85.3,86.7,87.3,88.4,89.4,90.5,91.4,92.4
204293,長野県王滝村,98.8,98.7,98.7,98.7,98.8,98.8,98.8,98.8,98.9
204307,長野県大桑村,50,52.4,55.4,57.3,60.3,63.2,66.1,69,71.7
204323,長野県木曽町,97.7,13.4,14.1,30.3,34.6,36.8,39.2,40.1,42
204463,長野県麻績村,59.4,62.3,56.3,58,59.7,59.5,60.6,60.9,61.7
204480,長野県生坂村,,79.7,70,21.5,29.1,70,61.9,63.9,68.4
204501,長野県山形村,61.7,74,76,78,80,72.7,73.6,76.4,72.3
204510,長野県朝日村,84,86,88,89.7,91.8,94,73.5,76.4,79.3
204528,長野県筑北村,,76,78.1,80.3,82.4,90.2,90.7,92.1,92.1
204811,長野県池田町,16.1,92.5,92.9,100,21.8,3.7,7.2,10.6,14.1
204820,長野県松川村,,44.3,46.1,48.5,50.8,52.4,54,55.5,57.9
204854,長野県白馬村,,,,,,,,,
204862,長野県小谷村,,,,,,,,,
205214,長野県坂城町,,100,100,100,100,100,100,63.6,65.1
205419,長野県小布施町,74,78,79.8,81.9,83.7,85.5,86.5,88.4,90
205435,長野県高山村,,78,80,82,84,85.4,87.4,89.4,91.4
205613,長野県山ノ内町,59,63,65.9,68.8,71.7,76.1,77.4,79.7,78.1
205621,長野県木島平村,,92.9,93.2,93.1,93.5,91.6,92,92.4,92.6
205630,長野県野沢温泉村,86,90,92,78.5,80.6,82.8,84.5,86.7,87.2
205834,長野県信濃町,62.5,66.6,58.8,62.1,66.1,66.7,59.9,69.8,72.8
205885,長野県小川村,71,73,75,77,79,80.9,82.9,84.9,86.6
205907,長野県飯綱町,,,,,,,,,
206024,長野県栄村,,28.2,33,37.6,42.4,47.2,52,56.8,61.6
212016,岐阜県岐阜市,58.9,60.7,62.2,61.7,65.6,67.4,67.6,69,67
212024,岐阜県大垣市,,60,62.2,64.2,66.3,68.5,70.8,73.2,75.4
212032,岐阜県高山市,60.3,62.6,63.4,65.6,67.8,69.8,71.9,74.1,76.7
212041,岐阜県多治見市,34.7,54.9,55.9,60.5,55.4,57.9,60.6,67.4,62.6
212059,岐阜県関市,32,34,36,34.6,39.9,41.8,43.9,45.5,47.2
212067,岐阜県中津川市,69.8,69.8,71.6,72.7,74.8,74.7,76.6,78.9,81.1
212075,岐阜県美濃市,49.4,49.4,56.4,59.9,61.9,61.9,64.2,66.4,78.8
212083,岐阜県瑞浪市,58.5,67.5,69.2,70.9,72.5,74.2,75.9,77,74.3
212091,岐阜県羽島市,,69.9,72,74.1,74.1,76.2,78.2,80,81.8
212105,岐阜県恵那市,,,,,,,,,
212113,岐阜県美濃加茂市,,,,,,,,,
212121,岐阜県土岐市,62.9,43.4,49.2,68.9,71.2,72.9,71.4,73.5,74.8
212130,岐阜県各務原市,57.1,54.1,55.5,57.8,57.6,58,60.4,60.7,61.7
212148,岐阜県可児市,40.3,49.7,,54,56.1,58.3,60.4,62.5,64.6
212156,岐阜県山県市,64.6,66,67.8,69.1,71.5,72.9,76.5,78.4,79.6
212164,岐阜県瑞穂市,,89.6,92.3,93.4,95.7,96.4,91.2,91.7,92.2
212172,岐阜県飛騨市,65.4,67.4,69.2,70.8,72.5,76.4,77.9,79.6,83
212181,岐阜県本巣市,71.7,73.5,75.3,77.1,76.4,78.1,79.5,78.9,80.3
212199,岐阜県郡上市,,50.2,52.4,54.7,56.4,58.5,60.4,64.5,66.6
212202,岐阜県下呂市,48.7,64.3,63.3,65.5,67.8,70,72.3,74.1,77.7
212211,岐阜県海津市,49.6,46.7,49.9,56.8,60.1,63.4,66.8,60.8,63.6
213021,岐阜県岐南町,,2,4,6,8,10,12,14,16
213039,岐阜県笠松町,61.5,83.9,85.9,87.9,89.9,91.9,93.9,95.9,97.9
213411,岐阜県養老町,71.2,55.8,57.6,53.2,55.1,56.1,57.5,59.4,61.1
213616,岐阜県垂井町,63.4,66.9,92,96,98,100,100,100,0
213624,岐阜県関ケ原町,88,83.8,86,87.7,88.1,89.9,92.1,93.5,95
213811,岐阜県神戸町,60.7,60.7,65.3,64.6,64.5,68.3,67.9,70.3,70.1
213829,岐阜県輪之内町,,,,,,,,,
213837,岐阜県安八町,,70,,,78.6,78.5,80.4,82.4,84.4
214019,岐阜県揖斐川町,53.6,55.7,57.7,59.3,61.3,51,52.9,55.3,59.7
214035,岐阜県大野町,68.1,70.8,76.7,70.8,72.3,73.7,74.1,76.3,66.2
214043,岐阜県池田町,64.4,66.8,68.7,71.6,73.7,75.7,76.6,77.6,78.6
214213,岐阜県北方町,91.9,94.1,95.9,97.9,,,,,
215015,岐阜県坂祝町,,54.5,56.9,59.6,62.2,64.6,67.2,69.7,52.7
215023,岐阜県富加町,69.2,71.2,73.2,75.2,77.2,79.2,81.2,83.2,85.2
215031,岐阜県川辺町,53.4,55.5,57.5,59.4,58.7,61,57.1,59.1,60
215040,岐阜県七宗町,58.7,59.5,61.1,63.1,64.6,66.1,67.6,58.2,60.2
215058,岐阜県八百津町,53.7,55.7,57.3,51.6,53.7,55.4,71,73.5,75.7
215066,岐阜県白川町,,,68.4,70.3,72.5,68.5,75.9,77.7,79.3
215074,岐阜県東白川村,80,,84,86,88,86,83,84.6,85.4
215210,岐阜県御嵩町,82.5,84.7,84.7,86.8,89.1,92.6,93.9,94.7,95.4
216046,岐阜県白川村,,,,,,,,,
221007,静岡県静岡市,44.9,48.9,51.7,44.8,46.7,48.7,50.8,52.9,54.8
221309,静岡県浜松市,,,,,,,,,
222038,静岡県沼津市,,,,,,,,,
222054,静岡県熱海市,,46.9,49,51.1,52.4,54.6,56.8,59,61.2
222062,静岡県三島市,38.1,39.4,41.4,43.5,45.3,47.4,49.5,51.4,52.1
222071,静岡県富士宮市,,37.7,39.7,40.7,42.5,43.8,44.8,46.1,48.3
222089,静岡県伊東市,57,61.7,63.9,66.2,68,70.3,75.5,78,82.9
222097,静岡県島田市,38,41,44,46.9,44.4,52.6,55.3,58,59.5
222101,静岡県富士市,,,,,,,,,
222119,静岡県磐田市,32.1,,,,,,,,
222127,静岡県焼津市,,43.3,30.7,31.8,34.6,37.4,40.4,43.2,45.8
222135,静岡県掛川市,,57.7,60,62.2,64.4,67.8,69.9,72.1,74.3
222143,静岡県藤枝市,45.7,49.2,49.1,50,50.7,,,,
222151,静岡県御殿場市,,,,,,,,,
222160,静岡県袋井市,,63.8,65.5,67.7,69,60.2,60.8,60.8,60.6
222194,静岡県下田市,61.1,63.7,65.5,66.8,68.7,70.5,72.4,67.6,69.9
222208,静岡県裾野市,61.1,62.3,63.7,64.6,65.9,67.4,68.8,69.9,71.5
222216,静岡県湖西市,65.4,68.8,71.3,73.7,76.2,78.6,81,83.1,
222224,静岡県伊豆市,42.2,43.6,45.5,47.3,49,51,52.7,54.6,56.5
222232,静岡県御前崎市,37.7,40.1,43.1,43,42.4,,,,
222241,静岡県菊川市,29.3,31.4,33.5,35.5,37.6,39,41.1,43.2,47.4
222259,静岡県伊豆の国市,,57.6,59.3,61.4,63.5,64,66,67.9,69.5
222267,静岡県牧之原市,,,,90.2,92.4,94.4,99.6,99.8,100
223018,静岡県東伊豆町,,,,,,,,,
223026,静岡県河津町,,100,100,100,100,100,100,100,100
223042,静岡県南伊豆町,87.8,,,,,,,,
223051,静岡県松崎町,,,,,,,,,
223069,静岡県西伊豆町,,,49.3,55.3,57.3,58.8,60.7,62.8,65.2
223255,静岡県函南町,,,79.4,81.3,83.2,85,86.9,88.8,90.6
223417,静岡県清水町,,,,,,,,,
223425,静岡県長泉町,,,,,,,,,
223441,静岡県小山町,,,,,,,,,
224243,静岡県吉田町,,85.3,87.6,42.9,46.3,49.6,52.9,56,59.2
224294,静岡県川根本町,,,,,,,,,
224618,静岡県森町,,,,,,,,,
231002,愛知県名古屋市,,,,,,,,,
232017,愛知県豊橋市,68.1,69.9,71,72.8,74.9,77,79.3,81.1,83.7
232025,愛知県岡崎市,,70.2,71.6,73.8,73.6,,,,
232033,愛知県一宮市,42.1,40.3,36.2,34.9,35.2,37.6,39.7,41.2,44
232041,愛知県瀬戸市,,59.9,62,64.9,64.4,66.3,68.3,70.4,71.4
232050,愛知県半田市,,69.6,71.4,72.4,74.9,72.5,66.2,64.1,64.8
232068,愛知県春日井市,,73.8,65.9,65.4,66,66.5,65.2,66.9,68.7
232076,愛知県豊川市,,71,72.5,74,75.4,76.9,78.4,79.8,81.3
232084,愛知県津島市,,79,82.1,83.1,84.7,76.3,79,80.5,82
232092,愛知県碧南市,65.9,66.1,67.9,69.1,71.4,73.5,75.6,77.6,77.5
232106,愛知県刈谷市,63.7,63,65.8,68.5,61.6,68.5,67.1,69.3,71.6
232114,愛知県豊田市,40.4,42.6,44.8,47,49.2,51.4,52.5,54.7,56.9
232122,愛知県安城市,65.8,58.8,59.5,50,52.3,55,57.6,59.3,61.9
232131,愛知県西尾市,55.7,57.9,60,62.2,64.4,66.7,62.6,64.7,63.6
232149,愛知県蒲郡市,,57.8,60.3,61.6,56.6,59.2,61.4,63.4,65.8
232157,愛知県犬山市,62.2,64.3,66.2,68,70.1,72.3,72.3,78.4,80.7
232165,愛知県常滑市,,66.7,68.4,70.4,72.4,73.6,69.4,69.6,71
232173,愛知県江南市,68.6,70.6,69,70.4,70.4,60,35.2,38,39.7
232190,愛知県小牧市,51.7,56.4,58.4,60.3,62.1,63.9,65.7,67.4,69.1
232203,愛知県稲沢市,48.8,50.9,52.9,55,57,57,49.1,51.1,48
232211,愛知県新城市,,55.7,57.8,56.8,58.8,61,63.3,65.6,67.9
232220,愛知県東海市,69.3,65.3,66.6,66.6,66.5,66.4,68,68.9,64.5
232238,愛知県大府市,,60.5,60.5,61.1,61.3,63.3,65.7,65.4,69.6
232246,愛知県知多市,65.4,67.4,36.3,38.3,40.3,38.1,40.6,43,45.2
232254,愛知県知立市,,44.1,45,48.7,52.1,40.9,45.8,45.7,50.7
232262,愛知県尾張旭市,,62.8,64.8,66.8,68.8,70.8,72.8,75.6,77.6
232271,愛知県高浜市,,52.2,53.3,55.5,57,59,64.8,60.6,63.1
232289,愛知県岩倉市,,,,,,,,,
232297,愛知県豊明市,,63.2,65.4,67.6,69.7,71.9,74.1,75.8,61.7
232301,愛知県日進市,54,54.4,56,57.7,59.9,62.2,64.4,66.7,68.9
232319,愛知県田原市,47.1,46.3,49.1,51.6,54.5,57.3,59.7,61.1,63.5
232327,愛知県愛西市,,63.8,63.5,66,66.4,68.5,70.5,71.5,73.6
232335,愛知県清須市,52.7,54.2,54.2,52.2,55.2,44.8,45.1,54.1,55.6
232343,愛知県北名古屋市,,68.4,70.4,71.3,74.2,76.3,56.5,59.4,54.7
232351,愛知県弥富市,64,64.5,66.5,68.1,69.7,71.3,71.6,73.1,74.7
232360,愛知県みよし市,,67.9,68.7,,,,70.5,72,73.5
232378,愛知県あま市,,72.2,72.6,75.1,77.3,79.3,81.7,84.1,86.7
232386,愛知県長久手市,67.3,84,86,88,90,92,76,71.2,73.5
233021,愛知県東郷町,65.9,66.5,68.6,70.7,72.3,74.4,76.5,78.4,78.4
233421,愛知県豊山町,53.8,55.1,51.7,51.8,53.4,55.8,53.8,56.2,58.3
233617,愛知県大口町,,38.1,,43.8,45.9,48,43.8,31.4,39.8
233625,愛知県扶桑町,62.6,64.3,66.1,,69.5,71.3,73.1,75,76.3
234249,愛知県大治町,,68.2,68.9,69.9,71.9,74,72.4,73.8,76.1
234257,愛知県蟹江町,63.5,62.5,64.5,66.6,67,68.2,70.4,72.7,74.9
234273,愛知県飛島村,,74.3,74.3,77.8,77.2,78.9,80.9,47.6,50.8
234419,愛知県阿久比町,76.6,41.8,43.9,46.1,48.2,50.4,52.5,54.5,56.6
234427,愛知県東浦町,,72.9,76.4,75.9,78.2,75.3,73,72.4,69.2
234451,愛知県南知多町,,81.8,83.1,84.7,87.3,,89.3,90.3,91.7
234460,愛知県美浜町,,81.9,83.8,85.8,87.7,91.4,91.6,92.7,95
234478,愛知県武豊町,76.2,77.8,79.5,81.1,82.7,84.3,85.9,87.4,86.7
235016,愛知県幸田町,,62.7,64.4,64.6,66.8,68.4,70.3,72.1,72.8
235610,愛知県設楽町,,,,,,,,,
235628,愛知県東栄町,,,,,,,,,
235636,愛知県豊根村,,,,,,,,,
242012,三重県津市,,62.8,65.1,63.4,65.6,67.9,68.9,71.1,73.7
242021,三重県四日市市,74,75.2,73.7,75.8,74.9,75.7,73.5,76,72.5
242039,三重県伊勢市,70.2,72.3,74.2,76.2,77.8,78.6,80.6,82.6,84.6
242047,三重県松阪市,,74.8,73.7,74.7,69.3,68,70.3,72.2,73.2
242055,三重県桑名市,60.5,62.7,64.9,67,69.1,71.2,73.2,75.3,77
242071,三重県鈴鹿市,,49.3,50.5,52.8,50.5,53.2,55,53.5,55.6
242080,三重県名張市,,,,,,65.6,,,
242098,三重県尾鷲市,,68.8,70.3,72.7,74.9,76.7,79.1,81.1,83.6
242101,三重県亀山市,,,,,,,,,
242110,三重県鳥羽市,44.2,50.4,50.9,62,63.9,65.7,67.5,69.4,70.3
242128,三重県熊野市,,,,,,,,63,67
242144,三重県いなべ市,,69,71.1,73.1,75.2,77.2,79.3,81.3,83.2
242152,三重県志摩市,,56.6,58.6,60.6,62.7,64.8,66.8,68.7,70.8
242161,三重県伊賀市,58.5,56.1,57.9,60.6,63.2,65.5,67.4,69.1,70.6
243035,三重県木曽岬町,,81.5,84.2,86.9,89.5,92.1,93.7,95.2,96.8
243248,三重県東員町,51.4,48.7,51.3,53.8,56.4,56.2,59,56.9,57.8
243418,三重県菰野町,40.4,45.8,46.6,40.6,42,45.1,47.3,49.6,
243434,三重県朝日町,57.7,57.7,65,67.3,69.7,72.1,74.4,76.8,70.3
243442,三重県川越町,53.2,,,,86,81.2,77.1,77.8,80.5
244414,三重県多気町,59.1,61.5,63.8,66,68.2,70.4,72.5,74.5,76.6
244422,三重県明和町,79.5,81.2,78.3,80.4,82.6,84.7,90.1,90.5,92.7
244431,三重県大台町,80.5,70.2,71.4,73.1,74.7,76.3,77.9,79.6,81.2
244619,三重県玉城町,83.7,86.4,85.6,88.3,93.8,96.5,99.3,99.4,99.5
244708,三重県度会町,82.3,83.5,84.8,86.1,87.3,88.6,89.9,91.1,92.4
244716,三重県大紀町,,83.5,83.9,,,72.5,74.9,64.9,79.5
244724,三重県南伊勢町,,75.9,76.9,77.8,77.5,78.7,79.9,80.5,60.3
245437,三重県紀北町,63.4,62,1.6,65.5,61,60.9,68.5,69.6,71.7
245615,三重県御浜町,52,56,60.4,62.2,64.1,65.9,65.4,65.8,
245623,三重県紀宝町,59.4,64.8,67.5,70.2,72.9,75.6,78.3,81.2,83.1
252018,滋賀県大津市,,53.1,52.6,53.9,55.9,59.6,64,68,69
252026,滋賀県彦根市,,,,,,,,,
252034,滋賀県長浜市,56.7,51.9,,,,,,,
252042,滋賀県近江八幡市,,,,,,,,,
252069,滋賀県草津市,,40,,,,,,,
252077,滋賀県守山市,58.3,60.5,62.7,63.8,65.9,68.3,70.2,72.2,73
252085,滋賀県栗東市,68.6,,,,,,,,
252093,滋賀県甲賀市,75.4,78.3,80.2,82.1,83.8,85.3,86.8,88.4,89
252107,滋賀県野洲市,,,,,,,,,
252115,滋賀県湖南市,,,,,,,,,
252123,滋賀県高島市,38.4,40.4,42.4,41.2,43.2,45.2,46.5,49.2,51.2
252131,滋賀県東近江市,,46.3,,,,,,,
252140,滋賀県米原市,57.6,59.5,61.5,63.4,65.3,66.9,,,
253839,滋賀県日野町,,56.5,57,57.5,59.8,61.1,63.4,66.1,68.5
253847,滋賀県竜王町,78.8,80.8,82.7,84.6,85.9,82.2,84.3,86.3,88.3
254258,滋賀県愛荘町,,,72.5,74.6,76.6,78.7,80.6,82.7,84.7
254410,滋賀県豊郷町,41.8,,,,,,,,
254428,滋賀県甲良町,,64.2,,,,65,67.5,69.9,72.2
254436,滋賀県多賀町,73.5,,77.8,17.5,19.5,22.9,26.2,29.6,18.2
261009,京都府京都市,,,67.6,69.6,71.6,73.6,75.6,77.4,79.4
262013,京都府福知山市,24.4,42.6,44.3,46.1,48.1,48.7,46.8,49,45
262021,京都府舞鶴市,,46.8,54.9,56.5,47.8,46.9,49.5,52.3,54.5
262030,京都府綾部市,68.5,74.6,76.6,78.6,80,81.8,79.3,81.4,83.4
262048,京都府宇治市,,58,82.6,84.1,79,81.2,83.4,85.6,87.8
262056,京都府宮津市,56.9,57.5,59.4,61.3,63.3,58.8,63,64.4,
262064,京都府亀岡市,94,92,94,96,,,,,
262072,京都府城陽市,68.9,72,75.1,76.5,77.8,80.2,82.5,84.9,96
262081,京都府向日市,,74.5,74.5,78.5,80.3,82.3,84.3,86.3,88.3
262099,京都府長岡京市,56,58,58,60.2,62.3,64.5,66.7,68.9,68.9
262102,京都府八幡市,59.3,42.2,42.2,45.1,47.9,50.8,53.6,,
262111,京都府京田辺市,59.8,62,64.2,66.3,68.3,70.3,71.5,72,74
262129,京都府京丹後市,76.2,78,78.7,80.6,82.6,61.8,59.8,62.5,65.1
262137,京都府南丹市,76,78,80,82,84,,,,
262145,京都府木津川市,,75,74.1,69.6,71.3,73.1,74.8,76.5,78.3
263036,京都府大山崎町,77.2,79.2,81.2,83.2,84.4,87,89,91,91.9
263222,京都府久御山町,80,82,84,86,88,92,70.6,,
263435,京都府井手町,,,,,,,,,
263443,京都府宇治田原町,,,,,,,,,
263648,京都府笠置町,,,,,,,,,
263656,京都府和束町,,,,,,,,,
263664,京都府精華町,,,,,,,,,
263672,京都府南山城村,100,100,100,100,100,100,100,100,100
264075,京都府京丹波町,,80.5,65.1,62.3,64.4,62.6,65,67.4,70.3
264636,京都府伊根町,62.6,64.8,67,68.8,,,,,
264652,京都府与謝野町,52.5,61,64.3,63.8,68.9,71.5,74,76.4,78.6
271004,大阪府大阪市,,,,,,,,,
271403,大阪府堺市,50.9,52.9,54.9,56.9,59.1,61.1,63,64.9,66.7
272027,大阪府岸和田市,,50.7,52.6,54.4,56.1,56.6,58.2,58.8,60.5
272035,大阪府豊中市,,48.3,50.5,52.6,65,56.8,58.9,42.9,44.9
272043,大阪府池田市,,6,8,10,12,14,16,18,20
272051,大阪府吹田市,49,52.8,54.8,50.3,52.4,54.5,56.6,45.2,43.9
272060,大阪府泉大津市,,78.1,82.1,84.1,86,88,88.8,89.4,90.8
272078,大阪府高槻市,,,,,,61.1,63,65,67.2
272086,大阪府貝塚市,,61.1,58.6,60.9,63.1,65.4,67.3,69.9,68.7
272094,大阪府守口市,84.3,,,,,,,,
272108,大阪府枚方市,,,,,,,,,
272116,大阪府茨木市,,52,52.9,54.9,57,55.5,54,52.7,54.4
272124,大阪府八尾市,,53.5,56.3,,,,,,
272132,大阪府泉佐野市,,44.9,46.9,48.9,51,52.6,32.6,35.7,38.7
272141,大阪府富田林市,94.6,74.1,76.1,77.9,80,82.4,83.1,78.3,76.2
272159,大阪府寝屋川市,74,74.9,78,80,81.3,83.9,77.7,79.7,79.1
272167,大阪府河内長野市,68.5,70.5,72.5,74.5,76.5,78.5,80.5,82.5,84.5
272175,大阪府松原市,,71.1,65,66.9,68.9,70.8,72.7,74.6,68.1
272183,大阪府大東市,54.7,56.9,58.5,58.5,63.2,65.5,67.8,69.8,70.2
272191,大阪府和泉市,,,,,,,,,
272205,大阪府箕面市,,82,,,,,,,
272213,大阪府柏原市,33.7,74,76.1,78.6,80.7,83.1,85.1,87,89
272221,大阪府羽曳野市,67.7,69.6,71.5,73.4,75.3,77.3,79.2,81.1,83
272230,大阪府門真市,59.5,61.5,63.6,65.6,67.7,74.1,76,77.8,77.3
272248,大阪府摂津市,,43.6,45.6,47.8,49.9,51.9,46.6,49,51.4
272256,大阪府高石市,57.6,61.5,63.6,64.2,66.4,68.6,70.8,73,75.2
272264,大阪府藤井寺市,,,,,,,,,
272272,大阪府東大阪市,,64.6,66.5,68.3,70.2,72,73.7,70.9,72.6
272281,大阪府泉南市,,68,67,69,71,73,72.9,78.5,78.8
272299,大阪府四條畷市,50,51.1,58,60.3,62.9,65.2,67.8,70.4,73
272302,大阪府交野市,,,,,,,,,
272311,大阪府大阪狭山市,,77.8,78.3,81.8,83.8,85.9,87.9,89.9,89
272329,大阪府阪南市,,61.9,63.6,65.3,66.9,68.6,69.1,69.6,71.1
273015,大阪府島本町,,,,,,,,,
273210,大阪府豊能町,,66.7,66.2,,74,70.4,72.9,75.4,77.9
273228,大阪府能勢町,,,,,,,,,
273414,大阪府忠岡町,68.4,70.6,71.4,73.7,75.9,78.2,80.5,82.7,76.2
273619,大阪府熊取町,,78.8,79.3,81.6,83.8,85.4,86.4,87.4,12.4
273627,大阪府田尻町,,80.6,81.9,82.8,84,84.6,85.5,86.7,84.9
273660,大阪府岬町,100,88,89.5,91.5,93.6,99.6,99.6,99.6,99.7
273813,大阪府太子町,75.5,76.6,77.8,78.9,80,81,21.6,23,
273821,大阪府河南町,,80.2,,77.4,79.4,81.4,83.1,84.8,56
273830,大阪府千早赤阪村,,,,,,,,,
281000,兵庫県神戸市,62.1,64,64.8,60.9,62.9,56.9,59.1,58.8,61.1
282014,兵庫県姫路市,42.6,42.4,43.3,44.3,45.7,46.1,45.8,48.2,50.7
282022,兵庫県尼崎市,56.8,58.5,60.2,61.7,,,,,
282031,兵庫県明石市,,,,,,,,,
282049,兵庫県西宮市,54.2,56,57.1,58.4,59.4,60.6,61.8,63.4,65.1
282057,兵庫県洲本市,,74.1,70.2,72.4,74.1,75.1,77,78.7,79.8
282065,兵庫県芦屋市,,89.6,89.5,88.1,89.7,91.3,86.6,88.6,90.7
282073,兵庫県伊丹市,78,80.1,82.6,85.1,87.6,28.9,31.6,34.3,37
282081,兵庫県相生市,,71.6,84.8,86.4,87.5,88.5,89.4,86.4,87.1
282090,兵庫県豊岡市,53.7,52,,,,,,,
282103,兵庫県加古川市,47.9,50.3,51.9,53.8,55,56.2,44.7,49.2,46.1
282120,兵庫県赤穂市,,73.1,73.9,75.1,76.6,76.6,77.4,78.5,77.3
282138,兵庫県西脇市,,77.3,79.5,76.9,76.7,79.1,81.4,83.7,86.1
282146,兵庫県宝塚市,,49.4,34.1,31.5,34.1,36.7,38.7,39.8,42.7
282154,兵庫県三木市,55.2,51.3,53.5,55.4,59.7,60.4,62.4,63.9,64.2
282162,兵庫県高砂市,,64,66.1,68.1,69.9,71.8,73.5,75.3,77.1
282171,兵庫県川西市,60.6,62.6,64.6,65.9,67.9,69.9,71.3,72.2,73.8
282189,兵庫県小野市,,,,,,,,,
282197,兵庫県三田市,83.2,,,,,,,,
282201,兵庫県加西市,53.4,53.4,54.4,56.4,58.1,58.5,60.2,61.8,63.5
282219,兵庫県丹波篠山市,,83.8,82.8,84.9,87,87.1,86.3,90.8,92.6
282219,兵庫県丹波篠山市,,83.8,82.8,84.9,87,87.1,86.3,90.8,92.6
282219,兵庫県篠山市,,83.8,82.8,84.9,87,87.1,86.3,90.8,92.6
282219,兵庫県篠山市,,83.8,82.8,84.9,87,87.1,86.3,90.8,92.6
282227,兵庫県養父市,,83.1,85.3,87.4,84.4,86.9,87.3,85.7,87.8
282235,兵庫県丹波市,,,,,,,,,
282243,兵庫県南あわじ市,51.5,52.9,55.5,55.5,57.2,,59.2,,
282251,兵庫県朝来市,,,,,,,,,
282260,兵庫県淡路市,,76.3,74.3,66.8,68.8,69.6,83.6,85.3,87
282278,兵庫県宍粟市,,,,,,,,,
282286,兵庫県加東市,53.8,54.7,56.7,46,44.1,46.8,49.5,55.2,54.1
282294,兵庫県たつの市,,72.1,73.8,65.5,65.3,64.5,46.8,34.5,37.7
283011,兵庫県猪名川町,,46.2,48.4,50.6,52.8,54.6,56.9,59.2,60.7
283657,兵庫県多可町,,79.3,73.4,75.4,77.5,79.6,81.7,81.3,84
283819,兵庫県稲美町,,48.8,89.4,91.9,94.4,,98.8,99.6,100
283827,兵庫県播磨町,,,,74.2,56.9,59.5,62.2,64.8,67.5
284424,兵庫県市川町,,50.9,50.6,52.5,54.6,56.2,58.4,60.6,62.8
284432,兵庫県福崎町,,63,65.8,68.5,71.2,73.9,76.7,78.6,
284467,兵庫県神河町,51.2,53.2,55.1,52.7,58.6,60.4,59.8,62.1,64.5
284645,兵庫県太子町,,64.8,64.5,63.9,66.2,65.9,65.4,67.8,70.2
284815,兵庫県上郡町,,62.3,64.7,67.2,72.5,75.1,75.2,77.5,79
285013,兵庫県佐用町,,,,,,,,,
285854,兵庫県香美町,75.6,76.4,71.1,72.8,74.3,75.6,76.5,77.6,79.2
285862,兵庫県新温泉町,,,,,86.9,88.1,70.6,98.4,99
292010,奈良県奈良市,48.8,50.9,52.9,55,56.7,58.5,60.3,62,63.4
292028,奈良県大和高田市,,84.7,86.7,88.4,88.8,90.8,92.9,94.9,94.5
292036,奈良県大和郡山市,,54.1,56.1,58,58.2,68.9,67,67.3,65.6
292044,奈良県天理市,72.1,67.8,69.5,70.9,72.6,74.3,75.8,77.1,78.4
292052,奈良県橿原市,60.7,62.9,63.1,62.7,63.9,58.8,49.5,52,54.5
292061,奈良県桜井市,,92.6,93.4,80,81.7,83.1,84.8,86.2,87.9
292079,奈良県五條市,49.5,55,56.8,58.8,60.5,62.5,64.4,66.3,68.2
292087,奈良県御所市,56.9,58.7,59.8,48.7,46.7,48.6,51,53.4,55.7
292095,奈良県生駒市,,,,,,,,,
292109,奈良県香芝市,,74.5,74.3,76.3,78.3,80.3,81,83,85.1
292117,奈良県葛城市,,82,75.8,82.5,84.4,86.2,83.2,86,88.7
292125,奈良県宇陀市,,82.2,53.4,74.6,,,79.9,82.5,89.1
293229,奈良県山添村,,70.8,72.7,74.6,75.3,75.5,76.6,79.1,81
293423,奈良県平群町,86.5,88.1,90,91.9,93.6,90.9,92.6,94,95.1
293431,奈良県三郷町,,,,,,,,,
293440,奈良県斑鳩町,62.2,65.5,65.5,67.5,69.5,71.3,70.8,72.9,72
293458,奈良県安堵町,,,,,,,,,
293610,奈良県川西町,67.3,70.2,73.1,76,78.6,80.2,82.4,85.2,88.1
293628,奈良県三宅町,99.1,100,100,99.9,100,55.5,,,
293636,奈良県田原本町,,37.6,,37.8,40.5,43.2,45.9,48.6,
293857,奈良県曽爾村,,80.9,82.9,84.8,86.2,87.5,88.8,90.1,86
293865,奈良県御杖村,,79.9,81.7,66.4,50.3,52.1,53.9,52.7,54.8
294012,奈良県高取町,,,83.9,77.7,88.8,93.2,95.2,95.6,96.8
294021,奈良県明日香村,,76.2,79.4,79.4,80.6,81.9,90.4,97.2,93.2
294241,奈良県上牧町,59.4,63.6,66,68.2,69.1,71.3,73.4,75.5,73
294250,奈良県王寺町,77.8,79.8,81.8,83.5,89.3,91.3,93.3,93.3,81.1
294268,奈良県広陵町,68.7,73.1,71.6,74.8,76.7,78.5,79.6,75.1,76.2
294276,奈良県河合町,,81.5,81.8,83.9,85.9,88,89.7,91.5,93.1
294411,奈良県吉野町,76.8,78.9,74.9,78.5,55.3,57.3,59.8,59.8,61.8
294420,奈良県大淀町,,78.4,80.6,82.5,84.1,85.8,87.3,88.9,90.4
294438,奈良県下市町,79.2,83.1,85.4,87.2,88.9,90.7,92.4,94,95.6
294446,奈良県黒滝村,,94,96.2,96.2,98.4,75.5,76.7,,
294462,奈良県天川村,,100,100,95.1,92,92.3,95.3,95,98.4
294471,奈良県野迫川村,,50,52,54,56,58,60,62,64
294497,奈良県十津川村,,70.1,72,73.4,73.7,75.7,77.7,79.6,81.6
294501,奈良県下北山村,45.2,55.5,57.3,59.1,60.9,62.7,64.5,66.3,68.1
294519,奈良県上北山村,96,98,100,100,100,100,100,99.1,99.1
294527,奈良県川上村,,78.2,80.3,82,84.1,86.2,88.2,90.9,92.8
294535,奈良県東吉野村,100,100,,,,100,100,100,100
302015,和歌山県和歌山市,89.7,90,92,94,96,98,100,100,100
302023,和歌山県海南市,70.6,72.8,73,75.2,77.3,79.3,80.1,81.4,83.2
302031,和歌山県橋本市,36.6,45.1,47.9,53.6,47.1,56.4,59,61.4,62.9
302040,和歌山県有田市,,87.6,89.2,90.4,91.5,92.9,94,94.9,95.7
302058,和歌山県御坊市,60.2,62.3,64.4,66.5,68.5,70.6,72.6,72.6,74.8
302066,和歌山県田辺市,41.6,49.1,51.1,53.1,55.1,61.9,63.6,51.5,53.6
302074,和歌山県新宮市,62,64.7,67.3,69.8,72.3,74.5,76.8,77.6,79.7
302082,和歌山県紀の川市,52.8,51.9,53.4,55.7,56.8,58,56.8,60.2,58.4
302091,和歌山県岩出市,,67.1,69.2,71.2,72.2,71.9,73.1,75.9,71.5
303046,和歌山県紀美野町,,,67,68.1,71,,,,
303411,和歌山県かつらぎ町,45.2,42,43.9,40.3,42.5,44.7,47,,
303437,和歌山県九度山町,67.2,66.2,68.9,71.4,73.6,75.8,75.8,78.1,80.4
303445,和歌山県高野町,90,92,94,96,98,100,100,100,100
303615,和歌山県湯浅町,66,68.7,71.4,73.7,76.1,78.4,80.8,83.1,85.5
303623,和歌山県広川町,65.3,69.4,69.4,69.4,73.6,75.7,77.8,79.8,81.7
303666,和歌山県有田川町,,76.3,78.7,79.8,81,82.9,84.9,84.1,88.1
303810,和歌山県美浜町,87.9,90.1,75.6,76.4,78,79.1,80.3,74.9,75.7
303828,和歌山県日高町,81.3,83.3,85.3,87.3,89.3,94.8,96,96.5,97.1
303836,和歌山県由良町,61.8,79.1,77.4,77.9,79,80.5,82.6,84.7,85.9
303909,和歌山県印南町,73.4,75.6,77.8,80,82.2,84.4,86.6,88.8,91
303917,和歌山県みなべ町,79.1,,,,,,,,
303925,和歌山県日高川町,48,49.6,47.4,49,50.1,51.8,53.5,53.8,55.5
304018,和歌山県白浜町,70.8,72.3,76.1,78.1,80.1,82.1,84.1,86.1,88.1
304042,和歌山県上富田町,,72,72.9,68.9,69.7,55.1,57.4,59.2,63
304069,和歌山県すさみ町,,99.7,100,100,100,100,100,100,100
304212,和歌山県那智勝浦町,58,59.6,100,100,100,,0,2.6,5.3
304221,和歌山県太地町,70,70,72,74,76,78,79.7,81.7,83.7
304247,和歌山県古座川町,,64,66,68,70,72,74,76,78
304271,和歌山県北山村,,,,43.6,47.8,52,56.2,85.4,87
304280,和歌山県串本町,,87.7,89.1,87.6,88.8,89.8,93.8,94.5,95.1
312011,鳥取県鳥取市,53.2,50.9,56.8,55.3,63,52.9,46.8,66.2,61.8
312029,鳥取県米子市,66.8,70.2,72.9,,69.7,71.7,73.5,75.6,77.4
312037,鳥取県倉吉市,62.7,63.4,65.3,67.3,69,71.1,73.2,75,
312045,鳥取県境港市,,,62.2,,64.4,,,,
313025,鳥取県岩美町,,78.4,79.7,82.5,32.3,35.4,38.6,41.6,43
313254,鳥取県若桜町,,87.1,89,90.7,84.6,86.1,87.6,89.1,90.6
313289,鳥取県智頭町,,96.1,96.4,96.8,96.4,86.9,88.1,76.2,73
313297,鳥取県八頭町,,72.3,74.4,78.6,80.7,82.8,84.8,86.7,88.5
313645,鳥取県三朝町,,72.5,,87.4,86.7,91.5,55.3,56.8,56.9
313700,鳥取県湯梨浜町,69.5,71.1,78.5,80.6,79,79.1,56.3,55,56.5
313718,鳥取県琴浦町,78.7,80.5,82.3,84,85.4,86.7,87.1,88.4,86.8
313726,鳥取県北栄町,,80.8,90.4,82.8,84.8,86.7,87.4,88.9,90.4
313840,鳥取県日吉津村,,6.3,6.3,9.5,15.8,18.9,22.1,25.3,28.4
313866,鳥取県大山町,,76.1,76.5,78.5,73.3,70.7,68.1,75.8,78.6
313891,鳥取県南部町,,42.1,93.5,94.8,88.6,0,4.1,14.3,18.2
313904,鳥取県伯耆町,,48,46.2,47.9,50.7,53.6,54.7,57.4,60.1
314013,鳥取県日南町,,,78.6,77.9,79.9,,88.4,92.7,96.9
314021,鳥取県日野町,70,68.7,70.7,69.1,62.3,63.7,66.7,69.8,72.8
314030,鳥取県江府町,,,,,,,,,
322016,島根県松江市,37.6,37.9,40.1,42.2,44.1,45.5,47.8,50,52.4
322024,島根県浜田市,54.7,55,56.7,57.8,61,63.3,63.7,65.1,67.7
322032,島根県出雲市,59,60.4,57.6,59.4,59.4,61.4,62.7,63.9,62.2
322041,島根県益田市,78,80.1,77.9,80,71.3,73.3,75.3,77.2,78.5
322059,島根県大田市,,89,90.1,89,91.2,92.2,92.2,80.5,94.7
322067,島根県安来市,66,68.2,69.7,68.5,70.5,72.3,72.3,74.2,76.2
322075,島根県江津市,77.5,75,77.1,,,,,,
322091,島根県雲南市,,,,,,,,,
323438,島根県奥出雲町,47.5,49.6,51.4,51,55.5,57.5,58.2,60.1,62.1
323861,島根県飯南町,54.7,0,29,31.5,33.8,26.3,28.8,31.1,33.3
324418,島根県川本町,71.5,63.7,64.8,80.8,68.3,66.4,77.3,68.7,72.5
324485,島根県美郷町,82.3,84.2,86,87.9,84.6,86.5,88.6,91.4,92.7
324493,島根県邑南町,46.6,46.6,52.2,54.7,56.9,59.2,60.9,63.1,64.9
325015,島根県津和野町,96.9,98.2,98.9,98.9,,99.8,100,100,97.5
325058,島根県吉賀町,,,87.2,91.3,74.3,76.8,80.3,82.3,84.2
325252,島根県海士町,,92.6,85.9,89.7,94.2,96.8,98.4,98.8,99.7
325261,島根県西ノ島町,59.8,91.2,91.5,87.1,87.8,88.4,89,89.6,90.3
325279,島根県知夫村,,,,,,,,,
325287,島根県隠岐の島町,,45.5,47.3,49.1,51,52.9,54.2,56.1,57.9
331007,岡山県岡山市,58.2,58.4,55.1,59.5,59.9,60.9,58.5,56.2,57.7
332020,岡山県倉敷市,63.1,64.8,66.5,68,70.1,67.8,69.5,71.4,73.2
332038,岡山県津山市,,44.1,46,48.5,50.4,53,55.2,57.1,59.5
332046,岡山県玉野市,68.4,62,58.6,70.7,72.2,73.7,75.1,78.2,78.6
332054,岡山県笠岡市,,72.6,73.7,75.7,77.8,82.1,79.8,81.4,83.1
332071,岡山県井原市,64.9,66.7,68.5,64.2,66.3,49.7,47.3,39.1,41.6
332089,岡山県総社市,56.4,58.3,61.1,58.4,59.2,57.9,58.2,60.6,62.9
332097,岡山県高梁市,,63.6,,,34.5,33.8,66.5,60.6,63.4
332101,岡山県新見市,,66.4,68.8,66.8,69.6,67.6,69.1,71.2,73.4
332119,岡山県備前市,,60.8,62.9,64.1,64.9,66.9,67.6,69.6,71.6
332127,岡山県瀬戸内市,,69.2,72.2,75.1,77.6,80.5,83.4,66.4,68.2
332135,岡山県赤磐市,64.6,68.3,70.5,72.7,75.1,77.4,78.2,80.5,82.8
332143,岡山県真庭市,,49.3,51.7,52,56.3,58.5,60.5,60.2,62.4
332151,岡山県美作市,,67.8,69.4,66.8,68.4,70.1,71,72.2,72.9
332160,岡山県浅口市,67,67.9,56.6,58.8,61,63.2,65.3,67.5,67.6
333468,岡山県和気町,82.2,84.9,,100,100,83.6,51.1,51.9,54.5
334235,岡山県早島町,97.7,98,98.3,99.5,99.6,99.7,99.7,99.8,99.8
334456,岡山県里庄町,73.2,73.2,74.8,76.8,80.6,83.2,85,93.4,81.2
334618,岡山県矢掛町,93,95.2,72.8,,74.7,75.9,75.6,76.4,77.1
335860,岡山県新庄村,,57,57.8,61.6,63,,63,68.6,71.2
336068,岡山県鏡野町,,,,65.4,67.7,69.8,67.4,54.9,56
336220,岡山県勝央町,63.9,68.6,69,71,73,90,92,94,96
336238,岡山県奈義町,,,,,,,,,
336432,岡山県西粟倉村,91.4,84.9,91.4,92.8,94.9,,,,
336637,岡山県久米南町,42.3,44.2,52.3,54.6,56.6,56.9,56.2,58.3,60.4
336661,岡山県美咲町,52.5,56.9,58.9,60.9,60.9,72.7,73.7,75.7,77.7
336815,岡山県吉備中央町,61.8,66.1,66.1,68.3,70.4,72.6,74.8,76.5,76.5
341002,広島県広島市,53.3,55.1,56.9,56.6,57.9,58.8,59.5,59.9,
342025,広島県呉市,,,,,,,,,
342033,広島県竹原市,55.8,53.3,59.4,61.4,66.6,67.3,64.7,67,69.3
342041,広島県三原市,59.5,63.8,63.2,65.2,67.2,70.8,70.3,72.2,76.5
342050,広島県尾道市,55.5,54.6,56.3,58,60.1,61.2,52.3,54.8,57.3
342076,広島県福山市,,56.5,58.2,60.1,60.3,63.4,67.6,60.9,
342084,広島県府中市,72.8,74.6,76.6,77.8,61.1,60.6,61.9,63.8,64
342092,広島県三次市,,,,,,,,,
342106,広島県庄原市,,,,,,,,,
342114,広島県大竹市,72.6,75.3,76.7,78.7,80.7,80.8,82.9,85,
342122,広島県東広島市,,62.6,58.2,59,59.6,59.6,61.2,,
342131,広島県廿日市市,,58,56.9,53.8,55.9,58.2,61,56.4,55.7
342149,広島県安芸高田市,,,,,,,,,
342157,広島県江田島市,,,78.1,82.7,83.3,82,84.2,86.4,88.6
343021,広島県府中町,,99.1,99.2,96.3,96.6,92.9,14.9,24.6,
343048,広島県海田町,72.3,70.1,74.8,77.4,24.1,26.9,29.8,32.6,33.5
343072,広島県熊野町,,17.4,16.5,19.6,22.3,25.5,22.5,25.6,29
343099,広島県坂町,60,62,64,66,68,70,72,74,76
343684,広島県安芸太田町,,99.9,99.9,100,100,100,100,100,100
343692,広島県北広島町,65.7,65.5,67.5,69.6,71.6,51,38,40.9,37
344311,広島県大崎上島町,97.1,97.9,97.7,92.6,65.6,100,68.9,70.5,72.1
344621,広島県世羅町,,,,,,,,,
345458,広島県神石高原町,70.4,72.4,73.6,73.6,76.1,75.9,77.3,77.3,79.6
352012,山口県下関市,,51.6,55.4,55.9,58,61.4,61.9,66.7,68.2
352021,山口県宇部市,66.2,72.2,68.9,70.9,72.9,74.9,55.8,60.3,59.8
352039,山口県山口市,,,,,,,,,
352047,山口県萩市,54.9,57.3,59.6,61.8,63.2,62.8,64.2,66.1,68
352063,山口県防府市,,45.9,53.7,53.4,56.9,55.3,46.9,50.7,53.4
352071,山口県下松市,45.6,47.7,49.8,51.8,49.2,50.7,52.2,44.7,47.1
352080,山口県岩国市,,85.3,84.9,86,87.4,88.5,89.6,90.1,85.1
352101,山口県光市,71.9,,,,,,,,
352110,山口県長門市,73.1,75,76.8,78.6,80.5,82,83.5,85,85.7
352128,山口県柳井市,55.1,53.9,39.6,39,41,40.6,38.2,41.7,44.9
352136,山口県美祢市,,72.9,81.8,76.3,77,79.7,80.9,81.4,84.1
352152,山口県周南市,48.8,50.9,52.5,,,,,,
352161,山口県山陽小野田市,67,64.2,66.2,68.2,70.2,72.2,72.7,74.8,58
353051,山口県周防大島町,44.3,46.5,48.7,50.8,53,55.1,63.1,65.1,67.1
353213,山口県和木町,46.7,48.7,49.2,47.5,49.4,47.9,50,50.3,48.9
353418,山口県上関町,47.9,50.6,53.2,55.6,74,76.4,56.6,57.8,60.5
353434,山口県田布施町,78.9,80.8,82.3,83.8,84.7,84.4,85.7,85.9,83.5
353442,山口県平生町,67.6,,,,,,,,
355020,山口県阿武町,40.9,44.4,46.6,48.8,51,53.1,50.4,49.9,45.8
362018,徳島県徳島市,73.7,75.5,77.3,78.9,80.7,82.5,84.2,86.1,91.4
362026,徳島県鳴門市,64.7,67,60.3,57.9,59.7,47,49,50.6,53.1
362034,徳島県小松島市,92.2,93.9,55.9,43.7,41.4,40.3,42.3,44.3,31.4
362042,徳島県阿南市,49.4,51.3,52.3,54.4,51.8,54.1,57.1,59.5,60.6
362051,徳島県吉野川市,66.1,68.3,70.4,72.4,74.5,76.1,77.8,79.8,81.8
362069,徳島県阿波市,68.8,70.8,72.4,72.8,49.7,50.1,49.6,51.9,51.4
362077,徳島県美馬市,83.4,86,76.1,77.7,79.3,80.9,82.5,82.3,85.6
362085,徳島県三好市,69.7,73.6,75.4,77.3,78.9,79.6,81,81.6,84.2
363014,徳島県勝浦町,90,92,94,96,98,100,58.9,60,61.1
363022,徳島県上勝町,72,69.7,66.2,63.8,66,68.2,70.4,72.6,74.9
363219,徳島県佐那河内村,72.3,74.3,76.4,78.4,80.4,82.5,84.5,86.5,88.6
363413,徳島県石井町,54.8,53.4,55.5,56.5,54.9,56.9,68,70,72.2
363421,徳島県神山町,63.1,61.4,61.3,66.7,61.9,61.4,59.2,60.1,61.4
363685,徳島県那賀町,75.1,76.9,73.3,75.2,81.8,75,76.3,76.9,77.9
363839,徳島県牟岐町,,,,,,,,,
363871,徳島県美波町,73.4,75.5,78.5,80.4,82.2,83.6,84.4,85.9,87.7
363880,徳島県海陽町,77.6,60.5,62.6,63.6,64.4,66,66.8,68.3,69.9
364011,徳島県松茂町,52,54,56,58,56,58.4,48.8,52.4,56
364029,徳島県北島町,82,84,86,88,90,92,94,96,98
364037,徳島県藍住町,,,,,,,,,
364045,徳島県板野町,70,72,74,76,78,72.8,75,74.7,77.1
364053,徳島県上板町,64,68,70,72,74,76,78,80,82
364681,徳島県つるぎ町,66.7,69.1,71.5,73.9,76.3,78.7,81.1,83.4,85.7
364894,徳島県東みよし町,80,81.6,83,84.4,85,85.9,87.3,88.6,90
372013,香川県高松市,,100,100,,,,,,
372021,香川県丸亀市,29.7,32.4,35.1,37.8,40.5,43.2,45.9,48.6,51.3
372030,香川県坂出市,58.4,60.1,62,63.6,65.3,66.8,66.4,69.2,69.5
372048,香川県善通寺市,53.7,53.6,55.9,58.1,60.4,62,64.4,66.4,68.8
372056,香川県観音寺市,63.7,65.7,67.2,65.5,58.3,60.2,61.2,63,61.9
372064,香川県さぬき市,,76.9,73.2,74.5,75.1,76.6,78.5,80.2,34.9
372072,香川県東かがわ市,55.9,58,60,62.1,64.1,65.4,67.3,55.4,57.6
372081,香川県三豊市,70.9,72.8,74.4,75.8,75.2,75.1,76.8,77.3,78
373222,香川県土庄町,,66.3,66.6,62,63.7,65.6,67.1,68,70
373249,香川県小豆島町,,58.7,53.7,56.2,57,57.3,59.4,60.9,62.2
373419,香川県三木町,,57.1,55.3,57.1,58.9,60.1,61.9,62.1,61.7
373648,香川県直島町,62,64,66,68,70,72,73.4,75,77
373869,香川県宇多津町,,,,,,,,,
373877,香川県綾川町,58.2,60.3,62.4,64.5,66.5,68.6,65.1,65.6,68
374032,香川県琴平町,53.8,56,58.2,60.4,62.7,64.9,67.1,69.3,71.5
374041,香川県多度津町,86.2,87.4,89,90.6,92,93.2,93.7,93.5,93
374067,香川県まんのう町,68,66,67.5,49.2,51.4,32.2,34.4,33.9,36.1
382019,愛媛県松山市,,50.4,51.9,53.9,55.9,57.9,58.8,57.2,58.2
382027,愛媛県今治市,,75.8,77.8,70.4,72.5,74.3,76,74.8,76.9
382035,愛媛県宇和島市,46.9,50.6,52.6,54.9,52.8,57.2,58.1,59.4,61
382043,愛媛県八幡浜市,63.2,65,56.4,56.2,58.1,49.5,51.8,48.7,51.1
382051,愛媛県新居浜市,,66.1,64,66.2,67.4,63.5,64.7,66.1,68.9
382060,愛媛県西条市,57,56.3,58,55.4,56,57.6,59.9,62.1,64.3
382078,愛媛県大洲市,,67.8,69.9,71.8,74.2,65.1,62.8,63.1,60.7
382108,愛媛県伊予市,85.4,66,68.1,70.2,53.3,54.2,56.4,58.6,60.8
382132,愛媛県四国中央市,53.9,55.2,50.3,52.2,45.4,48,50.1,52.5,54.9
382141,愛媛県西予市,71.1,66.8,68.2,66.2,68.3,68.8,70.5,62.7,63.9
382159,愛媛県東温市,72.6,72.6,74.6,76.6,78.6,80.6,84.6,85.5,87.5
383562,愛媛県上島町,82.4,83.3,79.3,80.5,80.4,81.7,83.1,86.4,81.9
383864,愛媛県久万高原町,76.5,78.4,67.3,69.1,67.6,67.4,66.1,67.9,69.4
384011,愛媛県松前町,57.6,69.7,61.5,52.1,54,56,58,49.2,51.8
384020,愛媛県砥部町,69.1,69.3,71.5,73.8,44.3,42.5,48.6,50.7,52.8
384224,愛媛県内子町,90.8,57.5,59.4,62.1,59.6,61.6,63.7,65.8,68
384429,愛媛県伊方町,68.6,66.1,68.2,67.1,69.2,68.4,70.1,72.3,74.5
384844,愛媛県松野町,80,82.3,84.6,86.9,89.1,90.8,92.5,94,66.3
384887,愛媛県鬼北町,67,69,70.7,72.6,71.4,73.2,75,77.3,79.2
385069,愛媛県愛南町,54.7,56.1,58.2,58.5,60.5,60.1,62.1,63.5,63.2
392014,高知県高知市,,46.8,46.5,50.6,52.1,54,54.5,52.7,60
392022,高知県室戸市,79,74.3,75.7,73,73.1,75.6,75.6,76.4,77.5
392031,高知県安芸市,73.3,70.8,72.6,73.6,73.8,73.6,75.3,76.9,79.2
392049,高知県南国市,33,20.9,22.5,24.7,26.4,30.5,19.3,19.7,21
392057,高知県土佐市,75.9,77.6,38.3,42.8,48.5,52.9,57.3,61.8,66.2
392065,高知県須崎市,68.9,69.9,54.7,73.4,36.9,41.1,40.5,42.4,43.7
392081,高知県宿毛市,77.8,49.4,51.4,53.5,55.5,57.5,59,61.1,63.1
392090,高知県土佐清水市,0,0,5.5,9,12.5,16,19.6,23.1,26.6
392103,高知県四万十市,70.1,72.1,74.2,76.2,78.2,80.2,84.7,87,89.4
392111,高知県香南市,42.8,44.9,46.9,48.9,51.2,52.4,57.5,56.4,57.7
392120,高知県香美市,75.1,78.7,75,76.9,79.1,80.5,70.5,72.6,72.1
393011,高知県東洋町,,85.1,87.1,89.1,91.1,91.1,95.1,95.1,56.1
393029,高知県奈半利町,,,,,,,,,
393037,高知県田野町,,,,,,,,,
393045,高知県安田町,52.2,33.4,36.4,39.5,42.5,45.5,48.6,51.6,54
393053,高知県北川村,53.1,68.7,66.8,70.2,73.5,76.9,80.3,83.6,86.9
393061,高知県馬路村,,44.9,99.6,97.1,18.3,0,4.2,,
393070,高知県芸西村,,,,,,,,,
393410,高知県本山町,62.8,84.4,,,,74.9,77.7,79.1,80.5
393444,高知県大豊町,61.6,49.4,51.5,53.6,55.7,58.9,60.7,62.8,64.8
393631,高知県土佐町,,100,100,100,100,100,100,100,100
393649,高知県大川村,,,,,,,,,
393860,高知県いの町,81.4,83.3,69.1,71.2,73,74.7,71.1,64.7,66.9
393878,高知県仁淀川町,73,75,75,78.6,80.4,82.2,90.1,84.2,86.1
394017,高知県中土佐町,86,88,90,100,,0,3.9,7.9,11.8
394025,高知県佐川町,71.3,61.9,63.7,65.9,68.1,70.2,45.9,48,50.1
394033,高知県越知町,79.8,81.4,83,84.4,85.8,86.7,87.9,87.9,80.3
394050,高知県梼原町,,,,,,,,,
394106,高知県日高村,64.9,70.1,70.4,73.9,77.1,78.7,82,83.9,86.9
394114,高知県津野町,81.3,92.3,93.1,93.9,94.7,95.5,96.3,96.9,97.4
394122,高知県四万十町,,,,,,,,,
394246,高知県大月町,76.8,78.8,80.9,83,85,86.5,87.8,88.8,89.8
394271,高知県三原村,88,92,62.6,65.6,22,37.1,10.1,11.6,15.5
394289,高知県黒潮町,,,,,,,,,
401005,福岡県北九州市,,45.6,46.8,48.4,49.7,51,51.2,52.5,54.6
401307,福岡県福岡市,25.8,27,28.6,29.7,31,32,33.1,34.5,35.7
402028,福岡県大牟田市,48.6,50.4,51.7,53.1,54,54.6,56.3,56.4,56.2
402036,福岡県久留米市,,,,,,,,,
402044,福岡県直方市,,74,76,78,80,82,84,86,88
402052,福岡県飯塚市,,,,,,,51.5,53.4,55.4
402061,福岡県田川市,58.7,61.1,63.3,65.8,67.9,70.2,72.2,74.5,76.8
402079,福岡県柳川市,46.3,52.6,54.8,57.1,59.4,61.6,63.6,65.8,63.7
402109,福岡県八女市,77.7,79.8,81.8,83.7,85.8,87.9,89.4,91,92
402117,福岡県筑後市,67.2,68.1,70.5,73,70.9,42.3,42.7,46.3,49.9
402125,福岡県大川市,92.8,94.8,95.8,92.9,93.5,93.2,93.7,93.7,94.2
402141,福岡県豊前市,45.9,48.2,,,,,,,
402150,福岡県中間市,75,76.9,,,,,,,
402168,福岡県小郡市,31.9,29.5,30.1,32.6,35.1,36.9,38.7,41.2,42.9
402176,福岡県筑紫野市,,,,,,,,,
402184,福岡県春日市,50.2,52.4,54.6,56.8,59,61.2,63.4,65.7,67.9
402192,福岡県大野城市,,55.8,56.3,55.3,50.7,51.3,50.9,53.4,50.8
402206,福岡県宗像市,,,,,,,,,
402214,福岡県太宰府市,58,60,62,50.8,52.6,57.1,60.2,63.5,64.8
402231,福岡県古賀市,53.3,62,58.1,60.1,57.1,59.1,61.1,61.5,63.5
402249,福岡県福津市,77.2,78.6,80,81,81.1,82.2,83.4,83.8,85
402257,福岡県うきは市,88.4,,,,,,,,
402265,福岡県宮若市,88.4,83.2,91.2,92.2,93.3,91.6,91.5,92.3,93.7
402273,福岡県嘉麻市,65.1,71.8,62.6,63.7,65.3,65.2,66.5,67.5,68.6
402281,福岡県朝倉市,65.1,67,,,,,,,
402290,福岡県みやま市,39,41,43,45,49.2,51.2,53.2,55.2,56.9
402303,福岡県糸島市,,32,34.3,36.4,38.6,41.3,,,
402311,福岡県那珂川市,78,80.5,83,85.5,87.7,89.8,82.9,81.2,83.6
402311,福岡県那珂川市,78,80.5,83,85.5,87.7,89.8,82.9,81.2,83.6
402311,福岡県那珂川町,78,80.5,83,85.5,87.7,89.8,82.9,81.2,83.6
402311,福岡県那珂川町,78,80.5,83,85.5,87.7,89.8,82.9,81.2,83.6
403415,福岡県宇美町,74,,76,78,82,76.3,82.9,85.1,60.3
403423,福岡県篠栗町,48.3,48.3,50.4,51.9,52.9,55.2,57.2,58.7,61.1
403431,福岡県志免町,66.7,68.7,70.6,70.9,72.9,75,77,79,81
403440,福岡県須恵町,,,,,,,,,
403458,福岡県新宮町,,,,,,,,,
403482,福岡県久山町,44,44.8,46.9,49,51.2,53.3,55.4,57.5,55.9
403491,福岡県粕屋町,61,63.1,63.1,65.3,67.5,69.6,71.8,77.9,80.2
403814,福岡県芦屋町,,54,56,58.7,60.7,62.7,64.7,63,64
403822,福岡県水巻町,49.5,49.7,51.6,55.7,59,62,65,67.5,70
403831,福岡県岡垣町,70.5,72.5,71.9,73.1,75,77.2,76.5,76.4,77.3
403849,福岡県遠賀町,52.5,50.2,53.1,56,58.9,61.8,64.7,67.6,70.4
404012,福岡県小竹町,,81.8,83.3,85.1,85.3,85.7,87.4,87.4,89.2
404021,福岡県鞍手町,67.6,67.3,69.5,70.5,72.7,53.1,55.4,57.8,60.1
404217,福岡県桂川町,70.2,72.7,75.4,78.2,80.8,80.1,82.8,84.5,87.5
404471,福岡県筑前町,63.9,66.7,68.9,71.2,73.4,75.6,74.5,77.1,79.6
404489,福岡県東峰村,,,,,,,,87.6,86.6
405035,福岡県大刀洗町,73.3,85.6,83.6,85.1,86.1,87.7,89.3,90.8,34.5
405221,福岡県大木町,12.8,14,16,18,20,22,24,26,25.8
405442,福岡県広川町,,91.5,,,,,,,
406015,福岡県香春町,34,36,38,40,42,44,46.2,48.3,44.1
406023,福岡県添田町,,60.9,73.1,74.3,76,79.5,79.4,80.5,82.4
406040,福岡県糸田町,74,75.6,76.7,78.1,77.6,79,80.4,81.2,
406058,福岡県川崎町,33,35.2,37.4,39.6,,44,46.2,48.4,50.6
406082,福岡県大任町,57.3,59.2,63.2,65.2,67.2,69.1,71.1,73.2,73.2
406091,福岡県赤村,,,,,,,,,
406104,福岡県福智町,83.1,85,40.5,42.5,93,95,86,97.8,98.1
406210,福岡県苅田町,65,65.7,67.2,69,70.7,69.7,74.9,76.3,76.2
406252,福岡県みやこ町,,65.8,68,70.1,72.1,73.6,76.8,78.4,69.1
406422,福岡県吉富町,51.3,50.8,55.3,56.2,58.6,61,63.3,,
406465,福岡県上毛町,,,40.2,42.1,43.9,45.8,46.2,48.2,
406473,福岡県築上町,85.1,87.1,89.1,91.1,93.1,95,96.1,96.6,97.2
412015,佐賀県佐賀市,,44.5,44.6,46.7,44.3,43.6,41.2,43.1,43.9
412023,佐賀県唐津市,71.2,63.9,65.9,58.5,60.5,57.6,56.9,54.3,55
412031,佐賀県鳥栖市,,,,,,,,,
412040,佐賀県多久市,59.2,61.8,65,65.5,68,70.5,72.9,75.5,49.2
412058,佐賀県伊万里市,56.9,60.6,51.2,52.9,55,83.2,83.7,84.2,84.7
412066,佐賀県武雄市,55.7,56.8,59.3,60,62.6,65.2,56.3,58.5,61.1
412074,佐賀県鹿島市,86.8,88.6,90.3,91.2,92.1,92.9,93.9,94.8,95.4
412082,佐賀県小城市,64.7,64.2,66.1,67.8,69.5,71.3,72.9,74.4,76
412091,佐賀県嬉野市,,77.1,78.5,71.4,73.6,75.5,73.8,76.3,78.3
412104,佐賀県神埼市,,53.9,46.7,48.8,50.8,52.4,54.5,56.5,58.6
413275,佐賀県吉野ヶ里町,77.2,77.6,79.7,81.9,84.1,86.1,87.6,89.9,91.7
413411,佐賀県基山町,,,,,,,,,
413453,佐賀県上峰町,39.4,,,,,,,,
413461,佐賀県みやき町,17.7,21.3,24.8,28.3,31.8,35.2,38.6,42.1,45.6
413879,佐賀県玄海町,77.4,79.7,61.5,62.9,59.6,61.6,62.2,64.5,66.7
414018,佐賀県有田町,89.8,91.8,86,79.8,81.8,83.8,85.8,87.8,89.8
414239,佐賀県大町町,70.8,74.2,76.1,77.9,79.7,81.7,83.7,85.3,87.3
414247,佐賀県江北町,63.4,65.3,67.3,69.3,71.3,73.3,75.4,77.4,79.4
414255,佐賀県白石町,78,80,82,84,84.7,86.8,88.6,90.7,92.8
414417,佐賀県太良町,68.7,71.5,75.5,77.5,79.7,78.4,80.6,82.9,83.8
422011,長崎県長崎市,,70.3,71,78.2,79.1,82.5,81,81.3,83.1
422029,長崎県佐世保市,,54.5,53.4,55.6,56.9,56.4,58.4,60.6,100
422037,長崎県島原市,67.3,64.2,66.3,71.4,73.4,75.2,75.8,77.1,78.1
422045,長崎県諫早市,,78.9,80.9,83,85,87,89,85.7,79.5
422053,長崎県大村市,,41,43.2,42.5,36.6,38.6,40.6,42.6,44.6
422070,長崎県平戸市,40,27.7,37.5,38.8,37.6,35.9,37.3,38.9,40.4
422088,長崎県松浦市,,70.9,70.5,65.5,74.5,64.5,71.5,60.7,62.8
422096,長崎県対馬市,,42.2,51.9,54,55.7,58.4,59.5,61.6,63.3
422100,長崎県壱岐市,,60.7,58.2,64.3,62,63.3,65.1,65.1,67.8
422118,長崎県五島市,,65.3,64.2,70.6,72.8,74.6,75.4,73.8,72.5
422126,長崎県西海市,,61.1,63,61.1,62.4,63.6,65.7,72.1,73.3
422134,長崎県雲仙市,85.1,,,,,92.6,90.8,27.2,30
422142,長崎県南島原市,43.3,45.2,47.1,49,51,53,54.8,56.7,58.5
423076,長崎県長与町,89.2,90,90.7,90.8,91.5,92.2,86.7,87.8,88.8
423084,長崎県時津町,,61.7,63.5,65.4,67.1,69.1,71,72.9,74.9
423211,長崎県東彼杵町,28,30,32,34,36,38,40,42,44
423220,長崎県川棚町,66,67.4,69.4,71.5,,75.6,78,79.7,72.1
423238,長崎県波佐見町,,,,,,,,,
423831,長崎県小値賀町,69.4,71.2,73,75.2,77,78.3,79,80,80.9
423912,長崎県佐々町,,69,60,61.9,63.9,65,67,68.1,70.2
424111,長崎県新上五島町,,53.7,55.4,56.9,61.4,62.8,65.4,66.8,68.6
431001,熊本県熊本市,58,60,61.6,53.3,55,55.5,56.5,56.7,58
432024,熊本県八代市,,56.8,48.4,49.4,49.4,51.7,56.3,58.7,61
432032,熊本県人吉市,,65.4,67.5,69.5,71.6,73.6,75.6,76.3,56.2
432041,熊本県荒尾市,88.1,84.7,86.7,89,91.2,94.9,97,99,99.2
432059,熊本県水俣市,69.1,72,72,72.8,75,76.8,78.8,80.6,82.3
432067,熊本県玉名市,90.8,98.3,98.3,20.3,21.2,23.1,23.5,13.2,15.3
432083,熊本県山鹿市,54.6,56.9,58.7,60.6,61.1,62.7,63.9,65.6,67.2
432105,熊本県菊池市,,48.2,26,28.8,28.6,31.3,33.7,36,38.4
432113,熊本県宇土市,89.9,90.8,88.7,78.2,79,47.5,49.6,51.7,53.8
432121,熊本県上天草市,,100,100,100,100,100,100,100,100
432130,熊本県宇城市,54.1,54.9,56.9,58.9,56.5,56,58,60.1,67.6
432148,熊本県阿蘇市,85.5,82.5,84.7,94.7,95.6,96.5,97.3,98.2,98.2
432156,熊本県天草市,,71.5,73,74.3,75.7,38.9,38.8,41.5,44.2
432164,熊本県合志市,62.5,45.9,57.6,54.8,41.7,43.7,45.7,46.7,14.2
433489,熊本県美里町,68.2,71,71.6,72.3,73,75,77,78.7,78.6
433641,熊本県玉東町,69.8,70.6,70.5,76.7,78.8,78,87.9,90,92
433675,熊本県南関町,50.4,52.9,51,54.6,56.6,59.9,63.7,67.1,70.8
433683,熊本県長洲町,56.9,58.6,60.1,61.9,58,60,62,64,70.1
433691,熊本県和水町,52.9,53,54.9,58.8,60.8,62.2,64.3,66.1,68
434035,熊本県大津町,65.7,67.8,69.1,68.9,68.2,72.1,73.9,74.7,77
434043,熊本県菊陽町,,81.7,83.4,68.8,68.7,70.9,73.1,71,72.6
434230,熊本県南小国町,33.7,36.2,38.5,41,43.4,45.8,48.3,50.7,53.1
434248,熊本県小国町,,,,95.5,96.2,65,67,69,70.9
434256,熊本県産山村,76.2,78.7,80.7,80.5,82.1,83.4,82.2,84.3,85.4
434281,熊本県高森町,53.1,71.1,73.5,75.5,77.8,78.7,81,83.3,84.2
434329,熊本県西原村,31.5,35.6,39.7,43.8,47.9,52,56.1,59.1,63.2
434337,熊本県南阿蘇村,,91.8,93.6,95.5,96.7,97.5,98.3,99.2,100
434418,熊本県御船町,76.4,74.7,79.2,78.8,75.2,71.8,73.9,75.9,76.4
434426,熊本県嘉島町,88.9,91.4,91.6,97,97.9,94.1,94.6,95.1,95.6
434434,熊本県益城町,,36.3,37.9,40.5,37.3,38.7,42.5,35.8,38.3
434442,熊本県甲佐町,,,75.6,79.8,84,17.3,4.2,8.4,12.6
434477,熊本県山都町,78.6,80.3,82.1,83.5,85.2,87,88.5,89.9,83.1
434680,熊本県氷川町,62,64,66,68,70,72,74,74.4,76.5
434825,熊本県芦北町,,83.3,85,84.1,86.6,90.1,91.8,93.4,95
434841,熊本県津奈木町,,58.8,96.8,98,99.1,63.4,64.5,65.6,63.4
435015,熊本県錦町,,,,,,,,,
435058,熊本県多良木町,94.7,94.7,55.3,57.5,60,61.4,63.7,66,68.3
435066,熊本県湯前町,91.5,98,79,92.8,99,99,99.1,99.2,99.2
435074,熊本県水上村,72,80.2,74.7,77.5,80.4,83.1,87.3,88.1,88.8
435104,熊本県相良村,,,,,,,,,
435112,熊本県五木村,,61.7,65.1,68.3,,,,,
435121,熊本県山江村,56.4,41.5,40.2,40.2,42.1,65.9,66.6,68.4,
435139,熊本県球磨村,64.4,70.3,72.7,74.4,68.2,70.2,72.2,74.2,76.2
435147,熊本県あさぎり町,67.6,79.8,82.2,84.9,80.2,40.7,40.5,43.6,46.6
435317,熊本県苓北町,,,,62.7,65,66.9,69,71.1,73.3
442011,大分県大分市,64.3,65,45.4,67.1,66.2,63.5,65.4,59.9,54.6
442020,大分県別府市,71.4,,73.8,70.5,71.9,73.6,72.2,73.3,71
442038,大分県中津市,66,67.9,70.7,72.7,70.4,64.2,58.7,56.7,56.9
442046,大分県日田市,,48.3,48.5,51,64.5,67.1,69.1,67.2,69.7
442054,大分県佐伯市,62.9,61.9,66.5,64.9,66.4,68.2,67.9,68.8,70.8
442062,大分県臼杵市,63.6,60,53.3,56.1,58.8,60.7,63.5,66.5,67.1
442071,大分県津久見市,80,80,84,55.4,57.5,60.1,62.1,64.2,66.3
442089,大分県竹田市,61.4,62.7,70,65.3,63.3,64.6,66.3,68.1,70.3
442097,大分県豊後高田市,66.1,63.2,67.8,67.8,69.6,68.9,70.3,72,73.6
442101,大分県杵築市,67.1,61.5,60.9,62.3,64.2,43.9,46.3,77.3,79.4
442119,大分県宇佐市,64.7,65.4,66.5,67.7,68.7,69.9,70.9,72,57.3
442127,大分県豊後大野市,79.1,66.7,80.9,84.7,78.9,46.8,29.6,31.8,27.6
442135,大分県由布市,53.6,55.7,60.5,50.8,52.6,54.4,54.8,53,53.6
442143,大分県国東市,72.1,74.2,80.8,80.8,63.2,64.8,64.2,64.6,61.1
443221,大分県姫島村,97.5,59.4,99.3,74.1,75.3,76.5,77.7,78.8,79.8
443417,大分県日出町,77.2,78.4,74.5,76.6,78.4,79.8,81.5,83.5,85.6
444618,大分県九重町,71.9,73.9,25.7,5.9,7.5,11.5,15.6,19.6,25
444626,大分県玖珠町,61.5,63.7,65.8,67.3,68.5,69.8,71,72.2,73.4
452017,宮崎県宮崎市,69.3,70.6,74.5,77.3,75.1,75.2,62.4,62.1,59.4
452025,宮崎県都城市,45.2,47.3,49.4,45.8,37.4,36.4,38.5,37.7,38.5
452033,宮崎県延岡市,78.6,80.3,82.3,84.3,84.5,86.6,88.7,90.7,86
452041,宮崎県日南市,,50.3,52.7,55.1,57.6,60,59.8,62.1,64.3
452050,宮崎県小林市,,52.9,85.8,87.8,82.4,84.5,86.7,88.5,90.1
452068,宮崎県日向市,,61.2,63.9,66.5,69.2,71.9,74.2,76.7,78.2
452076,宮崎県串間市,79.9,86.8,87,88.9,90.5,92.1,92.7,93.9,96
452084,宮崎県西都市,54.2,56.2,57.7,59.1,61.5,63,64.5,66.3,68.7
452092,宮崎県えびの市,,,,59.5,50.3,,,,
453412,宮崎県三股町,,60.4,62.7,64.9,66.7,68.7,70.7,70.3,72.5
453617,宮崎県高原町,,92,60.3,61,58.4,60.6,62.8,65.1,66.5
453820,宮崎県国富町,,,100,100,100,100,100,100,100
453838,宮崎県綾町,,78.9,80.9,82.9,84.9,86.7,88.3,90,91.8
454010,宮崎県高鍋町,61,60.6,100,100,100,100,100,100,100
454028,宮崎県新富町,,85.8,87.8,89.8,91.8,93.8,95.8,97.8,21.9
454036,宮崎県西米良村,,,,64.7,65.5,67.3,69.4,71.2,72.8
454044,宮崎県木城町,,,,,,,,,
454052,宮崎県川南町,65.9,92,94,96,98,,,,
454061,宮崎県都農町,100,100,100,100,97.8,97.9,97.7,97.8,97.9
454214,宮崎県門川町,95.4,94.7,95.2,59,56.7,57.9,59.1,59.7,61.1
454290,宮崎県諸塚村,,100,93.5,92.8,93.1,93.3,93.6,93.8,94.1
454303,宮崎県椎葉村,80.8,82.1,83.3,83.9,82,82.3,83.3,84.7,86.1
454311,宮崎県美郷町,92.5,93.8,98.3,98.3,99.3,99.3,99.4,99.5,99.5
454419,宮崎県高千穂町,93.3,94,95.2,96.4,95,94.9,95.6,95.6,95.9
454427,宮崎県日之影町,100,87.7,89.9,92.2,94.4,,2,4.4,6.6
454435,宮崎県五ケ瀬町,94.6,86.7,86.5,88.1,88.8,89.2,89.4,90.3,91.2
462012,鹿児島県鹿児島市,58,60.4,62.6,64.2,66.1,68.7,66.1,67.3,67.3
462039,鹿児島県鹿屋市,,60.9,62.9,64.9,66.9,68.9,70.9,72.8,74.7
462047,鹿児島県枕崎市,71.1,73.1,75,77.1,79.2,81.2,72.4,72.6,70.9
462063,鹿児島県阿久根市,,,99.4,99.4,100,93.2,93.8,94.3,94.3
462080,鹿児島県出水市,86.6,88.5,90.4,89.2,90.6,89.6,92.6,92.8,94.8
462101,鹿児島県指宿市,,73.3,74,76.1,78.2,80.3,82.3,84.3,86.3
462136,鹿児島県西之表市,,,,,,,,,
462144,鹿児島県垂水市,72,63.9,66,68,70,71.5,70.9,72.8,72.1
462152,鹿児島県薩摩川内市,28.3,32.1,35.9,43.4,46.8,50.6,49.5,52.4,52.8
462161,鹿児島県日置市,59.4,63,64.8,66.6,69.1,67.8,69.3,71,72.6
462179,鹿児島県曽於市,76.3,84.3,85.6,90,88.6,55.1,61.9,56.8,54.6
462187,鹿児島県霧島市,64.1,65.8,67.5,68.4,70.1,71.7,73.2,74.5,76.8
462195,鹿児島県いちき串木野市,,36.6,91.6,93.4,95.3,90,91.6,93.1,93.7
462209,鹿児島県南さつま市,,70.7,70.1,71.7,71.7,73.4,74.2,75.8,74.4
462217,鹿児島県志布志市,91.8,92.8,93.7,91.8,93,94.1,95.3,95.3,95.7
462225,鹿児島県奄美市,,93.8,94.8,86.2,96.1,96.7,97.3,97.6,97.6
462233,鹿児島県南九州市,64.1,64.1,70.5,73,74.7,76.2,78.6,80.5,76.2
462241,鹿児島県伊佐市,54.5,,67.2,69,70.7,71.1,72.8,74.4,
462250,鹿児島県姶良市,73.7,75.4,76.4,78.1,80.2,82.2,84.4,86.3,87.7
463035,鹿児島県三島村,,,,,,,,,
463043,鹿児島県十島村,,52.9,54.9,50.2,52.1,53.7,55.8,57.7,59.1
463922,鹿児島県さつま町,,,59.3,59.4,61.3,63.3,65.2,67.2,69.1
464040,鹿児島県長島町,,66.2,67.9,69.5,70.7,72.6,74.2,75.4,77.1
464520,鹿児島県湧水町,,80.8,84.8,86.5,88.1,87.8,89.2,90.9,92.7
464686,鹿児島県大崎町,79.7,81.4,83.4,85.1,86.4,88.4,90.3,92.3,94.3
464821,鹿児島県東串良町,,100,100,100,,,,,
464902,鹿児島県錦江町,81,69.8,85.3,87.5,89.7,87.7,89.8,92,94.2
464911,鹿児島県南大隅町,,80,81.8,76.8,78.5,73.1,74.5,75.9,77.2
464929,鹿児島県肝付町,70.2,69.9,71.4,72.6,73.8,75,76.2,77.4,78.6
465011,鹿児島県中種子町,88,90,92,94,96,98,100,99.6,89.9
465020,鹿児島県南種子町,,88,87.4,88.2,88.8,89.3,89.4,89.5,97.1
465054,鹿児島県屋久島町,,74.3,76,77.8,79.7,81.6,81.6,83.1,82.9
465232,鹿児島県大和村,,38.3,40.3,42.3,42.6,43.4,45.3,46.1,48
465241,鹿児島県宇検村,42.9,45,42.7,39.4,39.4,44.2,38.2,42.2,42
465259,鹿児島県瀬戸内町,,,,0,2.7,5.4,36.5,34.4,36.5
465275,鹿児島県龍郷町,28.4,,,,,,46.2,46.7,49.6
465291,鹿児島県喜界町,96.7,62,65.8,64.5,64.7,77.9,70.3,79.2,75.2
465305,鹿児島県徳之島町,57.9,59.8,63.4,65.2,66.9,68.5,70.1,71.7,73.3
465313,鹿児島県天城町,,94.8,,,,,,,
465321,鹿児島県伊仙町,,90.7,43.1,45.2,47.4,87.7,86.2,78.4,80.2
465330,鹿児島県和泊町,56,100,100,100,100,100,96.8,97,97.2
465348,鹿児島県知名町,85.9,87.1,88.3,89.1,89.9,91.1,92.4,92.8,93.2
465356,鹿児島県与論町,77.3,79.3,81.3,83.3,84.8,86.4,87.9,89.4,90.8
472018,沖縄県那覇市,,48,50.1,52.3,54.3,56.3,58.3,60.3,62.3
472051,沖縄県宜野湾市,,,77.9,79.7,81.5,83.3,85.2,87,88.7
472077,沖縄県石垣市,66,68.2,62.5,65,71.9,74.2,76.5,78.7,81
472085,沖縄県浦添市,,60.3,72.3,72.3,76.3,78.3,80.1,82.1,84.1
472093,沖縄県名護市,,64,66,68,70,72,74,76,78
472107,沖縄県糸満市,,,,,,,,,
472115,沖縄県沖縄市,,,,,,88.6,90,92.2,94.4
472123,沖縄県豊見城市,66.9,67.9,69.9,72.3,74.7,77.1,79.5,81.9,84.3
472131,沖縄県うるま市,58.4,59.1,52.9,56,59,61.7,63.6,65.3,66.4
472140,沖縄県宮古島市,53.2,53.1,65.3,67.4,59.5,61.8,62.9,65.2,67.5
472158,沖縄県南城市,74.7,76.7,78.7,72.9,74.9,76.9,78.9,80.9,71.8
473014,沖縄県国頭村,,35.3,37.6,30.5,32.7,34.7,36.9,39.1,37.7
473022,沖縄県大宜味村,,66,68,70,20.1,67.2,69.8,72.5,75.2
473031,沖縄県東村,27.4,44.1,46.1,48.1,37,39.6,42.2,44.7,47.3
473065,沖縄県今帰仁村,32.2,82,84,86,88,82.7,85.1,87.5,89.8
473081,沖縄県本部町,,68.6,70.1,68.1,73.2,74.8,62.2,63.8,73.9
473111,沖縄県恩納村,,60,62,38.5,41.3,44.1,24.1,49.7,52.5
473138,沖縄県宜野座村,37.9,46.2,48.6,50.6,52.6,53.1,55.3,57.6,57.1
473146,沖縄県金武町,58.3,62.7,63.7,66.1,62.1,69.5,71.3,73,71
473154,沖縄県伊江村,66.1,72,74,57.9,54.7,57.4,60.1,62.9,65.6
473243,沖縄県読谷村,,60.3,61,60.4,62,62.3,63.1,64.9,68.2
473251,沖縄県嘉手納町,26.4,34.2,37.3,40.4,43.4,43,46.3,49.5,50.9
473260,沖縄県北谷町,60.4,62.4,64,66.4,64.6,62.9,63.2,65.9,68.5
473278,沖縄県北中城村,73.9,75.4,68,70,72,74,76,78,80
473286,沖縄県中城村,,,,,41.9,44.9,48.8,52.7,56.2
473294,沖縄県西原町,,81.4,85.8,88,90.2,92.4,94.6,96.8,99
473481,沖縄県与那原町,,59,42,44,46,48,50,52,54
473502,沖縄県南風原町,21.2,60.6,21.4,24.9,28.5,32,35.6,39.1,42.7
473537,沖縄県渡嘉敷村,74.8,78.7,80.6,82.6,84.5,86.4,88.4,90.3,92.2
473545,沖縄県座間味村,56.4,57.6,63.1,65.1,67.1,69.1,71.1,73.1,75.1
473553,沖縄県粟国村,66.1,27.1,78,80,82,84,86,61.9,63.9
473561,沖縄県渡名喜村,,,,,,,62.4,65,
473570,沖縄県南大東村,,0.3,2.3,4,6.2,8.4,10.6,12.8,15
473588,沖縄県北大東村,,19.6,22.4,25.1,27.9,30.7,33.4,36.2,39
473596,沖縄県伊平屋村,,29.9,31.9,34.7,35.5,,31.3,34.5,37.8
473600,沖縄県伊是名村,,,67.1,69.2,71.3,52.3,54.9,57.4,58.2
473618,沖縄県久米島町,49.6,66.3,68.4,70.4,72.5,64.8,68.6,70.7,72.7
473626,沖縄県八重瀬町,52.2,59.5,61.5,63.1,63.1,65.1,66.5,67.6,65.2
473758,沖縄県多良間村,2.2,4.4,6.6,,,,,,
473812,沖縄県竹富町,,30.4,21.3,23.8,40.4,41.4,36.5,37.6,39.8
473821,沖縄県与那国町,88,33.1,33.2,35.2,38.9,45,41,42.8,44.6
