団体コード,団体名,2016-03-31,2017-03-31,2018-03-31,2019-03-31,2020-03-31,2021-03-31,2022-03-31,2023-03-31,2024-03-31
011002,北海道札幌市,,45.9,47.4,34.6,36.8,39.1,40.2,43,46.8
012025,北海道函館市,,53.9,55.4,57.1,40,42.4,44.8,46.9,49.2
012033,北海道小樽市,,56.5,,,,62,61.2,60.7,58.5
012041,北海道旭川市,69.2,72,73.7,75.4,76.6,77.8,78.6,79.4,80.2
012050,北海道室蘭市,68.4,67.9,65.3,70.3,66.8,68,69.1,59.2,60.5
012068,北海道釧路市,,58.4,60.6,62.8,64.7,66.3,68.3,70.6,70.8
012076,北海道帯広市,,39.4,41.5,43.5,45.5,47.6,49.6,51.7,53.7
012084,北海道北見市,59.1,59.7,63,66.3,68.7,71.1,57.9,60.3,62.6
012092,北海道夕張市,,83.6,85.8,88,90.2,92.4,94.6,96.8,99
012106,北海道岩見沢市,,42.9,45,47,48.9,50.8,52.7,52.7,54.6
012114,北海道網走市,,96.5,100,100,100,100,100,100,100
012122,北海道留萌市,93.3,,,,,,,,
012131,北海道苫小牧市,43.9,45.9,47.9,49.9,51.9,72.3,73.5,74.7,77.3
012149,北海道稚内市,,72.6,74.1,76.4,78.6,78.7,75.9,71.6,73.8
012157,北海道美唄市,,80.9,84.2,82.5,79.3,97.5,97.7,83.5,84.1
012165,北海道芦別市,60.1,60.1,64.1,66.1,68.1,70.1,60.1,62.1,61.8
012173,北海道江別市,,81.2,82.9,84.9,86.9,88.9,90.9,93,95
012181,北海道赤平市,,,,,,,,,
012190,北海道紋別市,74.5,74.5,80.9,88,90,91.9,89.5,91.6,85.8
012203,北海道士別市,37.8,39.9,42,44,46.1,48.2,50.3,52.4,54.5
012211,北海道名寄市,0,4.9,8.1,10.9,13.7,16.4,19.2,22,24.8
012220,北海道三笠市,85.7,87.8,90.5,92.2,92.2,92.7,93.5,94.2,77.8
012238,北海道根室市,46.8,48.7,50.7,52.7,54.2,55.7,56.6,55.8,55.6
012246,北海道千歳市,,,,,,,100,100,100
012254,北海道滝川市,,,91.9,95.5,99.4,99.5,99.5,99.6,99.6
012262,北海道砂川市,19.8,22,24.2,26.4,28.6,30.8,33,35.2,36.2
012271,北海道歌志内市,68.1,65.9,68.1,70,72.5,74.5,74.5,75.3,74.5
012289,北海道深川市,,37.6,,,,58.3,50.3,52.8,55.2
012297,北海道富良野市,,,94.5,95.5,96.5,97.4,97.5,98.7,98.7
012301,北海道登別市,59.3,61.3,62.8,64.7,66.2,68.4,69.4,71.3,66.9
012319,北海道恵庭市,62.1,66.9,68.2,68.8,70.8,71.7,74.8,76.8,80.5
012335,北海道伊達市,28.3,31.2,22.3,22.8,36.7,39.8,42.9,44.8,47.4
012343,北海道北広島市,,37.5,39.3,39.7,41.8,43.8,46.5,47.9,51.4
012351,北海道石狩市,58.3,60.5,62.4,64.4,66.5,68.3,68.7,70.9,72.7
012360,北海道北斗市,38,39.2,41.3,43.4,45.5,45.5,49.7,51.8,53.9
013030,北海道当別町,,92.2,93.7,95,94.6,94.2,95,95.8,96.3
013048,北海道新篠津村,59.9,62.1,64.4,66.6,68,69.4,71.7,74,76.2
013315,北海道松前町,,,,,,,,,
013323,北海道福島町,,,,88.2,,,,,
013331,北海道知内町,,,,,,,,,
013340,北海道木古内町,,,,,,,,,
013374,北海道七飯町,,55.4,57.6,59.8,62,64.2,66.4,68.6,70.8
013439,北海道鹿部町,,,,,,,,,
013455,北海道森町,,,,,,,,,
013463,北海道八雲町,,,,,,,,,
013471,北海道長万部町,52.8,54.1,56.4,58.6,60.9,63.1,65.4,67.7,69.9
013617,北海道江差町,53.2,59.4,,,,64.5,61.4,71.5,67.7
013625,北海道上ノ国町,,,,,,,,,
013633,北海道厚沢部町,,,,,,,,,
013641,北海道乙部町,,,,,,,,,
013676,北海道奥尻町,,,,,,,,,
013706,北海道今金町,84,86,90,92,94,94,96,98,100
013714,北海道せたな町,,72.3,,,,,,,
013919,北海道島牧村,,69.9,70.9,,,,,,
013927,北海道寿都町,46.2,,,,,,,,
013935,北海道黒松内町,,,,,,,,,
013943,北海道蘭越町,68.7,68.7,73,74.8,77,79.2,82.9,81.4,83.7
013951,北海道ニセコ町,,48.9,51.5,,,,,,
013960,北海道真狩村,,,,,,,,,
013978,北海道留寿都村,,,,,,,,,
013986,北海道喜茂別町,,,,,,,,,
013994,北海道京極町,81.6,,,,,,,,
014001,北海道倶知安町,,,,99.6,,,,,
014010,北海道共和町,23.8,,,,,,,,
014028,北海道岩内町,,,,52.4,52.4,54.7,57.2,59.7,62.2
014036,北海道泊村,,,,,,,,,
014044,北海道神恵内村,,,,,,,,,
014052,北海道積丹町,,,,,,,,,
014061,北海道古平町,,,,,,,,,
014079,北海道仁木町,,,,,,,,,
014087,北海道余市町,,,,,,85.1,,,
014095,北海道赤井川村,,,,,,,,,
014231,北海道南幌町,,,,,,,,,
014249,北海道奈井江町,32.3,,,36.9,39.1,41.4,43.8,46.1,50.8
014257,北海道上砂川町,70,74,76,78,80,82,84,86,88
014273,北海道由仁町,47.2,49.3,51.4,,55.5,57.5,60,60,61.8
014281,北海道長沼町,94.1,94.1,,100,100,100,100,100,
014290,北海道栗山町,88.8,35.1,38.2,41.3,44.5,54.3,58.6,62.9,71.4
014303,北海道月形町,,,,,,,,,
014311,北海道浦臼町,,,,,,,,,
014320,北海道新十津川町,,,,,,,,,
014338,北海道妹背牛町,86,88,90,92,94,96,98,100,100
014346,北海道秩父別町,,,,,,,,,
014362,北海道雨竜町,,57.1,59.5,,,,,,
014371,北海道北竜町,,,,,,,,,
014389,北海道沼田町,61.1,64.1,62.8,64.3,66.3,65.6,66.4,67.9,69.3
014524,北海道鷹栖町,,50.6,52.8,55,57.2,59.4,61.1,63,65
014532,北海道東神楽町,,,,75.6,78.3,81,83.7,68.1,2.2
014541,北海道当麻町,,,,,,,,,
014559,北海道比布町,,,,,,,,,
014567,北海道愛別町,,,,,,,,,
014575,北海道上川町,64.8,66.9,,68.2,69,70.2,70.5,71.7,72.6
014583,北海道東川町,,,,,,,,,
014591,北海道美瑛町,77.6,89.4,91,92.5,,,,,
014605,北海道上富良野町,,,,,,,,,
014613,北海道中富良野町,,,,,,,,,
014621,北海道南富良野町,,,,,,,,,
014630,北海道占冠村,,,,,80.7,91.5,97.7,97.9,98.1
014648,北海道和寒町,,,,,,,,,
014656,北海道剣淵町,,,,,,,,,
014681,北海道下川町,,,72.5,75.2,78,80.7,82.9,82.3,85
014699,北海道美深町,,36,38,40,42,44,44,48,50.5
014702,北海道音威子府村,,,97,97.5,98,98.2,98.3,98.4,98.5
014711,北海道中川町,,,,,,,,,
014729,北海道幌加内町,,62.1,63.4,64.6,65.8,67,68.2,69.5,70.7
014818,北海道増毛町,,90.3,92,93.8,95.6,97.4,91.8,92.8,91.8
014826,北海道小平町,,,58.3,64.2,99.7,99.7,98.8,98.9,99
014834,北海道苫前町,,,,,,,,,
014842,北海道羽幌町,,,,,,,,,
014851,北海道初山別村,44.4,,,57.7,61.9,63.8,,,
014869,北海道遠別町,,,,,,,,,
014877,北海道天塩町,,,,,,,,,
015113,北海道猿払村,,,,,,,,,
015121,北海道浜頓別町,,,,,,,,,
015130,北海道中頓別町,,,,,,,,,
015148,北海道枝幸町,,,,,,,,,
015164,北海道豊富町,,,,,,,,,
015172,北海道礼文町,46,48,55.5,57.2,58.7,59.8,61,62,64.1
015181,北海道利尻町,28.6,33,35.2,37.4,39.4,41.6,43.8,46,47.8
015199,北海道利尻富士町,,,,,,,,,
015202,北海道幌延町,,,,,,,,,
015431,北海道美幌町,,17.4,20.2,8.6,11.3,14.1,16.9,20.3,23.1
015440,北海道津別町,,,,,,,,,
015458,北海道斜里町,,,,,,,,,
015466,北海道清里町,,,,,18,20,22,24,26
015474,北海道小清水町,,,,,,,,,
015491,北海道訓子府町,,,,,,,,,
015504,北海道置戸町,,,,,,,,,
015521,北海道佐呂間町,46.9,56.9,58.9,60.9,62.9,64.9,66.9,67.9,70
015555,北海道遠軽町,,88.5,,88.5,89.8,90.4,26.3,29,32
015598,北海道湧別町,69.9,46.6,42.1,44.1,86.6,100,100,100,100
015601,北海道滝上町,,59.4,,,,,,,32
015610,北海道興部町,,54,99.9,100,100,100,100,68,70
015628,北海道西興部村,,,,,,,,,
015636,北海道雄武町,,69.7,72.1,74.7,76.3,79,77.2,80.1,83
015644,北海道大空町,,,,,,,,,
015717,北海道豊浦町,,,,,,,,,
015750,北海道壮瞥町,,,,,,,,,
015784,北海道白老町,62.2,64.2,66.2,68.2,70.2,62.6,,,
015814,北海道厚真町,,93.4,,,,,,,
015849,北海道洞爺湖町,,,,,,,,,
015857,北海道安平町,,70.1,,68.8,71.5,72,74.8,77.7,80.6
015865,北海道むかわ町,,,,,,,,,
016012,北海道日高町,,68,70,72,74,75.9,78,80,80
016021,北海道平取町,,,,,,88.2,81.9,82.6,84.1
016047,北海道新冠町,42.1,44.1,45.3,47.3,49.4,51.5,53.6,55.4,57.3
016071,北海道浦河町,,44,46,88.7,50,52,54,56,58
016080,北海道様似町,,95.3,97.1,98.6,99.3,99.7,99.6,99.7,99.7
016098,北海道えりも町,,,,,,,,,
016101,北海道新ひだか町,,,,,6.4,8.1,10.5,12.7,14.9
016314,北海道音更町,,,,,,,,,
016322,北海道士幌町,,,,,,,,,88.3
016331,北海道上士幌町,,,,,,,,,
016349,北海道鹿追町,,,,,,,,,
016357,北海道新得町,,70.4,72.9,75.3,77.7,79.3,81.8,84.2,86.6
016365,北海道清水町,,23.3,30,6.1,8.1,13.9,19.5,25.2,30.9
016373,北海道芽室町,,,,,76.5,69.9,63.2,65.3,66.3
016381,北海道中札内村,,41.8,43.8,45,47,47.7,49.5,51.8,54.3
016390,北海道更別村,,,,,,,,,
016411,北海道大樹町,34,,,,61.4,40.8,41.1,70.3,73.1
016420,北海道広尾町,,,69.2,,,,,,
016438,北海道幕別町,,70.8,70.5,72.1,73.5,76.2,77.5,75,77.9
016446,北海道池田町,,57.4,60.4,63.4,66.4,67.4,70.5,73.5,76.7
016454,北海道豊頃町,,48.3,50.5,,,,,,
016462,北海道本別町,,,,,,,,,
016471,北海道足寄町,,43.2,45.4,47.6,48.7,47.9,50.3,50.4,52.6
016489,北海道陸別町,,,,,,,,,
016497,北海道浦幌町,,,,,,,,,
016616,北海道釧路町,,,,,,,,,
016624,北海道厚岸町,,,81.8,74.9,75.6,77.8,77.8,77.8,77.8
016632,北海道浜中町,63.5,56.7,58.4,60.6,67.9,62.8,66.8,71.1,73.3
016641,北海道標茶町,,,80.1,,,,,,
016659,北海道弟子屈町,,70,72.3,72.3,74.4,76.6,81.4,83.7,81.3
016675,北海道鶴居村,,,,,,,,,
016683,北海道白糠町,,,76.6,94.6,96.8,99,82.6,84.1,83.7
016918,北海道別海町,,,,,,,,,
016926,北海道中標津町,,49,50.2,50,50.3,51,53.3,55.7,58.2
016934,北海道標津町,48.4,50.6,52.7,54.8,56.9,59,61,63,61.9
016942,北海道羅臼町,,,,,,,,,
022012,青森県青森市,,48.6,73.3,75.4,77.6,77,81.8,83.6,85.4
022021,青森県弘前市,,37.4,39.1,40.7,41.9,43.8,45.7,35.1,36.4
022039,青森県八戸市,,70.6,72.4,74.1,77.4,79.1,56,57.9,59.5
022047,青森県黒石市,72.6,74.8,77,79.2,81.4,83.6,85.8,88,90.2
022055,青森県五所川原市,,,,,,,,,
022063,青森県十和田市,60,62,64,68,68,35.6,35.2,37.2,39.2
022071,青森県三沢市,,73.6,76.1,57.5,59.9,62.3,64.7,67.1,69.4
022080,青森県むつ市,,,,,,,61.1,63.1,65.1
022098,青森県つがる市,,,,,,,,,
022101,青森県平川市,,46.7,35.7,,,45.3,47.5,34.6,51.9
023019,青森県平内町,,,,,,,,,
023035,青森県今別町,,72.5,70.8,72.7,74.7,66.7,68.1,67,68.7
023043,青森県蓬田村,,,,,,,,,
023078,青森県外ヶ浜町,,,,,,,,,
023213,青森県鰺ケ沢町,,,,,,91.9,98.6,98.6,52
023230,青森県深浦町,,,,,,,,,
023434,青森県西目屋村,,,,,,,,,
023612,青森県藤崎町,76.9,73.7,76.7,46.8,53.8,57.3,60.8,64,64.5
023621,青森県大鰐町,,,,,,,,,
023671,青森県田舎館村,64,64,,,,,,,
023817,青森県板柳町,65.9,68.1,70.3,72.5,74.7,76.2,77.4,78.5,79.7
023841,青森県鶴田町,,,,,,,,,
023876,青森県中泊町,,38.8,,,,73.8,94.3,49,
024015,青森県野辺地町,89.2,90.8,,,,,97.4,,
024023,青森県七戸町,,,,,,,,,
024058,青森県六戸町,52.3,53.6,55.3,57.1,58.5,59.7,61,63.7,66
024066,青森県横浜町,,,,,,,,,
024082,青森県東北町,,70.2,72.4,74.5,76.7,79,80.9,82.2,84.4
024112,青森県六ケ所村,,44,46.2,48.7,50.6,52.8,52.8,56.9,59.1
024121,青森県おいらせ町,,,,,,,,,
024236,青森県大間町,,,,,,,,,
024244,青森県東通村,53.2,55.2,57.2,59.2,61.2,63.2,64,66,68
024252,青森県風間浦村,,,,,,,,,
024261,青森県佐井村,,,,,,,,,
024414,青森県三戸町,,,,,,,,,
024422,青森県五戸町,,,,,,,,,
024431,青森県田子町,,,,,,,,,
024457,青森県南部町,35.8,38,40.2,42.4,,25.7,26.9,29.5,31.3
024465,青森県階上町,,,,,,,,,
024503,青森県新郷村,,,,,,,,,
032018,岩手県盛岡市,,29.8,32.1,32.3,34.5,36.6,38.9,39.8,42.2
032026,岩手県宮古市,74.9,78,80.6,83.2,85.8,88.5,91.1,92.3,92.7
032034,岩手県大船渡市,,18.5,20.5,20.5,24.6,26.6,28.6,,
032051,岩手県花巻市,87,89.2,91.4,90.8,91.9,93.8,84.2,87,89.1
032069,岩手県北上市,23.9,25.7,27.8,29.2,31.4,35.2,37,39.1,41.2
032077,岩手県久慈市,,56.4,61,,,52.9,54.1,55.3,56.5
032085,岩手県遠野市,0,,4,6,7.3,9.4,11.7,13.6,15.7
032093,岩手県一関市,,54.7,57.3,59.7,62.3,64.6,67.2,69.8,66.6
032107,岩手県陸前高田市,,,,,0,4.5,9.3,14.1,18.9
032115,岩手県釜石市,28.6,30.5,32.9,2.1,4.4,6.6,8.8,11,13.2
032131,岩手県二戸市,,64,65.1,66.4,68.3,68.2,69.9,71.4,72.5
032140,岩手県八幡平市,,62.9,65.1,67.3,69.5,81.4,83.5,87.8,87.8
032158,岩手県奥州市,,58,60.2,62.4,64.6,64.7,66.9,69.1,71.1
032166,岩手県滝沢市,44,46.2,48.4,50.6,52.8,55,57.2,59.4,61.6
033014,岩手県雫石町,,,,,,,,,
033022,岩手県葛巻町,,,,,,,,,
033031,岩手県岩手町,,,,,,,,,
033219,岩手県紫波町,,,,,,,,,
033227,岩手県矢巾町,,52,54,56,55,56.3,58.5,60.6,62.4
033669,岩手県西和賀町,,50.4,52.6,54.8,57,59.2,61.4,63.6,65.8
033812,岩手県金ケ崎町,,,,,,,,,
034029,岩手県平泉町,,,,,,,,,
034410,岩手県住田町,,,,,,,,,
034614,岩手県大槌町,,,,,,,,,
034827,岩手県山田町,,,,,,,,,
034835,岩手県岩泉町,66.2,63.8,,68.5,70.8,72.5,74.8,77.1,74.1
034843,岩手県田野畑村,,,,,,,,,
034851,岩手県普代村,,,,,,,,,
035017,岩手県軽米町,,,,,,,,,0
035033,岩手県野田村,,,,,,,,,
035068,岩手県九戸村,,,,,,,,,
035076,岩手県洋野町,,38.5,40.7,43,45.2,47.2,47.2,49.5,51.8
035246,岩手県一戸町,,,,,,,,,
041009,宮城県仙台市,,50.1,50.1,52.3,54.7,56.9,53.8,55.9,51.2
042021,宮城県石巻市,,34.6,37.2,39.9,43.9,7.6,8.1,10,12
042030,宮城県塩竈市,,69.8,72.4,72.4,72.2,77.6,80.3,83.1,85.9
042056,宮城県気仙沼市,,,,,,46.1,48.3,48.2,50.2
042064,宮城県白石市,,,,,,,,,
042072,宮城県名取市,56.3,57.9,59.4,60.7,62.1,63.5,64.9,66.3,67.7
042081,宮城県角田市,,6.4,8.8,11.4,13.9,16.4,18.9,21.4,23.9
042099,宮城県多賀城市,,78.4,79.8,81.3,82.7,84.2,85.6,75.2,58.6
042111,宮城県岩沼市,60,60,62.1,66.1,68.1,70.1,72.1,62.9,76.1
042129,宮城県登米市,,48.7,50.9,49.6,51.8,53.9,56.4,58.6,60.6
042137,宮城県栗原市,,53.8,52.7,,,,,,
042145,宮城県東松島市,58.7,24.6,65.6,50.4,38.7,41.5,44.4,46.9,40.7
042153,宮城県大崎市,,,,,,94.5,91.3,90.7,91.1
042161,宮城県富谷市,,,,,,,,,
043010,宮城県蔵王町,22.2,24.2,26.3,28.3,30.3,32.3,34.3,36.3,38.4
043028,宮城県七ケ宿町,,,,,,,,,
043214,宮城県大河原町,,,,,,,,,
043222,宮城県村田町,,,,,,,,,
043231,宮城県柴田町,,,,,,,,,
043249,宮城県川崎町,,,,,,,,,
043419,宮城県丸森町,,,,,,,,,
043613,宮城県亘理町,,,,,,,,,
043621,宮城県山元町,99.8,74.6,,,,,,,
044016,宮城県松島町,,,80,,,,,,
044041,宮城県七ケ浜町,44,46,49,50.4,52.4,50.8,52.8,55.4,58
044067,宮城県利府町,,52.1,53.8,55.4,57,58.6,4.3,7.4,10.6
044211,宮城県大和町,96.2,47.9,52.2,50.2,54.4,54,53.9,55.7,57
044229,宮城県大郷町,60,62,64,66,68,70,72,76,78
044245,宮城県大衡村,,,,,,,,,
044440,宮城県色麻町,,,,,,,,,
044458,宮城県加美町,,44.2,40.6,43.1,45.1,47.1,52.6,51.9,54.3
045012,宮城県涌谷町,,,,,,,,,
045055,宮城県美里町,,,,76.7,77.3,79.6,81.8,84.1,86.3
045811,宮城県女川町,,,,,,,,,
046060,宮城県南三陸町,,,,,,,,,
052019,秋田県秋田市,72.6,73.9,75,77.6,79,80.3,35.2,38.5,41.4
052027,秋田県能代市,77.1,79.3,76.5,76.5,62.6,65.6,67.8,69.7,71.3
052035,秋田県横手市,,45.4,47.3,49.3,51.3,53.3,55.3,57.3,59.3
052043,秋田県大館市,,71.6,74.3,71.7,74.3,76.9,79.2,81.4,83.7
052060,秋田県男鹿市,69.1,,,,74.8,76.9,78.9,80.5,82.5
052078,秋田県湯沢市,,52.6,54.6,56.6,58.6,60.6,63.3,67.4,70.1
052094,秋田県鹿角市,,41.4,43.4,38.4,49.4,51.1,53.6,56.3,56.2
052108,秋田県由利本荘市,,,,30.7,35.1,39.5,43.9,48.3,51
052116,秋田県潟上市,,,,,,,,,
052124,秋田県大仙市,44.2,46.6,47.8,50.1,52.1,54.3,55.6,59.4,61.7
052132,秋田県北秋田市,,55.2,,,,64.2,,69,71.1
052141,秋田県にかほ市,,100,100,100,100,100,100,100,100
052159,秋田県仙北市,,79.2,81.4,83.6,85.8,88,90.2,92.4,94.6
053031,秋田県小坂町,,,,,,,,,
053279,秋田県上小阿仁村,,56.8,51.2,54.2,57.2,60,62.3,64.9,67.1
053465,秋田県藤里町,,,,,,,,,
053481,秋田県三種町,46.2,48.4,50.8,51.3,53.4,55.7,57.8,58.1,59.2
053490,秋田県八峰町,,,,,,,,,
053619,秋田県五城目町,,,,,,,,,
053635,秋田県八郎潟町,,,,,,,,,
053660,秋田県井川町,,68.2,70.5,72.7,73.8,76.2,78.6,71.7,76.6
053686,秋田県大潟村,,,,,,,,,
054348,秋田県美郷町,,,,,,,,,
054631,秋田県羽後町,,,,,,,,,
054640,秋田県東成瀬村,,,,,,,,,
062014,山形県山形市,42.5,45,47.5,50,50.5,52.9,55.3,56.3,58.6
062022,山形県米沢市,47.8,48.7,52.4,56,59.7,62.8,64.9,68.5,71.4
062031,山形県鶴岡市,53.1,92.4,2.9,55.1,59.6,13.3,15.5,17.7,19.9
062049,山形県酒田市,24.4,26.3,28.4,29.7,31.4,33.1,34.4,36.8,39.1
062057,山形県新庄市,84.8,84,84.4,85.9,81.1,83,85.6,86.8,88.7
062065,山形県寒河江市,,,,,,,,,99.9
062073,山形県上山市,48.4,32.5,53.1,55.4,57.7,59.7,59.9,61.4,56.1
062081,山形県村山市,,67.8,69.2,70.7,71.4,72.9,74.4,75.8,77.2
062090,山形県長井市,,57.4,60.5,68.2,88.2,26.9,28.9,31,33
062103,山形県天童市,52.6,53.8,55.5,57.6,59.2,61,62.6,61.2,59.9
062111,山形県東根市,,,,,,,,,
062120,山形県尾花沢市,,,,,,,,,72.6
062138,山形県南陽市,4.6,10,15.5,21.1,26.7,32.3,36.7,41.1,45.5
063011,山形県山辺町,,,,,,,,,
063029,山形県中山町,,,,,,,,,
063215,山形県河北町,43.8,46.3,49.2,51.9,54,55.9,58.6,59,61.6
063223,山形県西川町,,,,,,,,,
063231,山形県朝日町,,,,,,,,,
063240,山形県大江町,,50,52,54,56,58,54.2,56.9,59.6
063410,山形県大石田町,,,,,,9.2,12.3,11,13.2
063614,山形県金山町,,,,,85.2,85.2,100,100,100
063622,山形県最上町,,,,,,,,,
063631,山形県舟形町,,,,,,,,,
063649,山形県真室川町,,,,,,,,,
063657,山形県大蔵村,,,,,,,,,
063665,山形県鮭川村,35.2,,,,,,,,
063673,山形県戸沢村,,,,,,,,,
063819,山形県高畠町,54.6,56.8,59.4,60.4,63.1,65.7,66.4,69.1,71.9
063827,山形県川西町,,44,46,48,54.9,56.3,50.7,50.5,98.8
064017,山形県小国町,,,,,,,,,
064025,山形県白鷹町,,,,,,,,,
064033,山形県飯豊町,55,57.2,57.2,59.4,63.8,66,68.2,70.4,71.9
064262,山形県三川町,,,,,,,,,
064289,山形県庄内町,,37.9,39.6,42.1,44.2,46.4,48.6,44.7,49.1
064611,山形県遊佐町,,,,,,,,,
072010,福島県福島市,,,,95.1,96.6,98.1,99.5,99.4,99.4
072028,福島県会津若松市,47.8,49.4,51.2,51.5,53.4,55.6,57.5,59.7,61.9
072036,福島県郡山市,97.9,61.2,63.4,63.2,65.4,67.3,68.8,70.5,72.9
072044,福島県いわき市,,30.3,30.3,33.7,35.4,37.1,38.8,40.5,42.2
072052,福島県白河市,,,5.7,7.8,9.9,12,14.1,16.2,18.3
072079,福島県須賀川市,92.5,94.5,90.4,92.6,93.2,93.7,31.7,33.5,35.4
072087,福島県喜多方市,,71.1,73.2,75.4,77.5,79.3,81.3,83.5,85
072095,福島県相馬市,,,9.9,12.1,14.3,16.5,18.7,22.7,25.1
072109,福島県二本松市,,73.8,76.1,78.4,80.7,81.5,82.3,83.1,83.5
072117,福島県田村市,48,50,52,56,56,58,60,62,64
072125,福島県南相馬市,,,28,30,,,,,
072133,福島県伊達市,,50.3,52.3,54.3,56.3,60.7,64.7,66.7,68.8
072141,福島県本宮市,56.6,58.7,60.8,58.5,60.5,60,38.9,54,38.9
073016,福島県桑折町,,,,,,,,,
073032,福島県国見町,,,,,,54,56,59.2,60
073083,福島県川俣町,,,,,,,,,
073229,福島県大玉村,,,68.5,70.4,72.4,72.6,75,77.3,77.5
073423,福島県鏡石町,66,62.6,36.2,40.4,44.9,49.4,53.6,58.1,62.6
073440,福島県天栄村,,,,,,,,,
073644,福島県檜枝岐村,,,,,,,,,
073679,福島県只見町,,,,,,,,,
073687,福島県南会津町,,,57.5,59.6,61.7,63.7,65.8,67.8,
074021,福島県北塩原村,,64.3,66.7,69.1,80.1,81.9,83.6,85.1,86.7
074055,福島県西会津町,,,,,,,,,
074071,福島県磐梯町,,,,,,,,,
074080,福島県猪苗代町,,,,,,,,,
074217,福島県会津坂下町,,,,,,,,,
074225,福島県湯川村,,,,,,,,,
074233,福島県柳津町,,,,87.1,88.9,90.7,91.8,92.3,92.9
074446,福島県三島町,,,,,,,83.6,85.6,87.6
074454,福島県金山町,,,,,,,,,
074462,福島県昭和村,,,,,,,,,
074471,福島県会津美里町,,,,,,,,,
074616,福島県西郷村,,,,,,,,,
074641,福島県泉崎村,,,,,,,,,
074659,福島県中島村,,,,,,,,,
074667,福島県矢吹町,,,42.5,44.2,45.9,47.6,49.3,51,52.7
074811,福島県棚倉町,30.8,42,44,46,48,50,52,54,56
074829,福島県矢祭町,,,,,,,,,
074837,福島県塙町,57.8,,,,,,,,
074845,福島県鮫川村,,,,,,,,,
075019,福島県石川町,,,,,,,,,
075027,福島県玉川村,,,,,,,,,
075035,福島県平田村,,,,,,,,,100
075043,福島県浅川町,,,,,,,,,
075051,福島県古殿町,,,,,,,,,
075213,福島県三春町,,,,,,,,,
075221,福島県小野町,,,,,,,,,
075418,福島県広野町,,,,,,,,,
075426,福島県楢葉町,,,39.5,29.4,32.3,35.2,37.4,42.4,45.3
075434,福島県富岡町,,,,,,,,,
075442,福島県川内村,,,,,,,,,
075451,福島県大熊町,,38.7,51.8,59.5,61.5,61.5,28.4,30.9,7.6
075469,福島県双葉町,,41.8,44,46.2,48.4,42.2,44.8,47.5,50.1
075477,福島県浪江町,,,,,,,,,
075485,福島県葛尾村,,,,,,,,,
075612,福島県新地町,,,,,,2.5,4.4,6.6,8.8
075647,福島県飯舘村,,,,,,,,,
082015,茨城県水戸市,,54,56,56.4,58.3,60.3,62.1,22.6,25.9
082023,茨城県日立市,49.4,51.3,52.3,53.9,55.4,52.4,54.4,57.1,59.6
082031,茨城県土浦市,72.4,74.5,76.6,78.7,48.6,51.1,53.6,56.3,58.9
082040,茨城県古河市,48.2,57.8,59.9,61.9,63.9,65.9,67.9,69.9,71.9
082058,茨城県石岡市,96,98,100,100,100,,,,
082074,茨城県結城市,42.5,50,52,54,56,57.8,59.7,61.5,63.6
082082,茨城県龍ケ崎市,56.8,58.7,61.3,59.2,57.6,60.6,62.3,64.8,65.5
082104,茨城県下妻市,79.1,81.3,83.5,85.6,87.6,89.7,91.7,93.8,95.8
082112,茨城県常総市,,,,,,,,,
082121,茨城県常陸太田市,59.4,61.6,63.8,66,68.1,68.7,65.4,67.8,69.1
082147,茨城県高萩市,70,68.6,70.8,72.9,63.2,66.2,69.1,72.1,75
082155,茨城県北茨城市,,,,,,,,,
082163,茨城県笠間市,,0,1.9,5.6,9.3,13,36.8,41.1,44
082171,茨城県取手市,85.2,76.8,78.7,56.1,58.9,61.6,64.4,62.2,63.9
082198,茨城県牛久市,63.8,66,68.2,70.4,72.6,74.8,77,79.2,81.4
082201,茨城県つくば市,49.1,50.8,52.8,55.4,57.1,59.5,60.9,62.2,62.1
082210,茨城県ひたちなか市,,77.8,71.3,73.7,76,78.2,78.2,81,75.1
082228,茨城県鹿嶋市,61.6,61.7,64.7,66.9,68,70.2,72.4,74.6,75.7
082236,茨城県潮来市,,,,,,,,,
082244,茨城県守谷市,,,,,,,,,
082252,茨城県常陸大宮市,40.6,42.7,44.8,47,49.1,51.4,53.7,55.9,58.2
082261,茨城県那珂市,,,,,,,,,
082279,茨城県筑西市,,54.5,56.5,,,,,,
082287,茨城県坂東市,,46,48,48,52,52,54,56,58
082295,茨城県稲敷市,,,,,,,,,
082309,茨城県かすみがうら市,,90,96,99,100,99.5,99.5,99.5,99.6
082317,茨城県桜川市,36.2,38.4,18.6,42.8,45,43.1,45.3,46.3,48.7
082325,茨城県神栖市,66,64,66.1,68.9,71.9,57.4,61.2,64.9,68.7
082333,茨城県行方市,43.9,45.9,47.9,49.9,51.9,53.9,55.9,57.8,39
082341,茨城県鉾田市,,,,,,,,,
082350,茨城県つくばみらい市,,21.5,,,,,,,
082368,茨城県小美玉市,39.5,41.5,43.4,45.4,47.4,44.2,46.1,48.1,50.1
083020,茨城県茨城町,,,,,,,,,
083097,茨城県大洗町,66,68,70,70.4,71.1,73.3,75.2,54.1,51.2
083101,茨城県城里町,46,48.2,50.6,52.9,55.1,57.4,59.7,62,64.2
083411,茨城県東海村,67,69.1,65.2,67.4,64.1,66.8,69.6,72.4,70.3
083640,茨城県大子町,,,,,,,,,
084425,茨城県美浦村,,,,94.3,94.7,95.2,95.6,96,96.5
084433,茨城県阿見町,27,28.5,30.9,33.3,35.7,34.4,37.1,39.5,41.9
084476,茨城県河内町,,,,,,,,,
085219,茨城県八千代町,,,,,,,,,
085421,茨城県五霞町,,,,,,100,100,100,100
085464,茨城県境町,,,,,,,,,
085642,茨城県利根町,,,,,,,,,
092011,栃木県宇都宮市,,63.2,66.2,69.3,71.4,72.8,74.1,75.3,76.5
092029,栃木県足利市,,87.8,85.4,86.6,87.9,88.9,77.9,80.1,82.2
092037,栃木県栃木市,,93.6,67.4,69,74.8,76.5,70.4,71.8,73.7
092045,栃木県佐野市,,71.7,74.3,76.9,78.3,80.6,82.4,85,87.4
092053,栃木県鹿沼市,53.1,55.8,55,57.9,63.5,61.1,64.3,65.8,65.6
092061,栃木県日光市,,78.7,85.1,88.6,90.7,92.7,88.8,90.9,91.4
092088,栃木県小山市,,83.6,85.8,88,90.2,92.4,94.6,96.8,99
092096,栃木県真岡市,94.6,80.4,82.6,87.1,87.1,88.1,89.2,90.3,90.9
092100,栃木県大田原市,,46.4,48.1,50.2,52.5,52.8,57.3,59.1,61
092118,栃木県矢板市,77,79.2,74.2,76.4,78.6,80.8,83,85.2,87.4
092134,栃木県那須塩原市,,66.8,68.7,73.7,61.9,61.7,63.6,65.4,64.7
092142,栃木県さくら市,,,,,,,,,
092151,栃木県那須烏山市,,,,,,,,,
092169,栃木県下野市,,49.8,47.3,51.5,54.3,54.5,50.4,52.1,55.3
093017,栃木県上三川町,,,,,,,,,
093424,栃木県益子町,56,,50.4,51.8,54,56.9,59.8,62.4,65.2
093432,栃木県茂木町,,,,,,,,,
093441,栃木県市貝町,,,39.1,93,96,99,100,100,100
093459,栃木県芳賀町,,,,64.3,66.5,69.1,65.8,68.1,70.3
093611,栃木県壬生町,,59.2,61.9,,,,,,
093645,栃木県野木町,58.4,65.9,69,72,75,78,81,84,87
093840,栃木県塩谷町,,,,,,,,,
093866,栃木県高根沢町,,,73.5,75.6,77.7,79.8,81.9,84,86.1
094072,栃木県那須町,54.5,,52.8,55,56.3,58,59.9,61.5,63.8
094111,栃木県那珂川町,34,34,42,45.1,49.2,53.3,57.4,56.4,59.1
102016,群馬県前橋市,,69.2,65.5,68.3,71,73.8,76.6,79.3,82.1
102024,群馬県高崎市,58.4,60.1,62.3,61.3,23.5,25.8,27.8,29.9,32.2
102032,群馬県桐生市,38.3,42.3,,,,48.1,50,52,54.1
102041,群馬県伊勢崎市,,65.5,65.3,65.8,56.7,58.7,60.1,61.6,63
102059,群馬県太田市,45.3,20.4,23.7,27,30.3,33,38.7,40.1,41.6
102067,群馬県沼田市,75,78,81,84,87,88.4,90,93,96
102075,群馬県館林市,,82.2,83.6,84.9,85.7,83.1,83.8,84.4,85
102083,群馬県渋川市,78,79.2,80.6,82.7,32.1,35.5,38.9,42.4,46
102091,群馬県藤岡市,,36,22,24.2,26.4,28.6,30.8,33,35.1
102105,群馬県富岡市,92.7,,69.2,73.2,79.8,83.9,88,88.4,90.2
102113,群馬県安中市,40.5,42.5,44.5,46.5,48.5,50.5,52.3,54.3,56.3
102121,群馬県みどり市,51.4,53.7,55.5,57.4,57.4,61.2,,65,65
103446,群馬県榛東村,,,,,,,,,
103454,群馬県吉岡町,39.6,41.8,42.7,44.2,,47.7,48.9,50.9,53.3
103667,群馬県上野村,100,100,,,,,,,
103675,群馬県神流町,,,,,,,,,
103829,群馬県下仁田町,,,,,,,,,
103837,群馬県南牧村,,,,,,,,,
103845,群馬県甘楽町,75.4,71,72.3,71.4,69.7,71.6,73.5,75.5,81.3
104213,群馬県中之条町,50.5,55.4,55.1,59.7,60.8,62.5,33.7,35.3,36.8
104248,群馬県長野原町,,,,,,,,,
104256,群馬県嬬恋村,,,,,,,,,
104264,群馬県草津町,,90.7,56.4,58.6,60.8,63.1,65.3,67.4,69.5
104281,群馬県高山村,,,,,,,,,
104299,群馬県東吾妻町,73.4,74.8,76,77.2,78.4,78.4,,,
104434,群馬県片品村,,100,100,100,98.8,100,100,98.6,98.9
104442,群馬県川場村,,,56.4,59,61.7,64.3,66.9,69.4,17.4
104485,群馬県昭和村,,,,,,,,,
104493,群馬県みなかみ町,55.9,58.1,60.2,62.8,65.1,68,69.3,70.7,72.1
104647,群馬県玉村町,51.3,55.2,52.5,53,55.2,57.6,60.1,62.3,64.8
105210,群馬県板倉町,37.5,40,42.5,45,36.4,39.8,43.3,46.8,50.3
105228,群馬県明和町,40,57.3,,,,61.5,,,
105236,群馬県千代田町,52.8,55,57,59.2,61.4,63.6,64.3,65.9,
105244,群馬県大泉町,55.1,57.3,62.8,64.7,66.6,68.6,70.7,72.8,73.4
105252,群馬県邑楽町,,,,,,,,,
111007,埼玉県さいたま市,70,72,74.1,76.1,75.5,77,29.5,31.9,34.3
112011,埼玉県川越市,18.8,21.5,23.5,25.5,27.6,29.6,31.6,33.6,35.7
112020,埼玉県熊谷市,,39,40.3,42.2,44.5,45.3,45.8,46.8,49
112038,埼玉県川口市,53.4,55.3,53.1,54.6,56.2,57.9,60.1,62.1,64.3
112062,埼玉県行田市,,59.1,61.3,62.3,63.8,64.5,66.5,68,70
112071,埼玉県秩父市,59.6,8.2,12.6,16.9,21.3,25.7,30.1,34.4,38.8
112089,埼玉県所沢市,44,46,47.9,49.9,39.7,41.7,43.6,45.5,47.5
112097,埼玉県飯能市,62,64,66,68,72.2,72,74,76,78
112101,埼玉県加須市,42.5,44.8,46.4,54.1,51.7,54.3,54.3,58.4,60.5
112119,埼玉県本庄市,,31.2,33.9,36.5,38.4,38,40.7,43.2,44.2
112127,埼玉県東松山市,57.8,61.2,64.6,68,71.4,74.8,78.2,82.4,86.3
112143,埼玉県春日部市,63.6,65.6,67.6,69.6,71.6,73.6,75.6,77.5,79.5
112151,埼玉県狭山市,,80.4,82.6,84.6,87,89.2,91.4,93.5,92.3
112160,埼玉県羽生市,46.5,48.9,51.2,53.4,55.7,54.3,56.1,58.5,61
112178,埼玉県鴻巣市,30.8,32.8,34.8,36.8,38.8,40.8,42.8,44.8,46.8
112186,埼玉県深谷市,53.2,55.2,57.2,59.2,61.1,63.1,64.4,66.4,68.5
112194,埼玉県上尾市,,76,54.5,57.2,59.6,62.4,65,67.1,59.3
112216,埼玉県草加市,75.4,75,70.4,62.1,59.8,60.3,55.2,59.3,52.3
112224,埼玉県越谷市,50,56.2,58.4,60.3,63,63.5,65.7,67.6,73.4
112232,埼玉県蕨市,89,91.5,75.3,77.9,80.4,59.1,61.4,63.7,65.8
112241,埼玉県戸田市,75.2,70.4,72.6,74.2,76.5,55.9,57.6,62.1,66.6
112259,埼玉県入間市,62.9,59,60.8,62.7,64.6,54.6,56.8,58.6,60.1
112275,埼玉県朝霞市,76.1,77.2,79.6,62.2,64.7,67.2,69.2,70.6,72.1
112283,埼玉県志木市,77.7,79.8,81.7,84,86.2,88.4,90.7,92.6,93.6
112291,埼玉県和光市,55.9,58.1,60.2,62.3,64.3,66.4,67.1,68.6,70.5
112305,埼玉県新座市,,47,43.7,51.4,54.4,55.5,57.9,60.4,62.6
112313,埼玉県桶川市,37.8,40.5,40.5,45.8,48.5,50.4,53.1,55.6,58.2
112321,埼玉県久喜市,,53.6,54.5,56.1,58.4,59.4,62.4,64.5,66.5
112330,埼玉県北本市,,,,,,,,,
112348,埼玉県八潮市,,35.2,37.2,39.2,41.2,43.2,45.2,47.2,49.2
112356,埼玉県富士見市,,33.9,34.4,36.9,39,41.1,38.4,39.4,41.2
112372,埼玉県三郷市,,58.5,61.3,62.4,63.8,65.4,67.1,59,62.1
112381,埼玉県蓮田市,,,,,,7.9,,,
112399,埼玉県坂戸市,37.3,39.9,41.6,44.2,46.5,48.9,51.4,54.1,56.5
112402,埼玉県幸手市,55.1,55.1,57.3,61.7,63.9,65.6,65.6,67.8,70
112411,埼玉県鶴ケ島市,,,,,,,,,
112429,埼玉県日高市,,,,,,,,,
112437,埼玉県吉川市,35.9,36.8,37.4,39.6,41.8,42.1,42.1,44.8,47.5
112453,埼玉県ふじみ野市,,45.9,48.2,50.9,53.6,47.6,47.3,49.8,15.9
112461,埼玉県白岡市,56.2,60.2,62.2,64.2,66.2,68.2,70.2,71.8,73.5
113018,埼玉県伊奈町,77,78.5,80.8,83,85.3,87.5,89.8,92,94.3
113247,埼玉県三芳町,,,35,37.2,39.4,41.1,42.6,44.2,44.8
113263,埼玉県毛呂山町,,,,,,,,,
113271,埼玉県越生町,,,,,,,,,
113417,埼玉県滑川町,,75.1,77.1,79,80.9,82.8,84.7,86.6,88.5
113425,埼玉県嵐山町,,,,45.4,47.1,43,45.2,47.4,48.6
113433,埼玉県小川町,66,68,70,66.8,69.1,70.8,72.9,75,77
113468,埼玉県川島町,58,58.8,60.9,63,65.1,67.2,69,71.3,65.5
113476,埼玉県吉見町,34.1,37.2,40.3,43.4,46.4,47.9,49.5,51,52.5
113484,埼玉県鳩山町,,50.1,52.1,54.1,66.3,68.5,70.3,70.3,74.1
113492,埼玉県ときがわ町,46.1,48.2,46.1,48.7,51.4,53.9,56.5,59,61.6
113611,埼玉県横瀬町,49.4,52.3,55.2,59.3,59.9,62.2,64.8,67.5,69.6
113620,埼玉県皆野町,,,59,60.7,63,65.9,68.9,72.1,73.7
113638,埼玉県長瀞町,,,,,,,,,
113654,埼玉県小鹿野町,40,42,6.2,45.6,46.6,47.8,49.3,51.7,54.5
113697,埼玉県東秩父村,,,,,,,,,
113816,埼玉県美里町,,48,50,52,48.7,50.7,52.7,54.7,56.7
113832,埼玉県神川町,,,,,,,,,
113859,埼玉県上里町,50.6,52.8,55,57.2,59.4,60.5,50.2,52.9,55.5
114081,埼玉県寄居町,46.8,50.1,53.4,56.7,60.1,63.4,66.8,70.1,72.9
114421,埼玉県宮代町,70,67,74,76,72.6,74.5,77.6,80.5,72.8
114642,埼玉県杉戸町,,,,,,,,,
114651,埼玉県松伏町,,,,,,,,,
121002,千葉県千葉市,,51.8,55.6,58.4,60.1,62.2,63.7,65.3,67.9
122025,千葉県銚子市,99,99,100,100,100,100,100,100,100
122033,千葉県市川市,,,60,62,64.6,67,65.7,40.4,43.9
122041,千葉県船橋市,54.7,64.1,66.1,68.2,70.2,72.2,74.2,75.7,77.7
122050,千葉県館山市,,,,,,,,,
122068,千葉県木更津市,,94.7,95.4,95.9,96.4,96,96.6,97.1,97.7
122076,千葉県松戸市,54.1,55.6,55.7,58.8,60.2,62,62.1,63.2,64.3
122084,千葉県野田市,,49.3,51.4,53.5,55.2,52.1,53.9,55.9,57.9
122106,千葉県茂原市,68.3,70,71.7,73.3,75,76.7,78.3,80,81.7
122114,千葉県成田市,,30.1,32.8,35.5,38.1,40.8,43.1,45.2,47.3
122122,千葉県佐倉市,,63.8,65.7,47.9,50.7,53.5,56.3,59.1,59.1
122131,千葉県東金市,,,68.1,70.3,72.5,74.1,76.2,78.1,80.4
122157,千葉県旭市,55,57.3,59.5,61.8,64,65.7,59.1,61.2,62.8
122165,千葉県習志野市,,99.6,99.7,99.7,41.4,3.8,6.7,9.6,87.3
122173,千葉県柏市,,40.3,42.8,44.6,44.8,46.9,49.6,51.8,54
122181,千葉県勝浦市,,,,,,,,16.2,18.3
122190,千葉県市原市,,52.1,54.2,55.8,56.6,58.7,60.9,62.9,
122203,千葉県流山市,,69,69.8,75.3,28,30.2,31.8,33.8,35.8
122211,千葉県八千代市,,,,,,50.1,51.8,54.3,55.1
122220,千葉県我孫子市,,,,,,,,,
122238,千葉県鴨川市,100,100,100,100,100,100,,,
122246,千葉県鎌ケ谷市,,7.3,8.9,11.1,13.3,15.5,17.7,20,22.2
122254,千葉県君津市,65.3,67.5,69.3,71,72.8,74.5,75.9,76.6,77.1
122262,千葉県富津市,52.3,54.3,56.3,58,60,62,64,66,68
122271,千葉県浦安市,,47.9,50.9,53.3,50.2,52.8,54.8,56.6,58.4
122289,千葉県四街道市,,64.5,70.6,72.8,75,71.8,73.8,76.2,78
122297,千葉県袖ケ浦市,72.6,74.6,71.1,73.2,70,72.1,74.2,75.7,72.2
122301,千葉県八街市,,,,,,,,,
122319,千葉県印西市,44,46,48,49.9,51.9,23.1,25.1,27.1,29.1
122327,千葉県白井市,,44.5,46.4,47.5,49.9,52.2,54.8,57.3,59.8
122335,千葉県富里市,,,,,,,,,
122343,千葉県南房総市,62.1,61.7,62.9,66,69,72,75,69.5,69.6
122351,千葉県匝瑳市,,57.1,58.9,61.2,63.4,65.6,67.9,70.1,72.3
122360,千葉県香取市,43.1,45.3,47.5,49.7,51.9,54.1,55.9,46.8,48.8
122378,千葉県山武市,,49,51.1,53.3,55.3,53.1,55.5,62.6,52.3
122386,千葉県いすみ市,41.8,43.8,45.7,47.6,48,50.8,52.7,51.7,56.2
122394,千葉県大網白里市,,,,,,,,,
123226,千葉県酒々井町,,28.6,30.8,33,31.3,33.5,35.7,37.8,40
123293,千葉県栄町,,62.4,63.4,64,65.3,66.7,67.4,68.9,70.4
123421,千葉県神崎町,33.1,35.3,37.5,39.7,41.9,43.3,45.7,48,50.2
123471,千葉県多古町,,50,52,54,56,58,60,62,64
123498,千葉県東庄町,,,,,,,,,
124036,千葉県九十九里町,,,,,,,,,
124095,千葉県芝山町,69,70,72.5,72,74.7,77.3,74.5,79.4,81.2
124109,千葉県横芝光町,68.7,70.9,72.6,74.8,77,66.5,68.6,71.1,74.1
124214,千葉県一宮町,,,,,,,,,
124222,千葉県睦沢町,61.9,64.1,66.3,68.4,70.6,72.8,74.9,77.1,79.3
124231,千葉県長生村,51.7,55.2,57.3,59.5,61.7,63.7,64.5,66.5,56.3
124249,千葉県白子町,,64,65.8,67.6,69.6,71.6,73.6,75.4,77.5
124265,千葉県長柄町,,,,,,,,,
124273,千葉県長南町,,,,,,,,,
124419,千葉県大多喜町,,,,,,,,,
124435,千葉県御宿町,,,,,,,,,
124630,千葉県鋸南町,,100,100,100,100,100,100,,
131016,東京都千代田区,,41.1,43.3,45.5,47.7,38.2,40.8,43.2,45.3
131024,東京都中央区,,,54,43.9,46.9,49.9,52.9,55.9,58.9
131032,東京都港区,,41.4,43.5,48.7,49.6,50.7,53.4,51.6,51.6
131041,東京都新宿区,64.1,57.6,69.8,71.8,73.1,74.6,76,77.4,77.2
131059,東京都文京区,,37,39,40.6,42.7,44.7,46.7,48.7,50.9
131067,東京都台東区,,,,65.6,66.7,67.5,51,53.2,54.4
131075,東京都墨田区,50.7,51.7,53.7,55,57,59.7,61.9,63.6,65.5
131083,東京都江東区,44.6,39.6,41.3,43.6,46.3,49,51.7,53.1,55.8
131105,東京都目黒区,,31.2,32.2,40,39.3,40.4,48.7,50.8,51.5
131113,東京都大田区,44.3,40.5,44.7,46.8,47.3,47.3,48.7,42.1,44
131121,東京都世田谷区,,,50.7,52.6,54.4,55.1,57,58.9,58.9
131130,東京都渋谷区,,13.2,15.4,17.6,4.8,8.1,11.5,14.3,18.2
131148,東京都中野区,54.5,50.3,52.8,54.9,57.3,59.9,62.3,64.4,65.2
131156,東京都杉並区,57.2,59.4,38.5,41.3,44,47,49.7,52.5,55
131164,東京都豊島区,,,,88,9.7,11.7,12.8,14.7,16.6
131172,東京都北区,,53.4,55.3,57.2,59.2,61.2,63.2,65.2,67.2
131181,東京都荒川区,,,75.1,77,78.9,80.8,82.7,84.4,85.3
131199,東京都板橋区,63.4,63.3,67.3,69.5,71.7,73.9,76.1,78.3,80.5
131202,東京都練馬区,55.9,52.4,59,61.5,64.2,65.6,66.7,68.4,49.5
131211,東京都足立区,31.9,34.1,36.3,38.5,40,42.7,44.8,47,49.5
131229,東京都葛飾区,41.7,52.4,54.6,56.8,59.1,61.3,59.4,61.8,64.2
131237,東京都江戸川区,51.3,53.3,45.5,47.3,48.4,50.2,50.6,52.1,53.9
132012,東京都八王子市,,31.2,33.1,34.9,36.9,38.8,40.8,42.9,44.9
132021,東京都立川市,,61.6,63.8,66.1,67.5,68.3,69.1,70,70.8
132039,東京都武蔵野市,63.5,47.5,44.4,46.6,48.7,50.8,53,54.8,57
132047,東京都三鷹市,,39.7,41.6,43.4,45,47,49.1,51.2,53.3
132055,東京都青梅市,,77,76.3,46.7,45.2,49.3,48.3,51.8,54
132063,東京都府中市,,66.4,53.5,51.6,53.5,53.5,57.2,58,59.9
132071,東京都昭島市,75.8,77.7,75.8,71,71.9,74.2,76.4,71.2,73.8
132080,東京都調布市,,44.9,46.6,48.6,50.6,52.7,54.7,55.6,57.8
132098,東京都町田市,26.5,29.5,32.3,35.1,37.9,40.9,43.9,39.2,42.5
132101,東京都小金井市,,21.4,23.5,25.7,27.5,29.6,31.7,33.8,35.9
132110,東京都小平市,,53.9,56.1,62.9,60.5,62.7,64.9,67,69.1
132128,東京都日野市,64.3,66.3,67.8,69.1,10.9,16.5,16.3,25.6,30.3
132136,東京都東村山市,,,,,,,,,
132144,東京都国分寺市,53.2,55.5,57.5,32.2,32.1,33.8,36.1,38.5,40.8
132152,東京都国立市,59,63.7,65.9,65.8,68.1,68.2,70.7,73.2,75.1
132187,東京都福生市,77.7,79.7,80.8,65.5,59.7,62,64.3,66.6,69
132195,東京都狛江市,,46.2,48.4,50.6,52.8,55,57.2,32.4,35.8
132209,東京都東大和市,30,31.4,33.3,35.3,37.2,39.4,41.8,44.1,46.2
132217,東京都清瀬市,13.2,13.2,15.4,17.6,19.8,22,24.1,45.1,28.5
132225,東京都東久留米市,,,,,,,,,
132233,東京都武蔵村山市,,67,68.7,70.7,72.6,74.6,76.4,78.5,80.5
132241,東京都多摩市,57.4,59.5,66,68.2,70.4,72.3,34.3,38.1,41.9
132250,東京都稲城市,,,,,,,,,
132276,東京都羽村市,,64,66,68,70,72,74,76,78
132284,東京都あきる野市,52.3,52.3,56.1,58.2,60.3,61.9,67.9,68.7,66.2
132292,東京都西東京市,,38.2,39.5,41.6,44.4,46.9,45.4,45.7,47.2
133035,東京都瑞穂町,68.5,68.5,70.6,72.6,74.7,77.3,79.2,81.3,83.2
133051,東京都日の出町,,,,,,,,,
133078,東京都檜原村,,,,,,64.9,67.6,70.1,75
133086,東京都奥多摩町,,,,,,,,,
133612,東京都大島町,,,,,,,,,
133621,東京都利島村,,,,,,,,,
133639,東京都新島村,,,58.3,60,60,62.3,62,66.3,68.3
133647,東京都神津島村,,30.4,32.6,34.8,36.9,39.1,41.3,43.5,45.6
133817,東京都三宅村,,,,,8,9.9,11.9,98.1,98.4
133825,東京都御蔵島村,,70.4,,,,,,,
134015,東京都八丈町,,,76.2,79.3,82.4,85.9,89.1,92.4,83.1
134210,東京都小笠原村,,,,,,49.2,60.1,61.3,71.3
141003,神奈川県横浜市,,43,44.6,45.4,47.2,47.4,45.7,50.2,50.9
141305,神奈川県川崎市,44.5,49.4,39.9,42.8,45.3,47.9,50.5,53.1,53.9
141500,神奈川県相模原市,54.7,56.4,58.2,56.7,58.4,60.2,62,63.8,65.5
142018,神奈川県横須賀市,,54.3,56.3,58.4,60.4,62.5,64.6,66.6,68.8
142034,神奈川県平塚市,,98.4,99.3,99.4,8.8,,0,2.2,4.4
142042,神奈川県鎌倉市,,69.7,71.7,73.1,71.8,68.4,70.4,72.4,74.4
142051,神奈川県藤沢市,97.4,76.8,78.1,34.9,36.4,38.2,40.1,41.9,43.6
142069,神奈川県小田原市,89.3,57.5,59.2,59.9,100,63.6,4.8,6.8,8.8
142077,神奈川県茅ヶ崎市,68.7,70.9,72.8,29.8,31.7,33.8,36,39.2,41.4
142085,神奈川県逗子市,30.8,31,33.1,35.3,37.4,39.6,41,42.8,45
142107,神奈川県三浦市,28.6,33,35.2,37.4,39.6,41.8,36.6,41.1,43.7
142115,神奈川県秦野市,29.7,,,,74.4,75.8,76.9,79,80.7
142123,神奈川県厚木市,79.7,82.2,84.8,87.4,88.8,90.1,91.5,92.8,93.4
142131,神奈川県大和市,,,,,6,8,10,12,14
142140,神奈川県伊勢原市,72,79.1,81.5,83.8,86.1,88.3,90.5,92.8,95
142158,神奈川県海老名市,39.4,31.1,45.2,48,50.7,53.5,56.3,58.9,60.3
142166,神奈川県座間市,,41.9,43.9,45.9,47.9,49.9,52,54,56
142174,神奈川県南足柄市,,,52,54,56,58,60,62,63.7
142182,神奈川県綾瀬市,51.7,54.4,56.4,58.4,60.2,62.2,64.2,65.2,67.3
143014,神奈川県葉山町,,,,,,62.1,64.1,66.1,67.8
143219,神奈川県寒川町,,,,,,,,,
143413,神奈川県大磯町,37.2,39.4,41.6,43.8,46.1,48.3,50.5,52.7,55
143421,神奈川県二宮町,94.3,65.4,66.9,68.5,67.1,68,69.4,71.2,73.2
143618,神奈川県中井町,,,,,,,,,
143626,神奈川県大井町,,,,,,,,,
143634,神奈川県松田町,,72,72.3,70.8,73,75.2,77.3,78.3,82.9
143642,神奈川県山北町,,,,,,,,,
143669,神奈川県開成町,,,,,,,,,
143821,神奈川県箱根町,,,,,,,,,
143839,神奈川県真鶴町,,,,,,,,,
143847,神奈川県湯河原町,,80.5,82.1,82,82.3,83.9,85.4,87,88
144011,神奈川県愛川町,,,,,,,,,
144029,神奈川県清川村,,93.2,93.2,93.5,93.8,94.1,94.4,94.8,95.1
151009,新潟県新潟市,40.9,43.1,45,45.7,47.9,50.2,52.3,54.7,56.8
152021,新潟県長岡市,49,50.3,51.7,50.9,52.3,44.7,55.2,40.5,40.5
152048,新潟県三条市,,,,,,,,,
152056,新潟県柏崎市,34.9,34.9,37.7,41.4,44.9,47.5,51.1,53.6,57.3
152064,新潟県新発田市,,81.4,82.8,83.7,84.6,73.4,66.6,68.5,71.5
152081,新潟県小千谷市,100,100,50.3,52.2,54,55.7,57.6,53.8,54.5
152099,新潟県加茂市,,,,,,,,,
152102,新潟県十日町市,,23.7,9.4,11.5,13.6,15.8,17.8,20,22.1
152111,新潟県見附市,,,,,49.1,53.1,56.9,60.9,64.8
152129,新潟県村上市,,46.1,48.2,50.3,57.4,61.1,54.8,57,58.9
152137,新潟県燕市,,,99.2,99.3,99.4,99.3,99.4,99.4,99.6
152161,新潟県糸魚川市,,40,41.8,43.6,45.4,47.4,49.4,51.4,52.1
152170,新潟県妙高市,53.5,,,,,69,70.9,72.7,74.3
152188,新潟県五泉市,,43.2,29.6,29.7,31.9,34,21.7,24.9,27.8
152226,新潟県上越市,59.4,60.1,34.1,36,37.6,39.3,41.3,43.2,45.1
152234,新潟県阿賀野市,44,46,45,47.3,49.3,51.6,53.5,55.9,60.2
152242,新潟県佐渡市,,51.6,51.6,46.9,59.3,62,38,,
152251,新潟県魚沼市,44,65.2,67.3,68.9,70.7,72.5,74.4,76.3,62.3
152269,新潟県南魚沼市,63.1,57.2,73.4,76.6,77.5,78.5,75.3,78.1,80.9
152277,新潟県胎内市,,46.2,48.4,49.8,51.6,51.2,50.4,40.6,43.5
153079,新潟県聖籠町,,54.1,56.1,59.5,60.8,62.3,64.3,67.9,68.8
153427,新潟県弥彦村,83,85,87.2,89.2,91.2,92.4,95.1,96.8,98.8
153613,新潟県田上町,,,,,,,,,
153851,新潟県阿賀町,78.4,74.7,79.5,78.9,82.4,84.6,85.2,86.4,86.6
154059,新潟県出雲崎町,,,,,,,,,
154610,新潟県湯沢町,,,,,,,,,
154822,新潟県津南町,,,,,,,,,
155047,新潟県刈羽村,,,,,,,,,
155811,新潟県関川村,,,,,,,,,
155861,新潟県粟島浦村,,,,,,,,,
162019,富山県富山市,,72.4,73.8,75.3,75.3,76.1,76.8,54,18.2
162027,富山県高岡市,42.5,42.2,45.2,47,48.8,52.7,52.2,54.1,51.7
162043,富山県魚津市,45.5,47.9,49.8,51.7,53.8,55.9,58.1,60.2,62.3
162051,富山県氷見市,,62.7,65.3,,,,,100,4.4
162060,富山県滑川市,39.1,40.4,42,43.5,44.7,46.3,47.9,30.8,32.8
162078,富山県黒部市,,57.1,59.9,48.2,49.6,49.5,52.4,54.4,45.3
162086,富山県砺波市,68,70.2,72.2,69.9,71.9,73,75.1,77.1,78.1
162094,富山県小矢部市,,49.2,52.8,54.6,56.6,42.4,44.3,47,49.8
162108,富山県南砺市,53,51.9,53.5,55.3,57,62.2,62.2,64,65.8
162116,富山県射水市,,53.8,55.9,58.2,58.6,60.7,65.4,67.5,73.8
163210,富山県舟橋村,42,45.4,,,,53.5,,55.7,56.4
163228,富山県上市町,90.3,90.1,89.7,89.5,88.6,89.2,88.5,89.2,
163236,富山県立山町,99.5,99.5,99.6,99.6,99.6,99.7,99.7,99.7,
163422,富山県入善町,51.9,55.8,55.1,59.9,62.8,66,67.9,70.6,72.1
163431,富山県朝日町,,18.4,23,46,50.6,55.2,59.4,64.4,68.6
172014,石川県金沢市,,,,58.6,60.4,62.2,64.1,66,67.9
172022,石川県七尾市,,31.7,,62.9,57.9,64.5,66.5,67.2,68.9
172031,石川県小松市,,42.9,43.5,45.8,48,49.8,51.5,53.5,55.9
172049,石川県輪島市,,79.6,,,,,,83.5,85.7
172057,石川県珠洲市,20,22,24,25.7,27.8,29.7,31.7,33.9,36.1
172065,石川県加賀市,,68.1,70.1,72.1,71.6,73.8,75.8,78,79.8
172073,石川県羽咋市,40,41.8,43.9,45.6,47.7,49.8,51.4,53.2,55.4
172090,石川県かほく市,39.7,33.6,37,35,37.7,40.1,46.6,48.6,50.3
172103,石川県白山市,,45.4,40.8,35.2,37.2,37,38.5,41.1,43.7
172111,石川県能美市,42.9,44.8,45.7,45.2,44.9,44.6,44.2,43.8,56.5
172120,石川県野々市市,,61.5,63.7,66,68.4,70.8,72.9,75.4,77.8
173240,石川県川北町,,,,,,,,,
173614,石川県津幡町,21.3,24.2,26.4,28.6,30.8,31.4,33.8,36.3,38.8
173657,石川県内灘町,,,,,,,,,
173843,石川県志賀町,,,85.9,,,,,,78.9
173860,石川県宝達志水町,,59.7,61.1,62.6,63.8,65.3,66.7,68,68.9
174076,石川県中能登町,,43,45,,48.1,50.1,52.1,54.1,56.1
174611,石川県穴水町,,,,,,,,,
174637,石川県能登町,,,,,,,,,
182010,福井県福井市,,,60.3,63.3,70.2,68.1,69.1,70.7,72.2
182028,福井県敦賀市,52.5,54.7,56.9,55.5,57.5,61.7,63.8,66.1,68.2
182044,福井県小浜市,,,,,,,,,
182052,福井県大野市,,35.7,37.5,39.5,41.4,43.4,45.4,47.3,49.3
182061,福井県勝山市,,75.1,74.7,75.9,76.5,75.4,77,78.6,80.2
182079,福井県鯖江市,,62.6,67.6,67.6,67.2,50.3,52.1,54.9,57
182087,福井県あわら市,,64.9,71.6,78.3,85,91.3,92.4,93.5,86.4
182095,福井県越前市,57.7,57.1,54,68.4,70.5,72.6,75,77.1,79.2
182109,福井県坂井市,,44.1,26.8,21.4,25.9,19.6,24.4,29.2,34
183229,福井県永平寺町,48.7,48.2,50.7,53.2,55.7,57.8,60.6,63,65.4
183822,福井県池田町,44.4,66.3,67.7,69.1,72,73.3,74.5,75.7,76.9
184047,福井県南越前町,,44.8,52.6,54.7,55.7,57.9,59.1,61.7,64
184233,福井県越前町,,,46,48,50,49.6,51.6,53.6,55.6
184420,福井県美浜町,,,53.2,53.8,56,58.1,60.3,70.2,72.4
184811,福井県高浜町,58,38.2,47.9,49.9,51.9,53.9,55.9,57.9,59.9
184837,福井県おおい町,,48.6,49.8,,,,,,
185019,福井県若狭町,,79.1,,,,,,,
192015,山梨県甲府市,46.1,47.1,47,45.7,50,52.1,54.1,56.1,58.3
192023,山梨県富士吉田市,15.4,13.2,15.4,17.6,19.8,22,24.2,26.4,28.6
192040,山梨県都留市,41.8,44,46.2,48.4,50.6,52.8,55,57.2,59.4
192058,山梨県山梨市,60.5,46.1,48.1,99.2,99.5,99.9,100,100,89.3
192066,山梨県大月市,,71.6,74,76,78,80,82,84,86
192074,山梨県韮崎市,34.1,34.5,36.7,38.4,39.8,41.3,43.6,46,48.5
192082,山梨県南アルプス市,54.9,53.1,54.9,56.9,49.6,47.6,49.4,59.6,52.4
192091,山梨県北杜市,,46.2,48.8,51.7,50.9,54.2,56.2,58,59.9
192104,山梨県甲斐市,,,48.3,49.2,51.3,53.1,54.4,56.3,57.1
192112,山梨県笛吹市,41,42.4,45.2,47.2,48.1,56.8,61.7,58.2,60.7
192121,山梨県上野原市,49.9,53.4,56.1,59.6,63,64.4,65.4,66.6,67.7
192139,山梨県甲州市,39.1,40.8,42.8,44.8,46.8,48.7,50.7,52.6,54.7
192147,山梨県中央市,45.8,47.6,49.1,51.5,53.5,55.5,57.5,59.5,61.6
193461,山梨県市川三郷町,,,99.6,99.7,15.5,18.4,20.8,23.7,26.6
193640,山梨県早川町,,84.3,86.4,88.5,90.6,92.7,94.8,96.9,99
193658,山梨県身延町,,47.7,49.8,51.8,23.7,52.5,55,57.8,59.9
193666,山梨県南部町,,30,32,34,36,38,40,42,42.9
193682,山梨県富士川町,,52.2,82,84,86,87.6,88.5,90.1,92.2
193844,山梨県昭和町,,,,,,,,,
194221,山梨県道志村,26.7,30.5,,,,,,,
194239,山梨県西桂町,,,,,,,,,
194247,山梨県忍野村,42,46.7,48.9,52.8,55,57.2,59.4,61.6,63.8
194255,山梨県山中湖村,,,,,,,,,
194298,山梨県鳴沢村,,,,,,,,,
194301,山梨県富士河口湖町,40.4,42.7,44.8,47.1,49.2,51.3,53.4,55.6,52.5
194425,山梨県小菅村,,,,,,,,,
194433,山梨県丹波山村,,,,,,,,,
202011,長野県長野市,25.2,28.3,28.6,31.4,34.6,37.6,40.7,44.1,47.3
202029,長野県松本市,35.4,37.3,40.6,42.6,44.7,46.7,48.7,50.8,52.8
202037,長野県上田市,,,26.1,30.2,34.3,37.7,37.7,41.5,45.2
202045,長野県岡谷市,,49.5,62.7,64.9,67.8,69.7,71.8,74.1,76.3
202053,長野県飯田市,,61.2,62.7,64.5,66.5,67.4,68.6,70.7,70.6
202061,長野県諏訪市,100,100,100,72.9,27.7,30.5,32,34.1,36.3
202070,長野県須坂市,,50.4,52.4,54.4,56.4,58.4,60.4,62.4,64.4
202088,長野県小諸市,,65.2,75.6,75.5,79.2,79.7,81.5,83.3,85.1
202096,長野県伊那市,39.8,27.4,29.4,31.4,33.4,35.4,37.4,39.4,41.4
202100,長野県駒ケ根市,,67.7,68.6,70.5,71.2,73.5,75.7,77.3,79.6
202118,長野県中野市,,94,96,98.2,100,100,100,100,3.8
202126,長野県大町市,66,68.2,70.4,72.6,74.8,77,79.2,81.4,83.6
202134,長野県飯山市,,2,4,6,8,10,12,14,16
202142,長野県茅野市,21.9,24,25.9,27.8,29.8,31.8,33.7,35.4,37.5
202151,長野県塩尻市,41.7,43.9,46.1,48.3,50.5,52.7,54.9,57.1,59.3
202177,長野県佐久市,50.7,50.7,57.3,61.7,54,53.5,54.9,57,43.9
202185,長野県千曲市,29.1,30.1,31.1,32.2,33.2,34,34.1,35.2,36.4
202193,長野県東御市,52.2,51.5,53.4,58,58,60.1,62.3,61.6,64
202207,長野県安曇野市,,,20,23,25.9,27.9,31.8,34.8,37.8
203033,長野県小海町,,60.9,63,65.2,65.2,69,71.2,73.5,75.4
203041,長野県川上村,,44.3,46.4,47.2,48.5,49.9,52.2,53.7,56.1
203050,長野県南牧村,,,,,,,,,
203068,長野県南相木村,,,,,,,,,
203076,長野県北相木村,,,,,,,,,
203092,長野県佐久穂町,,28.6,30.8,33,35.2,37.4,39.6,39.6,42
203211,長野県軽井沢町,,,,,,,,,
203238,長野県御代田町,28,30,,,,37.2,39.2,41.2,38.9
203246,長野県立科町,,,,,,,,,
203491,長野県青木村,,88.8,80.7,82.4,83,88.3,75.8,28.3,33.7
203505,長野県長和町,,,,,,,,,
203611,長野県下諏訪町,54,56,58,59.9,61.8,63.8,65.8,67.9,69.9
203629,長野県富士見町,,,,,,,,,
203637,長野県原村,,,,,,,,,
203823,長野県辰野町,,,,,,,,,
203831,長野県箕輪町,21.5,23.5,25.5,27.5,29.6,31.6,33.6,35.6,37.6
203840,長野県飯島町,41.6,43.5,45.7,47.6,49.8,52.1,54.3,56.5,58.8
203858,長野県南箕輪村,44,45.9,47.9,46.8,51.3,51.3,51.2,53.5,55.4
203866,長野県中川村,56.3,58.7,37.9,61,63.2,65.4,64.4,67,69.6
203882,長野県宮田村,38.7,,,,,,,,
204021,長野県松川町,,,,,,,,,
204030,長野県高森町,,,,,,,,,
204048,長野県阿南町,75.3,77.5,79.7,81.8,84,85.3,84.1,84.9,85.5
204072,長野県阿智村,,50,52.5,44.3,46.8,47.9,49.8,52.3,54.6
204099,長野県平谷村,,,,,,,,,
204102,長野県根羽村,,,,,,,,,
204111,長野県下條村,78,78.9,80.9,78.3,80.6,80.3,83.3,85.7,87.4
204129,長野県売木村,,,,,,,,,
204137,長野県天龍村,,,,,,,,,
204145,長野県泰阜村,,,,,,,,,
204153,長野県喬木村,,,,,,,,,
204161,長野県豊丘村,,,,,,,,,
204170,長野県大鹿村,,,,,,,,,
204226,長野県上松町,,49.3,52.1,54.8,57.5,60.2,62.3,65,67.7
204234,長野県南木曽町,,76,78,,,,,,
204251,長野県木祖村,,,86.2,88.4,89.4,89.7,90,90,90.3
204293,長野県王滝村,,,,,,,,,
204307,長野県大桑村,,,,,,,,,
204323,長野県木曽町,85.2,65.1,67,60.8,63.6,66.3,69.1,71.9,74.8
204463,長野県麻績村,,,,,,,,,
204480,長野県生坂村,,,,,,,,,
204501,長野県山形村,,50,52.7,54.8,56.8,50.8,54.3,56.6,59
204510,長野県朝日村,,,,,,,,,
204528,長野県筑北村,,,,,,,,,
204811,長野県池田町,92.5,,,,,,,,
204820,長野県松川村,,,,,,,,,
204854,長野県白馬村,37.4,39.6,41.8,44,44,46.2,48.4,50.5,51.9
204862,長野県小谷村,,,,,,,,,
205214,長野県坂城町,,,,,,,,,
205419,長野県小布施町,95.5,76.6,77.9,77.3,79.3,78.7,80.6,82.4,84.3
205435,長野県高山村,,,,,,,,,
205613,長野県山ノ内町,37.4,74.9,79.1,83.3,87.1,91.3,95.6,98.9,99.3
205621,長野県木島平村,84.4,,,,,,,,
205630,長野県野沢温泉村,43,52.8,55,47.6,48.2,50.7,53.3,55.8,58.4
205834,長野県信濃町,,,,,,,,,
205885,長野県小川村,,,,,,,,,
205907,長野県飯綱町,71.8,70.4,72.2,73.5,55.4,57.9,59.9,48.8,46.3
206024,長野県栄村,,,,,,,,,
212016,岐阜県岐阜市,54.6,56.1,57.7,59.3,61,62.9,64.9,66.4,68
212024,岐阜県大垣市,,99.9,99.9,99.7,99.7,99.7,99.6,99.6,98
212032,岐阜県高山市,48,49.8,51.6,53.4,55.4,57.4,59.5,61.5,63.3
212041,岐阜県多治見市,70,47.3,48.9,50.4,50.4,52.6,54.8,43.1,46
212059,岐阜県関市,,,,,78.8,72.1,66.4,64.9,62.5
212067,岐阜県中津川市,39.6,41.6,43.6,45.5,47.5,43.8,45,47.2,49.3
212075,岐阜県美濃市,80.1,80.1,85.9,88.8,90.9,89.7,92.2,93.3,94
212083,岐阜県瑞浪市,13.5,20.2,22.4,24.6,26.8,29,31.2,33.4,35.5
212091,岐阜県羽島市,,64.2,65.2,66.2,67.2,59.4,60.7,62.3,64
212105,岐阜県恵那市,,57.7,59.1,61.7,60.5,62.9,63.7,64.8,67.1
212113,岐阜県美濃加茂市,,,,77.6,79.2,81.4,49.4,52.1,54.8
212121,岐阜県土岐市,,,,,,,,,
212130,岐阜県各務原市,64.6,68.2,71.7,74,67.4,70.2,73,75.8,78.2
212148,岐阜県可児市,29,33.5,,38.6,41.1,36.6,39.6,42.4,45.3
212156,岐阜県山県市,27.4,29.9,32.4,34.9,37.4,39.9,42.4,44.9,47.6
212164,岐阜県瑞穂市,,43,43.7,44.8,46.1,48.3,50.6,52.3,53.3
212172,岐阜県飛騨市,,,,,,,,,
212181,岐阜県本巣市,61.6,62.6,64,65.2,66.6,68,69.3,70.6,72
212199,岐阜県郡上市,,41.4,43.5,45.3,47.3,49.4,51.5,55.8,57.9
212202,岐阜県下呂市,10.4,18.8,20.9,23.5,26.2,28.9,31.6,34.3,37.3
212211,岐阜県海津市,72.4,62.7,65.3,76.9,76.9,47.9,51.8,86.6,88.8
213021,岐阜県岐南町,,,,,,,,,
213039,岐阜県笠松町,,36,38,40,42,44,46,48,50
213411,岐阜県養老町,,51.9,22,29.1,36.1,14.4,18.3,22.9,27.5
213616,岐阜県垂井町,89.1,93,94.6,99.9,79.7,81.2,52.6,47.3,45.6
213624,岐阜県関ケ原町,40,48.4,50.6,52.8,53.1,55.1,57,58.7,60.5
213811,岐阜県神戸町,,,,,,,,,
213829,岐阜県輪之内町,47.9,50.6,50.6,54.5,56.3,58.2,58.8,60.9,58.4
213837,岐阜県安八町,,,,,,,,,
214019,岐阜県揖斐川町,18.3,23.6,28.9,28.6,22.9,25.2,27.5,29.8,34.5
214035,岐阜県大野町,56.1,58.9,61.7,64,66.7,69.5,72.3,75.1,75.1
214043,岐阜県池田町,,,,,,,,,
214213,岐阜県北方町,,,,,,,,,
215015,岐阜県坂祝町,,,,,,,,,
215023,岐阜県富加町,57.5,59.7,46.6,48.8,9.6,10.6,14.1,15.7,16.4
215031,岐阜県川辺町,,,,,,,,,
215040,岐阜県七宗町,51.6,,,,,,,,
215058,岐阜県八百津町,,,,,,,,,
215066,岐阜県白川町,,,,,,,,,
215074,岐阜県東白川村,58.2,,52.1,50.8,51.5,54.9,58.4,61.8,65.3
215210,岐阜県御嵩町,,,,,,,,,
216046,岐阜県白川村,89.1,100,80.1,,,,,,
221007,静岡県静岡市,40.8,39.1,27.5,54.8,58.8,61.4,64,66.6,68.8
221309,静岡県浜松市,56.6,58.7,58.7,63.6,65.9,61.6,63.6,47.3,
222038,静岡県沼津市,,68,70,71.3,72.2,73.2,74.5,76.6,78.4
222054,静岡県熱海市,,,,,,,,,
222062,静岡県三島市,41.6,43.6,45.6,47.4,48.7,42.4,45.1,47.7,50.6
222071,静岡県富士宮市,,48.7,50.7,52.7,54.7,48.9,51.1,53.3,55.5
222089,静岡県伊東市,89.6,90.1,90.4,91,90.8,91.4,91.8,91.8,90.4
222097,静岡県島田市,69.2,70.7,72.8,74.5,76.4,75.8,77.7,79.5,80.2
222101,静岡県富士市,,45.4,48.2,50.9,53.6,55.8,55.7,58.6,61.1
222119,静岡県磐田市,31.6,75.1,76.9,78.9,80.9,80,7.9,8.1,10.2
222127,静岡県焼津市,,62.4,64.7,67,69.2,71.5,74,74.2,77
222135,静岡県掛川市,,61.1,62.4,64.1,65.7,67.7,69.1,70.8,72.1
222143,静岡県藤枝市,44.9,48.2,46.5,48.2,51.2,52.1,54.1,54.4,56.3
222151,静岡県御殿場市,80.9,83,79.3,81.4,83.5,85.6,95.3,97.5,92
222160,静岡県袋井市,,22.2,25,29.4,33,36.6,39.9,43.3,33.2
222194,静岡県下田市,50.4,52.5,54.6,56.7,58.8,60,62.1,57.5,52
222208,静岡県裾野市,57.2,59.9,62.7,64.9,67.1,69.2,72,74.9,77.7
222216,静岡県湖西市,84,87.8,,,,,,,
222224,静岡県伊豆市,72.4,79.4,80.8,81.6,83.1,84.5,86,87.5,89
222232,静岡県御前崎市,51,51.6,53.5,56.6,59.7,62.7,65.8,66.8,69.2
222241,静岡県菊川市,51.5,53.9,56.2,58.6,60.7,61.1,61.6,64.3,69.6
222259,静岡県伊豆の国市,,50.5,52.7,54.9,57.2,59.4,61.5,63.5,65.7
222267,静岡県牧之原市,,,,47.8,50.8,53.9,56.8,58.5,61.6
223018,静岡県東伊豆町,57.6,62.6,67.4,,,,,,
223026,静岡県河津町,,,,,,,,,
223042,静岡県南伊豆町,,,,,,,,,
223051,静岡県松崎町,,,,,,,,,
223069,静岡県西伊豆町,,,,,,,,,
223255,静岡県函南町,81.5,,79.8,82.6,85.4,87.7,90.4,93.2,93.7
223417,静岡県清水町,17.8,20.8,23.7,26.7,28.5,30.9,33.3,35.6,38
223425,静岡県長泉町,40.9,41.7,42.6,44.5,46.7,48.7,51,53.3,55.3
223441,静岡県小山町,,50,52,54,56,58,60,62,64
224243,静岡県吉田町,,61.3,63.3,65.4,67.3,69.2,71.3,72.8,74.9
224294,静岡県川根本町,,64.7,64.3,66.8,69.4,72,74.6,79.5,81.7
224618,静岡県森町,,,46.4,48.2,50.1,52.1,54.1,55.6,57.5
231002,愛知県名古屋市,62.1,62.3,62.1,63.6,65.1,69.4,62,65.5,
232017,愛知県豊橋市,62.9,64.8,65.5,67.3,69.1,70.8,72.1,73.9,73
232025,愛知県岡崎市,,30.4,32.6,34.7,36.9,38.9,41.2,42.3,44.7
232033,愛知県一宮市,25.1,31,31.6,35.2,38.8,41.9,44.4,46.9,49.4
232041,愛知県瀬戸市,,43.5,45.9,48.4,51.8,44.3,46.2,45.2,47.4
232050,愛知県半田市,,53.6,54.6,62.2,59.7,53.7,55.8,58.4,61.2
232068,愛知県春日井市,,87.2,85,56.9,58.1,59.1,54.2,55.3,56.7
232076,愛知県豊川市,,49.5,51.6,53.7,55.8,57.8,59.6,61.5,63.4
232084,愛知県津島市,,30.1,32.1,34.1,36.1,38.2,40.3,42.4,44.3
232092,愛知県碧南市,70,80.3,81.4,82.2,83.7,84.9,86.1,87.3,87.2
232106,愛知県刈谷市,23.6,24.8,27.6,29.8,32,34.1,41.3,43.7,46.1
232114,愛知県豊田市,64.4,66.6,68.7,65.4,72.8,74.9,77,79,81.1
232122,愛知県安城市,56.7,59.9,63.2,65.7,68.1,70.6,73.1,75.5,77.9
232131,愛知県西尾市,70.6,72.5,74.5,76.4,78.4,80.3,69.5,71.9,75.5
232149,愛知県蒲郡市,,77.3,80.2,82.4,80.7,80.8,75.4,76.1,77.9
232157,愛知県犬山市,58.4,57.9,66.5,68.7,68.5,65.7,65.7,69.6,71.4
232165,愛知県常滑市,,74.3,76.3,78,80.1,80.9,83.1,85.2,87.5
232173,愛知県江南市,61.2,63.6,67,69.6,69.2,70.8,72.2,74.9,76.5
232190,愛知県小牧市,88.4,93.7,95.2,96,96.9,97.1,97.3,97.5,97.7
232203,愛知県稲沢市,48.1,50.1,52.1,54.1,55.3,57.2,59.3,61.4,60.1
232211,愛知県新城市,,54.5,57.3,64.1,63.4,64.7,67.9,71.1,73.5
232220,愛知県東海市,1.2,3.5,5.7,7.9,10.1,12.3,14.5,16.6,18.5
232238,愛知県大府市,,21.3,23.5,26,27.7,30.1,32.4,34.5,37
232246,愛知県知多市,54,56,64.4,66.4,68.4,71.7,73.2,74.8,75.3
232254,愛知県知立市,,35.2,36.5,38.8,40.6,41.1,43.5,46.2,49
232262,愛知県尾張旭市,,85.5,87.7,,,,,,
232271,愛知県高浜市,,,,,,,,,
232289,愛知県岩倉市,,67,69.6,72.3,74.9,69,72.4,75.5,77.5
232297,愛知県豊明市,,46.4,44.2,46.5,48.8,51.2,53.5,55.9,57.9
232301,愛知県日進市,,,,,,,,,
232319,愛知県田原市,56.4,58.9,58.9,60.9,63.2,65.3,67.4,68.7,70.9
232327,愛知県愛西市,,61.7,62.5,64.5,66.5,64,65.4,67.2,69.4
232335,愛知県清須市,50.9,51.2,51.8,58.7,53.6,67.7,78.7,66.8,59.6
232343,愛知県北名古屋市,,46.4,48.4,50.2,52.2,54.2,55.6,58.5,54.1
232351,愛知県弥富市,60.3,67.1,69.5,71.8,73.7,76.1,78.4,79.4,82.9
232360,愛知県みよし市,,44.1,42.5,,,,36.1,30.9,33
232378,愛知県あま市,,41.3,40,42.9,45.7,46.9,49.8,52.1,55.2
232386,愛知県長久手市,37.4,41.6,42.9,45.1,47,49.1,51.4,53.7,55.9
233021,愛知県東郷町,33.2,36.4,39.3,42.4,45.1,48.2,51.2,54.3,57.3
233421,愛知県豊山町,,,,,,,,,
233617,愛知県大口町,,54,,42.2,45,47.7,50.5,53.1,55.7
233625,愛知県扶桑町,52,55.3,58.5,,64.9,67.9,71.2,74.2,74.5
234249,愛知県大治町,,,,,,,,,
234257,愛知県蟹江町,,,,,,,,,
234273,愛知県飛島村,,,,,,,,,
234419,愛知県阿久比町,,,,,,,,,
234427,愛知県東浦町,,,,,,,,,
234451,愛知県南知多町,,,,,,,,,
234460,愛知県美浜町,,,,,,,,,
234478,愛知県武豊町,43.8,47.2,51.2,54.8,57.4,58.9,59.8,61.1,62.1
235016,愛知県幸田町,,44.5,44.6,46.1,48.5,50.8,53.2,54.7,56.8
235610,愛知県設楽町,,,,,,,,,
235628,愛知県東栄町,,,,,,,,,
235636,愛知県豊根村,,59.4,61.6,63.8,62.1,59.8,62,64.2,66.4
242012,三重県津市,,61.1,63.7,55.8,46.3,38.5,39.9,44.9,48.3
242021,三重県四日市市,69.5,65.7,66.2,65.9,57,59.1,61.2,63.3,64.8
242039,三重県伊勢市,50,50.7,53.2,55.3,54.8,56.7,59.2,61.2,63
242047,三重県松阪市,,53,54.9,57.1,58.9,61.2,58.5,60.2,62.5
242055,三重県桑名市,33.9,37.4,41.2,44.8,48.9,52.5,54.4,57.9,59.3
242071,三重県鈴鹿市,,66.1,68,55.6,71.1,60.6,62.9,65.7,68.4
242080,三重県名張市,,74.4,67.5,70.2,72.9,79.5,,,
242098,三重県尾鷲市,,47.9,50,52,54,56,58,60,62.1
242101,三重県亀山市,,66.7,68.1,69.6,71,71.1,71.1,79.5,80.2
242110,三重県鳥羽市,86,85.6,55.7,86.8,79.6,,,,
242128,三重県熊野市,,,,,,,,83.2,88.2
242144,三重県いなべ市,,55.2,57.4,57.3,61.4,63.6,65.9,68,70.2
242152,三重県志摩市,,48.5,40.5,43.2,45.8,48.5,51.2,53.9,57.2
242161,三重県伊賀市,41.7,43.5,45.6,47.7,49.6,50.4,52.5,54.5,56.6
243035,三重県木曽岬町,,,,,,,,,
243248,三重県東員町,53.9,56,58,60,62,64,66,68,70
243418,三重県菰野町,,,,,,,,,
243434,三重県朝日町,,,,,,,,,
243442,三重県川越町,36.8,42,44,46,47.2,48.8,50.4,41,43
244414,三重県多気町,45.8,47.9,50.2,68.8,71.4,72.9,72.8,71.7,63.7
244422,三重県明和町,,,,,,,69.7,92.4,87.4
244431,三重県大台町,52.9,56.7,59.4,62.1,64.8,67.5,70.2,72.9,75.6
244619,三重県玉城町,,,,,,,,,
244708,三重県度会町,,,,,,,,,
244716,三重県大紀町,,,,,,74.9,84.1,95.7,95.5
244724,三重県南伊勢町,,41.8,70.8,46.9,45.3,50.5,55.2,60.2,65.2
245437,三重県紀北町,72.1,72.1,72,74.8,77.8,75.3,83.6,86.3,86.8
245615,三重県御浜町,,,,,,,,,
245623,三重県紀宝町,,,,,,,,98.9,
252018,滋賀県大津市,,64.7,66.8,70.1,72.4,74.2,76.8,79.2,80.8
252026,滋賀県彦根市,,,,,,,,,
252034,滋賀県長浜市,46.6,48.2,51.6,51.4,51.6,50.8,53.1,55.4,57.6
252042,滋賀県近江八幡市,,71.9,65.9,68.2,70.5,71.1,71.4,73.7,66.8
252069,滋賀県草津市,,81.4,36.6,38.5,39.6,36.9,36.9,42,44.4
252077,滋賀県守山市,50.9,49.1,51.6,59.3,61.6,64.1,51.8,67.2,69.7
252085,滋賀県栗東市,32,34,34.7,36.7,39,41.3,43.3,45.2,47.4
252093,滋賀県甲賀市,55.7,57.7,59.8,61.9,64,66.1,68.1,70.2,72.3
252107,滋賀県野洲市,,58.6,60.9,63.1,65.4,67.7,69.9,72.2,74.3
252115,滋賀県湖南市,53.7,57.5,59.6,61.7,63.9,65.9,68.1,68.5,69.7
252123,滋賀県高島市,60.9,63,65.1,67.3,69.5,71.6,73.7,75.9,78
252131,滋賀県東近江市,,43.3,,,,,,,
252140,滋賀県米原市,35.4,37.8,40.1,42.2,44.6,46.8,49,51.3,53.8
253839,滋賀県日野町,,47.8,49.8,51.8,53.9,55.9,52.3,54.3,56.3
253847,滋賀県竜王町,,,,,,,,,
254258,滋賀県愛荘町,,,52.9,54.9,56.6,51.9,53.9,55.9,55.2
254410,滋賀県豊郷町,,,43.6,45.4,47.6,49.9,52.1,54.4,56.8
254428,滋賀県甲良町,,,,,,,,,
254436,滋賀県多賀町,,,37.7,40.9,44,46.3,48.6,50.9,53.1
261009,京都府京都市,,,40.9,42.8,44.6,46.5,47.9,49.8,51.6
262013,京都府福知山市,76.9,56.1,57,58.9,56.9,58.6,60.6,60.6,62.3
262021,京都府舞鶴市,,49.1,50.7,48.9,51.5,56.6,56.6,59.3,60.7
262030,京都府綾部市,,,,,,,,,
262048,京都府宇治市,,57.9,100,100,,,,,
262056,京都府宮津市,98.2,100,100,100,96.6,96.8,74.8,100,
262064,京都府亀岡市,51.8,49.5,51.6,53.3,55.8,58.4,60.9,63.4,65.7
262072,京都府城陽市,47.2,48.3,4.2,6.4,8.6,10.9,13.1,16.9,19.4
262081,京都府向日市,,99.2,99.2,100,100,100,,0,3.5
262099,京都府長岡京市,30.3,32.3,33.3,35.5,37.3,39.5,27.7,41.2,43.7
262102,京都府八幡市,64.2,64.5,64.5,67.2,69.9,72.5,75.2,,
262111,京都府京田辺市,44.1,46.3,48.4,50.6,52.8,55,56.2,58.6,60.9
262129,京都府京丹後市,61.4,65.3,69.3,73.2,77.2,81.1,85.1,89.1,93
262137,京都府南丹市,71.1,48.3,50.4,51.9,78.7,41.3,41.2,43.5,42.7
262145,京都府木津川市,,43.4,45.6,47.7,49.3,50.4,51.8,53.8,55.8
263036,京都府大山崎町,,,,,,,,,
263222,京都府久御山町,35.4,37.6,39.8,42,44.2,48.6,48.6,53,53
263435,京都府井手町,,,,,,,,,
263443,京都府宇治田原町,40,46,48.1,50.3,52,53,56,58.4,60.1
263648,京都府笠置町,56.6,59.4,61.6,62.9,65.2,67.4,69.7,71.9,71.9
263656,京都府和束町,,85.2,85.6,87.5,89,89.7,90.4,91.1,
263664,京都府精華町,,,,,,,,,
263672,京都府南山城村,69.5,72.3,72.5,74,75.5,77.1,78.3,79.3,80.6
264075,京都府京丹波町,,59.3,76,82,83.9,85,86.9,88.8,90.8
264636,京都府伊根町,50.6,60.8,65.2,69.3,72.9,77.2,80.6,84.2,65.1
264652,京都府与謝野町,,68.4,70.9,70.3,73.7,75.5,77.4,78.9,80.4
271004,大阪府大阪市,40.6,36.3,38.5,40.7,42.5,44.6,46.8,49,49.4
271403,大阪府堺市,12.8,39.9,42.1,44.3,46.4,27.9,29.9,32.3,34.2
272027,大阪府岸和田市,,46.8,49,51.2,53.4,55.6,57.6,59.5,61.7
272035,大阪府豊中市,,13.1,16.8,20.5,24.2,29,32,35.6,39.3
272043,大阪府池田市,,79.4,81.1,82.8,84.4,86.1,87.8,89.5,91.1
272051,大阪府吹田市,57.2,59.5,61.8,63.9,66.3,68.7,71.2,73.5,76.2
272060,大阪府泉大津市,,93.2,96.5,96.7,,,,,
272078,大阪府高槻市,,,,,,61.6,63.9,34,36.1
272086,大阪府貝塚市,,59.6,62.5,65,67.5,70,45.8,75,77.5
272094,大阪府守口市,59.5,61.5,63.5,65.5,64.4,70.7,72.2,71.7,73.3
272108,大阪府枚方市,99.1,93.6,95.2,96.8,98.4,100,93.6,93.7,87.8
272116,大阪府茨木市,,65.3,67.5,69.7,71.9,74.1,76.3,78.5,19.5
272124,大阪府八尾市,,57,59.2,61.4,63.6,65.5,67.7,53,55.8
272132,大阪府泉佐野市,,48.4,,0,0,15.1,78,75,81.3
272141,大阪府富田林市,55,56.8,58.9,60.9,63,64.7,66.5,67.8,69
272159,大阪府寝屋川市,98.4,98.4,96.5,96.4,96.9,96.8,97,97.2,97.4
272167,大阪府河内長野市,43.8,46,48.2,50.4,52.6,54.8,57,59.2,61.4
272175,大阪府松原市,,77.9,79.9,81.9,82.6,84.7,84.7,86.8,88.9
272183,大阪府大東市,50.9,52.7,56.4,58.5,60.6,62.8,64.6,66.1,67.2
272191,大阪府和泉市,,48.3,50.5,52.7,54.9,57.1,60.6,61.2,63
272205,大阪府箕面市,,80.4,,,,,,,
272213,大阪府柏原市,34.8,38,40,42,44,46,47.9,49.9,51.8
272221,大阪府羽曳野市,32.2,35.7,38,40,42.1,44.1,46.1,48.2,50.2
272230,大阪府門真市,48.7,49.5,51.8,54,46.2,48.8,51.6,54.4,57.3
272248,大阪府摂津市,,24.4,26.9,29.2,31.7,31.6,34.1,36.4,38.9
272256,大阪府高石市,26.5,49.5,51.8,32.5,34.5,36.5,38.5,40.5,42.8
272264,大阪府藤井寺市,55.7,57.7,,56.6,56.2,53.9,56.4,58.8,58.9
272272,大阪府東大阪市,,42.4,44.4,46.4,11.7,19.4,21.5,23.7,25.8
272281,大阪府泉南市,,72.3,74.4,76.6,78.8,81,83.2,85.4,87.5
272299,大阪府四條畷市,46.7,47.2,74.5,77.2,79.9,82.5,85.2,87.8,90.5
272302,大阪府交野市,68.2,49.1,51.1,54,56,58,67.5,70.2,72.9
272311,大阪府大阪狭山市,,43.8,44.7,47.3,49.2,51.3,53.2,55.4,55.9
272329,大阪府阪南市,,54.3,76.5,77.3,78.6,79.3,78.8,80.2,81.2
273015,大阪府島本町,37.4,39.4,40.7,42.8,44.9,47,49.1,51.2,53
273210,大阪府豊能町,,48.9,50.8,,54.7,56.8,58.9,61,63
273228,大阪府能勢町,,44.5,50.7,53.2,56,55.7,58,59.3,60.9
273414,大阪府忠岡町,,,,,,,,,
273619,大阪府熊取町,,,77.8,74.2,76.2,78.2,80.2,80.8,82.8
273627,大阪府田尻町,,,,,,,,,
273660,大阪府岬町,,,,,,,,,
273813,大阪府太子町,66.1,67.4,69.2,71,72.8,74.6,76.4,77.8,79.2
273821,大阪府河南町,,,,,,,,,
273830,大阪府千早赤阪村,44.7,54,56.3,58.5,59.8,62,64.2,66.4,68.6
281000,兵庫県神戸市,72.3,72.4,74.3,75.7,77.5,79.1,80.7,82,83.5
282014,兵庫県姫路市,70.4,71.7,73,77.9,79.8,28.1,31.9,35.7,39.6
282022,兵庫県尼崎市,76.7,62.9,63.3,83.8,86.2,88.4,90.8,93.2,95.6
282031,兵庫県明石市,41.1,54.6,55.8,66.2,67.8,68.5,69.7,70.8,72
282049,兵庫県西宮市,64.2,65.2,66.6,67.4,65.1,65.6,68.2,69.3,70.6
282057,兵庫県洲本市,,35.7,26,34.5,35.7,37.7,32,25.7,29.3
282065,兵庫県芦屋市,,97.4,74.1,74.8,76.8,78.2,81.9,83.1,80.5
282073,兵庫県伊丹市,40.1,42.1,44.1,46.2,48.1,48.4,50.1,51.9,54
282081,兵庫県相生市,,3.3,30,33.7,37.5,40.9,44.1,34.7,38.9
282090,兵庫県豊岡市,100,79.3,81.1,83.1,99.2,99.3,99.3,98.7,98.8
282103,兵庫県加古川市,57.9,60.5,62.3,64.5,66.2,68,67.4,67.1,69.1
282120,兵庫県赤穂市,,55.5,57.5,59.4,60.7,62.5,64.4,66.1,68.4
282138,兵庫県西脇市,,70.7,72.4,75.9,75.9,77.7,20,23.5,27.1
282146,兵庫県宝塚市,,51.3,53.5,77.6,77.2,76.2,76.1,76.3,76.5
282154,兵庫県三木市,57.5,59.6,61.6,61.3,62.3,64.5,67.1,69.7,72.4
282162,兵庫県高砂市,,80.1,79,80.2,81.9,83.6,85.2,86.8,86
282171,兵庫県川西市,50.9,53,55.2,23.8,25.9,28,29.9,31.9,33.8
282189,兵庫県小野市,,48.3,50.1,52.3,54.5,31.1,33.5,36,38.6
282197,兵庫県三田市,27.6,31.2,33.3,35.2,37.3,39.5,41.6,43.8,
282201,兵庫県加西市,56.4,42.3,44.5,46.7,48.9,40.6,42.8,45,47.2
282219,兵庫県丹波篠山市,,40.3,42.5,44.7,47,49.2,51.1,53.2,55.5
282219,兵庫県丹波篠山市,,40.3,42.5,44.7,47,49.2,51.1,53.2,55.5
282219,兵庫県篠山市,,40.3,42.5,44.7,47,49.2,51.1,53.2,55.5
282219,兵庫県篠山市,,40.3,42.5,44.7,47,49.2,51.1,53.2,55.5
282227,兵庫県養父市,,82.9,84.9,87,84.8,86.4,20.4,13.8,17.6
282235,兵庫県丹波市,39.9,42.1,42.1,46.2,47.5,48.9,51,53,49.9
282243,兵庫県南あわじ市,,,,,,,,,
282251,兵庫県朝来市,,51.8,54,56.2,58.4,60.6,62.8,65,67
282260,兵庫県淡路市,,44.7,46.5,48.5,49.7,51.5,54.6,54.7,55.1
282278,兵庫県宍粟市,61.6,63.8,66,68.2,65.4,70,72.4,74.8,77.2
282286,兵庫県加東市,52.7,57.2,52.4,57.2,59,61.3,63.6,62.5,59.3
282294,兵庫県たつの市,,44.6,45.9,46.9,49.3,49.9,52.4,55.1,57.8
283011,兵庫県猪名川町,,99,100,100,100,100,100,100,100
283657,兵庫県多可町,,56.1,58.3,55.3,58,57.2,60.1,60.2,56.9
283819,兵庫県稲美町,,52.7,48.8,50.8,52.8,,58.8,60.8,61.5
283827,兵庫県播磨町,,,,,,,,,
284424,兵庫県市川町,,37.6,39.8,42,44.2,40.5,43.1,45.6,50.2
284432,兵庫県福崎町,,54.5,56.4,58.6,56.2,58.8,60.8,61.7,
284467,兵庫県神河町,,,,,,,,,
284645,兵庫県太子町,,50.3,52.1,54.3,56.3,58.6,61,63.2,65.3
284815,兵庫県上郡町,,68,67.1,69.5,71.9,74.4,75.1,77.6,80.1
285013,兵庫県佐用町,,52,53,55.3,57.3,58.4,58.6,61,59.3
285854,兵庫県香美町,89.9,91.1,91.9,51.2,53.9,3.6,8.3,10.9,14.5
285862,兵庫県新温泉町,,,,,68.5,70.9,66.6,68.6,78.9
292010,奈良県奈良市,64,66.1,68.2,70.2,72.3,74.3,73.4,75.6,71.1
292028,奈良県大和高田市,,62.2,63.4,64.9,66.6,68.1,69.7,71.3,72.8
292036,奈良県大和郡山市,,60.5,64.2,81.6,83.4,99.3,75.9,89,74.5
292044,奈良県天理市,68.7,70.3,72,73.6,69.1,59.2,71,72.8,74.7
292052,奈良県橿原市,42.7,46.5,48.7,50.9,53.1,52.9,55.3,57.7,59.1
292061,奈良県桜井市,,76.1,78.5,82.9,85.4,87.8,90,92.1,94.3
292079,奈良県五條市,70.2,78,79.4,80.8,82,83.4,84.8,86.1,87.5
292087,奈良県御所市,51.7,53.7,55.3,49.3,51.4,53.3,55.4,57.4,59.5
292095,奈良県生駒市,,33.6,43.5,45.3,47.8,49.7,51.8,54.1,56.1
292109,奈良県香芝市,,66.5,68.5,70.6,72.6,45.3,47.8,50.3,52.8
292117,奈良県葛城市,,50,52.6,57.2,59.9,62.6,65.2,67.8,70.5
292125,奈良県宇陀市,,57.2,57,59,,,65.5,66.2,68.4
293229,奈良県山添村,,,,,,,,,
293423,奈良県平群町,,,100,100,100,4.8,6.4,9.7,12.9
293431,奈良県三郷町,65.5,68.2,70.5,71.7,73.7,74.6,76.8,79.3,81.9
293440,奈良県斑鳩町,41,46.7,46.7,48.3,49.2,50.8,51.9,54.1,55.5
293458,奈良県安堵町,,66,60.1,62.4,65.5,69.9,,79.2,81.4
293610,奈良県川西町,40.5,42.6,41,40.8,48,46.2,48.9,51.4,54.1
293628,奈良県三宅町,46,47.8,49.8,51.8,53.8,41.2,38.1,40.1,42.1
293636,奈良県田原本町,,34,,39.3,42,44.6,47.3,49.9,
293857,奈良県曽爾村,,,,,,3,,30,32.9
293865,奈良県御杖村,,80.4,82.5,84.7,82.3,84.4,86.6,87.2,87.6
294012,奈良県高取町,,,46.7,49.5,54.7,56.6,58.8,61.1,63.3
294021,奈良県明日香村,,,,,,,,,
294241,奈良県上牧町,68.1,69.4,70.8,72,73.4,74.8,76.1,76.4,77.9
294250,奈良県王寺町,36,38.1,40.2,35,36.8,38.9,40.9,43.8,46.1
294268,奈良県広陵町,,,,,,,,,
294276,奈良県河合町,,,,,,,,,
294411,奈良県吉野町,,,,,,,,,
294420,奈良県大淀町,,44.6,46.8,49,51.1,53.3,54.7,57,59.1
294438,奈良県下市町,46.9,52,54,56,58,59.8,61.7,63.7,65.7
294446,奈良県黒滝村,,100,100,100,100,99.9,99.9,97.4,97.7
294462,奈良県天川村,,,,,,,,,
294471,奈良県野迫川村,,,,,,,,,
294497,奈良県十津川村,,85.8,88,92.4,94.6,96.8,99,100,100
294501,奈良県下北山村,,,,,,,,,
294519,奈良県上北山村,,,,,,,,,
294527,奈良県川上村,31.9,29.9,31.9,33.6,35.7,37.8,39.9,42,43.9
294535,奈良県東吉野村,60.8,64.1,,,,,,,
302015,和歌山県和歌山市,69.2,71.7,79.3,81.2,83.2,85.1,31.2,34.4,37.6
302023,和歌山県海南市,41.6,43.9,46.3,48.5,47.1,25.9,28.4,31.5,34.6
302031,和歌山県橋本市,61.7,65.9,68.4,72.1,72.1,74.5,76.6,72,74.4
302040,和歌山県有田市,,59.4,9.8,12,14.3,16.6,18.8,21,23.2
302058,和歌山県御坊市,62,64,60.9,59.5,58.9,61.8,63.9,66.8,69.1
302066,和歌山県田辺市,80.6,82.6,84.6,86.6,81.5,83.6,85.7,87.5,89
302074,和歌山県新宮市,98,,,,,,0,5.6,11.2
302082,和歌山県紀の川市,42.7,44.8,43.2,34.7,38.3,41.8,43.4,41.6,45.7
302091,和歌山県岩出市,,,,,,,,,
303046,和歌山県紀美野町,,,41.1,43.2,45.3,,,,
303411,和歌山県かつらぎ町,42.7,45.1,47.4,49.8,52.2,54.5,56.2,,
303437,和歌山県九度山町,,,,,,,,,
303445,和歌山県高野町,64,66,68,70,72,74,76,,
303615,和歌山県湯浅町,,,,,,,,,
303623,和歌山県広川町,,,,,,,,,
303666,和歌山県有田川町,,39.3,41.7,44.1,46.5,48.9,51.3,48.5,51.1
303810,和歌山県美浜町,,,,,,,,,
303828,和歌山県日高町,,,,,,,,,
303836,和歌山県由良町,,,,,,,,,
303909,和歌山県印南町,,,,,,,,,
303917,和歌山県みなべ町,,,,,,,,,
303925,和歌山県日高川町,,,,,,,,,
304018,和歌山県白浜町,97.7,97.7,97.7,100,100,99.9,99.9,99.9,99.9
304042,和歌山県上富田町,,42.7,44.7,46.7,48.8,50.9,53,54.7,56
304069,和歌山県すさみ町,,79.2,90,91.3,73.2,89.9,90.9,92.2,92.8
304212,和歌山県那智勝浦町,,,,,,,,,
304221,和歌山県太地町,,,,,,,,,
304247,和歌山県古座川町,,,,,,,,,
304271,和歌山県北山村,100,100,,100,100,100,100,57.2,59.4
304280,和歌山県串本町,,54,49.4,41.8,43.8,45.8,50.7,52.5,54.5
312011,鳥取県鳥取市,100,100,100,94.3,95.2,96,96.9,97.8,98.7
312029,鳥取県米子市,42.9,46.3,47.4,,51.2,52.7,54.7,56.6,58.6
312037,鳥取県倉吉市,56.7,59.4,62.1,64.8,67.5,70.2,72.9,75.6,
312045,鳥取県境港市,,,89,,,,,,
313025,鳥取県岩美町,,,,,,,,,
313254,鳥取県若桜町,,,,,,,,,
313289,鳥取県智頭町,,,,,,,,,
313297,鳥取県八頭町,,26.4,28.6,33,35.2,37.4,39.6,41.8,44
313645,鳥取県三朝町,,42,,,,,,,
313700,鳥取県湯梨浜町,65.6,68.4,70.3,71.2,71.5,72.8,73.2,74.6,75.2
313718,鳥取県琴浦町,60,56.9,59.3,61.7,64.1,66.5,68.7,71.1,
313726,鳥取県北栄町,,,,,,,,,
313840,鳥取県日吉津村,,,,,,,,,
313866,鳥取県大山町,,,,,,,,,
313891,鳥取県南部町,,40,,,,,,,
313904,鳥取県伯耆町,,70.6,71.9,72.6,73.7,75,61.6,60.7,62.4
314013,鳥取県日南町,39.5,43.5,46.2,48.9,51.5,54.5,59.3,89.6,68.3
314021,鳥取県日野町,38.9,42.9,44.8,42.3,41.8,44.5,47.1,50,52.7
314030,鳥取県江府町,,,,,,,,,
322016,島根県松江市,47.2,49.4,51.7,53.7,55.1,57.2,59.3,61.4,63.8
322024,島根県浜田市,44.3,46.3,45.9,46.8,49.3,50.5,53,55.8,58.3
322032,島根県出雲市,63.7,66.1,53.5,48.9,53.5,55.5,57.3,59,59.6
322041,島根県益田市,80.7,82.7,83.5,84.2,84.9,85.6,86.3,87,87.6
322059,島根県大田市,,93.6,94.1,93.4,93.9,94.4,94.9,96.3,96.4
322067,島根県安来市,,,0,5,10,15,20,25,29.6
322075,島根県江津市,41.9,43.3,46,48,50,48.3,50,49.8,52.1
322091,島根県雲南市,,,51.9,51.6,54,56.3,58.7,61.1,63.5
323438,島根県奥出雲町,48.4,50.6,52.8,55,57.2,59.4,61.6,62.2,64.4
323861,島根県飯南町,,,,,,,,,
324418,島根県川本町,41.9,58,57.6,59.2,63.7,63.5,65.6,67,69.1
324485,島根県美郷町,0,2,8.3,6,8,10,12,14,16
324493,島根県邑南町,,,,,,,,,
325015,島根県津和野町,,,,,,,,,
325058,島根県吉賀町,,,42.5,52.8,63.8,55,57.2,59.4,61.6
325252,島根県海士町,,100,100,100,100,100,100,100,100
325261,島根県西ノ島町,46.9,72.2,76.4,80.6,84.8,88.7,91.3,93.9,96.2
325279,島根県知夫村,,,,,,,,,
325287,島根県隠岐の島町,,69.2,71.6,74.1,76.6,79,79,81.5,77.1
331007,岡山県岡山市,59,61,63.1,65.2,66.9,69,71.1,19.1,21.1
332020,岡山県倉敷市,50.9,53.1,60.5,62.3,64,65.7,67.4,69.1,70.7
332038,岡山県津山市,,51.2,58.6,59.8,55.5,64.9,67,69.2,71.3
332046,岡山県玉野市,97.6,68.8,71.8,77.8,79.2,77.7,68.1,70.2,71.9
332054,岡山県笠岡市,,90.2,91.7,94.2,95.1,91.2,92,92.7,93.4
332071,岡山県井原市,64.4,64.1,68.3,69.9,69.2,67.9,69.4,73.2,69.9
332089,岡山県総社市,92.3,94.5,96.7,96.7,99.8,100,99.1,78.2,78.9
332097,岡山県高梁市,,50.5,,,55.6,53.8,56.2,57.7,60.1
332101,岡山県新見市,,33.7,35.6,37.6,39.6,41.6,43.2,44.9,46.1
332119,岡山県備前市,,67.1,69.7,70.7,72.7,74.2,75.6,77.5,79.8
332127,岡山県瀬戸内市,,,,,,,,,
332135,岡山県赤磐市,,,,,,,,,
332143,岡山県真庭市,,43.7,46,45.7,49.9,48.6,51.8,53.8,55.9
332151,岡山県美作市,,48.9,60.9,63.1,65.4,67.1,68.2,69.3,70.4
332160,岡山県浅口市,30.7,34.7,36.7,38.7,40.7,42.7,44.7,46.7,48.6
333468,岡山県和気町,41.2,36,,100,100,19,22.7,26.3,30
334235,岡山県早島町,34.3,36.3,38.2,40.2,38.9,41.3,43.7,46,48.3
334456,岡山県里庄町,52,53.7,54.4,56.2,58.1,59.9,61.5,63.2,65.1
334618,岡山県矢掛町,34,35.8,37.9,,41.2,41.8,44.2,46.5,48.4
335860,岡山県新庄村,,,,,,,,,
336068,岡山県鏡野町,,,,48.8,50.8,52.8,54.8,56.8,57.9
336220,岡山県勝央町,49.1,26.4,28.6,30.8,33,35.2,37.4,39.6,41.8
336238,岡山県奈義町,,60,64,66,68,70,72,74,76
336432,岡山県西粟倉村,,,,,,,,,
336637,岡山県久米南町,30.5,32.5,34.5,36.5,38.5,40.4,39.5,40.4,43
336661,岡山県美咲町,,,,,,,,,
336815,岡山県吉備中央町,44,48.4,48.4,50.6,52.8,55,57.2,59.4,61.6
341002,広島県広島市,61.7,64.2,66.4,68.8,71.3,73.7,76,78.4,
342025,広島県呉市,,41.9,44.2,46.5,48.8,51,53.3,55.6,57.7
342033,広島県竹原市,100,99.9,100,10,100,100,100,100,100
342041,広島県三原市,36.3,35.2,36,37.9,33,35,37,39,41
342050,広島県尾道市,54.4,50.1,52,53.9,56,57.9,59.8,58.4,60.1
342076,広島県福山市,,52.1,54.4,57.1,58.3,59.6,61.7,61.9,65
342084,広島県府中市,68,70,72,71.5,72.2,73.4,73.5,74.3,75.4
342092,広島県三次市,,12.6,15.4,18.3,21.2,24.1,27.1,29.7,32.7
342106,広島県庄原市,30.9,30.9,34,36.9,40,43,46.1,22,23.3
342114,広島県大竹市,100,73.7,74.6,76.6,78.6,79.4,81.4,83.5,
342122,広島県東広島市,,0,4.2,8.5,12.7,16.9,21.2,25.1,29.4
342131,広島県廿日市市,,34.9,36,37.7,39.9,42.1,44.3,46.5,47.1
342149,広島県安芸高田市,28.1,30.2,32.2,26.3,32.7,35.1,37.1,39.4,38.6
342157,広島県江田島市,,,,,,,,,
343021,広島県府中町,,20,22,24,26,28,30,32,
343048,広島県海田町,,,,,,,,,
343072,広島県熊野町,,1.9,3.9,7.1,9.9,12.7,,,
343099,広島県坂町,29.8,31.7,33.6,35.5,37.4,39.3,41.2,43.1,45.1
343684,広島県安芸太田町,37.2,39.4,41.3,43.2,45.3,47.5,49.7,51.8,54
343692,広島県北広島町,69.2,77,74.2,76.8,79.5,82.1,84.8,87.4,89.4
344311,広島県大崎上島町,38.2,40,41.4,43.2,45,44.6,48.5,50.3,52
344621,広島県世羅町,63.9,40.7,42.2,44.3,46.4,48.8,49.7,52,54.3
345458,広島県神石高原町,68.4,71.1,72.1,73.4,74.7,75.8,77,77,78.4
352012,山口県下関市,,46.6,44.2,46.6,49.1,51.4,53.3,55.4,58
352021,山口県宇部市,87.1,88.9,90.9,91.9,92.8,92.4,93.3,95.8,96.8
352039,山口県山口市,93.3,80.8,61.6,63.5,66.7,68.7,63.3,29,32.8
352047,山口県萩市,51.8,53.7,55.8,57.9,59.3,61.4,63.4,65.3,67.3
352063,山口県防府市,,21.3,36.3,38.4,28,30.9,73.6,36.6,39.5
352071,山口県下松市,48.4,50.6,52.8,50.4,52.6,54.8,57,59.2,61.4
352080,山口県岩国市,,83,84.4,35.8,39.2,42.5,45.9,52.6,52.6
352101,山口県光市,88.8,90.9,93.1,94.2,94.5,75.3,76.2,77,77.4
352110,山口県長門市,39.8,41.9,44,46,48.1,50.1,52.2,54.3,56.3
352128,山口県柳井市,59,61.2,63.4,65.8,66.7,69.2,74.9,73.2,74.3
352136,山口県美祢市,,82.6,96,87.3,89.2,89.4,90.2,90.4,91.8
352152,山口県周南市,,,,,,,,,
352161,山口県山陽小野田市,51.8,53.9,56.1,58.2,60.3,62.4,64.5,66.5,68.6
353051,山口県周防大島町,49,51,53,55,57,59,61,63,65
353213,山口県和木町,48,48.7,49.2,47.5,49.4,47.9,50,50.3,48.9
353418,山口県上関町,2,4,6,8,10,12,14.9,17.1,19.2
353434,山口県田布施町,,,,,,,,,
353442,山口県平生町,,63.3,62.1,62.9,65.1,69.3,70.9,72.9,73.7
355020,山口県阿武町,40.2,43.8,45.3,47.6,50.1,52.6,54.3,56.9,59.1
362018,徳島県徳島市,78.7,71.4,74,76.1,78.3,80.5,82.7,83.7,86
362026,徳島県鳴門市,68,70,71.8,73.8,75.5,77.6,79.6,81.6,83.6
362034,徳島県小松島市,61.4,63.8,66.1,68.4,70.7,73,75.3,77.5,79.7
362042,徳島県阿南市,54.8,56.6,58.4,60.4,62.4,64.3,71.8,67.7,69.4
362051,徳島県吉野川市,53.4,55,57.3,59.4,61.4,59.8,49.1,52.4,55.6
362069,徳島県阿波市,58.4,60.5,62.3,64.4,64.8,67.7,73.2,75.3,74.1
362077,徳島県美馬市,,,,,,,,,
362085,徳島県三好市,89.1,59.1,92.6,93.9,95.1,96.3,97.5,98.7,100
363014,徳島県勝浦町,50,,,,,,,,
363022,徳島県上勝町,,,,,,,,,
363219,徳島県佐那河内村,,,,,,,,,
363413,徳島県石井町,,100,100,100,100,100,70.1,72.4,74.6
363421,徳島県神山町,,,,,,,,,
363685,徳島県那賀町,36,,,,,,,,
363839,徳島県牟岐町,39.9,42,44,46,48,49.9,46.7,47,51.8
363871,徳島県美波町,65.7,69.1,72.4,,,,,,
363880,徳島県海陽町,36,38,40,42,44,45.7,47.1,49.1,51.2
364011,徳島県松茂町,52,54,56,58,60,62,52.6,55.3,57.9
364029,徳島県北島町,44,46,,49.6,52,47.7,42.6,43.1,45.4
364037,徳島県藍住町,86.5,88.5,90.5,3.2,1.9,5,8,11,12.5
364045,徳島県板野町,62.8,63.1,65.2,67.3,61.8,63.8,64.9,67.2,68.5
364053,徳島県上板町,,,,,,,,,
364681,徳島県つるぎ町,,,,,,,,,
364894,徳島県東みよし町,,,,,,,,,
372013,香川県高松市,,42.4,50.4,47.4,49.2,51,52.5,54,55.5
372021,香川県丸亀市,74.4,76,68.7,36.4,34.8,36.8,37.9,40.4,42.7
372030,香川県坂出市,53.7,55.6,57.3,59.2,61.2,63.2,40.2,40.8,43.4
372048,香川県善通寺市,98.2,83.3,85.5,87.7,89.9,92.1,94.3,96.6,98.7
372056,香川県観音寺市,29.6,7.8,9.8,11.8,13.8,18.4,20.4,22.4,24.4
372064,香川県さぬき市,,50.1,52.1,54.1,56.1,58.1,60.1,62.1,64.1
372072,香川県東かがわ市,11.7,45.2,48,50.8,53.6,56.2,58.2,61,28.6
372081,香川県三豊市,43.9,46,47.8,49.4,50.9,49.5,52.1,54.8,57.5
373222,香川県土庄町,,69.9,71.8,73.5,75.2,62.3,64.3,66.4,68.3
373249,香川県小豆島町,,83.6,85,86.3,87.7,89.2,89.5,91.8,92.8
373419,香川県三木町,,40.2,40.1,42.7,43.6,45.5,45.6,47.7,45.2
373648,香川県直島町,0,3,6,9,12,15,18,21,24
373869,香川県宇多津町,34.7,34.7,36.2,37.4,38.3,34.8,35.6,37.8,39.6
373877,香川県綾川町,,,,,,,,,
374032,香川県琴平町,54.5,56.5,58.5,61.3,62.7,64.6,66.3,68.3,68.8
374041,香川県多度津町,50,51.4,53.1,54.9,56.9,58.9,60.9,62.6,64.5
374067,香川県まんのう町,74.7,77.3,80,82.7,85.4,87.2,86.3,88.2,90
382019,愛媛県松山市,,57,59.2,61.1,57,58.9,61,63.1,65.1
382027,愛媛県今治市,,62.4,58.2,60.8,63.3,65.8,68.4,70.9,73.4
382035,愛媛県宇和島市,61.7,63.9,66.1,63.9,63.6,61.3,63.2,66,68.8
382043,愛媛県八幡浜市,58.3,60.7,62.7,47,59,31.5,33.5,35.3,24.4
382051,愛媛県新居浜市,,90.6,89.6,89.9,88.7,88.4,88.8,89.5,90.6
382060,愛媛県西条市,48.6,48.6,50.8,53,55.2,56.4,58.7,61,63.3
382078,愛媛県大洲市,,74.8,77.1,79.6,81.2,82.7,81.7,81.1,82
382108,愛媛県伊予市,76,76,,,0,2,4,6,8
382132,愛媛県四国中央市,57.4,59.2,55.6,57.1,23,28,32.6,37.3,41.3
382141,愛媛県西予市,50.3,57.4,58.4,59.3,61.4,61.5,63.8,66,62.2
382159,愛媛県東温市,,,,,,,,,
383562,愛媛県上島町,,,,,,,,,
383864,愛媛県久万高原町,54,56,53.6,55.6,57.6,59.6,61.6,57,59.5
384011,愛媛県松前町,59.4,61.6,63.8,65.5,67.5,66.9,68.5,70.8,73.2
384020,愛媛県砥部町,27.9,30.1,32.2,34.4,36.6,38.8,41,43,42.2
384224,愛媛県内子町,22.4,24.4,26.4,28.9,30,32,34,36,38
384429,愛媛県伊方町,20,22,19.9,55.8,58.4,61,63,65.6,63.4
384844,愛媛県松野町,60.5,62.6,64.8,66.9,69,71,67.2,69.7,71.8
384887,愛媛県鬼北町,,,,,,,,,
385069,愛媛県愛南町,48.9,50.3,51.6,52.4,55.4,58.7,59.9,58.8,60.1
392014,高知県高知市,,41.3,43.1,44.8,46.5,47.4,47.9,42.8,45.1
392022,高知県室戸市,52.6,,,,,,,,
392031,高知県安芸市,91.9,92.5,93,93.5,94,94.6,94.2,94.8,95.3
392049,高知県南国市,,,,,,,,,
392057,高知県土佐市,58.3,61.5,57.7,59.7,8.7,12.7,16.5,20.3,20.3
392065,高知県須崎市,75.1,76.3,77.5,78.6,78,79.3,74.7,77.4,78.5
392081,高知県宿毛市,,,,,,,,,
392090,高知県土佐清水市,70.4,72.5,73.6,75.9,78.2,79.9,82.3,84.6,84.8
392103,高知県四万十市,72.5,74.3,75.7,77.2,78.4,80.1,81.3,82.8,84.3
392111,高知県香南市,21.4,24.5,27.5,30.6,33.6,36.7,21.1,24.4,36.3
392120,高知県香美市,,,,,,,,,
393011,高知県東洋町,,64,66,68,70,70,74,74,78
393029,高知県奈半利町,67.7,71.7,71.7,73.7,75.7,77.7,79.7,81.8,83.8
393037,高知県田野町,54,59.3,59.3,62,64.7,66.3,69.1,71.7,75.6
393045,高知県安田町,52.3,54.4,56.4,56.8,58.9,60.6,52.9,55.6,58.4
393053,高知県北川村,68.5,70.4,72.6,74.8,77,79,81.2,83.4,85.6
393061,高知県馬路村,66.1,99.5,38.2,47.6,52.1,56.9,64.2,,
393070,高知県芸西村,72.5,64.7,65.2,75.6,78.6,80.5,83.6,86.7,84.2
393410,高知県本山町,61.6,50,,,,72.8,74.1,75.4,76.7
393444,高知県大豊町,,,,,,,,,
393631,高知県土佐町,,,,,,,,,
393649,高知県大川村,,,70,72,74,74,78,,
393860,高知県いの町,,,,,,,,,
393878,高知県仁淀川町,95,95.4,,,,,,,
394017,高知県中土佐町,54,56,58,59,61,63.1,64.4,66.6,61
394025,高知県佐川町,62.5,61.2,62.7,64.6,66.5,68.3,69,69.1,71
394033,高知県越知町,62.5,64.7,66.8,68.9,70.8,72.9,74.9,74.9,
394050,高知県梼原町,,,,,,,,,
394106,高知県日高村,,,,,,,,,
394114,高知県津野町,,,,,,,,,
394122,高知県四万十町,58.5,58.2,59.2,61.4,63.4,63.1,64.2,66.1,67.3
394246,高知県大月町,,,,,,,,,
394271,高知県三原村,,,,,,,,,
394289,高知県黒潮町,,,,,,,,,
401005,福岡県北九州市,,37.3,50.5,52.4,54.5,56.6,57.7,59.8,61.7
401307,福岡県福岡市,100,100,100,100,100,100,100,100,100
402028,福岡県大牟田市,69.5,71.7,68.6,67.5,69.4,69.8,72.2,72.2,68.7
402036,福岡県久留米市,,17.6,21.2,26,20.9,23.2,25.5,30.1,27.9
402044,福岡県直方市,,36.8,39,41.2,43.4,45.6,47.8,50,52.2
402052,福岡県飯塚市,,,,,,,59.5,61.5,47.6
402061,福岡県田川市,81.2,83.7,86.1,87.7,90.2,92,94,94.6,96
402079,福岡県柳川市,88,90,92,94,96,14.2,18,21.4,11.3
402109,福岡県八女市,14.4,16.5,18.6,20.7,22.8,24.9,26.8,29,31.1
402117,福岡県筑後市,39.7,41,40.8,43.1,45.3,46.9,49,51.3,53.5
402125,福岡県大川市,92.8,94.8,95.8,92.9,93.5,93.2,93.7,93.7,94.2
402141,福岡県豊前市,86.6,88,,,,,,,
402150,福岡県中間市,38,40.8,,,,,47.8,50.1,51.9
402168,福岡県小郡市,56.3,58.5,60.7,62.9,65,66.8,68.8,71.1,72.5
402176,福岡県筑紫野市,69.5,71.7,73.8,76,78.2,70.1,68.2,70,71.8
402184,福岡県春日市,,,,,,,,,
402192,福岡県大野城市,,41.1,33,34.1,35.8,37.4,40.3,42.5,44.9
402206,福岡県宗像市,,69.7,59.8,56.5,58,59.7,61,62.3,63.7
402214,福岡県太宰府市,,,,62.2,64.3,66.2,,,
402231,福岡県古賀市,,,,,,,,,
402249,福岡県福津市,43.3,45.4,47.5,49.6,51.7,53.9,56,58.3,60.4
402257,福岡県うきは市,75.8,81.2,83.3,84.3,86.5,87.7,88.4,90.6,91.9
402265,福岡県宮若市,53.9,56.1,61.8,64,66,66.2,68.2,70.5,61.7
402273,福岡県嘉麻市,75.7,61.6,61.6,63.7,65.8,65.1,67.4,69.7,72
402281,福岡県朝倉市,60.2,48.2,60.3,62.2,64.2,64.6,65.2,67.1,68.9
402290,福岡県みやま市,21.1,23.3,25.5,27.7,29.6,31.8,34,19.9,22
402303,福岡県糸島市,,59.2,61.4,60.8,63.3,65.7,67.5,70,70
402311,福岡県那珂川市,55,57.5,60,62.5,65,67.5,58.9,57.9,60.4
402311,福岡県那珂川市,55,57.5,60,62.5,65,67.5,58.9,57.9,60.4
402311,福岡県那珂川町,55,57.5,60,62.5,65,67.5,58.9,57.9,60.4
402311,福岡県那珂川町,55,57.5,60,62.5,65,67.5,58.9,57.9,60.4
403415,福岡県宇美町,,,,,,,,,
403423,福岡県篠栗町,,,,,,,,,
403431,福岡県志免町,,,,,,,,,
403440,福岡県須恵町,,64.2,67.4,70.4,73.6,75.4,74.8,75.6,77.6
403458,福岡県新宮町,,28.5,30.1,32.3,31.5,33.7,36.5,37.9,40.7
403482,福岡県久山町,32,33.6,35.2,37.2,38.8,40.3,42.4,43.7,45.6
403491,福岡県粕屋町,,,,,,,,,
403814,福岡県芦屋町,,59.9,61.2,62.5,58.9,54.2,56.1,58,59.7
403822,福岡県水巻町,,,,,,,,,
403831,福岡県岡垣町,61.9,63.6,65.5,67.8,69.6,71.6,73.4,75.3,75.5
403849,福岡県遠賀町,43.5,46,49.1,52.3,55.4,58.4,61.4,64.3,67.2
404012,福岡県小竹町,,,,,,,,,
404021,福岡県鞍手町,,,,,,,,,
404217,福岡県桂川町,,,,,,,,,
404471,福岡県筑前町,31,33,35,37,39,41,42.9,44.9,46.9
404489,福岡県東峰村,,,,,,,,,
405035,福岡県大刀洗町,,,,,,,,,
405221,福岡県大木町,,,,,,,,,
405442,福岡県広川町,,,,,,,,,
406015,福岡県香春町,30,32,34,36,39.4,41.5,61.7,57.6,59.5
406023,福岡県添田町,,74,66,64.5,66.7,70.6,70.3,72.6,73.5
406040,福岡県糸田町,66,68,70,72,74,76,78,30.9,
406058,福岡県川崎町,100,100,100,100,,100,100,100,100
406082,福岡県大任町,,,,,,,,,
406091,福岡県赤村,64.9,66.9,69.3,71.6,73.9,76.2,78.3,80.6,82.9
406104,福岡県福智町,43.5,45.3,47.1,48.9,52.4,54.2,55.9,57.7,59.5
406210,福岡県苅田町,51.9,54.1,54.2,58.6,60.8,63.1,63.1,63.4,66.1
406252,福岡県みやこ町,,47.4,49.5,51.7,53.9,52.6,55,57.3,59.7
406422,福岡県吉富町,51.3,50.8,55.3,56.2,58.6,61,63.3,,
406465,福岡県上毛町,,,36.1,38.1,40.1,42.1,44.1,46.1,
406473,福岡県築上町,36.2,38.2,40.4,42.9,43.7,59.4,48,50.2,48
412015,佐賀県佐賀市,,57.7,59.2,60.1,62,63.5,62.5,65,63.1
412023,佐賀県唐津市,38.2,49.7,52.1,54.5,57,59.4,61.8,62.8,65.3
412031,佐賀県鳥栖市,97.8,98.1,97.6,97.6,97.6,84.5,79.2,63.4,60.7
412040,佐賀県多久市,97.4,69.6,71,72.4,73.8,75.2,76.6,78,80.8
412058,佐賀県伊万里市,89.5,91.7,76,78.3,80.5,82.7,78.2,78.9,79.6
412066,佐賀県武雄市,82,84,86,88,90.6,92,94,96,97
412074,佐賀県鹿島市,100,100,100,61.9,41.8,44,46.2,48.4,13.7
412082,佐賀県小城市,2.9,6.4,10,13.5,17,21.3,24.7,28.6,32.3
412091,佐賀県嬉野市,,7.1,10.7,14.3,17.8,21.4,25,28.6,32.1
412104,佐賀県神埼市,,24,26,28,30,32,33.7,34.8,36.5
413275,佐賀県吉野ヶ里町,,,,,,,,,
413411,佐賀県基山町,53.6,55,57.2,57.7,60.2,61.5,62.2,63.7,65.2
413453,佐賀県上峰町,,44.1,45.1,47,48.5,50.7,52.1,54,40.3
413461,佐賀県みやき町,,,,,,,,,
413879,佐賀県玄海町,85,88.4,87.4,89.9,93.6,95.2,95.4,93.6,94.1
414018,佐賀県有田町,,,,,,,,,
414239,佐賀県大町町,,,,,,,,,
414247,佐賀県江北町,,,,,,,,,
414255,佐賀県白石町,38.2,40.2,42.2,44.1,43.8,45.9,49,49.7,51.8
414417,佐賀県太良町,,,,,,,,,
422011,長崎県長崎市,,47.8,57,60.5,61.3,64,62.8,63,64.5
422029,長崎県佐世保市,,50.6,,,,,,,60.8
422037,長崎県島原市,48.9,58.1,60.1,62.8,64,65.8,67,68.5,70
422045,長崎県諫早市,,56.6,58.9,61.1,63.3,64.9,63.3,64.6,66.8
422053,長崎県大村市,,,,,,,,,
422070,長崎県平戸市,63.2,67,65.7,68,67.7,56.2,58.6,60.8,61.8
422088,長崎県松浦市,,46.8,48.5,46,52.1,53.9,48.6,54.2,56
422096,長崎県対馬市,,30.6,22,24,26,28,30,32,34
422100,長崎県壱岐市,,48.7,50.8,52.7,52.1,53.7,54.7,53.8,56.1
422118,長崎県五島市,,64.2,66.2,68.2,68.4,70.8,62.9,61.7,61.8
422126,長崎県西海市,,59.9,56.9,59.1,61.4,63.5,65.8,72.5,73.6
422134,長崎県雲仙市,42.9,,,,,41,43,45.1,47.3
422142,長崎県南島原市,40.1,42.5,44.5,46.8,49.2,51.2,53.6,56,58.3
423076,長崎県長与町,39.6,41.8,44,46.2,46.9,49,47.6,49.9,52.2
423084,長崎県時津町,,35.7,37.7,39.8,41.6,43.7,45.7,47.8,49.9
423211,長崎県東彼杵町,,,,,,,,,
423220,長崎県川棚町,70.4,72.3,74.1,76,,79.2,81.2,83.5,85.9
423238,長崎県波佐見町,36.1,38,40,41.1,32.1,46.2,48.2,50.2,52.2
423831,長崎県小値賀町,,,,,,,,,
423912,長崎県佐々町,,74.9,66.2,68.6,71,73.3,75.6,77.1,79.6
424111,長崎県新上五島町,,29.3,31.4,33.4,46.5,47.7,50,49.3,38
431001,熊本県熊本市,96.2,98,100,100,98.7,98.8,90.9,91.3,88.9
432024,熊本県八代市,,46.2,48,49.2,45.9,47.7,51.5,53.4,55.2
432032,熊本県人吉市,62.4,63.8,65.9,67.9,69.2,71.2,73.2,75.3,77.2
432041,熊本県荒尾市,61.8,60.1,60.5,62.8,64.7,60.4,61.2,63.5,66.9
432059,熊本県水俣市,80,82,75.7,77.7,63.4,66.6,60.9,63.8,66.6
432067,熊本県玉名市,73.3,75.4,77.4,79.8,20.4,13.9,16,18,20.1
432083,熊本県山鹿市,5.9,8.5,11,13.4,15.9,18.4,20.8,23.3,25.8
432105,熊本県菊池市,,62.6,65.6,69,72.1,79,81.5,83.7,85.9
432113,熊本県宇土市,94.6,96.8,99,100,100,100,96.1,94,94.4
432121,熊本県上天草市,,,,,,,,,
432130,熊本県宇城市,46,48,50,52,50.7,52.9,38.1,26.6,29.7
432148,熊本県阿蘇市,,,,,,,,,
432156,熊本県天草市,,66,68.7,71.4,74.2,75.9,78.5,80.7,80.7
432164,熊本県合志市,53.4,56,53.5,56.6,55.3,57.6,60.4,63.3,66.1
433489,熊本県美里町,,,,,,,,,
433641,熊本県玉東町,,,,,,,,,
433675,熊本県南関町,78,80,82,84,86,88,90,92,94
433683,熊本県長洲町,57.6,61.2,63.3,65.5,59.4,62.1,64.8,67.5,70.2
433691,熊本県和水町,,,,,,,,,
434035,熊本県大津町,51.2,53.8,56.4,59,68.9,67.1,67.5,69.8,71.8
434043,熊本県菊陽町,,27.7,28.4,31,32,33.5,34.4,36.8,39.2
434230,熊本県南小国町,,,,,,,,,
434248,熊本県小国町,,,,30.8,33,34.9,37,38.6,40.8
434256,熊本県産山村,,,,,,,,,
434281,熊本県高森町,,,,,,,,,
434329,熊本県西原村,55,57.2,59.4,61.6,63.8,49.5,52.9,56.2,59.5
434337,熊本県南阿蘇村,,82.8,84.3,85.2,86.8,94,95.1,96.2,97.3
434418,熊本県御船町,49.2,50,53.1,54.2,56.3,57.1,57.1,59,61.1
434426,熊本県嘉島町,5.4,8.1,9.6,12.3,15,17.8,20.5,23.2,26
434434,熊本県益城町,,54,56,58,60,40.5,42.1,43.6,45.6
434442,熊本県甲佐町,22,24.3,32.5,34.7,36.9,34.9,36.6,38.8,41.1
434477,熊本県山都町,73.7,77.7,80.5,82.9,84.6,87.3,86.8,85,79.1
434680,熊本県氷川町,,,,,,,,,
434825,熊本県芦北町,,,,,,,,,
434841,熊本県津奈木町,,48.1,50.1,52.1,54.6,57,47.2,50.3,53.4
435015,熊本県錦町,98.4,,,,,,,,
435058,熊本県多良木町,,,,,,,,,
435066,熊本県湯前町,,69.1,,,,,,,
435074,熊本県水上村,,,100,100,100,100,100,100,100
435104,熊本県相良村,,,,,,,,,
435112,熊本県五木村,,,,,,,,,
435121,熊本県山江村,56.7,48.7,51.2,50.5,53.2,55.9,58.6,61.4,
435139,熊本県球磨村,,62.3,63.8,74.8,,,,,
435147,熊本県あさぎり町,42.1,45.2,47.2,49.2,51.1,53.1,55,43.2,45.7
435317,熊本県苓北町,,,,69.5,71.6,73.6,75.8,77.9,80
442011,大分県大分市,56.4,58.2,50.3,12,14,16,18,20,22
442020,大分県別府市,56.3,,59.6,61.2,60.5,62.2,56.8,58.7,60.1
442038,大分県中津市,59.2,61.2,62.4,63.1,61.6,62.2,62.7,64.1,65.7
442046,大分県日田市,,27.4,29.5,31.6,24.9,26.9,28.9,27.6,28.8
442054,大分県佐伯市,27,66.5,33,69.7,68.7,15.7,18.5,13.6,16.6
442062,大分県臼杵市,55.1,60.3,61.5,63.3,65.1,60.9,62.9,63.8,56.3
442071,大分県津久見市,88,58.3,63.7,64.1,68.4,71.9,76,76.7,79.1
442089,大分県竹田市,65.6,,,0,3.6,7.3,10.9,14.5,18.2
442097,大分県豊後高田市,,,,,,,,,
442101,大分県杵築市,100,100,40,42,44,46,48,48.7,50.7
442119,大分県宇佐市,57.4,59.3,53.1,54.8,56.8,58.9,61,63.1,65.1
442127,大分県豊後大野市,37.6,41.2,41.7,41.8,43.5,45.1,47.1,49.2,48.6
442135,大分県由布市,91.7,25.9,50.5,50.1,47.6,49.6,51.3,53.1,54.8
442143,大分県国東市,41.1,39.7,39.1,39.1,40.1,42.2,41.7,43.7,43.3
443221,大分県姫島村,54.2,,57,59.7,62.5,62.9,65.7,68.5,71.3
443417,大分県日出町,,,,,,,,,
444618,大分県九重町,59.9,62,64.1,66.2,68.3,70.4,72.5,74.6,48.2
444626,大分県玖珠町,61.5,63.7,65.8,67.3,68.5,69.8,71,72.2,73.4
452017,宮崎県宮崎市,43.7,45.3,45.1,48,46.5,48.3,50,51.2,52.5
452025,宮崎県都城市,20,22,24,26,28,30,32,34,36
452033,宮崎県延岡市,64.5,66,66.5,68.1,66.2,67.4,69,25.9,29
452041,宮崎県日南市,,75.7,77.5,79.3,81.2,83,84.9,86.7,88.5
452050,宮崎県小林市,,50.9,52.8,54.7,53.3,54.9,56.7,58.6,60.1
452068,宮崎県日向市,,59,61.3,63.5,65.6,67.8,70.1,72.1,73.9
452076,宮崎県串間市,46,49.2,50.8,52.9,54.9,56.8,58.9,60.9,62.3
452084,宮崎県西都市,56.5,58.5,60.5,62.5,62.9,65,67.4,69.7,72.1
452092,宮崎県えびの市,,62,63.9,66.1,68.1,70.1,72.1,74.1,76.1
453412,宮崎県三股町,,33,35.2,37.4,39.6,41.7,43.9,46,48.2
453617,宮崎県高原町,,,,,,,,,
453820,宮崎県国富町,75.9,77.9,4.2,77,79.2,81.4,83.6,85.8,88
453838,宮崎県綾町,,,,,,,,,
454010,宮崎県高鍋町,,,56.2,57.9,61.1,64.2,67.3,70.6,74
454028,宮崎県新富町,,33.6,35.7,37.8,39.9,42,44.1,46.2,48.3
454036,宮崎県西米良村,,,,,,,,,
454044,宮崎県木城町,,,,,,,,,
454052,宮崎県川南町,32.3,35.9,37.3,39,41,34.1,37.3,38.7,40.7
454061,宮崎県都農町,99.8,99.5,99.6,99.7,99.7,99.7,99.8,99.8,
454214,宮崎県門川町,52,54,55.9,57.7,58.5,60,61.6,58.6,61.1
454290,宮崎県諸塚村,,,,,,,,,
454303,宮崎県椎葉村,,,,,,,,,
454311,宮崎県美郷町,81,83.7,86.4,89.1,91.8,94.5,97.2,99.9,100
454419,宮崎県高千穂町,,,,,,,,,
454427,宮崎県日之影町,85.5,,,,,,,,
454435,宮崎県五ケ瀬町,83.6,85.8,88,90.2,92.4,94.6,95.9,98.1,99.1
462012,鹿児島県鹿児島市,71.9,71.2,72.5,73.3,74.6,75.6,78.3,79.6,80.2
462039,鹿児島県鹿屋市,,47.2,49.3,51.3,53.4,55.4,57.4,59.5,61.5
462047,鹿児島県枕崎市,80.8,81.5,86.7,87.3,83.2,78.8,77.2,73,70.5
462063,鹿児島県阿久根市,,,100,21.1,23.3,5.6,8.4,11.2,14
462080,鹿児島県出水市,73.7,75.7,77.5,79.3,80.5,80.9,82,83.1,84.2
462101,鹿児島県指宿市,,88.9,89.7,90.9,91.9,76.9,78.3,79.7,81.1
462136,鹿児島県西之表市,88,86.3,88.2,90.2,92.2,97.5,99.5,99.5,99.5
462144,鹿児島県垂水市,54.5,56.2,58.1,59.9,62.1,61.4,63.1,64.9,66.1
462152,鹿児島県薩摩川内市,35.2,25.7,29.2,32.4,35.6,24.8,13.8,16.3,18.1
462161,鹿児島県日置市,49.9,51.7,53.8,55.9,58,60,62,64.1,66.2
462179,鹿児島県曽於市,51.7,51,52.5,54.5,56.5,58.5,60.5,62.5,63.6
462187,鹿児島県霧島市,32,32.1,34,36,38,39.7,41.6,33.6,41.5
462195,鹿児島県いちき串木野市,,34.1,43.2,45.3,47.4,49.5,51.5,53.5,55.5
462209,鹿児島県南さつま市,,76.4,78.5,80.3,80.3,82.4,72.9,75.5,78.8
462217,鹿児島県志布志市,94.7,96.8,99,100,,,,,
462225,鹿児島県奄美市,,81,83.7,86.4,73.9,76.6,79.3,82,85.3
462233,鹿児島県南九州市,61.1,61.1,65.1,67.2,69.3,71.3,73.8,74,76.2
462241,鹿児島県伊佐市,65.8,,71.6,73.6,75.6,77,79.1,81,
462250,鹿児島県姶良市,40.3,42.3,44.1,44.8,46.9,47.3,46.5,48.1,52.3
463035,鹿児島県三島村,,,,,,,,,
463043,鹿児島県十島村,,,,,,,,,
463922,鹿児島県さつま町,,,71.3,74.1,76.9,79.6,81.3,83,84.6
464040,鹿児島県長島町,,66.1,68,69.9,71.9,73.9,72.4,74.4,76.4
464520,鹿児島県湧水町,,,,,,,,,
464686,鹿児島県大崎町,100,100,100,100,100,,,,
464821,鹿児島県東串良町,,70.6,,,,85.1,87.3,89.5,91.7
464902,鹿児島県錦江町,48.4,48.4,52.8,55,57.2,59.4,61.6,63.8,66
464911,鹿児島県南大隅町,,,,,,,,,
464929,鹿児島県肝付町,72,74,76,68.9,70.9,72.9,71.5,73.9,76.3
465011,鹿児島県中種子町,42,42,43.5,45.8,47.1,47.7,48.6,51,48.4
465020,鹿児島県南種子町,,,,,,,,,
465054,鹿児島県屋久島町,,75,77.3,79.8,82.3,84.4,85.8,87.1,88
465232,鹿児島県大和村,,,,,,,,,
465241,鹿児島県宇検村,,,,,,,,,
465259,鹿児島県瀬戸内町,,,,,,,,,
465275,鹿児島県龍郷町,34.7,36,38,40,42,44,15.5,18.7,21.8
465291,鹿児島県喜界町,,,,,,,,,
465305,鹿児島県徳之島町,,,,49.7,49.8,49.7,49.4,51.9,53.9
465313,鹿児島県天城町,,,,,,,,,
465321,鹿児島県伊仙町,,,,,,,,,
465330,鹿児島県和泊町,,,,,,,,,
465348,鹿児島県知名町,33,35.2,37.4,39.6,41.8,43.9,46.1,48.3,49.9
465356,鹿児島県与論町,,,,,,,,,
472018,沖縄県那覇市,,100,100,100,100,100,100,100,100
472051,沖縄県宜野湾市,64.4,76.1,77.9,79.7,81.5,83.3,85.2,87,88.7
472077,沖縄県石垣市,66,68.2,70.4,72.6,74.8,77,79.2,81.4,83.6
472085,沖縄県浦添市,,21.3,23.5,23.4,27.9,30.1,32.3,34.5,36.8
472093,沖縄県名護市,,64,66,68,67.9,70,72,74,75.1
472107,沖縄県糸満市,,,,,,,,,
472115,沖縄県沖縄市,,,,,,87.8,90,92.2,94.4
472123,沖縄県豊見城市,,,,,,,,,
472131,沖縄県うるま市,71.5,72.6,73.8,75,76,75.9,77.1,78.3,77.7
472140,沖縄県宮古島市,39.6,,53.7,55.8,57.3,59.3,61.9,57.1,59.5
472158,沖縄県南城市,48.4,50.6,50.7,52.9,55.1,57.3,59.3,61.5,60.6
473014,沖縄県国頭村,,14,17.6,19.8,22,24.2,26.3,28.5,30.8
473022,沖縄県大宜味村,,79.2,81.4,83.6,,,,,
473031,沖縄県東村,,,,,,,,,
473065,沖縄県今帰仁村,62,70.4,72.6,74.8,77,78.9,80.8,83.1,85.4
473081,沖縄県本部町,,99.1,99.1,99.2,99.3,99.4,99.5,99.6,99.7
473111,沖縄県恩納村,,58,66,68.2,70.4,72.6,74.8,76.2,78.5
473138,沖縄県宜野座村,,,,,,,,,
473146,沖縄県金武町,88.5,,,,,,,,
473154,沖縄県伊江村,,,,,,,,,
473243,沖縄県読谷村,61,60.3,61,60.4,62,62.3,63.1,64.9,68.2
473251,沖縄県嘉手納町,63,61.4,64.1,66.8,68.9,71.7,74.4,77.1,79.2
473260,沖縄県北谷町,,,,,,,,,
473278,沖縄県北中城村,,,,,,,,,
473286,沖縄県中城村,,46,48,50,52,,,,
473294,沖縄県西原町,,,,,,,,,
473481,沖縄県与那原町,,,6.6,44,46,48,50,52,54
473502,沖縄県南風原町,,31.9,,,,,,,
473537,沖縄県渡嘉敷村,,,,,,,,,
473545,沖縄県座間味村,,,,,,,,,
473553,沖縄県粟国村,66.9,50.2,64.8,66,68,70,72,,
473561,沖縄県渡名喜村,42.4,48.4,50.6,52.8,55,57.2,,,
473570,沖縄県南大東村,,,,,,,,,
473588,沖縄県北大東村,42.3,44.3,46.4,45.8,48.2,50.5,51.3,53.8,55.5
473596,沖縄県伊平屋村,,20.8,24.4,27.9,81.4,83.6,,,
473600,沖縄県伊是名村,,,,,,,,,
473618,沖縄県久米島町,,,,,,,,,
473626,沖縄県八重瀬町,,,,,,,,,
473758,沖縄県多良間村,,,,,,,,,
473812,沖縄県竹富町,73.6,,,,40,42,44,46,48
473821,沖縄県与那国町,,,,,,,,,
