団体コード,団体名,2016-03-31,2017-03-31,2018-03-31,2019-03-31,2020-03-31,2021-03-31,2022-03-31,2023-03-31,2024-03-31
011002,北海道札幌市,,59.3,61.9,64.3,64.3,69,71.1,73.5,75.5
012025,北海道函館市,,86.7,90.7,92.4,93.2,94,94.3,94.1,93
012033,北海道小樽市,,51.5,,,,59.8,62.4,65,67.6
012041,北海道旭川市,52.2,54.9,57.6,60.3,63,65.7,69.5,71.2,73.9
012050,北海道室蘭市,57.5,62,66.4,70.8,75.3,76.6,77.7,78.8,80
012068,北海道釧路市,,60.2,60.4,59.9,62.5,68.5,66.6,68.9,25
012076,北海道帯広市,,60.5,64.2,68.3,71.6,75.6,80.2,84.4,88.4
012084,北海道北見市,77.1,74.9,74,75.9,77.8,69.8,72.2,74.6,76.9
012092,北海道夕張市,,14.8,17.3,19.8,22.3,24.8,27.3,29.8,32.3
012106,北海道岩見沢市,,23,25.5,28.1,30.6,33.1,32.7,46.8,32
012114,北海道網走市,,62.9,7.4,11.5,16.7,18.8,19,23.9,26.3
012122,北海道留萌市,51.2,60.5,63.6,65.8,69,72.2,75.4,78.5,81.7
012131,北海道苫小牧市,59.9,62.1,64.3,63.3,65.4,67.4,69,71.4,73.7
012149,北海道稚内市,,30.1,30.9,33,20.6,23,21.7,25.5,29.2
012157,北海道美唄市,,55.5,57.3,59.2,61,75.7,76.8,56.7,59
012165,北海道芦別市,,,,,,,,,
012173,北海道江別市,,37.4,39.5,41.5,43.5,45.5,47.6,49.6,51.4
012181,北海道赤平市,87.2,97.5,98.1,98.8,99.4,100,100,100,100
012190,北海道紋別市,,69.1,71.5,75.7,77.7,79.8,80.1,82.7,65.1
012203,北海道士別市,66.8,2.9,8.5,13.7,19.4,25,30.6,36.2,46.9
012211,北海道名寄市,,65.3,67.3,69.1,70.9,72.8,71.9,74,76.1
012220,北海道三笠市,63.3,65.9,71.1,73.6,73.6,76.2,78.8,81.4,88.4
012238,北海道根室市,79.1,81.1,82,83,83.9,84.8,80.8,77.4,77.4
012246,北海道千歳市,69.4,69.2,72,74.9,77.7,80.5,83.1,84.2,84.8
012254,北海道滝川市,,,56,54.8,70.7,73.5,76.4,79.2,82
012262,北海道砂川市,57.4,60.1,,,,,,,
012271,北海道歌志内市,,,,,,,,,
012289,北海道深川市,,46.4,,,,100,91.1,91.9,92.7
012297,北海道富良野市,,,30.4,32.4,27.4,33,33,38.6,44.2
012301,北海道登別市,38.7,41,43.7,46.7,49.9,53.6,56.5,59.3,61.8
012319,北海道恵庭市,81.8,45.9,51.5,57.2,27.3,26.1,30,33.4,39.2
012335,北海道伊達市,73.9,76.5,78.7,81.4,76.2,77.7,79,80.3,79.3
012343,北海道北広島市,,12.9,15.6,18.3,20.9,23.6,26,28.1,17.3
012351,北海道石狩市,70.8,72.9,74.9,77,79,81.1,83.1,85.2,87.2
012360,北海道北斗市,,45.7,23.4,26.2,28.9,31.7,34.5,50.8,53.5
013030,北海道当別町,,,,,,,,,
013048,北海道新篠津村,,,,,,,,,
013315,北海道松前町,,,100,100,100,100,100,100,100
013323,北海道福島町,,,,,,,,,
013331,北海道知内町,,,,,,,,,
013340,北海道木古内町,,50.4,53.9,56.7,59.2,62.2,64.1,66.1,68.1
013374,北海道七飯町,,76.1,84.1,81.7,83.5,85.4,87.2,89.1,90.9
013439,北海道鹿部町,,50.5,54.6,58.4,62.7,65.7,63,65.1,62.8
013455,北海道森町,68.5,71.3,72.6,74,72.3,73.8,61.4,49.2,50.1
013463,北海道八雲町,39.6,42.9,46.2,49.5,52.8,56.1,59.4,62.7,66
013471,北海道長万部町,57,59.7,62.4,65.2,67.9,70.6,73.1,75.6,78.1
013617,北海道江差町,,58.9,,,,,,,
013625,北海道上ノ国町,,,,63.2,63.2,67.8,69.3,61.6,67.4
013633,北海道厚沢部町,,58.9,58.9,63.4,65.9,68.1,69.3,61.6,67.4
013641,北海道乙部町,,58.9,60.9,63.2,63.2,67.8,69.3,61.6,67.4
013676,北海道奥尻町,,73.6,97.3,97.3,75.2,77.2,65.4,33.7,31.5
013706,北海道今金町,,,,,,,,,
013714,北海道せたな町,,,,,,,,,
013919,北海道島牧村,,,,,,,,,
013927,北海道寿都町,40.5,,,,,,,,
013935,北海道黒松内町,,,,,,,,,
013943,北海道蘭越町,100,100,100,100,100,100,100,100,100
013951,北海道ニセコ町,24,47.7,49.5,52.8,56.2,59.5,61.2,64.5,67.9
013960,北海道真狩村,39.6,,,,,59.4,62.7,66,69.3
013978,北海道留寿都村,,,,,,,,,
013986,北海道喜茂別町,,,41.2,44.4,47.6,50.5,54,55.8,60.2
013994,北海道京極町,42.9,,,,,,,,
014001,北海道倶知安町,,79.1,,80.9,81.8,84.5,87.2,89.2,92
014010,北海道共和町,,,,,,,,,
014028,北海道岩内町,,,,,,,,,
014036,北海道泊村,,43.1,27.5,25.7,28.1,30.7,32.8,35.1,37.4
014044,北海道神恵内村,,,,,,,,,
014052,北海道積丹町,,,62.1,64.1,66.1,68.1,70.1,72.1,46
014061,北海道古平町,,,,,,55.4,58.4,60.7,63.9
014079,北海道仁木町,51.1,84.9,,,,,,91.6,92.9
014087,北海道余市町,67.8,,74.6,78.1,81.6,85.1,88.6,92.2,94.8
014095,北海道赤井川村,,59.4,62.7,69.9,72.9,76,92.1,93.3,92.2
014231,北海道南幌町,,,,,,,,,
014249,北海道奈井江町,,,,,,,,,
014257,北海道上砂川町,,,,,,,,,
014273,北海道由仁町,,84.6,,,,,,,
014281,北海道長沼町,,,,,,,,,
014290,北海道栗山町,71.3,62.8,64.2,66.3,68.4,70.7,70.1,71.5,74
014303,北海道月形町,,52.9,58.6,62,64.8,67.7,70.5,73.4,73.4
014311,北海道浦臼町,,,,46.1,48.8,51.2,54.7,59.4,61.9
014320,北海道新十津川町,67.5,73.1,75.9,78.7,81.5,84.3,86.7,88.9,91.1
014338,北海道妹背牛町,,,,,,,,,
014346,北海道秩父別町,,37,39.9,39.6,42.7,54.3,57.4,60.2,64.1
014362,北海道雨竜町,,54,94.1,94.1,94.5,94.5,94.5,72.9,75.6
014371,北海道北竜町,,48.2,,,,,,,
014389,北海道沼田町,,,,,,,,,
014524,北海道鷹栖町,48.3,51.5,54.8,57.9,61.2,64.4,67.3,70.6,73.8
014532,北海道東神楽町,,,,,,,,,
014541,北海道当麻町,,,,,,,,,
014559,北海道比布町,,,,,,,,,
014567,北海道愛別町,65.8,,,,,,,,
014575,北海道上川町,,,,,,,,,
014583,北海道東川町,,,,,,,,,
014591,北海道美瑛町,,,,,,,,,
014605,北海道上富良野町,47.1,48.5,48.7,55.2,50.9,53.3,54.1,57.3,60.9
014613,北海道中富良野町,,44.7,47.4,50.2,52.9,55.7,58.5,53.2,49
014621,北海道南富良野町,,44.6,48.1,51.4,53,54.6,56.2,57.8,59.4
014630,北海道占冠村,94.1,79.2,,,79.2,89.1,3.4,10,16.6
014648,北海道和寒町,47.6,52.9,53.1,56.7,60.1,63,66.4,71,73.1
014656,北海道剣淵町,52.6,55.9,57.5,60.5,63.1,66.6,68.1,69.7,71.6
014681,北海道下川町,,,0,6.7,7.4,9.9,15.1,20.5,25.9
014699,北海道美深町,,,,,,,,,
014702,北海道音威子府村,,,52.3,55.6,58.9,62.2,65.5,68.8,72.1
014711,北海道中川町,,41.6,43.9,46.7,48.1,40,42.9,45.9,48.9
014729,北海道幌加内町,,60.7,64.7,68.3,70.1,71.8,36.6,39.7,42.8
014818,北海道増毛町,,16.3,,,,,,,
014826,北海道小平町,,66.2,67.8,69.3,70.8,72.4,73.9,75.4,77
014834,北海道苫前町,,,,,,,,,
014842,北海道羽幌町,,,,78.1,80.6,83.1,85.6,87.6,89.3
014851,北海道初山別村,36.5,,,,,,,,
014869,北海道遠別町,,60.8,62.4,64.5,63.5,63.5,,,
014877,北海道天塩町,,60.8,62.4,64.5,63.5,63.5,57.4,57.4,57.4
015113,北海道猿払村,61.7,62.4,65.4,54,56.7,59.4,62.1,64.8,64.8
015121,北海道浜頓別町,,55.6,,,,,,,
015130,北海道中頓別町,,55.8,55.8,58.3,61.4,64.4,67.3,70,67.4
015148,北海道枝幸町,,52.2,54.6,57.5,57.8,90.1,90.3,90.4,90.9
015164,北海道豊富町,,,,,,,,,
015172,北海道礼文町,59.2,61.4,54.9,44,38.5,41.1,41.9,44.2,41
015181,北海道利尻町,,,,,,,,,
015199,北海道利尻富士町,,,,,,,,,
015202,北海道幌延町,38.9,41.6,43.9,64.5,63.5,55,57.4,59.8,
015431,北海道美幌町,,56.9,59.6,62.1,64.5,66.9,69.1,71.1,73.2
015440,北海道津別町,49.8,53,56.3,59.6,62.9,66.2,19.2,23.5,32.2
015458,北海道斜里町,40.9,40.6,45.1,51,55.1,55.5,61.6,66.8,72.5
015466,北海道清里町,,47,,,78.3,78.8,83.3,81,82.2
015474,北海道小清水町,,,,,,,,83.4,85.2
015491,北海道訓子府町,,,92.4,95.7,99,100,100,100,98.1
015504,北海道置戸町,40,60,80,,,100,100,100,100
015521,北海道佐呂間町,,61.7,64.5,67.3,69.9,72.4,74.9,77.4,79.8
015555,北海道遠軽町,,40.5,,56.8,59.6,62.3,65.1,67.8,70.5
015598,北海道湧別町,,54.8,54.8,57.5,60.2,63.7,66.3,68.9,71.6
015601,北海道滝上町,50.2,10,60.6,,,,89.1,90.5,94.5
015610,北海道興部町,,60.7,100,100,100,100,100,79.5,82
015628,北海道西興部村,45.4,48.5,51.6,54.7,57.9,61,64.1,67.3,71
015636,北海道雄武町,,84.5,87,89.6,89.9,92,94.2,95.5,96.8
015644,北海道大空町,65.4,69.1,71.8,73.4,74.1,75.2,75.6,76.5,75.8
015717,北海道豊浦町,37,45.2,51.7,63.2,72.3,73,74.4,76,77.4
015750,北海道壮瞥町,54.9,61.6,66.1,70.5,74.7,76,74.4,75.9,77.4
015784,北海道白老町,41.4,43.8,46.8,48.6,51,53.4,58,60.3,100
015814,北海道厚真町,,,,,,,,,
015849,北海道洞爺湖町,,4.5,6.4,13.5,18.1,22.6,27.1,31.6,36.2
015857,北海道安平町,,,,,,,,,
015865,北海道むかわ町,,,,,,,80.7,89.2,90.4
016012,北海道日高町,,,,,,,,,
016021,北海道平取町,,,,,,64.9,5.9,11.1,21
016047,北海道新冠町,,,,,,,,,
016071,北海道浦河町,,86.6,87.9,90.3,90.3,91.5,72.4,74.1,75.7
016080,北海道様似町,,,,,,,,73.5,74.8
016098,北海道えりも町,,,,,,,,,
016101,北海道新ひだか町,,,,,,,,,
016314,北海道音更町,,,,0,6.7,13.4,20.1,26.9,
016322,北海道士幌町,,,,,,,,69,
016331,北海道上士幌町,,,,67.8,67.8,74.4,77.7,81,84.3
016349,北海道鹿追町,,56.7,,42.2,45.1,47.9,50.7,53.5,56.3
016357,北海道新得町,,52,54.7,57.5,60.3,63,65.8,68.5,71.3
016365,北海道清水町,,61.6,65,68.2,60.2,56.7,60.9,65.2,69.3
016373,北海道芽室町,,,,,,,,,
016381,北海道中札内村,,,,,,,,,
016390,北海道更別村,,,,,,,,,
016411,北海道大樹町,,,,,,,,,
016420,北海道広尾町,,,84,,,,,,
016438,北海道幕別町,,,,,,,,,
016446,北海道池田町,48.3,,,,,,,,
016454,北海道豊頃町,,91.9,93.4,,,,,,
016462,北海道本別町,,,,,,,,,
016471,北海道足寄町,,78.4,81.3,83,84.4,18,20.4,22.7,24.9
016489,北海道陸別町,77.7,80.2,82.8,70.8,73.4,76.1,78.7,81.4,82.4
016497,北海道浦幌町,,,70.2,73.6,76.6,79.6,82.2,85,87.2
016616,北海道釧路町,,,,,,,,,
016624,北海道厚岸町,,62.4,78.4,70.2,72.7,71.4,71.2,71.2,71.2
016632,北海道浜中町,63,66.3,69.6,72.9,24.2,66.6,56.8,59,59.9
016641,北海道標茶町,,,,5.5,8.3,10.5,13.3,16.1,19
016659,北海道弟子屈町,,58.2,61,64,66.8,69.2,72,72,69.2
016675,北海道鶴居村,,42.7,45.3,48.2,51,53.9,56.8,59.8,62.4
016683,北海道白糠町,,47.2,51.9,54.7,57.4,71.2,94.3,94.6,95.1
016918,北海道別海町,97,60.9,60.7,61.4,62,62.4,61.8,62.6,62.8
016926,北海道中標津町,,39.6,41.9,45.5,49.1,52.5,55.6,58.8,62.8
016934,北海道標津町,,28.2,29.4,43.2,44.9,46.7,48.5,50.1,31.3
016942,北海道羅臼町,,,,,,,,,31.4
022012,青森県青森市,,26,31.4,35.9,40.2,44.5,49,53.4,57.7
022021,青森県弘前市,,63.1,36.2,37.5,40.6,45,49.4,53.7,57.9
022039,青森県八戸市,,,80.9,81.4,81.5,81.2,82.3,81.4,81
022047,青森県黒石市,,85.9,88.1,91.1,93.3,94.7,94.6,95.2,95.4
022055,青森県五所川原市,,52.9,56.2,74.1,75.8,52.1,63.4,65.9,67.9
022063,青森県十和田市,,,,,,,,,
022071,青森県三沢市,,69.2,70.1,70.3,71.5,58.1,74.7,73.6,74
022080,青森県むつ市,,50.5,53.1,41.9,44.6,47.3,50,55.3,58.1
022098,青森県つがる市,46.7,64.4,59.3,61.5,61.4,45.4,42.7,44.8,46.5
022101,青森県平川市,,70.5,73.4,,,81.8,84.7,87.7,90.7
023019,青森県平内町,,54.9,52.1,54.9,60.8,62.9,65.1,67.2,69.3
023035,青森県今別町,60.2,,61.5,63.8,65.7,68,71.1,73.4,75.7
023043,青森県蓬田村,48.6,48.3,51,48.7,56.3,78.1,62.8,67.1,69.5
023078,青森県外ヶ浜町,,36.7,23.4,24.7,27.6,29.8,32.1,34.5,36.6
023213,青森県鰺ケ沢町,,,,,,81,84,87,90
023230,青森県深浦町,,,,,,,,,
023434,青森県西目屋村,,,,,,,,,
023612,青森県藤崎町,,6.7,76.8,79.5,82.1,83.8,84.2,86.2,87.9
023621,青森県大鰐町,,53.2,58.1,60.5,63.8,66,65.6,69.4,73
023671,青森県田舎館村,,,,,,,,,
023817,青森県板柳町,,65.9,68.1,71.5,74.4,76.4,76.9,80.6,84.3
023841,青森県鶴田町,,,,,,,,,
023876,青森県中泊町,,41.9,,,,53.4,56.1,65.1,
024015,青森県野辺地町,67.6,45.5,48.1,50.6,53,55.6,57.7,73.5,76.3
024023,青森県七戸町,,93.7,95.2,95.5,95.7,95.9,84.3,85.3,83.2
024058,青森県六戸町,,,,,,,,,
024066,青森県横浜町,45.4,48.6,51.8,54.9,57.9,59.5,62.5,64.2,66
024082,青森県東北町,,93.7,95.3,95.6,95.8,96,84.6,85.7,83.2
024112,青森県六ケ所村,,85.5,86.4,87.2,88.4,89.6,92.3,91.5,89.8
024121,青森県おいらせ町,,,,,,,,,
024236,青森県大間町,,43.2,46.2,47.6,49.7,52.3,54.5,45.3,55.5
024244,青森県東通村,,36.5,39.2,41.8,44.5,47.2,49.9,52.6,55.4
024252,青森県風間浦村,87.9,65.2,68.3,72.6,75.6,77.5,79.1,78.3,81.7
024261,青森県佐井村,,87.6,39.2,,,,,,
024414,青森県三戸町,,,,,,,,,
024422,青森県五戸町,,,,,,,,,
024431,青森県田子町,,,,,,,,,
024457,青森県南部町,,,,,,,,,
024465,青森県階上町,,,,,,,,,
024503,青森県新郷村,,,,,,,,,
032018,岩手県盛岡市,,51.7,54.4,56.7,59.9,61.8,64.5,67.1,69.8
032026,岩手県宮古市,,,55,58.1,61,63.9,66.8,69.7,72.6
032034,岩手県大船渡市,,67.8,70.9,73.4,72.2,75.6,78.4,,
032051,岩手県花巻市,72.4,74.8,77.3,76.2,78.9,81.7,84.5,86.8,89
032069,岩手県北上市,,39.9,,,,72.5,69.7,70.6,66.7
032077,岩手県久慈市,,98.9,99,,,22.5,6.9,12.6,16.4
032085,岩手県遠野市,82.4,,90.2,91.3,92.3,93.4,94.5,95.6,96.7
032093,岩手県一関市,,,,,,,,,
032107,岩手県陸前高田市,,76.1,,,,,,,
032115,岩手県釜石市,92.1,94.8,96.9,63.1,64.4,65.1,66.6,67.6,68.8
032131,岩手県二戸市,,,,,,,,,
032140,岩手県八幡平市,,49.9,52.5,55.1,57.8,60.4,63,68.1,68.1
032158,岩手県奥州市,,,,,,,,,
032166,岩手県滝沢市,,,79.2,80.9,83,84.2,85.4,86.5,87.8
033014,岩手県雫石町,,,79.2,81,83.1,84.2,85.4,86.6,87.6
033022,岩手県葛巻町,62.2,65,67.7,70.4,70.9,69.9,72.3,75,77.8
033031,岩手県岩手町,35.1,42,45,46.6,49.3,52,54.9,57.9,60.8
033219,岩手県紫波町,,,,,30.4,33.8,37.3,41,44.6
033227,岩手県矢巾町,,40.6,43.6,35.7,39.5,43.2,47,50.8,54.6
033669,岩手県西和賀町,,61.8,64.5,67.2,69.9,72.7,75.4,78.1,80.8
033812,岩手県金ケ崎町,,,,,,,,,
034029,岩手県平泉町,,,,,,,,,
034410,岩手県住田町,,,,,,,,,
034614,岩手県大槌町,,,,,,,,40.1,43.2
034827,岩手県山田町,,,,,,,,,
034835,岩手県岩泉町,,,,,,,,,
034843,岩手県田野畑村,,,,,,,,,
034851,岩手県普代村,,98.9,99,99.1,99.2,22.5,6.9,12.6,
035017,岩手県軽米町,,,,,,,,,
035033,岩手県野田村,,98.9,99,99.1,99.2,22.5,6.9,12.6,16.4
035068,岩手県九戸村,,,,,,,,,
035076,岩手県洋野町,,98.9,99,99.1,99.2,22.5,6.9,12.6,16.4
035246,岩手県一戸町,,91,92.5,93.2,93.9,93.9,63.5,65.8,68.2
041009,宮城県仙台市,,67.9,71,72.2,75.2,71.3,73.4,76,78.5
042021,宮城県石巻市,,48.7,51.2,51.2,55.9,59.5,62.2,80.4,67.5
042030,宮城県塩竈市,,64.5,66.6,61.2,62.8,64.9,67.3,68.4,58.3
042056,宮城県気仙沼市,,,,,,73.7,75.2,58.3,59.4
042064,宮城県白石市,,27.4,32.8,37.2,41.5,45.8,50.1,54.5,58.8
042072,宮城県名取市,,,62.7,67,65.1,70,71.3,72.5,73.7
042081,宮城県角田市,,27.4,32.8,37.2,41.5,45.8,50.1,54.5,58.8
042099,宮城県多賀城市,,,,,,,,,
042111,宮城県岩沼市,,27.6,30.9,33.8,29.4,34.2,36.8,39.5,42.2
042129,宮城県登米市,,33.4,36.2,39,12,14.9,18.2,21.3,24.4
042137,宮城県栗原市,,72.1,73.2,6.7,6.7,13.4,20.1,26.8,33.5
042145,宮城県東松島市,62,64.7,67.4,70,73.9,76.5,79.1,81.7,84.3
042153,宮城県大崎市,,,,,,0,2.9,5.8,8.7
042161,宮城県富谷市,57.2,72.7,75.4,78,80.7,83.3,77.5,80.1,84.5
043010,宮城県蔵王町,,27.4,31.9,37.2,41.5,45.8,50.1,54.5,58.8
043028,宮城県七ケ宿町,,,32.8,37.2,41.5,45.8,50.1,54.5,58.8
043214,宮城県大河原町,,,32.8,37.2,41.5,45.8,50.1,54.5,58.8
043222,宮城県村田町,,27.4,32.8,37.2,41.5,45.8,50.1,54.5,58.8
043231,宮城県柴田町,,,32.8,37.2,41.5,45.8,50.1,54.5,58.8
043249,宮城県川崎町,67.4,27.4,31.9,37.2,41.5,45.8,50.1,54.5,58.8
043419,宮城県丸森町,,,32.8,37.2,41.5,45.8,50.1,54.5,58.7
043613,宮城県亘理町,,,,,,,,,
043621,宮城県山元町,,,,,,,,,
044016,宮城県松島町,,,,,,,,,
044041,宮城県七ケ浜町,,63.4,,70.7,69.7,72,68.2,71.4,73.6
044067,宮城県利府町,,63.4,,,,,,,
044211,宮城県大和町,55.8,,,,,,52.2,,
044229,宮城県大郷町,,,,,,,,,
044245,宮城県大衡村,,,,,,,,,
044440,宮城県色麻町,,,,,,,,,
044458,宮城県加美町,,,,,,,,,
045012,宮城県涌谷町,,,,,,,,,
045055,宮城県美里町,,,,,,,,,
045811,宮城県女川町,75.4,78.3,81.1,84,84,86.8,92.5,92.6,93.4
046060,宮城県南三陸町,,,76.4,77.6,78.9,80.1,81.3,80.5,81.7
052019,秋田県秋田市,56.2,60.8,65.1,73,73.2,71.7,70.9,70.6,78.5
052027,秋田県能代市,,69.2,71,73.3,74.2,76.9,79.7,78.5,76.2
052035,秋田県横手市,,16.1,18.8,21.4,14,16.6,19.3,22,24.3
052043,秋田県大館市,,95.2,94.7,94.8,95.3,94.1,94.1,91.4,90.5
052060,秋田県男鹿市,83,,,,78.5,81.8,57.3,61.4,65.5
052078,秋田県湯沢市,,56.4,59.1,61.8,64.5,67.2,69.7,67.2,70.1
052094,秋田県鹿角市,,75.9,78.3,80.7,83.1,83.1,66.1,68.4,70.4
052108,秋田県由利本荘市,,55.3,58,60.7,63.4,66,68.7,69.8,72.5
052116,秋田県潟上市,,,49.1,53,56.8,60.6,64.2,66.5,77.5
052124,秋田県大仙市,,,,,56.7,46.5,44.8,51.9,54.6
052132,秋田県北秋田市,,84.6,,,,19.9,,49.7,50
052141,秋田県にかほ市,,50.5,52.1,53.9,56.1,59,50.5,52.8,55
052159,秋田県仙北市,,42.2,44.9,30.6,42.6,45.3,48,50.7,53.4
053031,秋田県小坂町,71.5,75.9,78.3,80.7,83.1,83.1,66.1,68.4,70.4
053279,秋田県上小阿仁村,,,,,,,,,
053465,秋田県藤里町,,72.6,74.7,76,74.3,76.8,79.6,78.3,75.9
053481,秋田県三種町,,69.2,70.9,73.3,74.3,76.8,79.6,78.3,75.9
053490,秋田県八峰町,,69.2,70.9,70.9,74.3,76.8,79.6,78.3,75.9
053619,秋田県五城目町,65.3,67.9,70.5,40.7,39.9,45,46.1,49.2,52.3
053635,秋田県八郎潟町,,,,,,92.8,93.6,94.3,95
053660,秋田県井川町,,,,,,,,,70.8
053686,秋田県大潟村,,41.1,32.9,36.2,42.3,42.7,45.9,49.2,52.5
054348,秋田県美郷町,,,,,42.6,45.3,48,50.7,53.4
054631,秋田県羽後町,76.6,56.4,59.1,61.8,64.5,67.2,69.7,67.2,70.1
054640,秋田県東成瀬村,76.6,,59.1,61.8,64.5,67.2,67.2,69.8,70.1
062014,山形県山形市,64,64,74.5,56.2,59,57.3,65.8,72.8,75.4
062022,山形県米沢市,,,,,,,,,
062031,山形県鶴岡市,54.9,57.6,60.3,54.1,65.5,14.5,29.6,32.3,34.7
062049,山形県酒田市,56.4,58.6,60.8,62.7,64.6,67.2,77.4,72.4,74.2
062057,山形県新庄市,46.6,48.8,51.2,50,53.1,56.3,58.4,61.5,64.2
062065,山形県寒河江市,,,,,,,,,
062073,山形県上山市,51.3,79.4,39.7,29.9,33,33.4,36.7,40.1,40.8
062081,山形県村山市,,67.7,70.1,72.5,70.5,72.9,75.6,77.9,78.9
062090,山形県長井市,,65.4,68.7,68.7,72,75.3,78.6,81.9,85.3
062103,山形県天童市,,,,,,,,,
062111,山形県東根市,,,,,,,,,
062120,山形県尾花沢市,,,,,,,,,53.3
062138,山形県南陽市,,54,49.9,52.7,55.4,42.8,49.6,52.5,54.2
063011,山形県山辺町,,,,,,,,,
063029,山形県中山町,,,,,,,,,
063215,山形県河北町,,,,,,,,,
063223,山形県西川町,60.5,68.5,69.7,70.1,71.8,72.8,75,76.5,77.8
063231,山形県朝日町,60.5,,69.7,70.1,71.8,73.4,69.7,69.7,69.7
063240,山形県大江町,,,69.7,70.1,71.8,72.8,75,76.5,77.8
063410,山形県大石田町,,,,,,,,,
063614,山形県金山町,,,,,,,,,
063622,山形県最上町,,,,,,,,,
063631,山形県舟形町,,,,,57.1,60.1,62.4,62.5,67.8
063649,山形県真室川町,,,,,,,,,
063657,山形県大蔵村,,,,,,,,,
063665,山形県鮭川村,,,,,,,,,
063673,山形県戸沢村,,,,,,,,,
063819,山形県高畠町,,53.8,50.4,52.6,55.2,64.2,48.6,51.8,55.1
063827,山形県川西町,,,,52.7,,63.9,52.2,54.9,57.4
064017,山形県小国町,,,,,,,,,
064025,山形県白鷹町,,,,,,,,,
064033,山形県飯豊町,,,,,,,,,
064262,山形県三川町,,,,,,,,,
064289,山形県庄内町,,64,66.1,67.7,69.9,71.9,70,72.1,74
064611,山形県遊佐町,,64.4,66.5,68.1,70.2,72.2,70,72.1,74
072010,福島県福島市,,,,53.4,67,70.7,62,67.1,67.7
072028,福島県会津若松市,,80.2,82.9,84.7,86,65.2,67,53.4,55.3
072036,福島県郡山市,74.3,70.3,68.8,71.3,73.8,76.2,78.6,74.7,77.3
072044,福島県いわき市,,46.2,28.8,36.1,39,41.2,44.2,47.2,50
072052,福島県白河市,,,83.6,85.4,83.8,86.2,87.6,89,90.4
072079,福島県須賀川市,78.2,60.1,62.8,35.5,38.1,34.6,35.9,38.6,36.7
072087,福島県喜多方市,,80.3,83.2,86.2,89.1,90.6,92.1,91.8,90
072095,福島県相馬市,,,90.3,92.8,95.2,97.7,99.2,100,100
072109,福島県二本松市,,,,,,,,,
072117,福島県田村市,90,91.8,93.3,95.9,95.9,98.7,98.9,99.1,19.5
072125,福島県南相馬市,,,69.2,71.8,,,,,
072133,福島県伊達市,,46.1,48.8,51.5,54.2,56.9,59.6,62.3,65
072141,福島県本宮市,,,36.7,39.3,32.9,32.3,54.4,57.5,60.3
073016,福島県桑折町,,44.7,49.8,34.4,55.2,57.9,60.6,63.3,66
073032,福島県国見町,,,,,,57.1,59.8,62.5,65.2
073083,福島県川俣町,,59.8,64.8,66.9,69.2,70.4,73.2,75.3,77.4
073229,福島県大玉村,,,43.6,46.8,50.9,52.7,55.8,58.8,61.8
073423,福島県鏡石町,,60.1,62.8,35.5,38.1,34.6,35.9,38.6,36.7
073440,福島県天栄村,,,,,,,,,
073644,福島県檜枝岐村,,,92.7,66.6,69.4,63.2,,,
073679,福島県只見町,,,,,,,,,
073687,福島県南会津町,,,62.2,70.7,73.3,76,78.6,81,
074021,福島県北塩原村,,80.3,83.2,86.2,89.1,90.6,92.1,91.8,90
074055,福島県西会津町,,80.3,83.2,86.2,89.1,90.6,92.1,91.8,90
074071,福島県磐梯町,,80.2,82.9,84.7,86.1,64.5,66.3,52.7,54.6
074080,福島県猪苗代町,,80.2,82.9,84.7,86.1,64.9,66.7,53.3,55.1
074217,福島県会津坂下町,,,82.8,84.6,85.9,64.9,66.8,52.5,54.5
074225,福島県湯川村,,,,,,,,,
074233,福島県柳津町,,,,,,,,,
074446,福島県三島町,,,,,,,66.8,52.3,54.3
074454,福島県金山町,,80.2,82.8,84.6,85.9,64.5,66.5,51.6,53.7
074462,福島県昭和村,16.5,,,,,,,,
074471,福島県会津美里町,,80.2,82.8,84.5,85.8,65.7,67.4,54.9,56.6
074616,福島県西郷村,,,83.5,85.2,84.1,86.5,84.1,89.1,90.4
074641,福島県泉崎村,,,,54.4,57.1,59.7,62.4,65,67.7
074659,福島県中島村,,,,53.5,56.9,59.6,62.3,65,67.7
074667,福島県矢吹町,,,51.7,54.4,57,59.7,59.7,,67.7
074811,福島県棚倉町,,44.1,49.3,42.5,46,39.8,43.9,48.1,52.3
074829,福島県矢祭町,,,,,,,,,
074837,福島県塙町,,40.5,41.5,42.4,46,39.8,43.9,48.1,52.3
074845,福島県鮫川村,,,51.8,,,,,,
075019,福島県石川町,,,94.5,97.2,99.9,100,100,100,
075027,福島県玉川村,,84.4,87.3,90.1,91.9,77.2,61.7,,66
075035,福島県平田村,,,,,,,,,
075043,福島県浅川町,,84.4,87.3,90.1,91.9,77.2,61.7,63.8,66
075051,福島県古殿町,,,,,,,,,
075213,福島県三春町,,71.1,73.1,75.4,79.8,81.7,88.4,90.4,24.7
075221,福島県小野町,,53.7,56.5,59.2,61.9,,,,
075418,福島県広野町,,60.2,63,62.9,63.1,61.8,84.4,72.6,74.4
075426,福島県楢葉町,,,63,62.9,63.1,61.8,84.4,72.6,74.4
075434,福島県富岡町,,60.2,63,62.9,63.1,61.8,84.4,72.6,74.4
075442,福島県川内村,,60.2,,,,61.8,84.4,72.6,74.4
075451,福島県大熊町,,56.2,59.9,63.4,66.1,64.1,76.1,72,74.1
075469,福島県双葉町,,60.2,63,62.9,61.8,61.8,84.4,72.6,74.4
075477,福島県浪江町,,,,,,61.8,84.4,72.6,74.4
075485,福島県葛尾村,,,,62.9,69.2,61.8,,,
075612,福島県新地町,,,,,,69.1,70.3,72.8,67
075647,福島県飯舘村,,,,,,49.9,51.9,53.9,55.9
082015,茨城県水戸市,,84.9,86.9,89.1,30.6,17.8,21.4,24.7,28.3
082023,茨城県日立市,34.9,37,39.1,41.1,43,44.9,46.8,48.8,50.7
082031,茨城県土浦市,82.3,85.4,65.8,64.8,67.1,69.9,47.3,55.6,63.9
082040,茨城県古河市,57.4,57.8,61.6,65.6,69.3,73,76.5,80,83.6
082058,茨城県石岡市,,66.3,80.1,81.8,84.3,30.5,21.3,24.4,26.8
082074,茨城県結城市,,,,,,,,,
082082,茨城県龍ケ崎市,67.3,65.2,67.3,69.6,70.1,67,69.4,71.9,74.4
082104,茨城県下妻市,49.5,52.2,57.3,60,62.8,65.5,68.2,70.4,72.5
082112,茨城県常総市,,25.9,29,31,33.6,36.4,39.7,41.8,43.8
082121,茨城県常陸太田市,36.4,39.1,41.9,44.6,47.3,50.1,52.8,55.5,58.2
082147,茨城県高萩市,16.5,29.1,29.2,33.3,37.4,39,42.8,47,9.9
082155,茨城県北茨城市,88.6,88.6,90.3,91.9,93.6,95.2,81.6,82.3,20.1
082163,茨城県笠間市,,80.5,82.1,81.9,84.1,84.9,85,85.3,85.4
082171,茨城県取手市,38.1,13.6,16.3,19,21.7,24.3,27.7,29.6,32.3
082198,茨城県牛久市,40.8,43.9,46.3,49.4,32,35.3,39.2,43.9,47.9
082201,茨城県つくば市,59.9,62.3,64.6,42.4,45.5,45.9,49,52.1,54.2
082210,茨城県ひたちなか市,,42.4,44.6,47.2,49.8,46.8,49.4,52.1,54.7
082228,茨城県鹿嶋市,32.6,60.5,64.6,67.4,69.4,71.9,73.4,74.6,51.3
082236,茨城県潮来市,73.8,75.2,76.3,78.8,77.8,77.7,77.8,78.8,80.9
082244,茨城県守谷市,,11.7,14.4,17.1,20.7,23.4,29.8,28.7,32.5
082252,茨城県常陸大宮市,,72.3,75,74.8,76.7,78.5,80.4,82.3,84.2
082261,茨城県那珂市,,72.3,75,74.8,76.7,78.5,80.4,82.3,84.2
082279,茨城県筑西市,,49.2,77.8,99.9,99.9,99.9,99.9,99.8,99.7
082287,茨城県坂東市,,55,59.2,63.4,67.5,71.2,74.9,78.6,82.4
082295,茨城県稲敷市,,48.8,51.3,58.2,60.9,63.6,66.1,39.8,42.9
082309,茨城県かすみがうら市,,,,,,,,,
082317,茨城県桜川市,58.8,63,67.2,71.4,75.6,79.8,84,88.2,92.4
082325,茨城県神栖市,49.4,73.6,77.9,80.3,81.2,82.1,83.3,84.5,52
082333,茨城県行方市,42.1,51.9,54.6,57.3,60,62.7,65.4,67.8,66.8
082341,茨城県鉾田市,55.7,58.8,61.1,63.9,66.6,69.4,72.1,74.9,74.8
082350,茨城県つくばみらい市,,11.7,19.7,22.6,25.3,27.9,31.1,33.1,35.6
082368,茨城県小美玉市,81.1,74,76.3,82.5,86,27.3,24.7,27.5,26.8
083020,茨城県茨城町,82,83.9,85.8,88.1,90.5,38.8,29.5,31,27.3
083097,茨城県大洗町,,,,,,,,,
083101,茨城県城里町,8.5,12.8,17.1,21.3,25.6,7.7,9.8,12.2,15.3
083411,茨城県東海村,63.5,66.3,69,71.7,74.4,77.1,79.9,82.6,84.8
083640,茨城県大子町,,33.3,36,38.7,41.4,33.6,36.3,39.6,30.2
084425,茨城県美浦村,,47.6,50,58.2,60.9,63.7,63.7,39.5,42.7
084433,茨城県阿見町,50.7,53.1,55.1,57.7,60.8,60.9,63.3,65.6,68.3
084476,茨城県河内町,,64.6,66.7,69.3,69.8,66.8,69.2,71.7,74.2
085219,茨城県八千代町,,,59.7,62.3,64.6,66.9,69.1,71.2,73.7
085421,茨城県五霞町,,,59.2,,,71.7,79.6,79.6,83.5
085464,茨城県境町,56.1,55,59.2,63.4,67.5,71.7,75.6,79.6,83.5
085642,茨城県利根町,67.4,67.4,67.4,69.6,70.2,67,69.5,71.9,74.4
092011,栃木県宇都宮市,,58.4,59.9,61.7,41.9,39.5,41.7,42.3,45.6
092029,栃木県足利市,,70.8,73.4,73.2,73,74.1,76.1,76.8,79
092037,栃木県栃木市,,42.2,49.6,52.9,58.3,61.5,64.6,67.8,70.9
092045,栃木県佐野市,,53.8,50.6,53.8,57,60.2,63.4,66.6,68
092053,栃木県鹿沼市,45.4,48.2,42.4,53.7,56.6,52.3,56,65.4,67.6
092061,栃木県日光市,,33.1,27.7,37.7,32.5,35.5,38.1,32.2,34.9
092088,栃木県小山市,,,59.5,52.1,54.7,57.4,54,58.1,60.5
092096,栃木県真岡市,48.9,31.5,46.7,39.2,54.3,58.4,54.2,58.6,63.1
092100,栃木県大田原市,,81.5,86,87.2,87.8,88,73.6,74.5,75.2
092118,栃木県矢板市,,,,,,,,,
092134,栃木県那須塩原市,,43.9,47.2,50.9,54.3,57.7,60,64.7,67.3
092142,栃木県さくら市,,,,,,,,,
092151,栃木県那須烏山市,,,,75.2,78.4,81.5,84.1,86.5,88.9
092169,栃木県下野市,,,,,,,,,
093017,栃木県上三川町,,,,,,,,,
093424,栃木県益子町,36.5,,35.3,39.2,43.7,48.2,52.8,57.3,61.8
093432,栃木県茂木町,36.5,29.4,35.3,39.2,43.7,48.2,52.8,57.3,61.8
093441,栃木県市貝町,,,35.3,39.2,43.7,48.2,52.8,57.3,61.8
093459,栃木県芳賀町,,,,39.2,43.7,48.2,52.8,57.3,61.8
093611,栃木県壬生町,91.4,77.3,77.9,78,79.5,80.4,81.8,51.4,55.5
093645,栃木県野木町,,,59.7,54.6,57.7,59.7,56.9,60.1,63.1
093840,栃木県塩谷町,,,,,,,,,
093866,栃木県高根沢町,,,,,,,,,
094072,栃木県那須町,,,87.7,88.5,87,90.5,77.4,76.4,76.5
094111,栃木県那珂川町,,,,,,,,,
102016,群馬県前橋市,,66.7,69.8,71.9,74,76.1,78.1,80.2,82.2
102024,群馬県高崎市,53.9,56.9,59.4,61.4,63.5,66.1,68.7,72.2,74.6
102032,群馬県桐生市,48.5,53,,,,60.4,62.8,65.4,68.3
102041,群馬県伊勢崎市,,71.2,74,71.4,71.7,74,75.9,77.9,79.5
102059,群馬県太田市,59.4,56.1,59.1,62.4,65.2,19.7,23.5,26.8,17.7
102067,群馬県沼田市,,,72.7,74.5,75.7,77.8,79.8,81.9,83.8
102075,群馬県館林市,,11.8,12.1,17.3,22.5,27.8,32.7,36.5,44.7
102083,群馬県渋川市,77.1,78.6,80.1,81.7,83.4,85.1,86.8,88.4,89.7
102091,群馬県藤岡市,,66.6,53.8,52.5,50.6,53.6,56.5,59.3,61.6
102105,群馬県富岡市,,,62,60.3,65.5,39.7,43.8,47.9,52
102113,群馬県安中市,73.2,75.9,78.6,74.5,77.7,80.9,83.4,85.9,88.6
102121,群馬県みどり市,62.3,65.5,67.7,70.5,70.5,75.8,,81.2,83.8
103446,群馬県榛東村,,78.6,80.1,81.7,83.4,85.1,86.8,88.4,89.7
103454,群馬県吉岡町,76.6,78.6,80.1,81.7,,85.1,86.8,88.4,89.7
103667,群馬県上野村,,,,,,,,,
103675,群馬県神流町,,59.4,62.7,59.1,61.3,63.3,65.8,68.4,70.6
103829,群馬県下仁田町,,41,43.3,45.7,47.7,50.5,53.1,55.3,57.5
103837,群馬県南牧村,,42,43.3,45.7,47.7,50.9,53.4,55.6,57.8
103845,群馬県甘楽町,74.1,76.4,78.4,80.5,82.5,84.5,86.5,88.5,89.3
104213,群馬県中之条町,,,,,,,,,
104248,群馬県長野原町,,,,,,,,,
104256,群馬県嬬恋村,,,,,,,,,
104264,群馬県草津町,,41.1,43.6,46.3,48.9,46.5,47.9,54.5,57.9
104281,群馬県高山村,,,,,,,,,
104299,群馬県東吾妻町,,,,,,,,,
104434,群馬県片品村,,61.7,,,,,,,
104442,群馬県川場村,,,85.8,89.1,57.1,60.7,64.4,68.6,72.3
104485,群馬県昭和村,,,,,,,,,
104493,群馬県みなかみ町,68.8,70.7,73.8,75.3,76.6,77.9,79,80.3,81.6
104647,群馬県玉村町,56.1,58.9,63.6,66.7,69.8,69.2,65.4,69.1,71.6
105210,群馬県板倉町,,,,,,,,,
105228,群馬県明和町,,9.3,,,,27.6,,,
105236,群馬県千代田町,,62.4,62.4,63.5,66.4,40.5,43,45.1,
105244,群馬県大泉町,,,,,,,,,
105252,群馬県邑楽町,,,,,,,,,
111007,埼玉県さいたま市,40.9,44.4,46.9,49.5,51.2,53.8,56,58.4,60.9
112011,埼玉県川越市,35.5,39.2,43.1,45.2,48.9,51.5,52.8,55.4,58.3
112020,埼玉県熊谷市,,65.2,68,63.5,67,69.6,72.4,75.2,77.2
112038,埼玉県川口市,43.3,46.7,50,53.3,56.4,59.7,62.9,65.8,65.8
112062,埼玉県行田市,,75.3,76.9,79.7,82,83.8,86.1,86.6,89.7
112071,埼玉県秩父市,76.3,77.8,79.1,80.5,81.9,83.2,84.6,85.9,85.1
112089,埼玉県所沢市,39.2,38.7,41.4,44.5,47.3,39.3,42,44.6,47
112097,埼玉県飯能市,81.3,84.4,32.2,33.9,35.6,37.7,39.1,40.9,42.6
112101,埼玉県加須市,56.1,58.8,61.5,64,66.7,62.8,62.8,68.2,70
112119,埼玉県本庄市,,50.1,52.8,55.4,58.1,60.8,63.5,66.2,68.9
112127,埼玉県東松山市,98.4,98,91.8,92.6,92.9,94.1,93.3,92.7,89.7
112143,埼玉県春日部市,72.1,70.6,67.7,38,40.7,41.8,44.4,45.8,48.4
112151,埼玉県狭山市,,54.5,56.1,57.7,60.2,62.8,65.4,67.8,70.4
112160,埼玉県羽生市,43.9,46.7,47.6,48.8,48.5,50.2,59,54.8,57.5
112178,埼玉県鴻巣市,89.8,91.4,91.8,92.3,92.8,93.2,94.2,94.8,95.4
112186,埼玉県深谷市,,63.7,66.6,62,65.2,67.6,70.1,72.6,74.8
112194,埼玉県上尾市,,57.9,60.5,63.2,67.2,68.6,71.2,73.9,76.4
112216,埼玉県草加市,38.9,39.7,34.8,40.6,43.3,46,48.7,51.2,54
112224,埼玉県越谷市,,32.1,38.9,31.8,42.5,46.3,52.6,55,57.5
112232,埼玉県蕨市,,88.1,89.5,90.7,85.6,74.6,70.2,72,74.2
112241,埼玉県戸田市,,87.7,89.2,90.5,83.5,69.8,64.6,66.9,68.3
112259,埼玉県入間市,,74.6,76.4,77.2,68.5,70,73,75.9,78.8
112275,埼玉県朝霞市,69.6,71.2,72.9,72.5,67.9,64.9,63.2,59.6,59
112283,埼玉県志木市,,62.6,65,64.6,66.6,68.7,70.8,68.3,70.3
112291,埼玉県和光市,72.8,75.1,77.6,77.9,80.5,82.9,85.3,87.8,82.2
112305,埼玉県新座市,,63.9,66,65.5,67.5,69.4,71.4,68.5,70.5
112313,埼玉県桶川市,75.9,76.4,76.6,79,81.7,82.4,83.6,84.8,85.9
112321,埼玉県久喜市,,88.9,89.2,90.4,91.7,92.7,93.9,94.9,95.7
112330,埼玉県北本市,94.8,93.6,93.8,94,94.1,94.3,95.1,95.5,95.4
112348,埼玉県八潮市,,39.7,34.8,40.6,43.3,46,48.7,51.2,54
112356,埼玉県富士見市,,70.3,85.4,82.4,82.6,81.5,82.9,69.2,71.2
112372,埼玉県三郷市,,81.9,85.3,88.6,92,95.4,98.8,99.9,100
112381,埼玉県蓮田市,,80.4,81.7,81.5,82.9,82.9,85.4,85.9,86.3
112399,埼玉県坂戸市,84.8,71.7,74.9,78.1,81,83.9,87.1,89.1,89.7
112402,埼玉県幸手市,75.5,80,82.2,88.1,91.5,89.2,89.1,92.1,92.4
112411,埼玉県鶴ケ島市,,,52,51.6,54.4,57.1,59.7,12.4,
112429,埼玉県日高市,,88.8,93.3,94.2,60.9,63.1,65.8,68.4,71.1
112437,埼玉県吉川市,58.6,60.1,57.9,61.3,63.1,65.1,67.1,69.5,70.8
112453,埼玉県ふじみ野市,,27.1,24.1,25.3,28,11.1,14,16.9,19.9
112461,埼玉県白岡市,,80.4,81.7,81.5,82.9,84.4,85.4,85.9,86.3
113018,埼玉県伊奈町,65.6,70.7,73.5,76.4,79.9,82.7,85.4,87.3,88.4
113247,埼玉県三芳町,,,86.9,75,73.8,50.5,16.6,16.8,17.1
113263,埼玉県毛呂山町,,31,32.6,51.6,54.4,57.1,59.7,12.4,15.6
113271,埼玉県越生町,,31,52,51.6,54.4,57.1,59.7,12.4,15.6
113417,埼玉県滑川町,,74.7,81.2,83.4,85.5,87.6,89.8,91.8,93.7
113425,埼玉県嵐山町,,,,,,,,,
113433,埼玉県小川町,72,74.7,77.4,80.1,82.8,85.5,88.2,90.9,93.6
113468,埼玉県川島町,66.6,69.3,71.1,72.8,74.5,76.3,78,70.7,73.8
113476,埼玉県吉見町,91.5,92.7,93.1,93.4,93.4,93.5,94.1,94.5,93.4
113484,埼玉県鳩山町,,31,52,51.6,54.4,57.1,59.7,12.4,15.6
113492,埼玉県ときがわ町,70.1,,,,,,,,
113611,埼玉県横瀬町,,72.3,74,75.7,77.5,79.2,80.8,82.5,85.2
113620,埼玉県皆野町,,,80.9,82.7,84.1,85.6,86.8,87.8,85.2
113638,埼玉県長瀞町,,,82.1,83.8,85.3,86.7,87.8,88.6,85.2
113654,埼玉県小鹿野町,,72.3,74,75.7,77.5,79.2,80.7,82.5,84.2
113697,埼玉県東秩父村,,74.7,77.4,,,,,,
113816,埼玉県美里町,,50.1,52.8,55.4,58.1,60.8,63.5,66.2,68.9
113832,埼玉県神川町,47.4,50.1,52.8,55.4,58.1,60.8,63.5,66.2,68.9
113859,埼玉県上里町,47.4,50.1,52.8,55.4,58.1,60.8,63.5,66.2,68.9
114081,埼玉県寄居町,29.7,55.9,64.6,56.5,59.6,62.1,64.3,67.2,69.5
114421,埼玉県宮代町,84.5,87.3,89.3,90.5,91.7,92.9,94,95,96
114642,埼玉県杉戸町,,86.6,86.3,83.7,83.7,82.1,81.7,83.4,65.1
114651,埼玉県松伏町,,39.7,34.8,40.6,43.3,46,48.7,51.2,54
121002,千葉県千葉市,,54.2,56.6,59.3,61.4,64.1,66.3,65.5,71.3
122025,千葉県銚子市,78.6,75,77.7,80.4,83.1,73.1,65.8,69.2,58.9
122033,千葉県市川市,,,82.1,83.8,85.5,86.5,75.1,76.6,78
122041,千葉県船橋市,58.1,20.2,33.9,36.5,13.8,16.5,19.2,17.9,20.6
122050,千葉県館山市,80.7,82.4,83.6,85,86.3,87.2,87.6,87.2,50.7
122068,千葉県木更津市,,87.2,89.5,90.5,91.2,92,92.7,93.4,94
122076,千葉県松戸市,84.7,87.5,88.3,88.7,82.7,83.5,84.3,80.7,81.6
122084,千葉県野田市,,71.3,74.1,76.5,79.2,82,78.7,80.3,81.5
122106,千葉県茂原市,46.6,49.1,45.8,46.9,48.7,49.8,50.6,51.1,53.7
122114,千葉県成田市,,33,35.1,37.3,42,44.1,46.2,48.5,50.6
122122,千葉県佐倉市,,68.4,,,,,,,
122131,千葉県東金市,63.7,,68,75.9,77.4,79.6,81.6,83.7,85.8
122157,千葉県旭市,50.7,54.7,58.8,62.9,67,71.2,75,78.9,82.7
122165,千葉県習志野市,,51.3,51.6,54.1,56.6,59.2,61.6,64.2,65.4
122173,千葉県柏市,,57.9,61.2,64.3,67.3,70.1,70.7,72.9,75.1
122181,千葉県勝浦市,93.3,,,62.1,,,,55.7,57.8
122190,千葉県市原市,,50.1,54,58,61.9,65.8,69.7,63.6,
122203,千葉県流山市,,27.9,30.5,33,35.4,38.5,41,43.5,44.1
122211,千葉県八千代市,,,,,,45.3,48.5,52.6,54.1
122220,千葉県我孫子市,,77.7,79.2,80.7,82.2,84.2,85.6,21.2,25.4
122238,千葉県鴨川市,35,37.5,58.7,61.4,63.2,63.9,67.3,68.7,70.6
122246,千葉県鎌ケ谷市,,94.5,95.3,96,96.8,97.5,98.2,98.9,99.6
122254,千葉県君津市,47.6,49.9,52.3,54.7,57.1,59.1,55.1,32.4,34.9
122262,千葉県富津市,65.1,66.4,67.8,69.1,70.3,71.5,72.7,74,72.4
122271,千葉県浦安市,,93.7,94.5,95.4,96,96.8,97.5,98.3,98.9
122289,千葉県四街道市,,50.8,53.6,56.3,59.1,61.8,64.5,67.3,69.9
122297,千葉県袖ケ浦市,80.6,83.7,86.8,89,86.7,86.3,87.4,88.9,90.5
122301,千葉県八街市,,44.2,47.5,50.9,53.6,57.2,60.4,63.4,58.1
122319,千葉県印西市,,,,,,,,,
122327,千葉県白井市,,,,,,,,,
122335,千葉県富里市,95,42.2,40.4,42.1,43.6,44.4,44.8,45.7,46.6
122343,千葉県南房総市,75.2,76.9,79.6,82.2,83.8,86.8,87.1,71.6,57.4
122351,千葉県匝瑳市,,64.4,72.5,68,68.8,68.4,17.1,16,26.8
122360,千葉県香取市,,,,,,,,,
122378,千葉県山武市,,,49.6,59.2,62.1,65.6,69.5,72.5,75.7
122386,千葉県いすみ市,,60.1,62.7,65.6,68.2,71,73.8,76.4,79.1
122394,千葉県大網白里市,,,81.8,75.3,76.7,79.1,81.3,83.5,85.7
123226,千葉県酒々井町,,,69.9,67.7,68.5,70.8,81,75.8,77.6
123293,千葉県栄町,,54.6,,,,,,,
123421,千葉県神崎町,,,,,,,,,
123471,千葉県多古町,,66.3,48.1,70,70.7,69.4,61.4,64,66.6
123498,千葉県東庄町,,,,,,,,,
124036,千葉県九十九里町,61.2,,65.9,74.8,76.3,78.8,80.7,83.4,85.6
124095,千葉県芝山町,46,,,57.5,51.1,55,58.6,61.6,63.7
124109,千葉県横芝光町,,,,,,,,,
124214,千葉県一宮町,46.6,,45.8,46.9,48.7,49.8,50.6,51.1,53.7
124222,千葉県睦沢町,46.6,,,46.9,48.7,49.8,50.6,51.1,53.7
124231,千葉県長生村,46.6,49.1,45.8,46.9,48.7,49.8,50.6,51.1,53.7
124249,千葉県白子町,,48.3,48.8,50.7,52.9,54.6,56.5,58.2,60.2
124265,千葉県長柄町,49.4,49.1,45.8,46.9,48.7,48.7,50.6,51.1,53.7
124273,千葉県長南町,,49.1,45.8,46.9,48.7,49.8,50.6,51.1,53.7
124419,千葉県大多喜町,98.1,44.2,47.6,50.9,54.3,57.8,61.1,65.3,
124435,千葉県御宿町,83.7,68.7,56.4,59.4,33.2,33.1,33.3,32.4,32.3
124630,千葉県鋸南町,,,78.9,79.2,78.3,78.1,81.6,83.1,83.6
131016,東京都千代田区,,51.2,52.4,55.2,57.8,59,59.5,56.7,58.8
131024,東京都中央区,,,52.4,55.2,57.8,59,59.5,56.7,58.8
131032,東京都港区,,51.2,52.4,55.2,57.8,59,59.5,56.7,58.8
131041,東京都新宿区,34.5,51.2,52.4,55.2,57.8,59,59.5,56.7,58.8
131059,東京都文京区,,51.2,52.4,55.2,57.8,59,59.5,56.7,58.8
131067,東京都台東区,,,,55.2,57.8,59,59.5,56.7,58.8
131075,東京都墨田区,,51.2,52.4,55.2,57.8,59,59.5,56.7,58.8
131083,東京都江東区,,51.2,52.4,55.2,57.8,59,59.5,56.7,58.8
131105,東京都目黒区,,33.9,34.4,55.2,57.8,59,59.5,56.7,58.8
131113,東京都大田区,,51.2,52.4,55.2,57.8,59,59.5,56.7,58.8
131121,東京都世田谷区,,,52.4,55.2,57.8,59,59.5,56.7,58.8
131130,東京都渋谷区,,51.2,52.4,55.2,57.8,59,59.5,56.7,58.8
131148,東京都中野区,,51.2,52.4,55.2,57.8,59,59.5,59.4,58.8
131156,東京都杉並区,,51.2,52.4,55.2,57.8,59,59.5,56.7,58.8
131164,東京都豊島区,,,52.4,55.2,57.8,59,59.5,56.7,58.8
131172,東京都北区,,51.4,52.6,55.4,57.9,59.2,59.7,56.7,58.7
131181,東京都荒川区,,,52.4,55.2,57.8,59,59.5,56.7,58.8
131199,東京都板橋区,,51.2,52.4,55.2,57.8,59,59.5,56.7,58.8
131202,東京都練馬区,,51.2,52.4,55.2,57.8,59,59.5,56.7,58.8
131211,東京都足立区,,51.2,52.4,55.2,57.8,59,59.5,56.7,58.8
131229,東京都葛飾区,,51.2,52.4,55.2,57.8,59,59.5,56.7,58.8
131237,東京都江戸川区,,51.2,52.4,55.2,57.8,59,59.5,56.7,58.8
132012,東京都八王子市,,60,61.6,61.2,62.5,65.2,67.9,56.3,56.7
132021,東京都立川市,,55.2,57.8,60.2,62.9,65.6,68.5,61.3,64.7
132039,東京都武蔵野市,65.5,20.8,23.2,20.3,22.3,24.6,27.4,34.8,37.3
132047,東京都三鷹市,,31.1,34.8,38,40.6,43.7,44.6,47.8,50.8
132055,東京都青梅市,,77.8,79.2,78.6,78.3,79.4,80.6,81.6,81.5
132063,東京都府中市,,59.2,61.2,63.1,65,66.1,69.1,71.2,73.4
132071,東京都昭島市,46.5,48.8,69.1,70.4,70.6,70.8,71.4,72.2,72.9
132080,東京都調布市,,48.3,51.2,54.1,57,59.9,63,65.9,68.9
132098,東京都町田市,,57.9,60.1,61,64.4,67,14.4,22.6,26.1
132101,東京都小金井市,,62.8,52.7,55.4,17.4,23.1,26.5,41.9,24.5
132110,東京都小平市,,55.3,52.2,60.3,43.7,43.6,40.5,43.1,45.8
132128,東京都日野市,56.1,55.8,58.5,59.6,30.4,31.3,32.8,38.6,41.8
132136,東京都東村山市,,,96.3,62.1,64.6,67,69.5,71.9,74.3
132144,東京都国分寺市,,81,84.6,95.4,89.4,98,67.8,69.1,71
132152,東京都国立市,63.5,63.9,66.2,68.1,68.8,70.5,72.5,74.1,76.2
132187,東京都福生市,51,77.1,78.6,80,79.4,80.9,82.2,83.1,84.5
132195,東京都狛江市,,56.2,58.4,60.6,62.8,65,67.4,70.2,72.3
132209,東京都東大和市,,68.7,70.7,72.3,50.3,49.9,46.6,49.4,52.3
132217,東京都清瀬市,,67.8,70.4,71.6,71.7,71.4,73.8,75.5,77.1
132225,東京都東久留米市,,67.3,70,71.6,71.8,70.9,73.3,75.2,77
132233,東京都武蔵村山市,,70.8,72.6,74.3,50.2,49.8,45.8,41.1,51.6
132241,東京都多摩市,70.6,72.2,74.1,46.6,40.9,76.8,45,47.1,79.8
132250,東京都稲城市,57.6,56.5,58.8,61,63.1,65.3,66.2,70,72.5
132276,東京都羽村市,,75.7,77.6,79.5,79.7,81.5,83.2,84.6,86.4
132284,東京都あきる野市,19.2,25.5,29.8,17.2,22.2,27.2,32.3,37.3,42.3
132292,東京都西東京市,,67.2,70,69.9,72.4,71.8,74.4,76.2,78.1
133035,東京都瑞穂町,37,70.7,43.4,74.2,74.4,76.1,77.5,78.9,79.9
133051,東京都日の出町,,20.2,22.9,17.2,22.2,27.2,32.3,37.3,42.3
133078,東京都檜原村,,,,,,,,,
133086,東京都奥多摩町,79.2,82.2,84.2,87.3,90.5,92.6,93.9,93.9,95.2
133612,東京都大島町,,14,19.4,,,27.7,12.8,9,26.4
133621,東京都利島村,,87.4,89,55.5,58.2,59.2,60.8,62.5,64.3
133639,東京都新島村,,,56.8,28.1,30.6,33.8,36.7,39.3,42.1
133647,東京都神津島村,,59.4,62.1,61.6,64.3,65.3,65.2,48.9,47.4
133817,東京都三宅村,,,,,48.1,43.6,41.8,74.3,77.5
133825,東京都御蔵島村,,,48.7,11.3,17.3,23.3,32.6,39.8,51.1
134015,東京都八丈町,,,32.9,35.6,37.4,41.1,42.6,43.9,22.1
134210,東京都小笠原村,,,,,,54.1,56.4,57.8,59.4
141003,神奈川県横浜市,,67.3,67.6,69.7,72,74.3,76.2,74.9,78.3
141305,神奈川県川崎市,67.1,69.2,70.9,73.1,72.2,74,75.8,77.2,58.7
141500,神奈川県相模原市,63.6,64.6,66.9,67.9,67.3,66.3,68.2,70.8,69
142018,神奈川県横須賀市,,79.4,81.5,76.4,44.3,48.1,62.9,55.2,58.9
142034,神奈川県平塚市,,38.3,39,42,45,48,52.9,56,59
142042,神奈川県鎌倉市,46.7,64.5,66.8,47.3,49.3,51.3,53.3,55,61.3
142051,神奈川県藤沢市,67.3,63.7,64.6,64.5,67.1,69.2,70.2,29.7,32.7
142069,神奈川県小田原市,91.1,80.5,82.2,84,24.9,29.5,34.3,38.6,43.3
142077,神奈川県茅ヶ崎市,66.8,70,57.6,63,66.6,70.3,73.9,77.6,81.3
142085,神奈川県逗子市,51.2,56,59.5,62.9,66.2,68.1,69.4,69.3,68.9
142107,神奈川県三浦市,62.5,67.6,70.2,72.7,33,35.9,35.9,41.8,44.7
142115,神奈川県秦野市,27.9,,,,51,53.4,55.9,57.8,59.5
142123,神奈川県厚木市,77.8,80.8,83.8,86.8,89.8,92.8,94.2,94.9,94.8
142131,神奈川県大和市,,,,,87.3,87.5,82.6,77.2,79
142140,神奈川県伊勢原市,,62.5,67.7,72.3,73.7,75.1,76.5,77.4,77.5
142158,神奈川県海老名市,47.4,52.3,75.2,67.4,61.8,35.8,40,44.4,48.7
142166,神奈川県座間市,,,,67.4,68.2,37.3,41.7,46.1,50.5
142174,神奈川県南足柄市,,,48.7,51.2,53.7,56,58.3,60.6,62.9
142182,神奈川県綾瀬市,,93.2,94.9,67,68.1,37.6,41.9,46.3,50.6
143014,神奈川県葉山町,,,,,,88.8,90.2,88.2,91.6
143219,神奈川県寒川町,79.1,88.2,92.4,96.6,100,100,100,100,100
143413,神奈川県大磯町,68,70.3,20.8,23.4,26,28.6,31.2,33.7,36.3
143421,神奈川県二宮町,78.7,86.9,88.6,84.8,68.2,69.7,79.5,72.7,74.2
143618,神奈川県中井町,,,,93.4,94.3,95.5,96,96.3,96.7
143626,神奈川県大井町,,,,93.3,94.1,95.4,95.9,96.3,96.7
143634,神奈川県松田町,,,,93.3,94.2,95.4,95.9,96.3,96.7
143642,神奈川県山北町,,36.8,56.6,77,80.3,81.8,83.8,85.6,87.2
143669,神奈川県開成町,,,,75.6,77.5,79.4,81.1,82.8,84.4
143821,神奈川県箱根町,100,99.9,99.9,100,100,100,100,100,99.9
143839,神奈川県真鶴町,,,,,,18.3,23.6,23.1,26.6
143847,神奈川県湯河原町,,,,,,18.3,23.6,23.1,26.6
144011,神奈川県愛川町,60.5,62.5,66.2,68.7,71.4,74.1,76.8,79.5,81.7
144029,神奈川県清川村,,,,,,,,,
151009,新潟県新潟市,49.1,53.8,57.7,61.5,64.8,68.1,71.3,74.5,77.6
152021,新潟県長岡市,44.6,48.4,52.1,55.5,58.2,63.1,66.9,46.1,46.1
152048,新潟県三条市,,,,,,,,,
152056,新潟県柏崎市,89.3,89.3,88.5,87.5,88.3,89.2,90.1,91,91.8
152064,新潟県新発田市,,,78.3,81.2,82.9,84.8,86.7,87.6,88.2
152081,新潟県小千谷市,67.8,67.1,67.5,68,69.5,63.5,64.7,64,63.5
152099,新潟県加茂市,,,,,,,,,
152102,新潟県十日町市,,57.6,60,62.4,64.9,67.4,67.8,41.4,43.4
152111,新潟県見附市,,,,,33.1,35.9,38.6,41.1,21
152129,新潟県村上市,,23.1,25.8,28.5,52.2,55.2,57.8,60.6,63
152137,新潟県燕市,,,33.3,36.1,39,41.8,44.5,47.3,49.2
152161,新潟県糸魚川市,,73.9,77,80.1,48.3,50.7,53.2,55.6,44.8
152170,新潟県妙高市,75.9,,,,,68.7,71.4,74.2,53
152188,新潟県五泉市,,,,89.2,90.3,92.1,93.2,94.2,97.3
152226,新潟県上越市,52,54.7,13.7,22.7,23,29.1,34,35.6,40.6
152234,新潟県阿賀野市,,54.8,59.1,62.3,62.3,65.3,66.3,61.7,64.4
152242,新潟県佐渡市,,45.5,45.5,48.3,53.9,57.4,58.9,,
152251,新潟県魚沼市,35.9,45.9,48.9,51.4,53.9,56.1,58.6,61.1,63.5
152269,新潟県南魚沼市,37,38.3,35.3,38.7,41.9,44.3,45.5,49.3,50.2
152277,新潟県胎内市,,6.1,65.9,59,68.2,70.5,73.4,75.4,85.2
153079,新潟県聖籠町,,22.5,29.9,,,,,,
153427,新潟県弥彦村,,,,,,,,,
153613,新潟県田上町,,,,,,,,,
153851,新潟県阿賀町,77.9,77.9,80.3,80.2,81.1,82.3,77.6,79,79
154059,新潟県出雲崎町,,,,,,,,,
154610,新潟県湯沢町,,,,,,,,,
154822,新潟県津南町,,83.5,86.2,88.9,91.5,94.5,94,94.4,94.8
155047,新潟県刈羽村,,,,,,,,,
155811,新潟県関川村,,,,,,,,,
155861,新潟県粟島浦村,,89.6,,,,,,76.1,80.4
162019,富山県富山市,,64.9,67.6,70.3,70.3,75.6,78,80.5,82.9
162027,富山県高岡市,52.7,44.1,57.6,47.8,48.9,50.9,52.4,56.5,58
162043,富山県魚津市,,,,,66.6,68.5,69.5,72.1,73.9
162051,富山県氷見市,,21.8,46.1,,,,59.6,65.2,65.3
162060,富山県滑川市,37,28.5,31.8,35.1,38.4,41.7,45,48.3,51.6
162078,富山県黒部市,,64.2,65.1,64.7,66.6,68.5,69.5,72.1,73.9
162086,富山県砺波市,,,,,,,,,
162094,富山県小矢部市,,55.6,56,58.7,61.4,64.1,66.7,69.3,71.9
162108,富山県南砺市,,,,,,,,,
162116,富山県射水市,,57.3,59,62.1,64.8,67.9,55.9,59.7,63.4
163210,富山県舟橋村,,,,,,,,,
163228,富山県上市町,31.5,34.8,38.1,41.4,44.7,48,51.3,54.6,
163236,富山県立山町,,,69.9,74.3,79.4,84.4,85.5,86.1,87.2
163422,富山県入善町,,,65.1,64.7,66.6,68.5,70.3,72.1,73.9
163431,富山県朝日町,31.9,64.2,65.1,64.7,66.6,68.5,70.3,72.1,73.9
172014,石川県金沢市,,,,64.3,66.1,69.1,73.1,72.9,73.8
172022,石川県七尾市,,80,,58.4,61.1,63.9,66.4,31.8,35.2
172031,石川県小松市,,60.3,62.3,41.5,44.4,42.2,44.6,47.7,47.4
172049,石川県輪島市,,37.3,,,,,,48.1,49.9
172057,石川県珠洲市,41.2,56.3,67.4,69.8,72.2,74.5,52.4,41.4,42.4
172065,石川県加賀市,,53,55.9,58.8,61.6,64.5,67.4,58.1,60.8
172073,石川県羽咋市,,,,,,,,,
172090,石川県かほく市,,63.4,,,,,,,
172103,石川県白山市,,68.1,,,,,,,
172111,石川県能美市,,,81.7,77.5,78.4,79.9,81.3,82.6,83.4
172120,石川県野々市市,,72.6,66.5,67.6,69.1,70.8,72.5,73.5,73.5
173240,石川県川北町,,69.9,73.7,76.7,79.7,82.7,85.6,88,90
173614,石川県津幡町,,70.2,69.9,71.3,72.8,74.3,75.7,33.2,33.2
173657,石川県内灘町,,65.6,67.5,69.2,71.2,71.7,73,41.7,43.8
173843,石川県志賀町,,,,,,,,,
173860,石川県宝達志水町,,,,,,,,,
174076,石川県中能登町,,,,,,,,,
174611,石川県穴水町,,0,11.4,22.8,34.2,45.6,57,57,76.3
174637,石川県能登町,,58.1,43.3,56.6,59,61.4,64.3,50.6,51.4
182010,福井県福井市,,,66.1,74.4,77,79.7,82.3,84.9,87.5
182028,福井県敦賀市,47.3,49.9,55.1,57.5,59.4,63.7,65.4,66.9,68.8
182044,福井県小浜市,,33.7,38.9,44.2,49.4,54.6,59.9,65.1,
182052,福井県大野市,,48.5,50.4,52.3,54.2,56.5,58.4,60.2,61.8
182061,福井県勝山市,,36.2,38.6,41,43.1,45.6,48.5,50.4,52.6
182079,福井県鯖江市,,,,,,,,,
182087,福井県あわら市,,39.7,44.3,48.9,52.9,57.6,62.3,67,71.6
182095,福井県越前市,,,,,,,,,
182109,福井県坂井市,,,,,,,,,
183229,福井県永平寺町,,39.7,44.3,48.9,52.9,57.6,62.3,66.9,71.6
183822,福井県池田町,,,,,,,,,
184047,福井県南越前町,,,84.5,85.7,86.9,51.2,54.7,57.9,57.9
184233,福井県越前町,,,,,,,,,
184420,福井県美浜町,,,100,100,100,100,100,100,100
184811,福井県高浜町,37.3,,52.7,55.4,44.4,47.1,49.5,52.2,54.9
184837,福井県おおい町,,66.2,69.2,,,,,,81.8
185019,福井県若狭町,,,85.4,85.4,86.9,86.9,86.9,91.5,68.7
192015,山梨県甲府市,71.1,74.4,77.2,77.2,80,81.5,82.9,84.3,85.8
192023,山梨県富士吉田市,42.2,39.6,41.8,42.9,44.7,29.2,32.9,37.1,41.3
192040,山梨県都留市,,,,,,,,,
192058,山梨県山梨市,82.4,85,89.8,92.2,94.5,95,95.5,82.1,75.9
192066,山梨県大月市,,,62.9,65.6,68.3,71,76.4,79.1,79.1
192074,山梨県韮崎市,54.5,58.3,38.1,41,43.3,45.6,48.6,51.4,53.9
192082,山梨県南アルプス市,57.8,,66,70.8,73.9,76.3,56.1,82.2,82.2
192091,山梨県北杜市,,,37.1,41.7,39.8,44.4,47,49.7,52.4
192104,山梨県甲斐市,,,88.5,68.7,71.4,73.3,75.4,77.1,75.4
192112,山梨県笛吹市,100,63.4,100,8,11.2,14.5,14.2,32.5,35.2
192121,山梨県上野原市,51.8,51.8,54.9,55.6,58.2,60.9,63.5,66.2,68.8
192139,山梨県甲州市,54.8,57.5,44.2,46,45.7,42.2,28.3,30.5,34.9
192147,山梨県中央市,,,76,72.4,75.2,77.2,79.3,82.5,83.9
193461,山梨県市川三郷町,,,58.8,57.2,65,58.9,60.5,62.1,66.4
193640,山梨県早川町,,,57,57.2,55.2,61,63.3,68,67.7
193658,山梨県身延町,,,68.7,57.7,59.8,62.1,64.8,68,71
193666,山梨県南部町,,99.4,99.4,92,56.5,59,61.6,64.5,66.8
193682,山梨県富士川町,,,61.3,72.3,78,79.9,82.4,85.8,87.1
193844,山梨県昭和町,,,76.2,71.5,75.7,77.8,78.8,82.3,83.7
194221,山梨県道志村,,,,,,,,,
194239,山梨県西桂町,,,,,,,,,
194247,山梨県忍野村,,,,,,,,,
194255,山梨県山中湖村,64.9,67.6,69.2,70.4,73.1,78.4,79.4,83.7,86.4
194298,山梨県鳴沢村,,,,,,,,,
194301,山梨県富士河口湖町,77.3,75.9,53.5,59.5,62,65.6,66.2,72.4,73
194425,山梨県小菅村,30.8,37.5,2.3,0.1,74.6,76,81.7,83.5,81.7
194433,山梨県丹波山村,100,,0,0.1,4,10,13.1,16.7,20.1
202011,長野県長野市,,,,41.9,45,36,39.9,37.4,44.2
202029,長野県松本市,,75.5,50.6,76.3,78,79.6,81.2,82.7,84.4
202037,長野県上田市,,,95.2,95.9,96.6,97.3,97.3,98,98.6
202045,長野県岡谷市,,83.1,5.9,8.5,11.4,16.4,16.5,21.5,24
202053,長野県飯田市,,33.4,17.8,21,24.3,27.8,31.3,34.8,38.3
202061,長野県諏訪市,62.2,64.4,20.8,22.6,9.7,12.6,15.3,17.8,20.5
202070,長野県須坂市,,98,98.2,98.5,98.6,98.8,99.1,99.3,98.4
202088,長野県小諸市,,11,12.7,15.1,50.5,66.2,67.5,68.8,70
202096,長野県伊那市,,68.1,81.7,40.4,48.5,51.1,56.2,65.9,72.3
202100,長野県駒ケ根市,,88,86.9,36.3,40.2,37.3,40.1,45.6,50.3
202118,長野県中野市,,69.8,59.2,68.7,67.1,67.2,66.7,76,76.7
202126,長野県大町市,64.6,67.3,65.8,68.5,71.2,73.9,76.6,79.3,82
202134,長野県飯山市,,51.9,56.2,59.4,62.6,65.6,68.8,73.9,75
202142,長野県茅野市,92.6,93.1,90.1,90.3,88.2,89.4,53.7,54,59
202151,長野県塩尻市,,75.7,75.8,76.6,78.4,80.1,81.7,83.4,85
202177,長野県佐久市,37.8,37.8,37.8,40.5,45.9,48.6,51.3,54,63.2
202185,長野県千曲市,,74.1,73.1,42.7,46.6,47.6,50.4,47.2,49
202193,長野県東御市,79.8,79.2,60.6,62.7,64.2,66.8,70.8,73.5,75.2
202207,長野県安曇野市,,61.2,63.1,63.4,66.3,52.2,36.4,44.4,46
203033,長野県小海町,,68.3,72.6,75.9,75.9,82.5,85.8,89.1,92.4
203041,長野県川上村,,100,100,100,100,41.9,43,45,47
203050,長野県南牧村,,52.8,56.1,14.9,23.3,31.6,39.9,44.4,4
203068,長野県南相木村,,43.9,92,77.4,51.8,,,,
203076,長野県北相木村,,,47.8,52.2,,,,,
203092,長野県佐久穂町,,87.2,47.1,49.8,52.5,55.2,57.9,59.1,64.3
203211,長野県軽井沢町,26.8,26.6,55.7,58.4,55.4,52.2,52.4,55.5,58.6
203238,長野県御代田町,30.6,,,,,44.1,46.8,49.5,52.2
203246,長野県立科町,,54.3,50.3,43.9,89.8,29,32.1,30.5,32.6
203491,長野県青木村,,7.2,67.1,20.2,57.8,59.4,62.2,64.6,67
203505,長野県長和町,,97.9,72.2,74.6,76.8,79.3,81.6,84.2,86
203611,長野県下諏訪町,51.2,51.3,69.3,49.1,52,54.7,57.5,60.2,84.5
203629,長野県富士見町,,91.8,93.5,94.3,95.1,95.8,66.3,68.7,71
203637,長野県原村,,92.1,92.8,94.3,94.4,95.7,64.2,67.3,79.2
203823,長野県辰野町,,67.4,78.9,21.5,28.8,28.8,31.4,40.2,47.7
203831,長野県箕輪町,,79.9,77.3,27.8,42.1,43.5,50.7,56.7,61.5
203840,長野県飯島町,,85.3,84.1,30.5,37.2,32.4,36.7,43.4,49.5
203858,長野県南箕輪村,,67.4,75.9,41.4,42,48.4,32.9,34.9,36.5
203866,長野県中川村,,82.6,51.6,30.1,36.5,30.2,31.4,42.4,48.8
203882,長野県宮田村,,67.4,67.5,17.8,32.1,30.1,34.7,42.3,48.9
204021,長野県松川町,62.7,47.7,48.1,30.5,33.8,33.7,40.9,44.4,47.9
204030,長野県高森町,,33,21.1,20.5,28.2,31.7,35.2,38.6,42
204048,長野県阿南町,,20.7,16.4,27,8.4,12.7,16.9,21.1,25.4
204072,長野県阿智村,,38.1,17.6,21.2,24.7,55.8,33.2,61.2,64.4
204099,長野県平谷村,,41.5,21.6,32.7,30.9,32.9,34.8,42.9,45.4
204102,長野県根羽村,,62.1,88.5,88.9,90.8,70.1,38.8,43.7,48.7
204111,長野県下條村,,37.7,16.8,8.4,23.9,27.5,35.8,39.4,43.1
204129,長野県売木村,,36.7,16.8,19.9,23.9,32.2,35.8,39.4,43.1
204137,長野県天龍村,,33.8,21.5,25,28.5,32.2,35.9,35.9,43.2
204145,長野県泰阜村,,24.8,21.1,19.9,,,33.3,40.6,47.2
204153,長野県喬木村,,41.2,21.4,25,28.5,27.5,30.5,34.8,40
204161,長野県豊丘村,,42.1,21.4,25,28.5,32.2,35.9,39.5,43.2
204170,長野県大鹿村,,26.5,22.8,26.9,30.3,33.8,36.3,39.7,43
204226,長野県上松町,,68.9,71.6,17.4,18.1,18.7,21.2,23.9,26.6
204234,長野県南木曽町,,49.5,71.6,17.4,18.1,18.7,21.2,23.9,27.7
204251,長野県木祖村,,68.9,71.6,17.4,18.1,18.7,21.2,23.9,26.6
204293,長野県王滝村,,68.9,71.6,17.4,18.1,18.7,21.2,23.9,26.6
204307,長野県大桑村,,68.9,71.6,17.4,18.1,18.7,21.2,23.9,26.6
204323,長野県木曽町,,68.9,71.6,17.4,18.1,18.7,21.2,23.9,26.6
204463,長野県麻績村,,60.9,62.7,62.8,,52.3,55.5,58.8,62
204480,長野県生坂村,,60.9,62.7,53.5,50.8,32.8,34.9,43,44.5
204501,長野県山形村,,68.9,71.3,73.3,75.1,76.9,78.7,80.5,82.4
204510,長野県朝日村,,75.5,74.5,76.3,78,79.6,81.2,82.7,84.4
204528,長野県筑北村,,52,53.1,76.5,76.6,32.8,34.9,43,44.5
204811,長野県池田町,,60.9,62.7,62.8,65.7,65.7,50.8,42.9,44.5
204820,長野県松川村,,60.9,62.7,65.7,50.8,32.8,34.9,43,44.5
204854,長野県白馬村,,85.1,69.5,72.2,75.1,72.9,75.6,78.3,81
204862,長野県小谷村,,85.1,67.1,69.8,72,72.9,75.6,78.3,81
205214,長野県坂城町,,75.7,75.4,72.7,74.7,77.9,24.7,22.8,26
205419,長野県小布施町,,54.7,59.2,63.8,68.2,72.9,77.2,81.4,82
205435,長野県高山村,,60.5,91,93.1,95.2,97.3,99.4,,
205613,長野県山ノ内町,,54.7,59.2,63.8,68.2,72.9,77.2,81.4,82
205621,長野県木島平村,53.4,51.9,56.2,59.4,62.6,65.6,68.8,71.9,74.9
205630,長野県野沢温泉村,72.1,51.9,56.2,59.4,62.6,65.6,68.8,73.9,75
205834,長野県信濃町,,70.8,26.1,26.1,31.7,37.4,37.4,40.3,43.1
205885,長野県小川村,,,,0,,,,,
205907,長野県飯綱町,,85.6,86.9,66.8,66,45.2,48.6,48.5,49.6
206024,長野県栄村,,83.9,86.4,88.9,91.5,96.5,91.4,91.9,92.6
212016,岐阜県岐阜市,,54.5,57.7,60.7,61.8,67.7,42.5,45.8,49.2
212024,岐阜県大垣市,,85.2,84.2,71.7,73.6,75.7,77.4,79,80.7
212032,岐阜県高山市,89.1,90.4,91.6,93,94.2,95.5,96.6,97.7,98.1
212041,岐阜県多治見市,68.2,71.4,73.6,76.2,74.9,76.9,78.8,80.7,79
212059,岐阜県関市,,,84.5,85.9,87.5,88.7,89.8,91.2,92.5
212067,岐阜県中津川市,55.2,55.1,55.2,56.6,51,53,54.8,56.8,58.7
212075,岐阜県美濃市,,,64.9,68.6,71.2,71.2,62,76.5,81.6
212083,岐阜県瑞浪市,51.9,56.8,59.8,62.4,65.8,63.4,64.2,65.6,68.7
212091,岐阜県羽島市,,80.4,82.2,84,85.8,87.5,89.1,90.7,91.9
212105,岐阜県恵那市,,71.4,73.1,72.6,74.4,76,70.1,79.3,80.7
212113,岐阜県美濃加茂市,,,,44.1,43.8,46.3,48.5,50.7,52.9
212121,岐阜県土岐市,63.1,63.1,61.4,60.3,60.9,63.4,65.9,68.2,70.3
212130,岐阜県各務原市,40.9,43.6,45.9,48.4,49.6,50.6,52.4,54.7,57
212148,岐阜県可児市,,56.8,,43.9,43.7,46.1,48.4,50.5,52.7
212156,岐阜県山県市,21,18.5,20.6,22.7,24.7,36.7,28.9,31,33.1
212164,岐阜県瑞穂市,,,,,,,,,
212172,岐阜県飛騨市,34.2,36.9,39.5,40.5,43.2,45.2,49,51.3,54.1
212181,岐阜県本巣市,50.6,54.2,57.5,60.8,64,67.1,69.8,69,71.5
212199,岐阜県郡上市,,50.6,43.9,47.4,49.7,53.7,57.7,65.6,68.3
212202,岐阜県下呂市,54.8,59.7,63.6,68,70.7,73.4,76.1,78.8,48.9
212211,岐阜県海津市,,,,,,,,,
213021,岐阜県岐南町,,,,,,,,,
213039,岐阜県笠松町,,,,,,,,,
213411,岐阜県養老町,,25.6,,,43.2,45.6,48,50.4,52.8
213616,岐阜県垂井町,54.7,61.2,50.8,54.9,58.4,61.7,57.8,61.7,56.8
213624,岐阜県関ケ原町,,68.1,69.8,71.4,73.1,73.6,75.3,54,56.1
213811,岐阜県神戸町,,,,,,,,,
213829,岐阜県輪之内町,,,,,,,,,
213837,岐阜県安八町,,56.2,,,,,,,
214019,岐阜県揖斐川町,53.5,56.7,44.3,47.6,50.7,54,58.5,59.2,62.6
214035,岐阜県大野町,67.8,72.4,91.2,64.8,67.9,70.9,72.3,97.3,97.5
214043,岐阜県池田町,60.3,42.5,38.7,39.9,39,40.2,41.3,41.5,42
214213,岐阜県北方町,30.5,43.1,37.7,40.5,43.3,45.8,48.4,50.9,53.5
215015,岐阜県坂祝町,,,,,,,,,
215023,岐阜県富加町,,56.8,58.8,43.9,43.7,46.1,48.4,50.5,52.7
215031,岐阜県川辺町,,,,,,,,,
215040,岐阜県七宗町,,,,,,,,,
215058,岐阜県八百津町,,56.8,58.8,43.9,43.7,46.1,48.4,50.5,52.7
215066,岐阜県白川町,,,,,,,,,
215074,岐阜県東白川村,,,,,,46.1,48.4,50.5,52.7
215210,岐阜県御嵩町,,50.7,53.4,,,,,,
216046,岐阜県白川村,50.4,49.5,51.9,51.8,51.6,54.9,58.2,64,66.8
221007,静岡県静岡市,40.3,42.9,43.8,45.9,52.6,55.3,54,56.2,37.8
221309,静岡県浜松市,48,52.7,52.7,63.6,65.6,68.7,71,72,
222038,静岡県沼津市,,76.3,75.3,74.3,75.7,75.9,76.6,77.9,78.8
222054,静岡県熱海市,,50,46.6,47.5,49.7,53.5,57.2,62.3,67
222062,静岡県三島市,65.5,68.6,70.7,73.1,75.4,77.7,79.9,82.2,84.4
222071,静岡県富士宮市,,58.5,60.8,61.3,60.2,62.5,64.9,67.2,67.4
222089,静岡県伊東市,63.6,65.6,67.1,68.4,70,71.4,72.4,73.8,
222097,静岡県島田市,73,75.9,78.9,81.5,84.5,78.3,80.6,84.6,85.8
222101,静岡県富士市,,41.3,43.1,44.9,46.6,48.8,50.8,24.5,31.4
222119,静岡県磐田市,39.1,51.2,49.5,51,55.4,59.4,63.3,67.5,71.5
222127,静岡県焼津市,,68.8,70.5,70.1,71.1,24.7,18.8,22.7,23.1
222135,静岡県掛川市,,46,49.9,52.8,56.6,66,67.4,69.9,72.2
222143,静岡県藤枝市,,67.2,68.9,70.5,72.5,73.9,75.8,77.6,79.5
222151,静岡県御殿場市,48.6,62.7,36.6,40.1,44,47.9,51.8,55.7,59.6
222160,静岡県袋井市,,34.8,47.9,49.2,52.6,54.9,58.4,60.3,60.4
222194,静岡県下田市,,71.2,76.6,87,89.8,80,82.2,81.2,82.4
222208,静岡県裾野市,,42.9,44.7,48.3,50.8,54.1,48,51.5,55.2
222216,静岡県湖西市,51.8,53.1,55.4,57.6,59.9,62,62.6,64.9,63.3
222224,静岡県伊豆市,19.1,25.7,29.7,33.7,37.7,41.7,45.7,25,29
222232,静岡県御前崎市,,76.3,76.3,77.2,78.2,79,80.1,80.4,81
222241,静岡県菊川市,70.2,73.1,76.1,78.9,76,78.5,80.9,83.5,88.1
222259,静岡県伊豆の国市,,74.5,75.6,77.9,79.8,81.5,45.1,24.8,27.8
222267,静岡県牧之原市,,,,67.4,69.4,71.2,73.2,74,75.6
223018,静岡県東伊豆町,46.4,62.1,51.6,54.4,37.5,42.5,42.9,49.9,48.5
223026,静岡県河津町,,53.8,47.7,50.5,31.4,37,36.8,44.8,43.3
223042,静岡県南伊豆町,62.5,,74.5,84.9,88.2,89.8,94.8,95.3,95.3
223051,静岡県松崎町,,59.4,62.8,66.1,69.4,72.7,76,79.3,82.5
223069,静岡県西伊豆町,,,59.4,61.3,63.4,65.6,67.8,69.4,70.2
223255,静岡県函南町,49.2,,47.5,49.8,51.7,54.1,57.6,62,63.3
223417,静岡県清水町,,,,,,,,,
223425,静岡県長泉町,45.5,55.5,54.3,53.5,57.7,57.3,51.1,54.8,57
223441,静岡県小山町,,63.1,35.4,39.2,43.2,47.1,51,54.9,58.8
224243,静岡県吉田町,,53,54.8,57.5,60.2,62.4,65.2,67.9,70.6
224294,静岡県川根本町,,67.7,84.9,87.2,88.1,88.9,89.7,87.7,88.4
224618,静岡県森町,,,89.2,48.6,51.3,54,54.7,59.9,62.3
231002,愛知県名古屋市,68.3,70.6,72.8,74.9,75.3,57.8,57.8,63.7,
232017,愛知県豊橋市,50.5,53.2,55.4,57.6,59.8,62.1,64.3,66.5,68.7
232025,愛知県岡崎市,,58,60.5,63,65.2,67.8,70.3,72.8,74.9
232033,愛知県一宮市,42.9,58.7,35.8,42.2,45.9,48.4,52,56.8,61.5
232041,愛知県瀬戸市,,58.1,60.5,62.9,64.5,66.9,68.9,70.9,73
232050,愛知県半田市,,25.8,28.2,30.5,32.7,35.2,37.5,39.3,39.3
232068,愛知県春日井市,,73.2,76.6,76.6,79.1,80.2,80.7,80.8,79.7
232076,愛知県豊川市,,33.2,35.3,38.6,41.8,45.1,48.3,51.5,54.8
232084,愛知県津島市,,76.8,80.1,83.4,86.7,90,93.3,94.4,94.7
232092,愛知県碧南市,72.8,58.1,59.9,61.5,62.6,62.2,63.5,65.6,66.4
232106,愛知県刈谷市,,51.7,52.3,53.8,55.3,57.5,56.5,59.1,60.9
232114,愛知県豊田市,31.1,34.1,37,40,43,45.9,48.4,49.9,52.3
232122,愛知県安城市,89.2,84.5,90.7,91.4,92.1,92.8,93.5,93.7,94.3
232131,愛知県西尾市,40,42.5,45.1,47.7,50.2,52.8,66.3,69.3,72.3
232149,愛知県蒲郡市,,55.7,,,,,,,
232157,愛知県犬山市,68.7,67.7,64.8,63.3,63.2,65.9,66.6,71.5,74.2
232165,愛知県常滑市,,83.1,85.4,86.9,88.7,90,91.6,84.6,81.1
232173,愛知県江南市,,74.7,76.5,79.2,81.5,83.6,85.4,87.3,88.9
232190,愛知県小牧市,,10.8,11.1,11.8,13,14.1,42.9,47.4,51.7
232203,愛知県稲沢市,51.4,53,54.7,56.3,58,59.5,61.1,62.7,64.3
232211,愛知県新城市,,52.4,53.6,54.5,55.7,59.5,57.4,57.8,59.6
232220,愛知県東海市,52.7,55.4,58.1,60.5,63.2,65.9,68.6,71.3,72.8
232238,愛知県大府市,,83.5,83.9,23.2,25.9,21.4,21.4,25.6,28.3
232246,愛知県知多市,27.9,30.3,33,35.7,38.4,41.1,43.4,46.1,48.8
232254,愛知県知立市,,35,36.9,39.7,41.1,44,46.6,49.4,51.8
232262,愛知県尾張旭市,,53.6,56.2,70.5,71.5,72.5,76,71.7,70.1
232271,愛知県高浜市,,59.9,59.9,61.5,62.6,62.2,63.5,65.6,66.4
232289,愛知県岩倉市,,24.2,28.3,31.8,36.3,40.9,45.4,49.9,54.3
232297,愛知県豊明市,,59.4,61.9,28.7,31.4,27.5,29.1,31.7,34.3
232301,愛知県日進市,,,,,,,,,
232319,愛知県田原市,82.8,85,84.9,87,89.1,95.8,96.8,97.6,98.6
232327,愛知県愛西市,,46.4,48.8,51.2,53.6,56,58.4,60.8,63.2
232335,愛知県清須市,,,,64,69.2,71.9,77.2,81.3,84.9
232343,愛知県北名古屋市,,,,,73.2,77.1,79.2,61.1,61.8
232351,愛知県弥富市,,46.9,49.3,51.7,54.2,56.6,58.9,61.3,63.7
232360,愛知県みよし市,,16.2,18.3,,,,26.4,28.4,30.3
232378,愛知県あま市,,2.7,5.8,8.8,6.7,9.4,12.8,19.7,26.6
232386,愛知県長久手市,44.4,53.6,56.2,58.7,70.9,73.4,74.6,76.7,79.2
233021,愛知県東郷町,,,,,,,,,
233421,愛知県豊山町,,,,,,,,,
233617,愛知県大口町,,75.1,,82.3,84.5,86.4,86.3,87.8,89.5
233625,愛知県扶桑町,,74.7,76.4,,81.4,83.4,85.3,87.1,73.9
234249,愛知県大治町,,46.6,49,51.4,49,36.2,42.9,49.4,55.9
234257,愛知県蟹江町,,,,,,,,,
234273,愛知県飛島村,,,,,,,,,
234419,愛知県阿久比町,,,,27.2,27.3,24.5,26.3,29,31.8
234427,愛知県東浦町,,56.8,61.9,28.7,29.2,30.8,32.4,29,31.7
234451,愛知県南知多町,,,,,,,83.8,78.2,70.2
234460,愛知県美浜町,,,,,,,,,
234478,愛知県武豊町,78,82.9,85.3,86.9,88.7,90.2,43.5,49,26.6
235016,愛知県幸田町,,47.7,30.7,33.6,36.6,39.6,42.5,45.3,48.1
235610,愛知県設楽町,,,,,,,,,
235628,愛知県東栄町,,,,,,,,,
235636,愛知県豊根村,,,,,,,,,
242012,三重県津市,,67.3,69.7,72.1,73.7,74.8,76,77.1,78.3
242021,三重県四日市市,26.7,30.6,34.5,38.4,42.2,44.8,48.4,52,55.2
242039,三重県伊勢市,93.6,94.4,95.1,95.8,96.4,97.1,97.8,98.1,98.4
242047,三重県松阪市,,7,9.8,35,36.3,42.4,30.2,33.2,35.7
242055,三重県桑名市,,52.1,56,59.8,62.1,64.5,66.6,68.7,47.8
242071,三重県鈴鹿市,,31.3,34.3,37.4,40.4,33.1,35.6,38,45.1
242080,三重県名張市,,,,,,36.9,38.2,63.1,
242098,三重県尾鷲市,,36.4,39.9,43.5,46.5,49.4,51.8,54.1,56.4
242101,三重県亀山市,,77,81.4,79.6,81.2,81.3,81.4,87.7,88.4
242110,三重県鳥羽市,,,,,,,,,82.5
242128,三重県熊野市,,,,,,,,56.6,67.1
242144,三重県いなべ市,,62.3,65.1,66,66.1,67.9,75.2,78,80.7
242152,三重県志摩市,,20.2,22.7,25.9,30.1,32.6,36.2,39.2,40.3
242161,三重県伊賀市,,39.7,41.8,48.4,50.9,32.3,35.2,36.7,40
243035,三重県木曽岬町,,,,,,,,,
243248,三重県東員町,,,,,,,,,
243418,三重県菰野町,59.1,61.8,35.6,38.3,41.1,43.8,46.5,49.2,
243434,三重県朝日町,,,,,,,,,
243442,三重県川越町,,,,,,,,,
244414,三重県多気町,,,51.2,53.9,56.3,54.8,57.5,60,61.5
244422,三重県明和町,,,,,,,68.8,72.5,75.9
244431,三重県大台町,,,,,,,,,
244619,三重県玉城町,73,94.4,95.1,95.8,96.5,97.1,97.8,98.1,98.4
244708,三重県度会町,73,94.4,95.1,95.8,96.5,97.1,97.1,98.3,98.4
244716,三重県大紀町,,,,,,,,,
244724,三重県南伊勢町,,59.2,61.2,72.5,74.5,76.3,77.9,80.9,82.8
245437,三重県紀北町,68.8,68.4,56.3,71.9,74.4,74.4,70.9,73,75.1
245615,三重県御浜町,83.9,88.5,88.5,90.8,93.1,95.3,97.6,,
245623,三重県紀宝町,61.9,53.8,56.1,58.2,60.9,63.8,65.9,69.1,
252018,滋賀県大津市,,59.7,62.3,72.6,75.2,77.9,18.4,17.5,20
252026,滋賀県彦根市,,,,,,,,,
252034,滋賀県長浜市,67.4,69.8,72.6,74.8,74.8,76.5,78.2,79.9,81.6
252042,滋賀県近江八幡市,,12.2,15.7,20.4,25.1,29.9,34.6,39.3,43.4
252069,滋賀県草津市,,56.7,5.5,11.2,17.6,23.6,29.6,34.8,39.9
252077,滋賀県守山市,64.6,69.5,73,76.9,80.6,84,29.2,35,37.9
252085,滋賀県栗東市,42.1,45.2,47.1,49.6,50.9,52.9,55.4,58.8,61.7
252093,滋賀県甲賀市,45.2,48.6,51.3,53.9,56.2,58.7,61.2,63.8,66.3
252107,滋賀県野洲市,,41.3,20.1,22.9,25.4,27.8,29.7,32.6,35
252115,滋賀県湖南市,45.2,58.8,61.7,64.7,67.5,70.4,73.4,76.3,79.2
252123,滋賀県高島市,81.6,77.9,69.9,71.2,72.5,73.8,75,76.2,76.9
252131,滋賀県東近江市,,57.1,,,,,,,
252140,滋賀県米原市,,,65.1,67.3,67.3,46.1,48.1,50,51.9
253839,滋賀県日野町,,71.9,,,,,,,
253847,滋賀県竜王町,,,,,,,,,
254258,滋賀県愛荘町,,,58.6,67.6,45.2,49.6,51.9,54.5,57.9
254410,滋賀県豊郷町,,,63.2,66.4,69.7,72.9,76.8,75.6,79.1
254428,滋賀県甲良町,,100,,,,100,100,100,100
254436,滋賀県多賀町,,,63.2,66.4,69.7,72.9,74.5,75.6,64.6
261009,京都府京都市,,,56.5,58.3,49,51,52.8,54.9,56.9
262013,京都府福知山市,48.6,76,76.8,77.6,79.3,80.9,79.6,79.1,77.8
262021,京都府舞鶴市,,75.4,65.6,67.7,70.3,72.6,75,65.6,54.7
262030,京都府綾部市,54.4,68.9,72,73.4,74.8,74.3,75.6,76.6,76.9
262048,京都府宇治市,,,,,,,,,
262056,京都府宮津市,72.3,54,56.7,59.4,62.1,64.8,6.1,6.5,
262064,京都府亀岡市,61.1,61.1,63.8,66.6,68.7,70.7,72.8,74.9,76.9
262072,京都府城陽市,87.9,88.6,90.2,90.5,92.4,94.4,,,
262081,京都府向日市,,42,74.2,74.2,76.1,77.9,79.8,81.6,83.5
262099,京都府長岡京市,,66.9,69.1,74.2,76.1,77.9,79.8,81.6,83.5
262102,京都府八幡市,,,,,,,,,
262111,京都府京田辺市,68.9,71.2,73.5,75.8,78.1,80.3,82.2,84.4,96.3
262129,京都府京丹後市,64.8,67.3,69.9,72.4,74.9,77.4,79.3,80.9,82.4
262137,京都府南丹市,,,64.1,66.4,69.8,72.6,74.8,76.7,78.6
262145,京都府木津川市,,3,25.8,5.2,11.4,17.6,23.7,29.7,36
263036,京都府大山崎町,,72.4,74.2,74.2,76.1,77.9,79.8,81.6,83.5
263222,京都府久御山町,,,,,,,,,
263435,京都府井手町,75.6,,,,,,,,
263443,京都府宇治田原町,,78.6,66.9,64.6,56.5,60.3,63.8,62.6,63.6
263648,京都府笠置町,65.7,,,70.5,72,73.4,74.9,76.4,77.8
263656,京都府和束町,,,,,,72,,,
263664,京都府精華町,,,,70.5,72,73.4,74.9,76.4,77.8
263672,京都府南山城村,65.4,,68.4,70.5,72,73.4,74.9,76.4,77.8
264075,京都府京丹波町,,61.3,64.1,66.4,69.8,72.6,74.8,76.7,78.6
264636,京都府伊根町,50.3,53,55.7,58.4,61.1,63.8,66.5,68.1,70.5
264652,京都府与謝野町,47.1,79.7,80.9,80.7,83.1,84.2,85.4,86.5,87.6
271004,大阪府大阪市,68.1,71.3,74.3,77.4,79.5,81.5,81.7,76.9,76.9
271403,大阪府堺市,25.2,30.3,35.5,40.2,45.4,50.5,55.7,60.8,72.3
272027,大阪府岸和田市,,34,36.4,31.1,41.4,43.9,45.9,48.4,50.9
272035,大阪府豊中市,,9.7,14.4,19.5,24,29.1,34,38.9,43.9
272043,大阪府池田市,,68.4,71,73.9,47.7,50.6,52.7,54.7,56.8
272051,大阪府吹田市,38.5,40.6,32.6,35.3,37.9,40.6,43.3,45,48.6
272060,大阪府泉大津市,,52.6,55.9,58.1,60.3,62.4,64.6,66.7,76
272078,大阪府高槻市,,,,,,51.1,53.7,53.4,56
272086,大阪府貝塚市,,31.4,34,36.5,39,41.6,43.7,43.2,48.8
272094,大阪府守口市,78.1,80.5,82.9,85.3,87.8,81.5,81.5,76.9,76.8
272108,大阪府枚方市,69.8,67.6,72.9,68,69.2,71.6,73.4,70.6,70.1
272116,大阪府茨木市,,92.3,79.7,81.3,82.8,83,84.4,85.2,75.8
272124,大阪府八尾市,,36,38,40.1,42.3,44.5,47,49.5,51.3
272132,大阪府泉佐野市,,90.5,90.3,,,,68.3,71.1,73.9
272141,大阪府富田林市,66.8,66.6,68.4,70.4,72.4,73.8,75.4,77.2,79.1
272159,大阪府寝屋川市,59.5,63.2,24.3,30.6,37,43.2,52.3,56.7,61
272167,大阪府河内長野市,49,52.3,54.6,57,59.3,61.3,63.6,65.8,68.1
272175,大阪府松原市,,,74.4,77.4,79.4,81.5,81.7,76.9,76.8
272183,大阪府大東市,,33.8,36.9,39.4,41.7,45.2,46.6,49.3,51.9
272191,大阪府和泉市,,52.6,55.9,58.1,60.3,62.4,64.6,66.7,76
272205,大阪府箕面市,,66.9,,,,,,,
272213,大阪府柏原市,82,84.7,85.4,85.9,84.8,84.6,84.9,85.7,86.6
272221,大阪府羽曳野市,82,84.7,85.4,85.9,84.8,84.6,84.9,85.7,86.6
272230,大阪府門真市,85.3,84.1,85.3,85.8,81.8,83.6,83.1,84.2,84.8
272248,大阪府摂津市,,63.8,66.3,68.8,71.1,73.4,75.6,68,70.3
272256,大阪府高石市,85.3,84.1,85.3,58.1,60.3,62.4,64.6,66.7,76
272264,大阪府藤井寺市,82,,,68.4,84.9,84.8,85,85.9,86.8
272272,大阪府東大阪市,,34.5,37.6,40,42.2,44.5,47.2,50,52.6
272281,大阪府泉南市,,69.4,72,74.6,76.4,76.2,77.1,77.9,76.7
272299,大阪府四條畷市,46.2,52.9,15.3,17.4,19.8,22.1,24.5,24.7,27.1
272302,大阪府交野市,45.3,74.5,,18.7,21.2,23.8,26.5,23.4,25.4
272311,大阪府大阪狭山市,,72,73.4,75.1,76.7,77.6,78.9,80.4,81.7
272329,大阪府阪南市,,72,74.8,77.7,80.5,83.3,86.1,88.9,91.5
273015,大阪府島本町,59.2,61.9,68.1,68.8,63.9,66.6,66.4,66.2,68.7
273210,大阪府豊能町,,32.4,47.1,,,62.2,67.2,72.3,77.5
273228,大阪府能勢町,,41.3,60.8,70.8,80.9,90.8,100,100,100
273414,大阪府忠岡町,83.4,86.1,82.6,84.1,85.1,67.8,63.6,68.2,70.6
273619,大阪府熊取町,,70.5,73.2,75.9,78.6,81.3,84.1,82,84.8
273627,大阪府田尻町,,90.2,88.2,89.2,88.2,87.3,88.3,88.9,89.4
273660,大阪府岬町,87.4,89.2,89.7,88.3,95.5,90.3,96.7,90.6,91.1
273813,大阪府太子町,66.8,,,,,,,,
273821,大阪府河南町,,69.7,,,,,,,
273830,大阪府千早赤阪村,,,,,,,,,
281000,兵庫県神戸市,83.8,62.3,64.9,67.9,70.3,72.5,72.2,75.5,79.4
282014,兵庫県姫路市,47.3,51.4,55,58.8,53.9,58.5,56.3,61.4,66.5
282022,兵庫県尼崎市,63.8,67.2,71.3,75.3,78.5,79.1,80.1,82.5,82.9
282031,兵庫県明石市,48.1,48.3,48.7,49.5,52,53.9,54.2,55.6,58.6
282049,兵庫県西宮市,66,68.5,69.5,71.7,74,74.9,77.3,79.6,81.9
282057,兵庫県洲本市,,66.2,59.3,62.8,66.3,69.6,71.9,74.2,76.4
282065,兵庫県芦屋市,,64.3,66.9,63,65.6,67.7,69.8,72.2,75.9
282073,兵庫県伊丹市,,,72.4,74.7,75.4,79.2,80.2,79.2,69
282081,兵庫県相生市,,43.8,44.8,47.3,48.9,49.6,51.9,54.4,57.4
282090,兵庫県豊岡市,100,32.2,35.1,39.2,43.8,47.2,56.5,60.9,60.8
282103,兵庫県加古川市,44.7,47.4,50,52.7,55.3,57.8,60.3,62.9,65.4
282120,兵庫県赤穂市,,87.3,86.6,86.4,85.9,85.5,91.7,92.5,93.2
282138,兵庫県西脇市,,47.2,49.4,50.9,53.1,56,55.5,58.5,61.2
282146,兵庫県宝塚市,,70.4,73.1,75.8,78.5,81.2,83.8,86.5,46.2
282154,兵庫県三木市,54.4,56.6,59.3,62.5,65.2,67.9,68.5,71.2,73.9
282162,兵庫県高砂市,,62.1,52.9,66.2,69.5,72.8,76,8.6,13.4
282171,兵庫県川西市,,,,,,,,,
282189,兵庫県小野市,,,,,,,,,
282197,兵庫県三田市,44.1,46.4,48.6,50.9,53.2,55.5,48.2,47.9,
282201,兵庫県加西市,67.7,66.4,69.1,71.7,74.4,77.1,79.7,82.4,85.1
282219,兵庫県丹波篠山市,,48.4,51.3,40.3,57.6,60.7,34.7,37.6,40.5
282219,兵庫県丹波篠山市,,48.4,51.3,40.3,57.6,60.7,34.7,37.6,40.5
282219,兵庫県篠山市,,48.4,51.3,40.3,57.6,60.7,34.7,37.6,40.5
282219,兵庫県篠山市,,48.4,51.3,40.3,57.6,60.7,34.7,37.6,40.5
282227,兵庫県養父市,,23.2,28.4,33.6,38.8,44,49.2,54.5,59.6
282235,兵庫県丹波市,,30,30,32.4,25.5,32.2,34.9,37.7,40.4
282243,兵庫県南あわじ市,,65.7,68.9,70.7,72.9,,78,,
282251,兵庫県朝来市,,54.3,60.3,63.1,65.9,68.7,71.3,73.9,76.3
282260,兵庫県淡路市,,55.6,55.3,58.2,61.1,64,66.9,69.8,72.8
282278,兵庫県宍粟市,46.1,48.8,51,53.6,55.7,57.4,59.8,62.2,64.9
282286,兵庫県加東市,,46.6,,,91.3,92.2,87.9,89.7,89.2
282294,兵庫県たつの市,,54.5,52.3,55.3,62.6,64.4,66.4,63.5,65.7
283011,兵庫県猪名川町,,43.6,44.6,49.8,55,60.2,60.4,70.7,75.8
283657,兵庫県多可町,,,,,,,,,
283819,兵庫県稲美町,,74.9,74.9,77,79.1,,85.4,87.5,100
283827,兵庫県播磨町,,,,67.8,69.5,72.8,,,
284424,兵庫県市川町,,37.7,40.3,43,45.7,48.4,51.1,53.8,56.5
284432,兵庫県福崎町,,76.6,80.3,83.6,86.3,88.2,80.4,69.5,
284467,兵庫県神河町,,,,,,,,,
284645,兵庫県太子町,,,,,65.7,68.2,70.5,72.8,65.4
284815,兵庫県上郡町,,56.5,59.6,61.4,57.3,59.9,63,65.6,56.6
285013,兵庫県佐用町,,52.9,54.9,58.4,56.9,59.2,62.6,65.3,67.9
285854,兵庫県香美町,65.7,25.3,26.7,29.4,36.2,39.4,32.5,47.3,52
285862,兵庫県新温泉町,,,,,,29,34.6,59.7,43.8
292010,奈良県奈良市,82.6,85.3,81.5,84.1,85.7,87.4,87.8,88.5,89.8
292028,奈良県大和高田市,,64.9,63.3,62,64.7,66,70.9,72.3,73.5
292036,奈良県大和郡山市,,86.5,44.7,48.7,52.6,58.4,68.1,72,68.3
292044,奈良県天理市,88.8,88.4,90,91.2,90.6,89.9,90.3,70.1,91.3
292052,奈良県橿原市,51.6,73.2,78,81.2,83.4,84.9,86.3,87,87.7
292061,奈良県桜井市,,70.2,74.5,77.5,81.4,84.1,85.9,87.6,88.6
292079,奈良県五條市,63,64.7,67.2,62.1,73.3,44.2,47.2,50.2,53.2
292087,奈良県御所市,4.6,7.6,15.6,20.1,24.5,29,32.3,36.6,40.9
292095,奈良県生駒市,,67.8,68.6,69.4,70.3,72.9,75.3,77.8,80
292109,奈良県香芝市,,,,,,,,,
292117,奈良県葛城市,,2.3,5.3,10.5,15.8,21.1,26.4,31.6,36.9
292125,奈良県宇陀市,,71.7,77.3,76,,,87.4,79.8,62.1
293229,奈良県山添村,,,,,,,,,
293423,奈良県平群町,63,43.5,45.7,67,71.1,78.9,80.3,81.6,82.9
293431,奈良県三郷町,69.1,78.5,81.3,79.9,82.8,84.7,85.3,86.2,85
293440,奈良県斑鳩町,99.3,99.4,99.4,90.2,80.5,76.1,76.8,73.6,74.6
293458,奈良県安堵町,,65,67.7,70.4,73.1,75.8,,81.2,
293610,奈良県川西町,,,,,,,,,
293628,奈良県三宅町,,,,,,,,,
293636,奈良県田原本町,,85,,94.4,96.9,97.3,97.5,97.7,
293857,奈良県曽爾村,,,,,,90.2,91.4,92.4,67.4
293865,奈良県御杖村,,,,83.9,85.3,90.2,91.4,92.4,67.3
294012,奈良県高取町,,,75.9,55.7,72.7,81.8,100,100,100
294021,奈良県明日香村,,40.9,46.4,46.4,49.2,51.9,54,56.7,59.4
294241,奈良県上牧町,41.4,40.5,42.9,46,47,50.6,51.6,25.3,28.4
294250,奈良県王寺町,,72.2,77.3,82.6,87.6,89.1,90.3,96.7,94.6
294268,奈良県広陵町,20,24.8,31.7,34.2,36.5,39.1,40.5,40.3,43.9
294276,奈良県河合町,,85,85.9,87.4,88.8,90.3,90,91.5,90.6
294411,奈良県吉野町,,,9.3,17.4,26.8,36.2,45.3,54.7,95.5
294420,奈良県大淀町,,58.2,62.2,66,68.2,72.2,76.2,77.3,88
294438,奈良県下市町,82.5,84.5,86.6,85.9,91.6,90.2,90.8,91.7,92.7
294446,奈良県黒滝村,,,,,,,,,
294462,奈良県天川村,,,,,,,,,
294471,奈良県野迫川村,,,,,,,,,
294497,奈良県十津川村,,45.3,48.4,46.6,49.1,51.6,54,56.3,55.8
294501,奈良県下北山村,,,,,,,,,
294519,奈良県上北山村,,,,,,,,,
294527,奈良県川上村,78.4,81.9,85.2,88.4,91.7,94.9,98.2,100,100
294535,奈良県東吉野村,,,,,,,,,
302015,和歌山県和歌山市,82.5,73.7,76.8,78.1,68.4,70.4,72.5,74.5,76.6
302023,和歌山県海南市,65.2,66.9,68,69.9,72.3,66.4,68.5,70.4,71.4
302031,和歌山県橋本市,50,53.5,56.7,59.9,62.4,65,68,70.2,72.7
302040,和歌山県有田市,,79.1,81.3,82.2,83.1,83.6,81.8,81.4,10.9
302058,和歌山県御坊市,80,76.5,79.4,79.6,79.1,80.3,81.4,83.2,53.4
302066,和歌山県田辺市,70,47.6,48.3,56,58.6,61,63.3,65.7,68.2
302074,和歌山県新宮市,,57.5,29.1,31.6,33.9,36.5,39.3,41.4,42.8
302082,和歌山県紀の川市,28.3,35.1,37.6,37.8,38.7,41.9,45.3,48.7,52.3
302091,和歌山県岩出市,,24.4,35.3,37.9,40.4,43.1,46.1,48.3,50.7
303046,和歌山県紀美野町,,,,,,,,,
303411,和歌山県かつらぎ町,55.4,58.3,62.9,65.6,68.3,52.7,74,,
303437,和歌山県九度山町,53.3,,,,,,,,
303445,和歌山県高野町,67.6,70.9,74.3,79.9,81.6,84.8,95.2,,
303615,和歌山県湯浅町,,,,,,,,,
303623,和歌山県広川町,,,,,,,,,
303666,和歌山県有田川町,,39.1,42.4,40.6,44.3,48.1,51.9,54.7,58.6
303810,和歌山県美浜町,80,76.5,79.4,79.6,79.1,80.3,81.4,83.2,53.4
303828,和歌山県日高町,80,76.5,79.4,79.6,79.1,80.3,81.4,83.2,53.4
303836,和歌山県由良町,75.9,76.5,79.4,79.6,79.1,80.3,81.4,83.2,53.4
303909,和歌山県印南町,80,76.5,71.6,79.6,79,80.3,81.4,83.2,53.4
303917,和歌山県みなべ町,,,,,,,,,
303925,和歌山県日高川町,75.9,76.5,79.4,79.6,79.1,80.3,81.4,83.2,53.4
304018,和歌山県白浜町,82.9,83.7,84.6,66,64.8,67.2,69.6,72.1,74.5
304042,和歌山県上富田町,,56.1,59.4,62.7,66,69.3,72.2,74.2,76.3
304069,和歌山県すさみ町,,,56.5,59.1,61.8,64.5,67.2,69.8,72.5
304212,和歌山県那智勝浦町,58,60.4,60.7,60.7,65.7,68.4,71.1,73.8,76.5
304221,和歌山県太地町,70.7,70.7,72.7,74.1,74.3,75.8,57.6,60,62.6
304247,和歌山県古座川町,,100,100,100,100,,,,
304271,和歌山県北山村,,,,,,,,,
304280,和歌山県串本町,,20.2,18.8,22.8,27.1,31.5,29.6,33.7,37.6
312011,鳥取県鳥取市,72.8,65.5,68.2,79.4,69.7,75.5,75.2,85.8,46.9
312029,鳥取県米子市,81.7,86.7,87.4,,22.7,34.5,37.1,39.7,57.5
312037,鳥取県倉吉市,,,,,,,,,
312045,鳥取県境港市,,,84.6,,84.7,,,,
313025,鳥取県岩美町,,70.1,86.9,87.8,84.1,73.1,72.8,29.5,33.1
313254,鳥取県若桜町,,6.6,9.9,13.2,16.5,19.8,23.1,26.4,29.7
313289,鳥取県智頭町,,89.3,,,,,,,
313297,鳥取県八頭町,,,,,,,,,
313645,鳥取県三朝町,,,,84,85.8,78.1,79.7,81.2,82.7
313700,鳥取県湯梨浜町,,80.2,81.5,83.3,85.3,76,78.1,79.9,81.4
313718,鳥取県琴浦町,,80.8,82.5,84.3,86,78,79.5,80.9,82.8
313726,鳥取県北栄町,,,,,,,,,
313840,鳥取県日吉津村,,,77.9,80.2,81.8,82.5,83.8,85,86.3
313866,鳥取県大山町,,59.9,62.7,65.6,68.5,67.2,69.9,81.6,83.3
313891,鳥取県南部町,,,,,,82.5,83.8,85,86.3
313904,鳥取県伯耆町,,76.6,77.9,80.2,81.8,82.5,83.8,85,86.3
314013,鳥取県日南町,48.8,66.6,59.4,62.3,69,76.3,78.5,80.6,82.3
314021,鳥取県日野町,70.1,,77.9,80.2,81.8,82.5,83.8,85,86.3
314030,鳥取県江府町,69.8,71.9,,,,,,,
322016,島根県松江市,18.2,21,23.9,26.7,29.4,32.2,34.9,37.8,40.6
322024,島根県浜田市,,38.2,45.9,50.4,55.1,59.1,62.8,64.7,68.3
322032,島根県出雲市,33.4,35.9,52.4,53.8,54.4,57.1,31.8,35.6,38.5
322041,島根県益田市,61.3,65.3,67,71.2,65,70,75,79.9,81.9
322059,島根県大田市,,47.2,50.1,49.8,52.7,55.3,58.1,60.6,63.2
322067,島根県安来市,79.8,81.1,82.1,82.5,84,85.3,86.9,88.6,90
322075,島根県江津市,,48.8,52.9,57.4,61.9,66.8,73.9,73.2,81.4
322091,島根県雲南市,,,78,79.3,78.7,74.6,73.4,74,76
323438,島根県奥出雲町,41.5,43.2,35.2,37.4,40.3,43.4,47,51.6,55
323861,島根県飯南町,,72.2,77.9,79.2,94.9,74.6,73.4,74,76
324418,島根県川本町,88.2,89.1,89.5,89.8,91.6,52.3,40.3,34.7,38.6
324485,島根県美郷町,88.2,88.8,89.5,89.8,90.3,52.3,40.3,34.7,38.6
324493,島根県邑南町,88.2,88.8,89.5,90.5,91.1,52.3,40.3,34.7,38.6
325015,島根県津和野町,,72,74.8,57.1,,,,,
325058,島根県吉賀町,,,,56.4,58.8,61.8,61.8,61.8,61.8
325252,島根県海士町,,90.1,88.4,89.2,89.8,90.5,91.1,91.8,93.5
325261,島根県西ノ島町,57.3,69.6,72.3,14.4,15,20.3,25.6,30.8,36.1
325279,島根県知夫村,,39.6,85.4,87.4,38.3,43.6,48.8,51.8,44.7
325287,島根県隠岐の島町,,62.2,61.8,62.8,62.8,63.9,66.4,37.3,40.8
331007,岡山県岡山市,53.2,55.5,57.8,59.2,61.6,63.7,54,56,57.6
332020,岡山県倉敷市,65.5,67.7,69.9,72.2,74.4,67.9,70.4,72.8,75.4
332038,岡山県津山市,,4.8,9.6,17.8,22.4,27,31.8,36.4,41.1
332046,岡山県玉野市,83.3,84.4,87.9,89.5,91.1,87.8,88.7,83.2,82.5
332054,岡山県笠岡市,,74.8,76.3,77.8,79.5,80.6,69.8,72.1,62
332071,岡山県井原市,,,87.1,88.2,89.3,90.4,73,74.4,60.5
332089,岡山県総社市,,11.6,14.2,14.2,19.3,21.9,24.4,26.8,29.1
332097,岡山県高梁市,,75,,,66,68.3,69.8,72.1,73.9
332101,岡山県新見市,,54.8,58.7,62.3,66.9,68.8,71.4,73.2,76.1
332119,岡山県備前市,,54.4,77.6,80.9,83.8,86.4,89,91.6,94.1
332127,岡山県瀬戸内市,,78.6,80.7,78.7,81.4,82.7,84.3,84.4,84.3
332135,岡山県赤磐市,22.3,25.3,28.2,31.2,32.2,34.6,37,39.4,41.8
332143,岡山県真庭市,,50.2,52.7,54.4,56.8,59.2,62.5,64.8,67.4
332151,岡山県美作市,,21.5,17.8,17.7,19.9,22.8,25.4,28.2,24.3
332160,岡山県浅口市,,78.4,75.5,76.8,78.3,80.6,71.6,73.8,65
333468,岡山県和気町,63.8,51,,100,100,37.1,41.7,46.5,50.7
334235,岡山県早島町,85.8,84,86.4,89.1,89.5,92.7,97.4,93.7,95.3
334456,岡山県里庄町,,86.2,,76,77.5,79.8,69.4,71.6,62.1
334618,岡山県矢掛町,,92.1,92.5,,75.3,80.1,77.7,79.8,76.8
335860,岡山県新庄村,,,,,,,,,
336068,岡山県鏡野町,,,,85.1,88.4,91.7,95,98.3,99.8
336220,岡山県勝央町,,9.6,12.7,12.7,14.9,17,19.7,22.1,25.2
336238,岡山県奈義町,,86.1,,,,,,,
336432,岡山県西粟倉村,,,,,,,,,
336637,岡山県久米南町,62.9,87.1,87.5,87.8,88.1,88.6,87.5,89.6,89.7
336661,岡山県美咲町,,,,,,,,,
336815,岡山県吉備中央町,,,,,,,,,
341002,広島県広島市,36.1,51,57.7,61.2,63,64.8,66.7,60.2,
342025,広島県呉市,,54.2,58,51.3,56,59.2,63.9,68.5,67.6
342033,広島県竹原市,85.2,,,,,,,,
342041,広島県三原市,,44.2,38.3,42.7,47.2,51.8,56.1,60.4,64.6
342050,広島県尾道市,,59.7,38.2,42.1,28,32.5,37.3,41.9,46.6
342076,広島県福山市,,49.2,51.1,55.3,57.8,60.3,62.7,64.9,66
342084,広島県府中市,40.7,42.5,42.8,51.7,54.2,54.7,26.5,31,33.8
342092,広島県三次市,,68.6,69,69.8,70.7,71.6,72.5,73.2,73
342106,広島県庄原市,63.3,63.3,67.3,71.3,73.9,76.5,79,81.6,83.1
342114,広島県大竹市,59.3,64.2,68.8,73.5,68.4,72.8,74.4,75.6,
342122,広島県東広島市,,,,,,,,,
342131,広島県廿日市市,,62.9,63.8,19.2,23.8,28.3,32.8,37.3,41.7
342149,広島県安芸高田市,27,75,75.4,75.9,77,77.5,77.9,78.5,79.1
342157,広島県江田島市,,,37.1,43.7,46.4,49.1,51.5,54.1,56.3
343021,広島県府中町,,76.3,79.5,62.7,66.4,69.7,70.2,70.8,
343048,広島県海田町,69.5,69.5,74.5,74.5,76,77.5,79,81.4,81.6
343072,広島県熊野町,,75,56.8,62,66.3,70,70.5,73.4,76.7
343099,広島県坂町,35.1,38.3,41.5,44.7,,,,,
343684,広島県安芸太田町,,,0,4.6,10.6,15.9,21.2,26.5,31.7
343692,広島県北広島町,,,,,,,,,
344311,広島県大崎上島町,67.9,71.4,75,78.4,81.7,84.9,48.9,46.8,34
344621,広島県世羅町,,,,,,,,,
345458,広島県神石高原町,64.5,69.5,74.5,75.8,83.2,81.3,82.7,82.7,84.2
352012,山口県下関市,,44.8,43.8,47.6,50.3,53,55.2,57.8,60.3
352021,山口県宇部市,34.7,40.9,43.3,45.6,51.1,53.3,55.4,56.7,59.2
352039,山口県山口市,57,44.5,31.5,35.4,39.3,42.5,45.5,48.4,51.4
352047,山口県萩市,59.3,54.3,57.5,60.6,63.7,66.3,68.7,71.1,73.5
352063,山口県防府市,,28.5,39.3,45,50.7,56.4,62.1,67.9,73.6
352071,山口県下松市,65.3,58.9,61.5,64.9,67.7,70.9,73.6,79.9,81.2
352080,山口県岩国市,,78.5,80.4,41.8,46.1,49.4,52.7,57.9,57.5
352101,山口県光市,,52,54.6,57.5,59.8,62.5,65,75.2,78.5
352110,山口県長門市,11.3,15.4,20.9,26.5,31.8,36,40.2,44.2,44.9
352128,山口県柳井市,72.5,71.1,72.8,72.5,71.9,74.2,76.5,78.8,81
352136,山口県美祢市,,67.1,89.3,85.8,87,87.7,88.8,89.5,90.5
352152,山口県周南市,,54.3,57.2,59.3,62.6,65.6,68.6,71.8,74.7
352161,山口県山陽小野田市,70.8,72,73.2,74.3,75.5,76.7,77.8,79,74.6
353051,山口県周防大島町,42,44.9,47.8,50.7,53.6,56.4,59.3,61.1,63.9
353213,山口県和木町,88.2,87,87.9,88.8,89.4,90.3,91.1,80.4,67.8
353418,山口県上関町,67.1,69.4,71.6,68.8,68.9,71.5,82.1,85.2,88.4
353434,山口県田布施町,75.1,75.2,76.3,75,75.6,77.8,79.7,81.5,83.5
353442,山口県平生町,76.8,68.7,70.1,74.9,75.6,77.9,79.5,81.9,83.7
355020,山口県阿武町,59.9,66.2,69.3,72.4,75.3,78.2,81.2,84.1,85.7
362018,徳島県徳島市,62.8,65.7,68.1,71.2,72,74.7,76.6,76.5,78.9
362026,徳島県鳴門市,28.2,31.4,34.6,37.8,41.1,42.3,45.5,48.7,51.9
362034,徳島県小松島市,93.6,88.3,83.3,77.4,74.7,70.5,66.8,62.9,64.2
362042,徳島県阿南市,19.1,23.2,27.2,31.1,34.9,39,40.8,44.9,48.5
362051,徳島県吉野川市,53.1,59.1,57,61.9,65.6,71.6,71.3,78.3,79.4
362069,徳島県阿波市,64.7,68.9,65,71.7,76.8,78.4,82.3,85.4,86.6
362077,徳島県美馬市,68.2,71.3,73.8,73.7,78.5,80.5,79.4,79.9,82.1
362085,徳島県三好市,47.1,72.6,75.1,77.9,80.9,73.6,76.7,78.5,80.1
363014,徳島県勝浦町,44.5,48.8,51,53.4,56.4,58,60.5,88.7,59.9
363022,徳島県上勝町,42.1,44.8,47.5,49.5,1.9,9.1,14.7,20.9,27.4
363219,徳島県佐那河内村,59.2,66.7,67.3,66.4,69.8,65.7,70.1,92.7,69
363413,徳島県石井町,62.7,64.8,66.8,66.4,63.3,65.7,68.1,71.2,60.2
363421,徳島県神山町,66.1,69.1,72.2,76.3,79.7,81.4,84.4,87.2,90.1
363685,徳島県那賀町,51.9,48.5,51.1,53.7,10.1,21.4,28.1,30.8,33.5
363839,徳島県牟岐町,,,,,,,,,
363871,徳島県美波町,,,,,,,,,
363880,徳島県海陽町,,,,,,,,,
364011,徳島県松茂町,40,70.9,72.9,100,100,100,100,100,100
364029,徳島県北島町,93.7,70,72.2,74.3,75.5,77.3,79.3,70.6,70.3
364037,徳島県藍住町,82.8,79.8,82.6,84.4,80.1,81,82.4,59.8,32
364045,徳島県板野町,60.6,65.7,63.2,66.3,70.4,74.3,78.3,83,83.4
364053,徳島県上板町,64.7,68.9,65,72.3,77.2,78.5,82.3,85.4,86.6
364681,徳島県つるぎ町,67.5,70.7,73.2,75.6,78,80.4,78.7,79.6,80.9
364894,徳島県東みよし町,47.4,71.8,75.8,78.7,81.4,76.5,79.7,81.8,83.3
372013,香川県高松市,,42.2,61.6,32.9,34.6,34.2,33.7,39.3,41.7
372021,香川県丸亀市,48.2,51,52.5,55.2,57.7,59.5,61.4,63.2,65.8
372030,香川県坂出市,57,55.8,56.3,57.4,58.7,59.7,60.6,59.3,46.3
372048,香川県善通寺市,41.2,45.7,47,42.9,46.7,49.5,52.5,55.5,59.5
372056,香川県観音寺市,48.4,48,50.1,51.6,53.6,55.7,57.8,59.2,46.5
372064,香川県さぬき市,,84,82.9,85.2,86.3,87.4,88.6,89.7,90.8
372072,香川県東かがわ市,10.9,14.1,17.3,84.9,86,87,88,89.1,90.1
372081,香川県三豊市,57.1,59.6,61.8,64.5,67.1,69.2,72.1,99.9,100
373222,香川県土庄町,,71.6,71.2,72.2,74.2,74.4,74.6,75.3,76.4
373249,香川県小豆島町,,49,48.5,88.9,92.6,93.5,45,47,49.2
373419,香川県三木町,,46.8,49.2,51.7,51.6,85.5,86.8,88,89.2
373648,香川県直島町,0,2.7,5.4,8.1,10.8,13.4,15.8,18.1,21
373869,香川県宇多津町,80.7,61.6,63,65.2,67.3,69.5,71.5,73.3,43.7
373877,香川県綾川町,32.4,35.1,37.8,40.5,34.3,37,39.7,42.4,45.1
374032,香川県琴平町,41.2,45.6,46.7,47.7,56.7,52.8,55.5,58.6,61.6
374041,香川県多度津町,45.4,49,50.7,49.7,58,54.5,55.6,57.3,60.3
374067,香川県まんのう町,56.1,47.4,48.7,53.7,56.1,55.4,57.9,60.4,63.6
382019,愛媛県松山市,,27.6,30.2,38.7,39.5,26.7,44.2,47.7,50.4
382027,愛媛県今治市,,84,41.9,45.4,47.9,50.7,31,33.3,37.3
382035,愛媛県宇和島市,62.8,66.5,50.2,52.1,57,61,65,68.5,71.9
382043,愛媛県八幡浜市,68.9,71.9,75.6,67.5,69.7,72.1,73.9,76.1,78.5
382051,愛媛県新居浜市,,49.7,35.1,37.8,40,42.8,43,45.3,48.7
382060,愛媛県西条市,66.6,67.7,69.9,72.5,53.4,56.8,60.2,63.7,66.9
382078,愛媛県大洲市,,61.8,64.2,47.6,50.1,52.2,55.5,57.6,59.5
382108,愛媛県伊予市,,52.7,51.5,37.3,37.7,36.2,38.7,42.1,43.6
382132,愛媛県四国中央市,49.9,50.6,52.1,53.4,54.9,56.7,58.3,57.6,55.7
382141,愛媛県西予市,62.6,26.9,28.2,30.7,33.2,35.8,38.3,40.9,43.3
382159,愛媛県東温市,63.2,63.7,66,47.6,42.6,42.3,46.8,52.5,55.6
383562,愛媛県上島町,37.4,51.2,46.2,47.7,45.3,49.3,51.1,64.4,67.7
383864,愛媛県久万高原町,54.8,57.5,60.2,59.6,62.3,57.8,50.1,52.9,49.3
384011,愛媛県松前町,80.5,39.7,40.3,37.5,37.4,35.5,41.4,41.3,44.2
384020,愛媛県砥部町,36.3,38.9,41.4,81.4,85.7,90.1,94.4,95,95.5
384224,愛媛県内子町,,44.4,47.3,45.4,52.6,55.5,58.4,57.4,60.8
384429,愛媛県伊方町,34.6,37.3,37.8,40.5,43.3,44.7,47.5,50.3,52.5
384844,愛媛県松野町,48.2,45.7,22.5,7.2,15.2,22.6,27.7,33.9,40.2
384887,愛媛県鬼北町,48.7,46.4,25.9,6.9,15.9,22.4,28.9,35.4,39.8
385069,愛媛県愛南町,29.6,32.2,15.1,18.8,25.6,31.2,36.9,42.4,48.1
392014,高知県高知市,,87,87.7,87.1,86.1,86.4,86.4,86.2,86.6
392022,高知県室戸市,,,,,,,,,
392031,高知県安芸市,,76.3,80.2,83.8,86,66,68.5,69.3,70.6
392049,高知県南国市,30.9,52.8,55.5,19.1,21.6,24.1,26.7,27.1,31.8
392057,高知県土佐市,,,,,,,,,
392065,高知県須崎市,54.3,54,56.2,57.7,53.1,55.3,59.3,62.8,61.2
392081,高知県宿毛市,57.9,56.2,58.3,60.4,61.9,64.1,65.9,68.1,70.3
392090,高知県土佐清水市,43.2,46.6,48.3,50.6,52.7,54.7,56.8,58.8,60.8
392103,高知県四万十市,62.4,66.3,67.9,70.5,71.9,69.6,70.7,73.6,75.9
392111,高知県香南市,,,,21.2,23.4,27.3,29.5,31.7,34
392120,高知県香美市,30.9,33.7,36.5,39.3,42.1,44.9,47.8,50.6,53.4
393011,高知県東洋町,,36.7,83.5,87.7,84.8,67.5,69.3,94.7,66.1
393029,高知県奈半利町,,,,,,,,,
393037,高知県田野町,49.5,56.1,56.1,59.4,62.7,66,69.3,72.6,75.9
393045,高知県安田町,88.8,91.5,94.5,68.2,72.8,75.6,78.3,79.5,82.3
393053,高知県北川村,61,78.1,62.7,51.1,51.1,97.3,52.3,68,83.7
393061,高知県馬路村,97.8,,,,,,,,
393070,高知県芸西村,,,,,,,,,
393410,高知県本山町,,,,,,,,,
393444,高知県大豊町,23.1,26.4,29.7,33,100,100,100,100,100
393631,高知県土佐町,,,,,,,,,
393649,高知県大川村,,,,,,,,,
393860,高知県いの町,78.3,60.2,60.5,64,67.3,71.6,75.4,79.1,87.5
393878,高知県仁淀川町,,,,,,,,,
394017,高知県中土佐町,61.8,51.6,30.2,33.6,36.7,39.5,42.7,45.4,47.2
394025,高知県佐川町,,,,,,,,,
394033,高知県越知町,34.5,36.5,38.5,40.5,42.5,44.5,46.5,46.5,
394050,高知県梼原町,,66.6,89.8,89.8,91.8,92.8,64.9,56.1,46.8
394106,高知県日高村,,,6.1,9.1,12.1,15.5,18.6,21.7,84.3
394114,高知県津野町,70.9,53.4,55,35.3,38.7,41.6,43.2,50.1,49.4
394122,高知県四万十町,29.5,32.8,36.1,39.4,42.7,45.9,49.2,52.4,55.7
394246,高知県大月町,50.6,53.3,56,58.7,61.4,64.1,66.6,69,71.4
394271,高知県三原村,,,52.9,57.7,62.2,64.3,65.5,67.5,67.9
394289,高知県黒潮町,78.2,73.7,74.7,76.9,79.3,80.2,82,82.6,84.1
401005,福岡県北九州市,,55,57.2,59.5,61.6,62.3,60.9,63.9,66.8
401307,福岡県福岡市,59.4,60.9,62.4,63.9,60.4,60.4,61.6,62.9,64.1
402028,福岡県大牟田市,,55.5,58.2,61.7,64.2,67.2,69.9,72,70.7
402036,福岡県久留米市,,75.9,67.2,69.6,55.9,60.3,64.4,73.6,78.4
402044,福岡県直方市,,98.4,98.5,89.5,89.8,84.1,13,17.1,19.4
402052,福岡県飯塚市,,,,,,,63.9,66.5,69
402061,福岡県田川市,,,89.2,90.8,92.3,92.9,92.3,93,93.6
402079,福岡県柳川市,90.5,95,95.6,96.3,72.1,97.3,97.4,97.5,10.8
402109,福岡県八女市,56.8,59.4,61.6,68,69.8,49.5,54,53.1,55.7
402117,福岡県筑後市,,59.5,62.1,61.9,64.9,67.4,69.2,71.2,73.2
402125,福岡県大川市,,75.3,76.9,77.6,78.9,81.3,82.2,84.4,85.7
402141,福岡県豊前市,65.8,64.4,,,,,,,
402150,福岡県中間市,,,,,,,,,
402168,福岡県小郡市,39,43.5,48,8.4,12.5,16.7,20.9,25.1,41
402176,福岡県筑紫野市,53.6,57.8,58.1,64.7,68.6,70.7,73.4,76.2,77.4
402184,福岡県春日市,,,,,,,,,
402192,福岡県大野城市,,,16.9,13.8,18.5,22.8,27.1,31.4,35.6
402206,福岡県宗像市,,38.2,40.7,43.3,45.8,49.1,52.4,55.7,59
402214,福岡県太宰府市,,,32.6,29.6,44.4,80.1,35.1,43.1,46
402231,福岡県古賀市,,,45.2,47.7,50.2,52.7,55.2,57.7,60
402249,福岡県福津市,,,56.3,56.5,59.5,61.3,63.1,65.6,67.9
402257,福岡県うきは市,,,,,,,,,
402265,福岡県宮若市,,,57.9,60.4,63.1,65.7,68.3,70.9,73.5
402273,福岡県嘉麻市,78.8,83.1,77.8,78,78.8,79.4,80.7,82.4,83.7
402281,福岡県朝倉市,,38.9,43.1,46.5,50,60.1,56.8,59.8,62.1
402290,福岡県みやま市,52.4,55,57.6,42.6,62.8,65.4,50.5,53.1,55.7
402303,福岡県糸島市,,88,92,92.2,92.8,90.1,90.9,91.7,92.5
402311,福岡県那珂川市,,8.1,10.8,13.5,16.2,18.9,21.6,23.1,23.9
402311,福岡県那珂川市,,8.1,10.8,13.5,16.2,18.9,21.6,23.1,23.9
402311,福岡県那珂川町,,8.1,10.8,13.5,16.2,18.9,21.6,23.1,23.9
402311,福岡県那珂川町,,8.1,10.8,13.5,16.2,18.9,21.6,23.1,23.9
403415,福岡県宇美町,25.9,,28.7,31.4,36.9,37.3,37.8,40.8,42.7
403423,福岡県篠栗町,35,37.6,35,50.6,53.1,55.4,57.7,60,62.2
403431,福岡県志免町,40.6,31.7,34.5,37.3,40.1,42.9,45.7,48.5,51.3
403440,福岡県須恵町,,48.2,50.9,50.6,53.1,55.4,57.7,60,62.2
403458,福岡県新宮町,,,45.2,46.8,50.2,52.7,55.2,57.7,60
403482,福岡県久山町,,,,,,,,,
403491,福岡県粕屋町,45.7,48.3,51,50.6,53.1,55.4,57.7,60,62.2
403814,福岡県芦屋町,,,71.9,74.2,76.8,79.1,80.8,82.3,83.5
403822,福岡県水巻町,,75.3,77.8,79.3,81.2,83,83.9,84.9,85.9
403831,福岡県岡垣町,,72.6,75.1,76.9,79.4,81.5,82.7,83.6,84.8
403849,福岡県遠賀町,,,78.5,80.8,82.2,83.8,84.9,85.9,86.8
404012,福岡県小竹町,,,59.9,62.4,66.6,69.4,71.9,74.4,76.9
404021,福岡県鞍手町,,67.8,70.5,72.4,74.3,76.3,78.4,80.4,82.3
404217,福岡県桂川町,,,,,,,,,
404471,福岡県筑前町,68.9,38.6,41,77.1,78.1,80,81.4,82.9,82.7
404489,福岡県東峰村,,,,,,,,,
405035,福岡県大刀洗町,68.9,67.9,70.4,66.9,71.8,71.8,73.6,75.3,60.8
405221,福岡県大木町,41,43.2,47.1,51.9,55.4,58.7,62.8,54.5,57.7
405442,福岡県広川町,,55.9,59,56.7,57.5,50.4,44.4,42.4,45.4
406015,福岡県香春町,,89.8,90.9,91.9,93,93.5,92.7,93.3,89
406023,福岡県添田町,,,92,92,92,93.3,92.7,93.3,89
406040,福岡県糸田町,74.4,77.8,80.5,83.2,86,87,83.5,83.5,
406058,福岡県川崎町,,,,,,,,,
406082,福岡県大任町,,,,,,,2.5,5,7.5
406091,福岡県赤村,,89.9,91,92,93,93.5,92.7,93.3,89
406104,福岡県福智町,74.4,77.8,80.5,83.2,86,87,79.5,82.1,84.6
406210,福岡県苅田町,63.4,66.2,68.7,71.2,73.4,75.9,77.8,79.4,81.1
406252,福岡県みやこ町,,59,61.8,64.7,67.5,70.4,73.2,76.1,78.9
406422,福岡県吉富町,,63.8,68.5,73.2,77.9,82,84,,
406465,福岡県上毛町,,,70.9,75.2,79.5,83.2,85.1,87,
406473,福岡県築上町,40.8,42.5,38.1,40.8,43.8,46.7,49.4,52.2,52.2
412015,佐賀県佐賀市,,44.1,46.9,51.4,53.8,56.3,59.5,62.1,64.6
412023,佐賀県唐津市,47.6,52.3,58.8,65.3,71.9,78.3,84.7,89.8,92.3
412031,佐賀県鳥栖市,,66,52,55.5,57.4,59.3,61.2,63,64.6
412040,佐賀県多久市,34.4,36.9,39.2,41.3,44.2,39.5,33.8,36.4,45.3
412058,佐賀県伊万里市,53.4,56,58.5,22.9,28.4,33.5,38.7,43.6,48.7
412066,佐賀県武雄市,,14,33.3,29.9,32.2,36.9,42.4,44.8,49.8
412074,佐賀県鹿島市,,27.5,34.2,37.2,41.4,45.1,48.1,52.3,55.6
412082,佐賀県小城市,50.7,53.4,56.1,58.7,61.3,30,28,43,49.6
412091,佐賀県嬉野市,,30.8,29.5,33.2,39.5,43.5,47.3,47.9,54.7
412104,佐賀県神埼市,,47.7,50.3,52.9,55.7,58.4,61,63.8,66.5
413275,佐賀県吉野ヶ里町,37.4,40.1,51.5,54.2,56.7,60,63.1,65.9,68.7
413411,佐賀県基山町,38.4,42.3,46.3,88.7,53.8,53.8,60.8,64.1,66.2
413453,佐賀県上峰町,37.4,30.6,50.8,53.5,,,53.1,55.8,60.5
413461,佐賀県みやき町,37.4,40.1,,45,47.8,50.4,53.1,55.8,60.4
413879,佐賀県玄海町,,,,,,,,,
414018,佐賀県有田町,,39.4,33.4,36.4,40.5,44.2,48.6,51.9,55.6
414239,佐賀県大町町,,35.1,38,28.3,33.6,41,30.7,26.5,30.4
414247,佐賀県江北町,,30.6,37.4,22.6,26.9,36.8,34.7,35,42.5
414255,佐賀県白石町,,34.2,34.7,31.2,35.1,39.5,30.4,28.1,33
414417,佐賀県太良町,43.6,52.5,43.1,42.8,46.1,49,51.5,55.3,58.3
422011,長崎県長崎市,,49.1,50.1,51.5,52.1,54.3,53.3,53.5,54.8
422029,長崎県佐世保市,,44.4,45.6,47.9,35.8,38.6,41.2,43.7,48.7
422037,長崎県島原市,75.8,48.7,52,18.4,23,27.2,31.1,35.1,39
422045,長崎県諫早市,,44.8,54.6,57.1,53,55.2,57.6,59.7,61.8
422053,長崎県大村市,,50.5,53.5,56.5,59.6,62.3,64.9,67.6,70.3
422070,長崎県平戸市,38.8,,,67.6,52.7,55.4,52.3,52.2,54.8
422088,長崎県松浦市,,54.3,55.6,57.5,60,62.2,64.3,66.4,68.5
422096,長崎県対馬市,,30.7,33.4,36.1,25.7,29.3,30.6,34.5,38.4
422100,長崎県壱岐市,,24,26.9,30,33,35.9,38.9,38,41.1
422118,長崎県五島市,,50.2,53.6,53.6,37.6,41,43.4,46.5,49.6
422126,長崎県西海市,,25.9,17.5,21.6,25.4,30.8,34.7,46,50.1
422134,長崎県雲仙市,57.8,,,,,49.8,52.2,54.7,57.1
422142,長崎県南島原市,49.7,52.2,54.5,56.6,58.8,61.7,63.8,65.1,67.4
423076,長崎県長与町,6.8,9.6,12.3,15,17.7,18.7,22.7,38.5,42.9
423084,長崎県時津町,,9,12.2,15.5,18.8,22,25.3,28.6,31.8
423211,長崎県東彼杵町,57.2,60.1,42.8,45,42.7,22.9,25,27.2,29.5
423220,長崎県川棚町,57.2,60.1,42.5,40.2,,40.2,45.6,47.8,49.9
423238,長崎県波佐見町,66.5,,,,,,,,
423831,長崎県小値賀町,71.6,63.7,66.5,69.2,71.9,74.7,77.4,80.1,82.8
423912,長崎県佐々町,,78.3,28.6,31.9,35,38.2,41.5,45.7,49.9
424111,長崎県新上五島町,,29.7,31.7,34,34,37,39.2,41.1,43
431001,熊本県熊本市,71.4,57.5,59.7,62,64.1,66.3,67.4,69.9,73.2
432024,熊本県八代市,,,,14.5,14.6,14.7,19.7,22,24.8
432032,熊本県人吉市,,37,39.7,42.4,45.1,45.1,50.4,53.1,55.7
432041,熊本県荒尾市,60.7,51.1,62.7,65.5,68.4,69.4,72,74.7,75.9
432059,熊本県水俣市,,52.1,54.4,52.5,56,59.4,62.8,65.4,68
432067,熊本県玉名市,36.7,21.5,14.5,17.9,19.1,22.5,26.9,29.5,33
432083,熊本県山鹿市,,,,0,3.3,6.6,9.9,13.2,16.5
432105,熊本県菊池市,,38.3,41.2,45,47.9,46.4,31,35.1,50.4
432113,熊本県宇土市,72.7,75.2,71.2,72.9,85.4,86.4,79.9,81.2,57.9
432121,熊本県上天草市,,64.3,67.8,60.2,61.6,61.5,62.9,64.6,67.3
432130,熊本県宇城市,49.5,67,72,73.6,74.9,76.5,56.6,58.6,34.6
432148,熊本県阿蘇市,29.8,32.3,34.7,33.4,35.4,38.1,38.4,41.7,41.7
432156,熊本県天草市,,62,55.9,58.9,61.6,64.4,67.4,70.1,73.4
432164,熊本県合志市,46.9,51.5,57.7,60.4,63.3,27.3,23.1,27.1,47.3
433489,熊本県美里町,71.8,73.4,78.5,79.4,85.6,86.7,87.7,88.7,25.8
433641,熊本県玉東町,,17.9,18.3,21.6,,,,31.3,35.4
433675,熊本県南関町,42.6,22.3,23,46.9,28.2,32.4,36.5,40.7,44.8
433683,熊本県長洲町,,35.5,36.9,37.7,32.3,35.7,39.3,42.7,46.1
433691,熊本県和水町,42.6,22.3,23,47.9,28.2,32.5,36.6,40.7,44.8
434035,熊本県大津町,46.9,50.6,53.7,56,58.6,28.5,24.5,28.3,47.3
434043,熊本県菊陽町,,55.6,58.3,60.6,63.5,27.2,31.7,27.1,47.3
434230,熊本県南小国町,29.8,32.3,34.7,41.6,44.6,47.5,47.3,50.6,51.5
434248,熊本県小国町,,32.3,34.7,42.1,44.3,47.3,47,50.1,51
434256,熊本県産山村,29.8,32.3,34.7,40.9,37,39.9,39.5,42.1,43
434281,熊本県高森町,29.8,14.1,34.7,37.6,39.1,41.9,41.8,44.2,45.3
434329,熊本県西原村,41.8,42.4,47.5,35.2,32.3,39.1,40.7,41.4,43.4
434337,熊本県南阿蘇村,,14.1,34.7,37,38.5,41.2,41,43.4,44.6
434418,熊本県御船町,,55.8,58.4,61.1,63.9,66.4,69.2,71.8,74.4
434426,熊本県嘉島町,,70.4,71.8,76,77.8,79.5,81.9,84.3,86.7
434434,熊本県益城町,,70.5,73.5,76.1,77.9,79.8,79.8,84.5,86.9
434442,熊本県甲佐町,,55.9,58.8,61.6,64.1,66.9,69.6,72.4,75.4
434477,熊本県山都町,64.7,67.4,70.1,72.8,66.7,62.7,65.4,68.1,69.7
434680,熊本県氷川町,,84.9,86.4,87.1,87.8,88.5,89.2,89.9,90.6
434825,熊本県芦北町,,45.8,49.1,43.2,45.8,53.9,57.5,61.2,63.5
434841,熊本県津奈木町,,41,41.2,40.5,44.8,48.8,52.9,56,58.5
435015,熊本県錦町,,37,39.7,42.4,45.1,47.7,50.4,53.1,55.7
435058,熊本県多良木町,,37,39.7,39.7,45.1,47.7,50.4,53.1,55.7
435066,熊本県湯前町,,37,39.7,,45.1,47.7,50.4,53.1,55.7
435074,熊本県水上村,,,39.7,39.7,45.1,47.7,50.4,53.1,55.7
435104,熊本県相良村,,37,39.7,42.4,45.1,47.7,50.4,53.1,55.7
435112,熊本県五木村,,37,39.7,39.7,45.1,47.7,50.4,53.1,55.7
435121,熊本県山江村,,,,42.4,45.1,47.7,50.4,53.1,
435139,熊本県球磨村,,,39.7,42.4,45.1,47.7,50.4,53.1,55.7
435147,熊本県あさぎり町,,37,39.7,42.4,45.1,47.7,50.4,53.1,55.7
435317,熊本県苓北町,,,,58.8,64,64.1,68.5,68.8,72.4
442011,大分県大分市,50,52.7,54.9,55.5,57.4,56.6,56,58.6,61.2
442020,大分県別府市,97.1,,94.9,0.6,3.3,6,8.7,11.4,14.1
442038,大分県中津市,29.7,32.3,35.1,37.8,40.5,43,45.8,43.4,47.6
442046,大分県日田市,,27.8,30.3,33,70.8,72.8,74.3,74.2,76.3
442054,大分県佐伯市,46.4,48.4,50.2,52.8,55.1,57,59.7,62.4,64.2
442062,大分県臼杵市,52.1,54.5,51.1,54.4,57,60.4,63.7,66.8,68.7
442071,大分県津久見市,49,49,54.1,56.4,58.8,61.6,63.8,66.2,57.6
442089,大分県竹田市,26.5,29.2,31.9,34.6,36.8,39.5,41.1,43.6,46.4
442097,大分県豊後高田市,68.2,62.5,64.1,65.8,68,70,72,74,73.6
442101,大分県杵築市,,,76.6,78.4,62.5,48.4,67.3,69.8,72.2
442119,大分県宇佐市,89.6,92.2,73.5,77.3,80.3,83,84.2,86.7,87.6
442127,大分県豊後大野市,37.4,39.8,42.3,40,34.1,34.4,37.1,38.4,41.1
442135,大分県由布市,83.3,86.1,88.8,52.4,55.1,57.7,60.4,36.9,39.5
442143,大分県国東市,48.4,48.7,55.7,55.7,56.4,56.3,60.2,64.1,67.3
443221,大分県姫島村,8.1,47.7,13.5,19.8,23.1,0.7,3.4,6.2,8.9
443417,大分県日出町,,,76.6,78.4,62.5,65,67.3,69.8,72.2
444618,大分県九重町,67.8,61.2,63.5,65.8,68.1,70.1,72,74,75.9
444626,大分県玖珠町,69.7,63,65.2,67.4,69.6,71.6,73.5,75.5,77.4
452017,宮崎県宮崎市,,,,,,,39.1,42.4,45.6
452025,宮崎県都城市,20.7,23.5,26.1,28.9,31.6,34.3,37.1,38.2,41
452033,宮崎県延岡市,35.7,41.2,46.4,52,57.4,62.5,65.2,67.9,70.7
452041,宮崎県日南市,,82.6,84,85.3,84.8,85.5,86.3,87.2,87.9
452050,宮崎県小林市,,69.8,72.4,75.1,24,24.4,25.9,30.2,34.3
452068,宮崎県日向市,,43,75.4,78.7,80.1,82.5,79.6,81.3,83.3
452076,宮崎県串間市,43.9,44.6,46.9,46,45.4,48.2,51.2,54.2,56.9
452084,宮崎県西都市,91.6,72.6,75.4,77.9,81,82.7,80,97.1,88.2
452092,宮崎県えびの市,,57.3,59.8,62.5,65.2,68.4,71.5,73.3,76
453412,宮崎県三股町,,63,65.6,68.2,70.8,72.7,74.5,76.4,78.3
453617,宮崎県高原町,,65.5,77.5,72.3,74.5,76.9,73.9,74,75.5
453820,宮崎県国富町,,,28.7,31.5,34.4,37.3,40.1,43,45.8
453838,宮崎県綾町,,25.1,45.4,47.9,50.6,53.2,55.8,58.4,61
454010,宮崎県高鍋町,81,46.3,48.6,50.9,53.2,55.5,57.2,59.5,61.8
454028,宮崎県新富町,,55.5,28,29.5,29.4,67.7,60.5,78.7,41.3
454036,宮崎県西米良村,,71.6,75.3,90,,75.4,67.7,98.4,80.5
454044,宮崎県木城町,,,,,,,,,
454052,宮崎県川南町,26.5,63.6,67.2,52.3,20,23.3,26.7,29.4,31.8
454061,宮崎県都農町,,64.7,68.1,64.2,72.4,74.8,70.3,90.2,80.6
454214,宮崎県門川町,92.5,77.5,75.9,78.4,77.5,79.3,77.5,79,80.8
454290,宮崎県諸塚村,,67.3,100,100,100,100,69.1,72.2,59.9
454303,宮崎県椎葉村,62.7,66,69.3,63.4,66.7,70,73.2,76.5,79.7
454311,宮崎県美郷町,,,,62.1,64.7,67,69.6,71.9,70.6
454419,宮崎県高千穂町,49.8,,,,60.2,62.8,62.9,68.1,70.7
454427,宮崎県日之影町,49.8,52.4,55,57.6,60.2,62.8,62.9,68.1,70.7
454435,宮崎県五ケ瀬町,49.8,,,,60.2,62.8,62.9,68.1,70.7
462012,鹿児島県鹿児島市,44.4,46.7,47.8,49.3,50.4,51.8,53.5,56,58.3
462039,鹿児島県鹿屋市,,29.7,33.2,36.6,39.1,41.3,46,49.1,52.3
462047,鹿児島県枕崎市,,,,,,,,,
462063,鹿児島県阿久根市,,,76,77.5,79.2,51.4,52.6,55.1,57.3
462080,鹿児島県出水市,,,,77.5,79.2,51.4,52.6,55.1,57.3
462101,鹿児島県指宿市,,40,43,46.1,49.1,52.2,55.3,58.3,61.4
462136,鹿児島県西之表市,,,,,20,15.5,25.4,28.1,30.8
462144,鹿児島県垂水市,29.5,35.1,37.8,64.8,65.8,66.3,66.8,69,71.1
462152,鹿児島県薩摩川内市,22.9,26.1,30.3,34.1,37.9,41.9,42.8,46.4,49.7
462161,鹿児島県日置市,46.2,48.9,51.5,54.2,56.9,59.5,61.7,63.3,65.8
462179,鹿児島県曽於市,51.3,52.7,51.5,37.6,32.5,35.1,46,39.9,51
462187,鹿児島県霧島市,28.1,30.7,33.4,39.7,42.4,50,52.6,55.4,48.8
462195,鹿児島県いちき串木野市,,43.6,47,49.7,51.9,55,57,59.1,63.2
462209,鹿児島県南さつま市,,50.1,57.7,60.3,60.3,65.5,63.4,70.1,72.6
462217,鹿児島県志布志市,50.8,,,,,,69.9,72.4,74.8
462225,鹿児島県奄美市,,49.9,52.4,59.2,60.4,62.6,67.3,67.8,70.2
462233,鹿児島県南九州市,,,,,,,,,
462241,鹿児島県伊佐市,,,43,45.5,48,35.3,15.1,17.1,
462250,鹿児島県姶良市,31.5,34,36.5,39,41.5,40,42.6,45.3,50.7
463035,鹿児島県三島村,55.8,62.7,62.4,65.7,50.1,53.3,49.2,52.3,55.4
463043,鹿児島県十島村,,43,40.2,29.9,29.2,28.9,31.7,34.5,37.3
463922,鹿児島県さつま町,,,60.7,63,65.3,67.6,69.9,72.2,73.8
464040,鹿児島県長島町,,,,,,51.4,52.6,55.1,57.3
464520,鹿児島県湧水町,,,,71,71,75.2,77.4,79.6,81.4
464686,鹿児島県大崎町,22.7,25.4,28.1,30.8,33.5,40.7,56.1,58.6,61
464821,鹿児島県東串良町,,,,,,,,,
464902,鹿児島県錦江町,,,,,,,,,
464911,鹿児島県南大隅町,,,,,,,50.6,52.2,54.9
464929,鹿児島県肝付町,,,,,,,46.4,43.4,45.4
465011,鹿児島県中種子町,,13.5,16.2,18.9,21.6,24.3,27,29.7,32.4
465020,鹿児島県南種子町,,34.9,36.9,39.7,42,43.4,46.5,48.4,50.4
465054,鹿児島県屋久島町,,65,68.3,71.7,75.1,78.4,81.8,85,78.2
465232,鹿児島県大和村,,51.3,54,56,58.8,60.8,64.3,67,69.8
465241,鹿児島県宇検村,,,,,,,,,
465259,鹿児島県瀬戸内町,57.7,52.1,54.6,56.8,59.4,61.8,68,68.6,71.3
465275,鹿児島県龍郷町,84.8,,,,,,64.4,66.9,69.4
465291,鹿児島県喜界町,49.4,51.1,51.2,53.4,56.3,59.2,62.1,22.2,25
465305,鹿児島県徳之島町,,,,,,,,,
465313,鹿児島県天城町,,81.8,84.1,89.3,93,91.9,93.5,94,93.7
465321,鹿児島県伊仙町,,63.1,,,,,,,
465330,鹿児島県和泊町,45.6,48.3,50.1,52.8,56.4,56.4,55.9,58.6,63.4
465348,鹿児島県知名町,45.6,48.7,52.8,50.1,56.4,56.4,,58.6,63.4
465356,鹿児島県与論町,28.6,8.2,16.2,19.3,22.5,25.6,28.6,22,26
472018,沖縄県那覇市,,,,63.6,65.5,65.9,69.7,73.6,77.2
472051,沖縄県宜野湾市,,,,56,63.1,65,63.1,65.7,70.3
472077,沖縄県石垣市,48,52.1,48.4,51.4,51.3,38.1,27.4,52,55.6
472085,沖縄県浦添市,,49.5,52.4,52.4,58.3,61.3,64.2,67.2,70.1
472093,沖縄県名護市,,58.9,55.7,56.6,66.7,68.8,70.8,72.9,74.9
472107,沖縄県糸満市,84.1,,79.4,78.9,78.7,80.5,81.2,81.7,82.9
472115,沖縄県沖縄市,,,,,,65,63.1,65.7,70.3
472123,沖縄県豊見城市,,80.3,77.4,76.9,77,78.8,79.5,80,81.2
472131,沖縄県うるま市,,,,,,,,,
472140,沖縄県宮古島市,0.8,25.4,16.9,14.7,23.2,27.6,31.2,35.7,44.1
472158,沖縄県南城市,57.9,60.5,2.3,35.8,36.5,38.9,71.2,76.3,78.3
473014,沖縄県国頭村,,68,94.5,97.2,99.9,27.8,30.7,3,33.1
473022,沖縄県大宜味村,,12.6,15.6,18.6,21.7,24.7,27.7,30.4,33.1
473031,沖縄県東村,,12.6,15.6,18.6,21.7,24.7,27.7,30.4,33.1
473065,沖縄県今帰仁村,,50.8,54.1,57.1,60.1,62.9,65.9,65.6,56.6
473081,沖縄県本部町,,59.6,66.7,69.7,72.6,75.6,78.6,40.3,56.6
473111,沖縄県恩納村,,67.2,70.8,76.1,77.5,44.7,46.6,46.6,49
473138,沖縄県宜野座村,44.7,,82.7,85.7,88.7,16.9,21.1,25.3,28.5
473146,沖縄県金武町,,,,85.7,88.7,16.9,21.1,25.3,29.4
473154,沖縄県伊江村,37.9,40.2,41.9,45.4,47.7,49.8,52.1,54.4,56
473243,沖縄県読谷村,,77,69.9,57,49.5,52.6,55.7,58.8,58.8
473251,沖縄県嘉手納町,76,76.9,72.1,59.7,51.4,54.4,57.4,60.4,63.5
473260,沖縄県北谷町,44,47.1,51.5,,,,,,
473278,沖縄県北中城村,,,,,,,,,
473286,沖縄県中城村,,,,,89.3,89.8,90.3,90.8,91.3
473294,沖縄県西原町,,,,,,,,,
473481,沖縄県与那原町,,,,,,,,,
473502,沖縄県南風原町,,,,63.3,65,65,69,73.2,76.8
473537,沖縄県渡嘉敷村,2.5,59.5,57.4,70.6,76.1,81.7,87.2,88.1,89
473545,沖縄県座間味村,73,76.7,82.7,82.2,82.8,57.1,60.4,34.4,38.6
473553,沖縄県粟国村,57.8,75.4,37.8,40.5,43.2,68.8,48.6,71.6,73
473561,沖縄県渡名喜村,41.8,45.6,49.3,52.6,55.9,59.2,62.1,65.4,67.7
473570,沖縄県南大東村,33,37.7,42,46.5,51.6,56,61.2,66.3,70.8
473588,沖縄県北大東村,34.1,36.8,39.5,40.3,43.3,46.3,49.4,52.4,55.4
473596,沖縄県伊平屋村,,31.8,36.7,36.3,40,40.5,43,45.7,48.5
473600,沖縄県伊是名村,22.6,26.5,40.5,45.6,50.8,48.1,52.4,56.6,60
473618,沖縄県久米島町,47.3,55.2,60.1,60.1,67,69.3,50,52,53.5
473626,沖縄県八重瀬町,57.9,,,0,7,19.9,32.7,45.5,37.2
473758,沖縄県多良間村,35.1,37.8,40.5,43.2,45.9,48.6,51.3,54,32.3
473812,沖縄県竹富町,40.1,36,39.3,42.9,55.7,59.2,59.4,42.8,28.5
473821,沖縄県与那国町,42.3,53.6,29.7,32.4,35.1,37.8,9.9,12.6,15.3
