団体コード,団体名,2016-03-31,2017-03-31,2018-03-31,2019-03-31,2020-03-31,2021-03-31,2022-03-31,2023-03-31,2024-03-31
011002,北海道札幌市,,52.7,54.5,54,57.4,59.6,60.2,60.9,62.9
012025,北海道函館市,,68.3,70,71.6,73.2,74.7,75.5,77,75
012033,北海道小樽市,,56.4,,,,62,63.7,65.2,66.7
012041,北海道旭川市,55.4,56.8,58.1,60.1,61.2,62.1,63.7,65.5,65.8
012050,北海道室蘭市,66.5,67.8,66.9,68.5,70.2,71.6,72.3,68.3,69.2
012068,北海道釧路市,,65.5,65.2,65.1,66.7,66.9,63.8,65.7,62.7
012076,北海道帯広市,,51,53,53.8,55.9,56.8,58.1,60.1,60.2
012084,北海道北見市,57.8,59.4,58.5,59.6,60,60.4,62.5,64.3,66
012092,北海道夕張市,,52.9,53.3,53.6,54.6,56.8,59,61.1,62.5
012106,北海道岩見沢市,,53.2,53.8,54.9,56.4,58.3,60.3,61.7,63.6
012114,北海道網走市,,58.9,60.5,57.8,59.2,57.2,51,60.9,59.7
012122,北海道留萌市,73.2,71.9,73.1,73.6,75,76,77.6,78.9,80.5
012131,北海道苫小牧市,41.3,42.7,44.3,45.8,47.6,49.1,52.8,53.3,79.3
012149,北海道稚内市,,73.9,74.8,76.1,76.5,77.4,78.8,79.7,80.7
012157,北海道美唄市,,53.9,56.1,57.9,59.6,63,64,65.1,66.3
012165,北海道芦別市,83.8,85.3,86.8,86.9,88,89.3,90.3,88.4,88.5
012173,北海道江別市,,65.5,62.1,63.1,59.3,58.4,56.4,57.4,54.4
012181,北海道赤平市,48.9,52.7,52.4,54.8,56.3,55.2,55.2,56,52.4
012190,北海道紋別市,53.2,53.2,53,57.7,59.8,61.9,61.2,62.3,57
012203,北海道士別市,57,53.1,53.3,55.1,57.1,58.6,60.6,62.5,64.2
012211,北海道名寄市,51.7,50.6,50.2,50.4,51.1,45.9,47.3,47.5,48.4
012220,北海道三笠市,82.4,80,86.2,87.4,87.4,87.2,87.9,88.7,89.5
012238,北海道根室市,34.8,36.7,38.2,39.9,41.5,43.5,45.4,47.1,49
012246,北海道千歳市,55.8,47.5,48.4,48.5,49,50.6,55.8,57.4,58.4
012254,北海道滝川市,,,68.3,67.1,64.2,65.6,68.8,70.5,72
012262,北海道砂川市,53.7,55.6,57.2,59.1,61.3,63.5,65.6,67.2,68.8
012271,北海道歌志内市,57.8,56.1,57.9,59.8,63.5,65.1,65.1,66.5,65.1
012289,北海道深川市,,43.8,,,,48.4,49.4,51.1,52.8
012297,北海道富良野市,,,71.1,70.6,71.3,67.8,65.3,66.1,66.1
012301,北海道登別市,61.7,63.8,65.7,67.6,66.2,68,66.8,67.1,68.8
012319,北海道恵庭市,49,50.7,52.6,54.6,56.2,57.1,59.9,57.2,60.2
012335,北海道伊達市,37.9,38.6,41,43.2,45.4,46.9,49.3,51.2,53.2
012343,北海道北広島市,,29.3,28.7,30.3,31.1,34.1,37.1,40.2,40.4
012351,北海道石狩市,66.8,68.1,69.5,70.6,72,72.3,64.9,66.2,64.4
012360,北海道北斗市,49.6,51.1,49.7,52,57.4,59.5,61.3,63.4,65.4
013030,北海道当別町,,56.5,58.3,42,60.8,60.7,62.1,64,65.1
013048,北海道新篠津村,41.5,60.2,55.5,51.7,48.3,47.8,45.1,42.3,43.9
013315,北海道松前町,93.2,,87.9,84.7,78.8,74.2,94.8,95,94.2
013323,北海道福島町,77.7,80.2,80.2,82.1,71.7,73.3,48.8,62.1,80.8
013331,北海道知内町,,,,,62.7,63.6,64,65.5,67.5
013340,北海道木古内町,56.9,62.5,62.9,62.7,64,44,46.1,47.3,49.2
013374,北海道七飯町,,47.7,48,50,48.4,48.6,52.4,52.5,53.9
013439,北海道鹿部町,,39.5,41.8,44.3,44.8,47,51.6,53.6,52.8
013455,北海道森町,63.2,65.7,66.9,68,68.8,68.8,70.7,69.3,70.8
013463,北海道八雲町,63.9,63,61.5,63,61.9,59.6,61.8,62.2,64.4
013471,北海道長万部町,52.1,52.7,54.5,56.2,57.9,59.6,61.3,61,57.6
013617,北海道江差町,69.6,72.2,,,,64.8,63.4,67.4,68.5
013625,北海道上ノ国町,59,,60.7,62.3,63.6,64.7,66.7,68.6,61.7
013633,北海道厚沢部町,50.2,52.7,52.7,57.7,60,62.3,64.5,66.8,69
013641,北海道乙部町,46,48,50.4,50.3,52.5,53.8,56.2,56.3,58.2
013676,北海道奥尻町,,60.5,63,65.6,57.8,55.6,57.8,68.4,65.8
013706,北海道今金町,62.8,64,67.7,69,69.4,71.5,71.8,73.7,75.6
013714,北海道せたな町,,56.1,60.4,62.2,64,65.9,67.2,68.6,69.3
013919,北海道島牧村,,73.9,75,76.2,77.2,78.2,64.2,65.4,65.4
013927,北海道寿都町,76.9,78.1,77.8,77.4,71.9,72.4,72.4,73,74.2
013935,北海道黒松内町,37.9,38.8,,48.7,50,50.5,52.7,52.1,56
013943,北海道蘭越町,49.5,39.9,44.2,40.3,40.3,42.9,46.9,48.5,50.3
013951,北海道ニセコ町,45.9,49.5,52.3,54.1,56.3,58.5,59.6,61.1,62.3
013960,北海道真狩村,49.2,,,,,47.5,50.1,52.5,55
013978,北海道留寿都村,,,,,,,,,
013986,北海道喜茂別町,,45.7,47.3,52.1,52.7,54.5,56.6,58.6,60.2
013994,北海道京極町,44.3,45.8,47.4,49.4,48.6,50.7,42.4,50.9,57.8
014001,北海道倶知安町,53.5,53.4,,57.7,56.5,58.5,59,59.7,61.2
014010,北海道共和町,33.1,,,34.6,34.7,35.3,37.3,39.5,41.8
014028,北海道岩内町,58.4,,,63.4,63.3,65.6,64.2,65.4,66.7
014036,北海道泊村,,45,46.4,47.2,46.4,46.3,49.2,51.2,53
014044,北海道神恵内村,,,52.1,41.2,44.6,47.4,55.8,63.6,60.2
014052,北海道積丹町,,,56.3,53.7,53.4,55.3,55.1,56.8,58.5
014061,北海道古平町,60.2,59.9,64.2,64.1,,66.9,65.4,67.8,69.1
014079,北海道仁木町,26.8,31.5,31.5,33.8,34.6,36.8,38.8,41,43.1
014087,北海道余市町,67.3,,73.1,74.8,76.2,77.8,79.6,80.9,81.2
014095,北海道赤井川村,,40.5,37,42,44.3,45.3,46.1,48.1,50.3
014231,北海道南幌町,,78.6,54.7,56.9,59,61,63.7,68.7,71.3
014249,北海道奈井江町,60.3,,,63.6,65.2,66.8,67.9,69,72
014257,北海道上砂川町,63.2,67.5,69.2,71.3,72.5,74.2,76,77.7,79.6
014273,北海道由仁町,52.8,53.3,53.4,,53.6,58.5,59.5,59.3,56.7
014281,北海道長沼町,53.8,53.8,,51.1,50.5,52.3,48.1,65.5,47.8
014290,北海道栗山町,51.1,50.4,49.4,48.5,50.2,51.6,53,54.7,55.1
014303,北海道月形町,,47.4,48,50.1,52.4,54.6,57.1,59.2,59.1
014311,北海道浦臼町,,,,43.5,46.6,43,38.2,38.1,45.8
014320,北海道新十津川町,40.8,44.7,46.7,48.3,50.1,51.8,53.3,55.1,56.9
014338,北海道妹背牛町,43,42.6,41.2,39.1,39.2,41,40.7,42.1,42.6
014346,北海道秩父別町,,57.2,59,60.3,61.7,63.4,65.2,65,66.4
014362,北海道雨竜町,,48.4,50.1,49.9,52.6,52.9,52.4,59,54.2
014371,北海道北竜町,,39.1,40.8,43.5,44.4,47,47.5,47.9,49.2
014389,北海道沼田町,60,59.4,62.4,64.2,65.5,64.2,66.4,66.5,62.7
014524,北海道鷹栖町,50.6,51.7,53.8,53.2,54.7,53.6,55.3,56.9,58.8
014532,北海道東神楽町,49.3,48.3,,43.3,42.9,42.6,43.1,64.1,46.9
014541,北海道当麻町,45.4,48.2,50.4,50.6,49,59.6,61.6,64,66.5
014559,北海道比布町,,48.2,43.8,43.4,49,45.1,44.7,47.4,48.9
014567,北海道愛別町,58.5,51.3,52.8,53.3,55,56.6,57.2,59.6,62.3
014575,北海道上川町,59.8,62,,66,68.2,70.6,73.1,75.4,79.5
014583,北海道東川町,,,,,,40.7,43.9,44.4,47.8
014591,北海道美瑛町,79.4,60,65.5,68.6,63.9,65.7,67.4,69.7,71.5
014605,北海道上富良野町,57.9,51.7,48.8,46.2,48.5,50.1,50.8,51.2,50.4
014613,北海道中富良野町,,47.7,49.8,48.4,50.8,52.4,55,57.6,56.3
014621,北海道南富良野町,62.4,71.6,66.7,68.7,70.8,72.4,72.6,74.2,75.6
014630,北海道占冠村,82.7,82.8,,,82.5,87.1,62.3,61.5,62.6
014648,北海道和寒町,62.5,64.8,64.4,64.1,63.3,62.1,61.7,63.5,65.7
014656,北海道剣淵町,53.9,55.1,55.5,57,56.1,54.8,53.1,52.2,50.1
014681,北海道下川町,,,73.2,73.6,68.4,68.9,70.2,69.8,68.8
014699,北海道美深町,,66.3,69.2,71.4,73.7,69.9,69.9,69.7,68.9
014702,北海道音威子府村,,,37.3,35,36.1,39,41.9,44.8,47.7
014711,北海道中川町,73.1,66.9,69.2,71.3,73,74.4,76.2,77.3,78.7
014729,北海道幌加内町,,55.4,57.5,59.3,61.2,62.3,64.5,65.8,67.9
014818,北海道増毛町,,52.8,55,54.3,55.9,53.6,54.8,56.9,59
014826,北海道小平町,,56.3,42.6,60.8,62.2,63.4,64.5,66.6,68.9
014834,北海道苫前町,,62.6,61.3,61.3,60.4,58.7,59.8,61.2,62.1
014842,北海道羽幌町,,,,70.3,70.7,74.7,68.1,69.1,70.8
014851,北海道初山別村,75.3,76.9,78.3,78.3,78.3,80.6,73.7,80.1,76.8
014869,北海道遠別町,45.4,74.2,45.6,47.3,79.4,47.8,49.1,50.2,52.7
014877,北海道天塩町,,74.2,76.3,78,79.4,79.4,80.5,72.1,72.1
015113,北海道猿払村,68.2,64.2,65.6,73.6,59.4,79.7,72.5,75.7,77.1
015121,北海道浜頓別町,,60.9,,,,,,,
015130,北海道中頓別町,,46.9,46.9,49.5,52.1,54.7,57.3,59.9,62.5
015148,北海道枝幸町,,78.6,80.9,82.4,83.6,83.1,82,81.5,81
015164,北海道豊富町,37.3,36.9,38.9,,,45,46.5,47.8,49.2
015172,北海道礼文町,57.7,53.2,58.2,58.9,57.9,56.1,58.1,53.3,56.2
015181,北海道利尻町,60.7,65.4,67.4,69.6,69.7,71.5,74.1,76,77.8
015199,北海道利尻富士町,,,,,,,,62.1,64.3
015202,北海道幌延町,44,46,48,49.9,51.5,52.4,53.7,55.2,
015431,北海道美幌町,,54.1,56.2,58.2,60.2,62.1,64.1,66.1,68
015440,北海道津別町,60.1,55.9,59.2,60.3,61.6,64.3,64.1,73.6,69.7
015458,北海道斜里町,58.4,56.6,54.4,55.7,54.6,56.8,58.6,60.6,61.4
015466,北海道清里町,,63.1,,,61.3,62.6,76.3,66.4,66.2
015474,北海道小清水町,,57.2,59.5,61.6,62.9,64.6,66.6,68.3,70.1
015491,北海道訓子府町,59.7,60.7,53.1,52.7,52.3,53.2,27.1,31.3,34.3
015504,北海道置戸町,75.9,76.2,81.7,85.2,,86.4,82.1,82.6,83.2
015521,北海道佐呂間町,50.7,59.7,60.9,62.4,64.3,65.8,66.8,68.8,70.7
015555,北海道遠軽町,,63.3,,67.2,66.7,67.6,68.1,69.3,68.8
015598,北海道湧別町,63.2,66.3,49.9,57.4,66,74.9,75.8,76.1,77.9
015601,北海道滝上町,77.4,70.7,38.5,34,46,38.6,38.7,39.3,39
015610,北海道興部町,,53.7,89.9,73.6,86.6,82.8,79.9,64.6,66.5
015628,北海道西興部村,54.3,54.4,57.3,59.8,62.5,65.2,67.4,69.9,71.1
015636,北海道雄武町,,58.8,57.7,60.7,63.1,65.5,66.7,68.6,69.9
015644,北海道大空町,49.8,50.7,52.6,54.6,56.2,58.2,59.9,61.9,64
015717,北海道豊浦町,48.5,59.4,61.1,60.8,62.7,64.6,65.8,66.4,67.3
015750,北海道壮瞥町,49.4,47.5,47.5,48,48.9,48,52.4,52.4,54.7
015784,北海道白老町,72.3,73.6,74.9,76,77.1,77.7,81.5,82.8,84.3
015814,北海道厚真町,35.1,44.1,41.9,44.9,47.5,52.5,33.4,34.1,37.2
015849,北海道洞爺湖町,,42.7,40.8,46.1,48.2,50.3,51.5,52.6,53.3
015857,北海道安平町,53.2,48.7,,52.9,53.8,54.5,56,58.3,60.3
015865,北海道むかわ町,,,,,,,63.9,64.7,65.9
016012,北海道日高町,,54.1,55,59.3,57.1,58.8,59.4,60.5,61.2
016021,北海道平取町,59,74.4,75.7,79,81.4,85.8,83,82.3,82.7
016047,北海道新冠町,59.2,60.8,61.7,63.1,64.9,65.4,67.1,68.5,69.8
016071,北海道浦河町,,59.6,61.8,60.1,59.4,60.2,60.1,60.9,62.4
016080,北海道様似町,,57.1,54.7,54,52.8,50,51.9,54.2,53
016098,北海道えりも町,,44,44.8,43.8,45.9,47.4,48.1,51.1,52.8
016101,北海道新ひだか町,,,,56.6,57.8,58,59.4,60.9,61.5
016314,北海道音更町,,44.6,46.8,46.6,46.8,47,49.1,51.3,51.4
016322,北海道士幌町,,69,64.3,61.3,60.3,,63.4,65.5,65.8
016331,北海道上士幌町,,61.5,60.9,62.2,63.8,64,66,66.7,68.9
016349,北海道鹿追町,,72.3,,74.9,75.5,76.7,78.5,80.1,81.8
016357,北海道新得町,,68.5,69.5,69.9,69.6,69.4,70.1,71.2,72.9
016365,北海道清水町,,75.9,77.9,79,80.1,81.2,82.6,82.8,83.7
016373,北海道芽室町,76.4,77.5,77.2,77.5,58.4,59.8,61.2,62.6,64
016381,北海道中札内村,,51.8,52.4,53.1,54.5,55.7,56.8,58.7,60.6
016390,北海道更別村,,57.7,59,58.6,59.3,59.1,61.4,63.9,66.4
016411,北海道大樹町,64.8,63.8,,,75,66.6,67.3,69.5,70.5
016420,北海道広尾町,,56.5,57.4,59.1,61.4,63.6,65.1,75.2,61.3
016438,北海道幕別町,,44.9,44.6,47.6,47.5,50.7,48.8,43.2,48.6
016446,北海道池田町,75,56.7,58.9,61.3,61,61.5,65.3,66.3,72.2
016454,北海道豊頃町,64.9,80.3,66.2,47.7,50.2,70.8,70.1,72.7,73.8
016462,北海道本別町,,65.3,67.8,67,,70.4,77.5,78.5,81
016471,北海道足寄町,,52.9,52.8,52.7,54.2,55.4,56.8,59.2,62
016489,北海道陸別町,55.8,57.5,58.4,59.1,59.3,61.4,63.8,63.1,63.2
016497,北海道浦幌町,,,52.1,52.6,52.8,54.9,56.7,58.2,59.7
016616,北海道釧路町,,,,,,55.2,53.9,56.7,59.5
016624,北海道厚岸町,,62.1,70.6,73,74.1,76.2,75,75.2,74.9
016632,北海道浜中町,53.9,56.3,58.8,58.1,67.2,57.5,46.9,69.5,73.1
016641,北海道標茶町,,,55.7,55.6,55.5,55,54.8,55.9,56.9
016659,北海道弟子屈町,,41.7,44.7,42.1,45.1,47.1,50.4,52.1,48.5
016675,北海道鶴居村,,40.2,40.7,43.7,47.7,51.6,54.8,58,60.4
016683,北海道白糠町,,62.2,69.2,69.2,71.3,69.8,75,76.5,78.1
016918,北海道別海町,42.1,44.4,46.3,48.5,50.5,53.3,54.2,57,55.9
016926,北海道中標津町,,50.7,49.9,48.4,50.5,51.3,52.6,55.1,55.8
016934,北海道標津町,63.2,65,66.4,66.1,67.4,68.4,69.7,71.2,70.3
016942,北海道羅臼町,74.3,75.4,76.8,76.4,78.3,71.6,71.4,68.2,60.2
022012,青森県青森市,,63.4,68.4,64.9,66.9,66.3,66.9,68,69.6
022021,青森県弘前市,,55.9,58.1,57.5,59.4,61.4,63.2,65,66.9
022039,青森県八戸市,,64.5,65.9,67.2,68.8,70.6,72.3,73.9,75.7
022047,青森県黒石市,73.1,65.2,60.5,62.6,61.5,63.9,66.3,68.5,70.8
022055,青森県五所川原市,,67.5,54,43.6,43.1,36.7,30,28.4,27.5
022063,青森県十和田市,78.1,79.5,81,83.7,82,84.2,83.6,84.3,85.6
022071,青森県三沢市,,48.2,45.7,47.6,49.3,50.6,52.2,52.9,54.8
022080,青森県むつ市,,37.1,39,33.6,59.5,60.8,62.4,64,42.8
022098,青森県つがる市,68.4,69.9,68,68.4,70.3,67.9,69,71.9,74.8
022101,青森県平川市,,45.4,47.6,,,52.5,54.5,56.8,59
023019,青森県平内町,,64.6,37.4,33.9,37.5,41.1,44.5,49.8,53.4
023035,青森県今別町,69.6,88.6,88.6,89.7,90.8,60.5,51.6,49.9,44.5
023043,青森県蓬田村,21.1,16.5,19.3,23.6,27.9,32.2,36.5,40.8,47.8
023078,青森県外ヶ浜町,,47.9,65.4,63.3,66.8,69.3,71.8,74.4,76.9
023213,青森県鰺ケ沢町,45.1,60.8,64.1,,,81.4,77.1,78.7,75.1
023230,青森県深浦町,,0,2.1,6.7,8.2,10.1,14.7,19.3,23.9
023434,青森県西目屋村,36.7,30.3,32.5,39.2,43.7,48.2,52.6,57.3,61.8
023612,青森県藤崎町,69.5,68.2,65.2,64.3,67.5,69.8,72,74,75.7
023621,青森県大鰐町,,,,,,,,,
023671,青森県田舎館村,75.8,80,,82.8,88.4,92.7,96.9,100,100
023817,青森県板柳町,49.7,51.8,53.9,56,58.1,60.1,62.2,63,65.1
023841,青森県鶴田町,99.6,99.9,99.5,97.6,96.2,96.8,95.4,85.2,74.3
023876,青森県中泊町,,58.3,,,,62.1,60.9,62.9,
024015,青森県野辺地町,67.7,57.2,71.7,76.2,73.6,72.8,78,69.6,81.6
024023,青森県七戸町,77.7,22.3,84.8,87.8,90.5,85.4,80.4,74.1,75.6
024058,青森県六戸町,38.6,42.9,47.7,52.4,57.2,61.9,66.7,65.2,70
024066,青森県横浜町,79.7,81.6,80.6,74.7,69.2,38.7,99,70.2,65.8
024082,青森県東北町,,62.2,64.8,67.3,69.3,75.6,72.6,74.5,75.5
024112,青森県六ケ所村,,61.3,65.4,69.5,73.3,77.6,77.4,84.9,81.5
024121,青森県おいらせ町,59.7,63.6,65.9,68.1,70.4,72.6,74.5,76.5,
024236,青森県大間町,,66.9,68.2,69.5,64.6,59.2,57,49.3,48.8
024244,青森県東通村,30.9,33.6,36.2,38.8,27.5,30,31.9,34.3,36.8
024252,青森県風間浦村,40.3,44,47.8,51.6,43.9,59.1,62.9,66.6,70.4
024261,青森県佐井村,,79.6,84.2,72.5,78.7,82.7,84.7,86.5,87.2
024414,青森県三戸町,82.8,84.7,86.6,88.6,90.8,92.9,94.5,95.8,96.8
024422,青森県五戸町,56.2,53.4,55.5,59.9,64,67.7,70.8,73.4,76.1
024431,青森県田子町,95.3,98.2,99,99.5,99.8,100,95.6,95.9,96.2
024457,青森県南部町,69,71.2,70.2,72.8,,77.8,80,82.2,84.4
024465,青森県階上町,55.1,67.9,70.6,73.1,75.2,77.7,80.3,82.8,85.4
024503,青森県新郷村,65.9,66.2,64.4,41.7,42.7,47.8,50.9,54.1,57.2
032018,岩手県盛岡市,,46.7,48.5,49.6,49.6,49.7,51.1,52.4,54.1
032026,岩手県宮古市,66,61.9,63.4,64.7,66.9,67.5,64,65.6,65.9
032034,岩手県大船渡市,,21.6,23.8,26,28.3,30.4,32.6,,
032051,岩手県花巻市,54.1,57.5,60,55.6,58.1,59.4,59.6,62,63.4
032069,岩手県北上市,71,69.1,69.7,70.2,72.3,74.1,73,73.6,75.2
032077,岩手県久慈市,,55.7,49,,,56.8,58.6,61.1,63.5
032085,岩手県遠野市,81.1,,76.3,75,73.5,75.4,80.2,75.5,73.8
032093,岩手県一関市,,73.5,75.7,77.7,79.4,81,82.4,82.8,98.9
032107,岩手県陸前高田市,,18,20.1,18.3,20.5,22.6,24.8,26.9,30.1
032115,岩手県釜石市,21.6,23.9,12.8,11.7,15.1,17.6,19.1,21.6,24.1
032131,岩手県二戸市,,79.5,81.1,81.8,84.3,84,76.6,85.3,86.3
032140,岩手県八幡平市,,76.6,75.5,77.3,78.9,80.4,81.9,84.9,83
032158,岩手県奥州市,,80.1,81.7,83.2,84.9,85.4,87,88.2,89.2
032166,岩手県滝沢市,80.5,85.1,89.7,94.3,98.3,100,100,100,100
033014,岩手県雫石町,,64.6,70.3,73.5,74.8,75.5,72.8,72.9,76.1
033022,岩手県葛巻町,71.5,68.8,66.7,64.8,64.9,60,60.2,62,62.5
033031,岩手県岩手町,77.8,75.9,78.2,87.1,88.1,89.8,91.4,93.1,93.4
033219,岩手県紫波町,,56,57.6,59.2,60.8,62.3,63.9,65.4,67
033227,岩手県矢巾町,,87.8,89.2,90.6,92.1,89.5,90.6,91.6,91.2
033669,岩手県西和賀町,,84.6,83.2,83.5,84.6,85.6,85.7,87.5,88.4
033812,岩手県金ケ崎町,,41,41,45.4,47.6,49.8,51.1,53.3,53.4
034029,岩手県平泉町,,64.9,66.7,68.5,70.1,71.4,72.6,70.9,71.1
034410,岩手県住田町,,80.4,83.5,86,88.2,83,86.2,86.8,85.8
034614,岩手県大槌町,,,,,,,,29.3,33.4
034827,岩手県山田町,,14.9,13.4,15,17.4,18.6,20.9,23.3,21.6
034835,岩手県岩泉町,49.8,50.5,,41.5,34.9,37.7,40.7,44,46.1
034843,岩手県田野畑村,31.2,29.6,33.1,35.8,39.6,39.6,40.8,43.9,47.6
034851,岩手県普代村,,79,64.1,57.3,59.2,61.1,63,60.9,
035017,岩手県軽米町,76.9,78.9,81.5,79.1,64.5,53.6,54.9,43.7,46.9
035033,岩手県野田村,10.4,14.7,19,17.4,21.6,25.9,30.3,33.6,39.4
035068,岩手県九戸村,,72.2,66,66,66.1,66.5,68.1,72,74.2
035076,岩手県洋野町,,75.5,76.7,77.2,80.2,82.8,85.2,85.8,88.9
035246,岩手県一戸町,,76.2,78.8,82.1,85.3,87.5,87.5,62.2,61
041009,宮城県仙台市,,35.8,37.9,40.4,43,45.5,48.1,50.7,53.2
042021,宮城県石巻市,,13.9,16.5,16.5,18.9,21.5,24.1,26.6,29.3
042030,宮城県塩竈市,,26.3,28.7,31.2,30.9,35.6,37.9,40.1,42.3
042056,宮城県気仙沼市,,,,,,13,15.8,18.5,21.4
042064,宮城県白石市,,72.8,74.3,75.7,77.3,78.8,79.9,81,82
042072,宮城県名取市,47.6,34.7,19.6,17.9,20.7,22.1,24.9,27.6,30.3
042081,宮城県角田市,,81.8,83,84,85.6,86.8,87.4,88.4,85
042099,宮城県多賀城市,,16.6,19.5,22.3,25.1,28,30.8,33.6,36.4
042111,宮城県岩沼市,28.2,28.2,29.3,38.7,42.1,46.1,47.9,50.8,54.1
042129,宮城県登米市,,70.1,71.3,73,74.8,76.5,77.6,73.5,74.8
042137,宮城県栗原市,,68.5,69.1,4.6,1.1,4.3,7.5,10.7,13.9
042145,宮城県東松島市,13.2,16.4,17.4,18.4,21.7,24.9,27.7,30.5,33
042153,宮城県大崎市,,,,,,59.2,60.6,61.3,61.7
042161,宮城県富谷市,49.2,53.2,58.4,63,67.5,71.6,75.1,78.3,84
043010,宮城県蔵王町,62,64.6,67.1,69.7,72.2,74.7,77,79.3,81.6
043028,宮城県七ケ宿町,82.7,59,57.4,60.8,56.4,55.5,54.7,50.1,53.3
043214,宮城県大河原町,79.9,82.1,84.3,85.9,88,88.6,89.5,91.3,92.8
043222,宮城県村田町,63,65.1,67.3,69.5,71.7,73.9,76.1,78.3,80.3
043231,宮城県柴田町,35.8,37.7,39.3,39.1,28.8,30.3,31.4,37.2,39.2
043249,宮城県川崎町,100,99.8,74.3,75.5,76.7,77.9,79.1,79.8,73.9
043419,宮城県丸森町,60.2,60,60.3,61.8,63.6,65.6,60.9,29.2,23.7
043613,宮城県亘理町,,27.1,29.5,35.4,37.9,33.6,36.2,38.7,41.2
043621,宮城県山元町,14.7,14.8,17.8,22.2,26,29.9,33.6,26,28.2
044016,宮城県松島町,,,38.8,42,43.4,46.8,50.2,53.5,56.9
044041,宮城県七ケ浜町,0,2.5,5.2,7.8,10.4,13,15.6,18.2,20.8
044067,宮城県利府町,,55.2,58.2,61.2,64.2,67.2,69.8,71.8,74.8
044211,宮城県大和町,53.6,54.3,56.4,58.6,60.8,50.5,47.8,50.4,49
044229,宮城県大郷町,83.1,85.6,88.1,90.6,93.1,94.5,76.3,73.4,68
044245,宮城県大衡村,44.2,,47.9,48,49,47.1,46.9,53.9,58.7
044440,宮城県色麻町,,,,,78.4,80.9,83.4,86,87.9
044458,宮城県加美町,,70,70,72.2,74.1,76.1,77.9,79.7,81.5
045012,宮城県涌谷町,52.9,55,56.2,58,60,61.9,63.8,65.7,67.6
045055,宮城県美里町,,,,63,65.5,60.2,62.9,66.8,68
045811,宮城県女川町,5.6,4.5,6.1,9.9,7.1,10,14.5,17.9,20.2
046060,宮城県南三陸町,,,6.4,9,11.8,14.4,17,19.6,22.2
052019,秋田県秋田市,49.5,50.9,52.1,56.4,58.7,60.8,62.7,64.4,66.4
052027,秋田県能代市,58.3,65.1,59.3,59.7,59.1,60.6,61,62.8,62.6
052035,秋田県横手市,,70.8,73.3,75.4,77.8,80.1,82.3,84.3,84.6
052043,秋田県大館市,,62.8,58.1,60.5,61.3,62.5,65.1,67.3,69
052060,秋田県男鹿市,81.5,,,,89.9,91.4,92.2,93.1,94.1
052078,秋田県湯沢市,,90.2,92.1,93,94.3,95.2,95.8,96.1,96.4
052094,秋田県鹿角市,,65.8,68.3,70.9,73,71.5,69.5,66,66.9
052108,秋田県由利本荘市,,61.1,73.9,74.8,76,77.1,78.2,71.4,72.8
052116,秋田県潟上市,95,96.5,96.2,95.2,95.5,95.9,96.2,96.4,96.6
052124,秋田県大仙市,56,58,60.2,62.7,65.1,67.8,70.1,72.2,73.9
052132,秋田県北秋田市,,61,,,,66.6,,63.7,61.4
052141,秋田県にかほ市,,55.8,57.6,59.6,61.6,63.7,65.4,67.5,69.5
052159,秋田県仙北市,,77,78.8,81,82.6,84.8,86.3,87.4,88.4
053031,秋田県小坂町,89.8,83.3,74.8,75,75.6,77.2,78.3,80,81.2
053279,秋田県上小阿仁村,,89.3,91.6,93.5,94.9,96.3,97.6,98.7,99.4
053465,秋田県藤里町,96.2,96.2,98.4,99.6,100,100,100,99.7,99.7
053481,秋田県三種町,80,79.4,79.1,77.7,75.9,75.8,75.8,76.5,77.3
053490,秋田県八峰町,81.8,85,88,90.8,93.3,95.6,97.4,98.7,99
053619,秋田県五城目町,90.3,92.9,95.2,97.2,98.6,99.6,100,100,100
053635,秋田県八郎潟町,,,,,,75.6,77.5,77.5,81.1
053660,秋田県井川町,,90.1,92,93.9,95.6,96.9,97.7,96.5,93.6
053686,秋田県大潟村,85.1,87.3,88.3,89.4,90.5,91.6,92.6,93.3,94.7
054348,秋田県美郷町,72.7,75.4,77.7,79.9,82.1,84.1,86.1,88.2,90.2
054631,秋田県羽後町,100,100,100,99.6,99.6,99.6,98.7,96.7,94.4
054640,秋田県東成瀬村,54.3,61.2,51,48.3,52.9,65.5,70,64.1,63.3
062014,山形県山形市,32.5,34.6,36.8,39,40.6,42.4,44.4,46.5,48.4
062022,山形県米沢市,53.4,55.5,57.5,59.4,61.3,62.9,64.5,66,67.4
062031,山形県鶴岡市,63.1,65.3,66.9,66.8,70.2,72.1,73.8,75.5,76.8
062049,山形県酒田市,58.3,60.5,62.2,63.8,65.5,67.6,68.8,70.9,72.1
062057,山形県新庄市,55.4,57.3,59,61.1,62.5,64.2,65.8,67.8,69.4
062065,山形県寒河江市,,,,,,,,,96.8
062073,山形県上山市,93.1,91.6,88,83,83.9,84.2,83.4,82.9,82
062081,山形県村山市,,32.2,34.8,37.2,39.7,42.3,44.8,47.1,49.4
062090,山形県長井市,,69.6,70.9,66.6,66.3,67.8,69.4,70.1,71.5
062103,山形県天童市,62.5,64.2,65.8,67.9,68.5,70,69.9,70.6,67.5
062111,山形県東根市,63.6,66.3,68.1,69.9,70,71.4,72.8,75.9,79
062120,山形県尾花沢市,,,,,,,,,56.3
062138,山形県南陽市,75.8,76.5,77.4,79.2,81,82.6,84.2,85.9,87.5
063011,山形県山辺町,,93.4,61.7,63.1,64.1,65.1,66.1,67,69.6
063029,山形県中山町,,,,,,30.2,32.9,35.7,37.9
063215,山形県河北町,73.9,70,71.4,72.7,73.9,75.9,76.5,77.5,76.6
063223,山形県西川町,49,51.2,48,41.2,45.4,49.8,53.8,45.5,62.6
063231,山形県朝日町,38.1,49.5,46.3,49.7,53.3,56.9,60.5,63.8,66
063240,山形県大江町,,44.6,48.6,52.7,56.7,60.4,64.5,68.5,72.3
063410,山形県大石田町,,,,,,70.2,72.4,74.4,76.3
063614,山形県金山町,60.2,55.8,54.7,54.2,56.6,61.3,54.7,57.7,55.5
063622,山形県最上町,,67.9,81.3,83.5,85.5,87.2,88.6,82,83.8
063631,山形県舟形町,55.7,58.6,58.9,57.4,53,55.4,58.7,61.7,64.8
063649,山形県真室川町,,,,,,,,,
063657,山形県大蔵村,61.2,49.3,52.6,55.8,59.1,58,61.3,63.9,66.3
063665,山形県鮭川村,98.8,61.5,45,36.6,38.8,41.9,44.9,45,45.5
063673,山形県戸沢村,,81.8,83.3,84.9,86.4,87.9,89.4,90.7,91.8
063819,山形県高畠町,61,63.1,63.4,64.1,64.9,64.6,65.4,67.1,68.7
063827,山形県川西町,,58.1,60.2,61.8,63.9,65.8,66,66,72.3
064017,山形県小国町,41.8,41.8,41.8,50.5,51.8,49.2,52.5,59.2,42
064025,山形県白鷹町,68.8,71.9,74.9,77.5,79.6,81.4,83.3,72.6,87
064033,山形県飯豊町,91.1,87.1,87.1,87.9,89,89.8,90.4,90.5,91.9
064262,山形県三川町,67.7,81.5,83.2,84.8,86.5,88,89.6,91.2,92.7
064289,山形県庄内町,,46.1,49.1,51.5,54.9,57.4,59.7,59.1,61.3
064611,山形県遊佐町,76.8,79.5,82.2,84.9,78.1,70.5,73.5,76.5,79
072010,福島県福島市,,,,76.3,77.4,77.2,77.2,77.6,78.4
072028,福島県会津若松市,59.1,60.8,60.1,61.6,62,63.7,63.9,65.4,65.2
072036,福島県郡山市,58.3,58,59.6,61.2,62.7,64.1,65.7,67.2,69
072044,福島県いわき市,,52.5,52.1,55.6,57.3,59.1,60.1,61.7,63.1
072052,福島県白河市,,,65.2,66.1,66.7,67.8,69,70.9,72.8
072079,福島県須賀川市,57.4,58.7,58,59.2,62.5,63.9,64.6,66,67.8
072087,福島県喜多方市,,58.4,60.7,62.3,63.5,67.3,67.3,69.4,69.8
072095,福島県相馬市,,,30.2,34,38.2,42.1,45.1,48.5,51.9
072109,福島県二本松市,,70.1,67.3,65.8,67.5,69.2,70,71.5,73
072117,福島県田村市,78.4,74.5,75.5,78.8,78.6,81.4,82.8,84.4,85.9
072125,福島県南相馬市,,,42.7,44.7,,,,,
072133,福島県伊達市,,64.2,66.3,68.5,70.8,70.7,75.2,76,78
072141,福島県本宮市,77.6,57.9,60.3,62.6,64.4,64.8,46.6,69.4,70.3
073016,福島県桑折町,,26.6,30.2,33,37.9,44,48.4,52.9,57.3
073032,福島県国見町,,,,,,49.4,52.9,55,56.6
073083,福島県川俣町,,58.6,60.6,61.9,64.7,66.3,67.4,69.8,70.2
073229,福島県大玉村,,,17.7,22.2,26.7,31.2,35.7,40.2,44.7
073423,福島県鏡石町,26.3,25.8,29,31.2,33.4,35.8,38.2,40.5,42.9
073440,福島県天栄村,,,,,,71.8,75.4,79.1,82.8
073644,福島県檜枝岐村,,,47.5,49.9,52.4,54.8,,,
073679,福島県只見町,,73.5,74.5,71.9,63.9,66.5,69.1,63,69.1
073687,福島県南会津町,,,80.9,81.1,82.8,84.3,85.8,87.3,
074021,福島県北塩原村,27,29.2,31.4,33.6,35.8,37.8,40,42.2,38
074055,福島県西会津町,,87.3,88.4,88.8,86.9,72.6,73.2,74.5,73.9
074071,福島県磐梯町,,41.9,45,49.9,52.1,53.1,55.7,56.9,59.1
074080,福島県猪苗代町,45.8,47,48.6,50.3,52.2,53.9,55.4,56.7,58.5
074217,福島県会津坂下町,,56.4,58,59.6,61.5,65.6,67.4,68.7,70.3
074225,福島県湯川村,,,,,,,,,
074233,福島県柳津町,,,,57.4,49.5,40.2,42.3,45.8,48.6
074446,福島県三島町,,,,,,,53.2,53.9,56.4
074454,福島県金山町,,35.1,35.2,37.5,37.9,40.7,39.5,38.7,41.3
074462,福島県昭和村,51.4,,,,,60.3,52.4,54,61
074471,福島県会津美里町,,,,,,,,,
074616,福島県西郷村,,,85,83.3,82.7,84.4,87.3,87.1,88.2
074641,福島県泉崎村,,49.3,51.4,52.6,53.8,54,55.1,56.1,57.3
074659,福島県中島村,,84.2,85.4,86.6,85.6,85.8,87.3,88.8,90.4
074667,福島県矢吹町,,,39.4,40.9,43,45.2,47.3,49.4,51.5
074811,福島県棚倉町,22,49.9,50.1,51.4,51.1,52.1,53.3,54.1,50.7
074829,福島県矢祭町,,81.3,83.2,84.8,86.4,88,89.5,91.1,92.1
074837,福島県塙町,73,75.5,75.8,78,80,82.1,83.9,85.6,85.9
074845,福島県鮫川村,,,46.8,46.2,50.2,53.8,57.7,63.4,66.9
075019,福島県石川町,,,63.6,65,66.1,67.9,67.4,68.9,67.7
075027,福島県玉川村,57.4,59.7,60.8,61.9,66.3,68.4,70.5,71.2,72.5
075035,福島県平田村,80,82.8,84.8,86.7,90.1,91.3,92.6,93.4,94.6
075043,福島県浅川町,63.3,63.2,60.9,63.3,64.4,66.6,68.4,70.8,70.2
075051,福島県古殿町,,,79,81.3,82.9,84.6,67.1,68.1,70.7
075213,福島県三春町,,70.2,72.5,73.9,76,76.6,77.4,75.9,75.2
075221,福島県小野町,,80.8,82.3,84.9,85.3,87.1,88.2,89.7,91
075418,福島県広野町,46.7,37.4,39.9,42.6,45.1,47.4,50.1,52.2,54.7
075426,福島県楢葉町,,,30.9,34,34.5,38.6,41.1,37.7,41
075434,福島県富岡町,,78.7,17.7,20.6,23.4,13.4,16.6,22.2,25.1
075442,福島県川内村,,50,,,,51.4,47.9,51,53.2
075451,福島県大熊町,,65.9,73.7,34.7,29.5,29.5,9,12.4,16.9
075469,福島県双葉町,,88.4,89.8,90.8,91.7,91.2,,0,2.2
075477,福島県浪江町,,,,,,36.3,17.6,21.3,23.6
075485,福島県葛尾村,,,,19.9,20.9,24.6,26.1,31.4,35.6
075612,福島県新地町,,,,,,37,41.3,45.5,48.9
075647,福島県飯舘村,,,,,,44.6,68.6,71.6,68.1
082015,茨城県水戸市,,69.8,72.9,61.2,63.2,62,64,66.1,68.1
082023,茨城県日立市,79.6,80.7,81.9,83.2,84.4,81.7,82.6,83,83.9
082031,茨城県土浦市,62.7,63.9,65.4,67.2,69.3,70.8,68.8,74.4,75.9
082040,茨城県古河市,63,77.5,78.9,80.3,81.4,82.5,84.1,85.2,86.8
082058,茨城県石岡市,60,61.8,63.6,65.5,67.3,68.5,70.3,72.1,73.8
082074,茨城県結城市,67.6,61.2,62.7,64.2,65.8,66.4,67.5,68,66.6
082082,茨城県龍ケ崎市,41,46.5,48.7,51,53.2,55.4,57.6,59.6,61.9
082104,茨城県下妻市,60.5,62.8,64.8,66.9,68.9,70.9,72.9,74.7,76.8
082112,茨城県常総市,39.7,41.9,43.5,45.7,46.5,48.3,50.5,52,53.7
082121,茨城県常陸太田市,54.8,57.4,59.9,62.2,64.4,66.1,67.9,69.9,72.2
082147,茨城県高萩市,59.5,61.4,63.4,65.3,67.2,68.9,70.7,72.3,68.6
082155,茨城県北茨城市,53.1,53.1,55,57,59.1,61.1,63,64.9,66.6
082163,茨城県笠間市,,60.7,61.6,62.8,62.7,63.9,65,66.2,67.4
082171,茨城県取手市,96.5,97.4,97.9,98.2,94.5,94.7,84.4,84.8,84.8
082198,茨城県牛久市,63.7,65.6,66.7,68.3,69.6,71,72.7,74.3,75.8
082201,茨城県つくば市,65.4,66.9,68.1,69.4,70.2,71,70.3,70.4,70.9
082210,茨城県ひたちなか市,,78.3,79.2,79.7,80,80.2,81,81.6,82
082228,茨城県鹿嶋市,63.4,64.6,65.7,66.9,68.6,70.1,71.8,73,71.3
082236,茨城県潮来市,93.7,94.1,92.9,92.6,92.8,93.5,93.9,93.8,94
082244,茨城県守谷市,62.4,59.4,60.2,58.8,61.6,64.4,67.1,69.9,72.7
082252,茨城県常陸大宮市,65.8,67.6,69.3,71,72.4,73.9,74.9,76.2,77.7
082261,茨城県那珂市,73.8,76.5,78.9,81.1,83.2,84.7,85.5,84.5,83.3
082279,茨城県筑西市,,72.4,74.5,75.6,76.7,77.7,77,79.3,79.2
082287,茨城県坂東市,,39.3,41.4,41.4,44.9,44.7,46.1,48.2,50.5
082295,茨城県稲敷市,,72.7,73.6,74.7,75.3,76,76.7,77.3,78
082309,茨城県かすみがうら市,,,,,,,,,
082317,茨城県桜川市,67.4,68.6,70.3,71.2,72.5,73.5,75.2,76,77.4
082325,茨城県神栖市,76,77.6,79.4,81,82.5,83.9,85.6,84,84.2
082333,茨城県行方市,54.2,55.7,57.5,59,60.9,62.1,64,65.8,68.2
082341,茨城県鉾田市,93.6,93.9,94.3,90.9,87.7,88.3,88.9,89.5,90.1
082350,茨城県つくばみらい市,,54.1,61.3,63.3,64.5,65.7,66.7,68.8,70.7
082368,茨城県小美玉市,92.3,94,95.2,96,96.8,97.4,97.9,98.3,98.8
083020,茨城県茨城町,86.3,87.5,88.6,89.6,90.7,89.3,84.6,81.3,77.4
083097,茨城県大洗町,54.5,56.7,58.5,60.7,62.7,64.9,67,69,71
083101,茨城県城里町,80.8,82.1,80.1,81.7,83.2,84.3,83.8,84.1,83.5
083411,茨城県東海村,,,,,,,,,
083640,茨城県大子町,,37.2,35.7,38.6,41.6,44.8,47.8,51,54.1
084425,茨城県美浦村,,,,,,,,,
084433,茨城県阿見町,68.2,69.5,70.7,72.4,73.9,75.5,77.1,78.7,80.2
084476,茨城県河内町,24.4,27.8,31.1,34.5,37.8,41.2,44.5,47.9,51.2
085219,茨城県八千代町,,,,,,,,,
085421,茨城県五霞町,,,,,,,,,
085464,茨城県境町,51,53.3,55.5,57.7,35.8,30.2,36,32.9,34.3
085642,茨城県利根町,,,,,,,,,
092011,栃木県宇都宮市,,65.3,67.1,68.9,70.6,72.1,73.6,73.3,73.4
092029,栃木県足利市,,78.5,80.3,81.2,82.4,83.6,84.8,85.6,86.2
092037,栃木県栃木市,,55.5,61.6,63.4,64.9,65.6,65.2,66.9,69.1
092045,栃木県佐野市,,64.7,66.3,67.9,69.2,70.6,72.1,73.5,74.8
092053,栃木県鹿沼市,52.2,54.4,56.4,59.9,62,62.9,65,66.5,68.4
092061,栃木県日光市,,63.9,68.5,61.8,68.6,70.3,72,74,75.7
092088,栃木県小山市,,83.6,84.4,85.1,85.4,85.7,87.7,88.2,88.4
092096,栃木県真岡市,61.2,57.8,59.7,63.7,63.6,65,66.4,68.4,69.8
092100,栃木県大田原市,,79.7,80.6,81.9,83.2,87.6,90.3,91.2,92
092118,栃木県矢板市,46.7,48.5,50.7,47.3,54.8,56.8,58.9,61.1,63
092134,栃木県那須塩原市,,67.6,68.9,70.5,72.3,73.8,75.1,75.8,77.6
092142,栃木県さくら市,64.3,66.5,58,59.9,62,63.9,65.5,66.9,66.4
092151,栃木県那須烏山市,,,,89,89.7,90.4,91.2,91.8,93.3
092169,栃木県下野市,,100,100,100,100,100,100,100,100
093017,栃木県上三川町,,,,84.5,85.3,88.2,89.7,90.8,91.5
093424,栃木県益子町,55.5,,59.8,61.9,64.3,66.3,68.4,70.3,71.6
093432,栃木県茂木町,83.1,52.9,54.9,56.8,58.2,60,62.1,63.9,65.7
093441,栃木県市貝町,,,39.1,100,100,100,100,100,100
093459,栃木県芳賀町,,,,55,57.2,59.4,61.6,63.8,66
093611,栃木県壬生町,97.9,88.1,88.5,88.9,90.8,92.4,78,78.9,79.5
093645,栃木県野木町,100,100,100,100,100,100,100,100,100
093840,栃木県塩谷町,,,,55.4,52.5,61.1,55.4,62.1,54.1
093866,栃木県高根沢町,,,51,52.9,55.7,57.6,59.3,61.5,64
094072,栃木県那須町,58.3,,61.4,63,64.7,66.2,54.1,53.9,55.3
094111,栃木県那珂川町,68.3,70.6,72.8,74.9,76.9,78.8,80.5,82,83.5
102016,群馬県前橋市,,67.3,67.9,69.9,72,74,76,78,79.8
102024,群馬県高崎市,66.3,68.5,70.8,73,75,77.2,79.2,81,82.8
102032,群馬県桐生市,68,70.9,,,,75.1,75.7,77.3,79.8
102041,群馬県伊勢崎市,,54.4,56,57.4,59.2,61,62.7,64.4,65.7
102059,群馬県太田市,62.2,63.9,65,66.2,67.8,68.5,70.3,72.1,72.7
102067,群馬県沼田市,70.4,72,73.7,69.1,70.7,63.9,60.5,65.4,67
102075,群馬県館林市,,60.1,62.1,64.2,65.9,68,70.2,72.2,74.2
102083,群馬県渋川市,52.1,54,54.4,55.8,57.7,59.3,61.4,62,61.3
102091,群馬県藤岡市,,87.9,93.2,94.5,92.4,93.8,95.1,95.5,95.5
102105,群馬県富岡市,78.7,,52.4,66.9,66.3,68.3,70.2,71.7,73.5
102113,群馬県安中市,60.6,61.1,61.4,63.4,65.5,67.5,69.3,71,72.7
102121,群馬県みどり市,72.4,74.1,74.8,76.6,76.7,80.1,,83.4,85.1
103446,群馬県榛東村,,88,89.7,91.3,92.9,94.5,96.1,97.2,97.9
103454,群馬県吉岡町,67.1,68.6,70.7,71.4,,75.5,77.5,79.5,80.8
103667,群馬県上野村,39.3,41.3,,,20.7,21.3,,,
103675,群馬県神流町,,76,59.9,60.7,63.5,54.3,52.3,54.2,46.8
103829,群馬県下仁田町,79,77.5,70.9,72.8,72.8,73.1,70.8,70,70.4
103837,群馬県南牧村,69.3,57.6,50.4,54,57.5,61,64.5,68.2,71.7
103845,群馬県甘楽町,53.2,100,100,100,100,100,100,100,100
104213,群馬県中之条町,81.6,83.2,85.1,87.6,89.3,91,92.4,92.7,93.4
104248,群馬県長野原町,,35.5,,,,43.3,45.7,48.2,51
104256,群馬県嬬恋村,65.4,67.6,69.8,71.9,74.1,75.7,77.8,,
104264,群馬県草津町,,73.7,75.4,77.6,79.3,81.9,84.5,86.7,89.2
104281,群馬県高山村,,,,,,89.8,76.6,,
104299,群馬県東吾妻町,62.8,64.6,65.4,67.2,69.7,69.7,,,
104434,群馬県片品村,,72.8,77.2,77.2,78.6,75.4,82.1,81.4,85.2
104442,群馬県川場村,,,27.6,26.7,30.1,36.5,53.1,59.2,65.2
104485,群馬県昭和村,,,,,,,,,
104493,群馬県みなかみ町,68.3,70.6,73,75.3,77.5,79.5,81.3,83.2,85.1
104647,群馬県玉村町,93.2,93.9,93.7,92.5,93.5,93.1,92.2,91.8,90.9
105210,群馬県板倉町,100,100,100,100,100,99.3,98.2,97.3,96.3
105228,群馬県明和町,23.6,25.7,,,,33.9,,,
105236,群馬県千代田町,75.5,77.7,79.8,81.8,83.8,85.7,87.7,89.7,
105244,群馬県大泉町,66.4,67.8,69,70.2,71.7,74.1,74.8,76.2,78.4
105252,群馬県邑楽町,51.8,52.9,54.1,55.2,56.3,57.4,58.6,59.7,
111007,埼玉県さいたま市,65.4,66.8,63.5,64.4,66.1,63.8,61.9,61.5,63
112011,埼玉県川越市,60.7,65.1,66.9,68.9,70.9,72.8,73.9,75.7,76.5
112020,埼玉県熊谷市,,71.2,72.2,73.3,74.1,74.9,75.6,76.6,77.1
112038,埼玉県川口市,66.2,67.7,59.5,57.5,59.3,56.4,57.7,59.5,60.2
112062,埼玉県行田市,,77.7,79.3,80.8,82.3,83.3,84.7,86,87.4
112071,埼玉県秩父市,68.2,69.7,69.8,70.8,72.2,72.8,74,75.3,76.6
112089,埼玉県所沢市,68.4,70.2,72,73.3,74.8,75.9,76.3,76.5,78
112097,埼玉県飯能市,76.5,77.8,79.5,81.1,82,84,85.5,86.8,87.1
112101,埼玉県加須市,48.5,50.6,52.8,54.9,57,59,59,63,64.9
112119,埼玉県本庄市,,68.3,67.7,68.1,69,68.9,69,69.6,70.1
112127,埼玉県東松山市,47.3,49.6,51.8,54,56.2,58.4,60.6,62.8,65
112143,埼玉県春日部市,70.7,72.1,73.3,74.2,75.6,77,78.7,79.6,80.7
112151,埼玉県狭山市,,37.9,39.4,41.3,43.5,45.4,47.5,50.1,52.4
112160,埼玉県羽生市,68,68.5,70.7,70.5,72.6,74.3,76.4,75.7,77.5
112178,埼玉県鴻巣市,58.3,60,61.6,63.8,65.7,67.6,69.6,71.5,73.4
112186,埼玉県深谷市,56,58.2,60,62.2,63.9,66.2,68.4,70.7,72.7
112194,埼玉県上尾市,,,,,,,,,
112216,埼玉県草加市,95.7,97.1,98.2,99,99.6,99.9,99.9,99.9,97.7
112224,埼玉県越谷市,52.2,59.2,60.4,61.9,63.5,65,66.5,68,69.5
112232,埼玉県蕨市,66.5,68.1,69.6,71.3,72.7,74.1,75.7,76,77
112241,埼玉県戸田市,46.1,48.1,50,51.9,53.7,55.5,57.2,58.8,60.3
112259,埼玉県入間市,74.4,70.1,71,72.8,74.6,76.3,76.8,78.3,79.8
112275,埼玉県朝霞市,,,,,,,,,
112283,埼玉県志木市,56.2,57.6,59.9,55.6,57.8,60.5,41.5,58.5,60.8
112291,埼玉県和光市,,,,,,,,,
112305,埼玉県新座市,,,,,,,,,
112313,埼玉県桶川市,,,,,,,,,
112321,埼玉県久喜市,,96.7,98,99.2,100,100,100,100,100
112330,埼玉県北本市,43.5,46.8,43.7,46.9,50,53.2,56.4,59.7,62.9
112348,埼玉県八潮市,,65.9,68,70.2,62.7,61.9,63.9,65.9,67.9
112356,埼玉県富士見市,,,,,,,,,
112372,埼玉県三郷市,,89.5,86,87.8,89.9,91.2,91.7,92.2,92.7
112381,埼玉県蓮田市,,,,,,,,,
112399,埼玉県坂戸市,71.1,66.1,68.4,70.5,71.7,72.7,74,75,76
112402,埼玉県幸手市,86.6,85.3,87,87.7,88.1,88.4,88.4,88.7,89.1
112411,埼玉県鶴ケ島市,,,,,,,,,
112429,埼玉県日高市,,49.2,51.7,53.9,56.3,58.6,60.9,63.2,65.5
112437,埼玉県吉川市,,,,,,,,,
112453,埼玉県ふじみ野市,,,,,,,,,
112461,埼玉県白岡市,,,,,,,,,
113018,埼玉県伊奈町,11,13.2,15.4,17.6,19.8,22,24.2,26.4,28.6
113247,埼玉県三芳町,,,,,,,,,
113263,埼玉県毛呂山町,,52.6,54.2,56.4,58.5,60.4,62.5,64.8,67
113271,埼玉県越生町,,85.9,86.9,88.7,90.5,92,93.4,93.1,92.8
113417,埼玉県滑川町,,,,,,,,,
113425,埼玉県嵐山町,,,,,,,,,
113433,埼玉県小川町,57.5,58.6,60.4,62.3,64.4,66.2,67.9,69.4,71.4
113468,埼玉県川島町,,,,,,,,,
113476,埼玉県吉見町,,,,,,,,,
113484,埼玉県鳩山町,,,,,,,,,
113492,埼玉県ときがわ町,,,,,,,,,
113611,埼玉県横瀬町,90.6,92.8,95,97,98.7,99.7,,,
113620,埼玉県皆野町,,,86.9,88.1,89.1,89.9,90.7,91.5,92.2
113638,埼玉県長瀞町,,71.2,71.9,73.2,74.2,75.6,77.1,78.5,77.1
113654,埼玉県小鹿野町,75,75.4,55.5,79.3,79.4,79.6,81.5,83.3,84.3
113697,埼玉県東秩父村,97.8,74.7,75.2,75,78,91.9,100,100,100
113816,埼玉県美里町,,,,,,,,,
113832,埼玉県神川町,50.1,52.1,54.1,56.1,58.1,60.1,62.1,64.1,65.7
113859,埼玉県上里町,51.8,54.8,57.9,60.9,63.9,65.4,66.9,69.9,72.9
114081,埼玉県寄居町,37.5,39.2,40.9,42.9,44.8,46.7,48.4,50.4,52.3
114421,埼玉県宮代町,,,,,,,,,
114642,埼玉県杉戸町,,63.4,65.5,69.4,71.7,72.6,74.7,77.2,79.8
114651,埼玉県松伏町,,,,,,,,,
121002,千葉県千葉市,,68,68.1,66.2,67.9,69.6,71.2,73.7,75.2
122025,千葉県銚子市,88.5,88.6,90.1,91.4,92.8,82.3,83.6,84.4,85.5
122033,千葉県市川市,,,62.1,63.9,65.4,67.2,68.9,70.5,72.2
122041,千葉県船橋市,53.9,52.5,54.6,56.8,58.9,61,63,63.5,64.8
122050,千葉県館山市,69.6,69.3,69.4,71,72.8,70.2,72,69.2,66.2
122068,千葉県木更津市,,97.3,98.2,98.1,97.7,97.1,97.3,97.2,95.5
122076,千葉県松戸市,77.9,77.1,74.3,75.2,76.2,77,76.1,75.6,74.8
122084,千葉県野田市,,74.7,76.5,78.2,79.8,80.9,82,81.8,83.1
122106,千葉県茂原市,75,76.9,78.4,80.1,81.2,82.6,84.2,85.7,86.7
122114,千葉県成田市,,51.8,51.3,53.3,54.1,55.8,57.7,59.6,61.5
122122,千葉県佐倉市,,37.2,39.4,41.6,43.7,46.2,47.7,50.5,52.4
122131,千葉県東金市,88.9,,82,83.9,84.8,85.7,85.8,94.6,95.6
122157,千葉県旭市,75.4,77.3,79.3,80.9,82.5,82.7,83.2,84.3,85.3
122165,千葉県習志野市,,59.7,60,62.6,64.2,66.2,68.9,70.7,73.6
122173,千葉県柏市,,66,67.8,69.5,71.1,72.7,74.3,75.8,76.7
122181,千葉県勝浦市,81,,,66,,,,95.4,96.4
122190,千葉県市原市,,73.3,75,75.5,75.1,74.6,73.9,75,
122203,千葉県流山市,,67.8,69.8,68.3,70.4,72.2,73.9,75.6,77.2
122211,千葉県八千代市,,,,,,88.5,89.8,90.8,91.8
122220,千葉県我孫子市,,52.4,58,60.2,62.3,64.4,66.6,68.7,70.8
122238,千葉県鴨川市,88.9,89.4,88.8,89.6,90.2,89.9,90.7,93.4,92.2
122246,千葉県鎌ケ谷市,,69.1,71.3,73.4,74.2,76.1,77.9,76.3,78.1
122254,千葉県君津市,95.2,97,95.2,95.8,96.6,97,97.1,97.2,97.3
122262,千葉県富津市,94.6,95.4,95.9,96.5,97.1,97.5,97.9,98.4,98.9
122271,千葉県浦安市,,58.7,60.4,62.2,64,65.4,67.1,66.9,66.4
122289,千葉県四街道市,,85.8,86.9,87.9,89,90,90,91.1,91.3
122297,千葉県袖ケ浦市,82,85.9,83.3,83.9,84.5,85.2,85.8,86.4,87.1
122301,千葉県八街市,80.8,82.5,84,85.7,87.3,87.7,89,89.1,89.2
122319,千葉県印西市,,,,,,,,,
122327,千葉県白井市,,,,,,,,,
122335,千葉県富里市,,,,,,,,,
122343,千葉県南房総市,77.6,80.8,83.1,84.5,85.4,86.2,86.7,62.3,64.3
122351,千葉県匝瑳市,,80,75.2,76.7,77.9,78.4,79.2,80.3,80.9
122360,千葉県香取市,70.1,72,74,75.7,77.7,79.6,45.8,37.2,51.8
122378,千葉県山武市,,79.7,82,83.5,84.2,83.2,84.8,86.1,87.8
122386,千葉県いすみ市,98.1,98.8,98.5,99.1,99.6,99.8,100,99.9,99.5
122394,千葉県大網白里市,60.3,59.7,60.9,62.8,64.7,66.5,68,69.8,71.4
123226,千葉県酒々井町,,100,99.2,99.2,98.3,89.6,90.2,90.7,91.3
123293,千葉県栄町,,,,,,,,,
123421,千葉県神崎町,100,100,100,100,100,100,100,100,100
123471,千葉県多古町,,,,,,,,,
123498,千葉県東庄町,,,,,,,,,
124036,千葉県九十九里町,74.8,76.6,78.8,81,80.2,82.4,84.7,85.9,88.1
124095,千葉県芝山町,,,,,,,,,
124109,千葉県横芝光町,90.9,87.6,88.2,88.8,89.5,87.4,88.2,89,89.5
124214,千葉県一宮町,93.7,100,100,100,100,100,100,100,100
124222,千葉県睦沢町,38.6,43.1,45.8,48.9,51.9,55.1,58.9,64.8,71.4
124231,千葉県長生村,100,100,100,100,100,100,100,100,100
124249,千葉県白子町,,79.4,80.9,79.3,80.9,82.4,84,85.6,85.2
124265,千葉県長柄町,78.6,78.6,80.6,82.7,84.2,85.3,86.4,87.6,88.7
124273,千葉県長南町,,83.6,85.8,88,90.2,92.4,94.6,96.8,99
124419,千葉県大多喜町,86.7,89.1,91.5,93.6,94.9,80.7,81.5,82.2,
124435,千葉県御宿町,89.1,90.9,90.8,88.7,87,88.6,83.7,77.4,78.3
124630,千葉県鋸南町,99,100,100,100,100,100,100,100,100
131016,東京都千代田区,,36,38.5,40.9,42.1,40.7,43.2,46,48
131024,東京都中央区,,,42.4,44.6,46.7,48.9,50.8,52.9,55
131032,東京都港区,,36.9,36.8,38.5,39.7,41.6,43.7,44.8,46.2
131041,東京都新宿区,49,50.8,52.9,55.1,56.3,58.3,60.1,61.7,63.5
131059,東京都文京区,,52.2,54.4,56.8,55.5,57.9,60.4,65.6,68
131067,東京都台東区,,,,27.5,29.7,31.9,34.1,36.3,38.5
131075,東京都墨田区,47.5,49.6,51.8,53.9,56.1,58.3,60.4,64.2,66.4
131083,東京都江東区,37.2,42.3,44.3,46.6,48.2,50.4,53.1,55.3,53.6
131105,東京都目黒区,,27.3,28.9,35.6,37.7,40,52,54,51.5
131113,東京都大田区,39.8,39.6,43.9,46.1,47.9,50.1,52.1,54.3,56.4
131121,東京都世田谷区,,,38.2,40.4,42.6,44.8,46.7,48.9,47.7
131130,東京都渋谷区,,32.5,29.7,37.2,39.6,34.8,37.4,40,42.6
131148,東京都中野区,70.5,74.3,75.9,77.6,79.3,80.9,84.6,85.9,86.9
131156,東京都杉並区,42.5,47.5,49.7,52.5,55.2,56.7,59.6,62.4,65.1
131164,東京都豊島区,,,45.5,48.2,49.6,51.9,53.5,55.7,57.5
131172,東京都北区,,77.5,68,69.9,71.4,58.4,60.3,62.2,64.1
131181,東京都荒川区,,,44.4,46.5,45.1,47,49.2,51.5,53.8
131199,東京都板橋区,57,57.3,40.1,42,62.4,64.6,65,51.8,53
131202,東京都練馬区,51.9,54.9,56.9,59.1,61,62.8,64.9,67.1,69.3
131211,東京都足立区,68.3,50.5,51.2,53.4,54.5,56.7,57.5,59.7,62.2
131229,東京都葛飾区,40.8,63.9,66.1,68.2,70.4,72.5,74.7,76.8,78.8
131237,東京都江戸川区,46.7,49.7,51.6,55.2,58.7,62.2,65.7,67.1,70.6
132012,東京都八王子市,,37,38.4,40.6,38,40.2,42.3,44.5,46.7
132021,東京都立川市,,40.9,42.6,44.5,46.1,47.8,50,52.1,53.8
132039,東京都武蔵野市,41.3,42.5,44.6,46.6,48.6,50.6,52.6,54.5,47.9
132047,東京都三鷹市,,29.5,31.7,33.9,35.9,33.9,35.9,38.1,40.3
132055,東京都青梅市,,66.8,68.3,69.7,69.9,73.9,73.4,74.4,75.7
132063,東京都府中市,,50.5,52.6,54.1,55.9,55.6,59,59.8,61.3
132071,東京都昭島市,,,,,,,,,
132080,東京都調布市,,49.9,51.8,53.9,56,58.3,60.5,62.6,64.4
132098,東京都町田市,37.2,38.8,41.3,43.2,45.4,47.6,49.9,52.1,54.3
132101,東京都小金井市,,64.5,66.8,69,71.2,73.4,75.5,69.5,65.2
132110,東京都小平市,,,,,,,,,
132128,東京都日野市,56.1,56.5,53.9,55.1,55.4,57,59.3,61,63.2
132136,東京都東村山市,,,54.6,56.8,59,61.2,63.4,65,67.2
132144,東京都国分寺市,65.4,68.5,71.6,74.7,77.8,81.2,83,84.8,86.7
132152,東京都国立市,,,,,,,,,
132187,東京都福生市,45.6,46.3,48.6,50.6,53,54.9,57,58.9,60.2
132195,東京都狛江市,,,,,,,,,
132209,東京都東大和市,100,100,100,100,100,100,100,100,100
132217,東京都清瀬市,45.2,45.2,47.3,47.9,49.8,52.1,55.4,57.1,59.2
132225,東京都東久留米市,,,,,,,,,
132233,東京都武蔵村山市,,60.1,62.3,64.5,66.7,68.9,71.1,73.2,75.3
132241,東京都多摩市,47.1,49.3,51.6,53.4,54.1,56.3,58.5,60.8,63
132250,東京都稲城市,,,,,,,,,
132276,東京都羽村市,,72.4,74.5,76.5,78.6,79.5,81.5,83.5,85.5
132284,東京都あきる野市,44,44,48.7,34.4,35.1,37.7,40.1,41.7,44.3
132292,東京都西東京市,,100,100,99.1,99.5,100,100,100,100
133035,東京都瑞穂町,67.2,69.4,71.6,73.8,76,78.2,80.4,82.6,84.8
133051,東京都日の出町,,28.5,24.9,24.3,28.3,32.9,37.6,42.3,46.9
133078,東京都檜原村,,,,,,50.4,49,53.5,62.1
133086,東京都奥多摩町,48.6,46.2,41.3,44.2,42.9,44.4,47.8,46,52.1
133612,東京都大島町,,32.2,37.1,,,37.3,36.5,36.7,36.8
133621,東京都利島村,,41.8,43.7,47,50.2,53.4,56.6,59.9,63.2
133639,東京都新島村,,,66.5,69,71,74.5,73,80.2,66.1
133647,東京都神津島村,,67.4,70.9,73.9,77.4,78.3,61.5,63.5,67.6
133817,東京都三宅村,,,,,42.3,43.1,46.2,48.3,52.2
133825,東京都御蔵島村,,55,55,59.6,53,30.8,51.4,44,46.1
134015,東京都八丈町,,,37.2,39.2,39.2,42.5,44.7,47.3,49.4
134210,東京都小笠原村,,,,,,,,,
141003,神奈川県横浜市,,58.8,60.7,62.3,63.4,64.6,66,66.9,66.7
141305,神奈川県川崎市,60.4,61.4,62,63,64.5,65.7,66.2,67.3,68.3
141500,神奈川県相模原市,53.5,55.4,57.3,58.5,51.5,53.5,55.5,57.5,59.5
142018,神奈川県横須賀市,,73.6,75.2,76.8,78.3,79.8,78.6,75.8,76.6
142034,神奈川県平塚市,,66.5,66.4,67.8,67.7,68.9,70.1,71.7,73.2
142042,神奈川県鎌倉市,79.5,83.4,84.8,86,87.1,87.7,88.7,89.6,90.5
142051,神奈川県藤沢市,66.2,64.5,64.6,65.3,65,65.9,67.9,67.5,68.7
142069,神奈川県小田原市,79.7,71.3,76.3,79,81.2,72,84.5,72,87.6
142077,神奈川県茅ヶ崎市,80.6,80.8,80.5,81.8,83.2,57.7,59.7,61.6,57.8
142085,神奈川県逗子市,25.2,25.3,25.1,19.8,20.8,23.4,26,28.2,30.1
142107,神奈川県三浦市,100,100,100,100,100,100,100,100,100
142115,神奈川県秦野市,46.9,,,,59.8,61.5,63.7,65.4,66.4
142123,神奈川県厚木市,37.1,39.3,40.7,34.9,36.9,38.9,40.5,42,43.4
142131,神奈川県大和市,,,,,55.3,57.7,59.8,61.9,64.1
142140,神奈川県伊勢原市,71.9,57.3,56.6,57.7,59.9,62.2,63.2,65.3,67.5
142158,神奈川県海老名市,17.7,20.4,23.1,25.1,27.7,30.4,33.1,35.8,38.3
142166,神奈川県座間市,,67.8,69.9,72,74.2,76.3,78.3,79.7,81.8
142174,神奈川県南足柄市,,,55.2,57.9,60.5,63.1,65.6,68.1,70.6
142182,神奈川県綾瀬市,43.8,46,48.2,50.5,52.7,54.9,57.1,59.4,61.6
143014,神奈川県葉山町,,,,,,64.3,66.5,68.1,70.3
143219,神奈川県寒川町,,,,,,,,,
143413,神奈川県大磯町,12.9,15,17.1,19.2,21.3,23.4,25.5,27.6,29.7
143421,神奈川県二宮町,,,,,,,,,
143618,神奈川県中井町,,,,81.4,83.6,85.8,88,90.2,92.4
143626,神奈川県大井町,,48.4,50.4,52.5,54.5,56.5,58.5,60.6,62.6
143634,神奈川県松田町,,61.8,63.1,16,17.9,16.7,20,21.9,26.1
143642,神奈川県山北町,55,55.8,43.7,44.1,46.3,47.5,59.3,60.2,61.3
143669,神奈川県開成町,77.4,80,84.3,86.4,88.6,90.6,92.3,94.1,95.9
143821,神奈川県箱根町,73.8,74.9,76.5,78,79.7,81.2,73.6,75.6,70.2
143839,神奈川県真鶴町,36.8,38.6,40.4,40.2,42,43.9,45.7,47.5,49.4
143847,神奈川県湯河原町,,96.5,98,99,99.7,100,100,100,100
144011,神奈川県愛川町,55.3,57.3,60.7,62.8,64.7,66.7,68.4,69.6,69.7
144029,神奈川県清川村,,29.3,16,17.7,20.6,23.4,26,28.4,30.7
151009,新潟県新潟市,61.8,64.6,64.4,68.4,69.2,71,72.9,74.6,76.4
152021,新潟県長岡市,37.2,38.6,40.2,39.5,42,43.9,48.8,45,44.9
152048,新潟県三条市,,,,,,,,,
152056,新潟県柏崎市,30.7,32.7,34.8,36.5,38.7,40.9,43.2,45.8,47.9
152064,新潟県新発田市,,53.1,53.1,53.2,54.6,55.5,55.5,54.8,55.7
152081,新潟県小千谷市,57.3,59.1,60.7,62,62.5,63.2,64,65.1,66.9
152099,新潟県加茂市,,,,,,,95.7,96.3,97.1
152102,新潟県十日町市,,57.5,60,61.5,64.4,64.8,66.2,68.2,69.3
152111,新潟県見附市,,,,,75.9,78.4,80.6,82.6,84.3
152129,新潟県村上市,,67.1,71.6,73.4,63.7,76.1,77.1,78.6,79.8
152137,新潟県燕市,,,79.9,80.8,81.5,82.4,83.3,84.3,85.2
152161,新潟県糸魚川市,,52.6,54.8,51.4,53.8,56.2,58.4,60,60.7
152170,新潟県妙高市,45.7,,,,,51.7,53.9,56,58
152188,新潟県五泉市,,91.7,94.2,95.4,96.6,81.8,70,70.6,72
152226,新潟県上越市,58.1,60.3,47.6,64.8,66.9,69,70.9,72.8,74.5
152234,新潟県阿賀野市,61.5,82.8,84,85.1,85.9,87.2,88.4,89.7,91
152242,新潟県佐渡市,,70.2,70.2,70.8,75.2,69.9,72.8,,
152251,新潟県魚沼市,56.8,64.9,66.4,68,70,71.6,73.4,75.3,76.5
152269,新潟県南魚沼市,74.7,76.8,78.4,79.5,80.7,82,83.4,84.7,86.1
152277,新潟県胎内市,,62.4,60,62.1,64.2,68.2,69,70.3,70.8
153079,新潟県聖籠町,47.5,49.8,52,54.3,56.5,58.6,60.8,63,65.2
153427,新潟県弥彦村,100,100,100,100,100,100,98.6,98.7,98.7
153613,新潟県田上町,,,,,,,,,
153851,新潟県阿賀町,61.4,61.7,66.8,67.9,70.6,72.5,74.3,75.9,75.9
154059,新潟県出雲崎町,62,43.6,58.5,49.9,53,56.2,59.4,62.5,65.7
154610,新潟県湯沢町,,61.7,65,69.2,72.4,75.5,78.7,81.9,84.9
154822,新潟県津南町,42.4,51.4,54.4,54.4,60.3,62.2,58.5,66.4,68.1
155047,新潟県刈羽村,,,,,,,,,
155811,新潟県関川村,,67.5,69.5,66.8,69.5,70.9,76.4,76.1,76.1
155861,新潟県粟島浦村,,74.7,,,,,,62.2,41.4
162019,富山県富山市,,59.6,60.9,61.5,61.3,64.4,66.2,68.2,70.1
162027,富山県高岡市,47.4,49.5,49.6,51.7,55.4,59.6,58.1,62.5,65.4
162043,富山県魚津市,64.2,66.3,68.2,69.7,70.8,72.4,73.9,74.6,75.9
162051,富山県氷見市,,51.8,54,,,,60.8,62.4,64.5
162060,富山県滑川市,45.5,44.2,46.3,48.5,50.6,52.6,54.8,56.9,59.1
162078,富山県黒部市,,68.1,69.6,71.1,72.5,70.3,75.1,73.5,75.7
162086,富山県砺波市,52.4,54.6,56,58.1,59.5,61.5,63.2,65.3,66.3
162094,富山県小矢部市,,51.1,52.4,52.6,54.5,56.4,58.4,60.4,62.4
162108,富山県南砺市,51,53.2,55.5,57.3,59.3,61.3,63.2,65.1,67.1
162116,富山県射水市,,55,57.2,59.2,61.3,63.3,65.2,67.4,69.4
163210,富山県舟橋村,,,,,,4.3,,8.7,13
163228,富山県上市町,62.8,64.3,64.8,66.4,67.5,69,70.6,71.5,
163236,富山県立山町,58.7,60.7,64.7,66.6,68.4,70.2,72,73.8,75.5
163422,富山県入善町,56.8,61.4,61,61.4,62.6,63.3,65.2,67,68.9
163431,富山県朝日町,61.7,60.2,60.2,63.3,65.7,68.3,68.4,71.2,73.1
172014,石川県金沢市,,,,63.9,63.6,65.9,65.5,66.6,67.9
172022,石川県七尾市,,55.5,,64,68.2,72.3,76.6,80.9,85.2
172031,石川県小松市,,43.1,45.2,41.2,43.7,46.1,47.2,49.6,53
172049,石川県輪島市,,48.1,,,,,,56.9,58.1
172057,石川県珠洲市,31.5,33.4,36,38.3,40.4,42.7,44.6,48,50.2
172065,石川県加賀市,,75.1,75.1,75.1,73.2,76.2,76.5,78.1,79.7
172073,石川県羽咋市,39.4,43.6,91.4,54.1,59.4,64.6,69.8,72.6,70.5
172090,石川県かほく市,36.9,37.2,38.3,41,43.6,46.3,49,50.2,52.7
172103,石川県白山市,,46.9,48.9,49.1,52.6,54.1,55.7,57.7,59.8
172111,石川県能美市,44.5,46.3,48.2,46.2,52.9,54.8,56.2,57.9,59.6
172120,石川県野々市市,,22.7,24.5,26.4,28.3,30.1,31.9,33.7,35.6
173240,石川県川北町,,31.9,34.1,36.3,38.5,40.7,42.9,45.1,47.3
173614,石川県津幡町,99.1,96,96.5,96.9,97,96.9,97.1,97.3,97.5
173657,石川県内灘町,,83.6,85.8,88,90.2,31.3,35.5,27.5,25.5
173843,石川県志賀町,73.5,75.5,75.9,78.8,65.5,67.3,69,68.8,66.9
173860,石川県宝達志水町,,69.9,70.4,71.5,72.6,71.8,73,74,74.4
174076,石川県中能登町,,71.5,77.5,,71.5,74.2,76.8,78.9,80.9
174611,石川県穴水町,,62.6,63.3,95.5,65.6,67.7,69.2,69.2,69.2
174637,石川県能登町,,57.8,59.6,61.3,62.5,63.8,65.2,67.6,69.8
182010,福井県福井市,,,69.3,68,69.6,68.9,69.4,70.8,68.2
182028,福井県敦賀市,66.2,68,69.6,71.1,73.1,75.3,76.7,77.5,77.1
182044,福井県小浜市,,69.1,70.6,72,73.5,75.1,76.2,77.6,
182052,福井県大野市,,73.9,71.3,70.4,71.7,71.7,72.9,68,69.8
182061,福井県勝山市,,69.6,70.6,72.1,73.7,64.8,76.5,77.3,78.6
182079,福井県鯖江市,,62.1,65.5,65.5,67.2,69,71,73,75
182087,福井県あわら市,,81.7,82.6,83.8,85.1,86.7,83.9,84.1,85.2
182095,福井県越前市,76.3,78,79.6,81.2,82.8,84.4,85.8,85.3,86.4
182109,福井県坂井市,,61.1,60.3,62.2,64,65.9,66.4,68.3,59.9
183229,福井県永平寺町,40.5,42.7,44.4,46.6,48.8,51,53.2,55.4,57.5
183822,福井県池田町,54.3,61.4,53.2,53.2,54.5,54.8,56.7,58.5,60.3
184047,福井県南越前町,,48.4,53.4,58.3,54.1,55.6,54.9,60.3,62.9
184233,福井県越前町,,61.7,63.3,64.8,66.2,73.9,74.5,75,76
184420,福井県美浜町,,,64.8,64.5,65.7,66.5,66.9,68.3,70.3
184811,福井県高浜町,75.1,78.5,76.6,75.8,76.9,78.1,79.2,79.4,77.3
184837,福井県おおい町,,45.5,28.5,,,,,,42
185019,福井県若狭町,,60.2,64.9,64.9,65.2,68.3,68.6,73.7,75.7
192015,山梨県甲府市,57.7,59.8,57.4,57.4,55.3,57.3,59.3,61.4,63.2
192023,山梨県富士吉田市,78,74,75.4,75.6,73.2,64.9,66.8,68.8,70
192040,山梨県都留市,57.2,59.3,61.2,63.7,65.8,68,70.1,72.1,74.1
192058,山梨県山梨市,75.1,77.2,79.2,81.4,83.2,85.1,86.9,88.6,74.8
192066,山梨県大月市,,75.8,78.5,80.4,82.2,84,85.4,87.1,79.3
192074,山梨県韮崎市,56.8,69.9,70.2,71.6,72.3,72.2,73.7,75.3,75.6
192082,山梨県南アルプス市,67.4,77.7,79.1,80.3,81.7,82.3,82.4,82.8,83
192091,山梨県北杜市,,52,52.8,54.9,52.7,56.4,58.6,60.5,62.3
192104,山梨県甲斐市,,48.3,50.2,51.1,52.3,53.9,55,56.7,57.6
192112,山梨県笛吹市,93.4,60.8,62.3,49.4,51.6,52.2,56.2,59.4,60.3
192121,山梨県上野原市,83.4,84.6,86,86.4,87.9,89.7,90.9,92.2,93.5
192139,山梨県甲州市,49.3,51.3,53,54.8,56.4,58.1,59.5,60.6,62.2
192147,山梨県中央市,71.4,71.8,73.1,74.7,76.3,77.7,79.3,80.7,82.3
193461,山梨県市川三郷町,33.1,35.1,37.1,29.4,31.7,33.9,37.4,39.6,41.7
193640,山梨県早川町,,61.2,65,49.6,72.6,76.3,49.7,53.5,86.2
193658,山梨県身延町,,56,56.9,58.5,57.5,58.5,60,61.6,63.3
193666,山梨県南部町,,12.1,18,20.2,22.5,24.5,68.3,70.6,72.8
193682,山梨県富士川町,68.9,70.1,71.3,72.3,72.7,74,75.3,76.6,77.7
193844,山梨県昭和町,,18.5,20.7,20.7,25.1,27.3,29.5,31.7,33.9
194221,山梨県道志村,42.9,46,49.3,49.5,55.9,59.2,62.5,65.9,67.9
194239,山梨県西桂町,,61.4,61.3,62.4,67.5,69.8,72.3,74.4,76.7
194247,山梨県忍野村,31.3,30.2,32.4,36.7,38.9,41.1,43.3,45.5,40.2
194255,山梨県山中湖村,,,,,,,,,
194298,山梨県鳴沢村,,,,,,,,,
194301,山梨県富士河口湖町,40.7,42.6,29.3,27.5,29.9,32.4,32.2,34.6,36.9
194425,山梨県小菅村,56.8,59.7,75.1,72.5,73.9,52.3,51.1,70.5,53.9
194433,山梨県丹波山村,98.8,,,,,,,,0
202011,長野県長野市,60.7,62.5,63.2,64.3,66.1,66.9,65.2,65.9,67.7
202029,長野県松本市,51.1,55.9,57.7,59,59.5,61.6,63.7,65.9,68
202037,長野県上田市,,,61,62.4,64.1,65.8,65.9,67.4,68.7
202045,長野県岡谷市,,76.1,72.9,76,75.8,87.4,87.7,88.7,89.2
202053,長野県飯田市,,53.9,54.9,56.1,58.7,61.4,64,64.8,66.3
202061,長野県諏訪市,94.8,95.5,64,44.3,38.6,35.8,37,40.4,43.6
202070,長野県須坂市,,54,55.7,57.4,59.2,61,62.8,64.6,66
202088,長野県小諸市,,76.6,78.1,78.2,80.9,82.1,82.7,83.6,84.6
202096,長野県伊那市,59.8,61.7,62.9,64.5,66.3,61.9,55.9,55,51.9
202100,長野県駒ケ根市,,67.1,67.8,68.4,69.7,70.5,71.5,72,73
202118,長野県中野市,,94.8,96,96.8,97.5,98.2,98.8,99.4,99.6
202126,長野県大町市,64.2,64.5,64.8,66.5,68.2,69.2,70.1,71.8,73.5
202134,長野県飯山市,,43.8,45.2,48.9,48.8,44.4,42.8,44.4,46.9
202142,長野県茅野市,43,44.6,45.7,47,48.8,50.6,52.4,51.7,53.7
202151,長野県塩尻市,41.4,44.2,46.9,49.5,51.9,54.5,57,59.5,62
202177,長野県佐久市,65.9,65.9,67.8,69.4,70.4,72.1,73.4,74.9,75.5
202185,長野県千曲市,69.2,69.6,71.9,73.3,73.6,74.8,76,76.8,75
202193,長野県東御市,49.8,44.1,34.3,46,48.9,50.6,52.9,52.4,55.1
202207,長野県安曇野市,,50.4,54.1,55.4,56.5,54.1,48,54.9,53.8
203033,長野県小海町,,75.4,78.3,79.4,79.4,76.4,72.6,74.2,75.7
203041,長野県川上村,,45.1,47.9,45.4,48.3,54.7,52.6,55.7,57.4
203050,長野県南牧村,72,69.4,67.8,70.4,72.9,66.3,69.1,62.7,65.9
203068,長野県南相木村,84.4,86.3,79,70,68.9,68.4,67.3,67.3,64.6
203076,長野県北相木村,57.3,60.6,48.8,48.5,48.9,52,55.5,54.7,52.8
203092,長野県佐久穂町,,81.5,83.4,84.8,86.1,87.2,88.3,88.8,91
203211,長野県軽井沢町,86.7,94.1,82.7,82.7,90.7,90.7,91,91,90.3
203238,長野県御代田町,48.6,50.3,,,,56.5,59,60.3,62.4
203246,長野県立科町,38.5,40.5,41.4,45.8,44.7,47.1,49.5,51.8,54.2
203491,長野県青木村,,62,52.2,51.7,49.8,53.8,57,61,79.1
203505,長野県長和町,,66.3,48.1,47.6,49,50.6,52.1,53.5,58.2
203611,長野県下諏訪町,100,100,100,100,100,100,100,100,100
203629,長野県富士見町,59.9,61.9,63.3,64.6,66.2,67.6,69,70.4,71.8
203637,長野県原村,,42.2,39.9,33.1,45,47.7,50.4,53.1,55.7
203823,長野県辰野町,67.2,69,70.6,72,73.8,75.6,77.4,79.2,81
203831,長野県箕輪町,92,93.1,94.2,95.3,96.4,97.2,98.1,99.1,99.7
203840,長野県飯島町,48.9,51.5,54,57.7,60.1,62.1,64.4,66.7,68.7
203858,長野県南箕輪村,39.6,42.7,45.6,47.4,55.3,55.3,56.9,60.9,64
203866,長野県中川村,48.4,50.8,31.3,47,49.8,52.3,54.9,57.3,59.5
203882,長野県宮田村,65.5,69.8,71.8,73.6,73.6,74.7,75.7,76.7,77.7
204021,長野県松川町,,,,,,,,,
204030,長野県高森町,,72.8,75.2,77.6,80.1,82.5,84.9,87.3,89.8
204048,長野県阿南町,65.7,61.2,62.7,61,62.9,66.5,66.4,68.1,69.9
204072,長野県阿智村,,77.2,78.2,79.8,80.5,80.4,81.9,82.9,83.7
204099,長野県平谷村,,91.7,95.2,96.9,98.4,99.1,90.7,91.7,84.7
204102,長野県根羽村,,68.6,74.8,76.7,76.7,73,71.9,66.9,67.2
204111,長野県下條村,49.1,52.6,55,54.9,58.3,59.8,61.3,62.8,63.9
204129,長野県売木村,,74,73.1,78.6,81.1,83.1,84.6,81.4,82.5
204137,長野県天龍村,72.9,76.5,80.2,83.6,83.6,88.6,83.9,85.3,84.1
204145,長野県泰阜村,,60.5,59,64,63,65.2,64.9,68.1,70.2
204153,長野県喬木村,,36.9,38.6,44.1,48.4,48.7,52.2,31.6,34.8
204161,長野県豊丘村,,17.1,21.7,32.6,37.2,41.9,46.4,51,55.6
204170,長野県大鹿村,,38.5,40.9,42.6,44.1,45.5,50,49.4,51.7
204226,長野県上松町,,72.7,74.8,77.6,77.1,77.2,79,79.5,77.9
204234,長野県南木曽町,,92.4,87.7,76.4,77.5,79.3,76.8,78,78.9
204251,長野県木祖村,69.8,57.3,61.6,61.8,60.4,64.6,68.6,70.8,73.8
204293,長野県王滝村,69.9,65.8,70.7,73,74.8,76.3,78.2,79.9,81.4
204307,長野県大桑村,66.9,73.9,76.7,79.3,81.9,78.3,76.4,78.7,81.1
204323,長野県木曽町,60.9,55.7,58.1,63.7,65.8,67.8,69.2,70.5,71.7
204463,長野県麻績村,79.1,81.2,83.4,85.5,87.7,89.8,92,94.1,96.3
204480,長野県生坂村,,56.6,64,59.6,58.8,64.5,63.4,63.5,65.1
204501,長野県山形村,,,,,,,,,
204510,長野県朝日村,100,100,100,100,100,100,100,86.2,74.4
204528,長野県筑北村,,73.6,74.7,75.8,76.1,76.4,77.5,78.7,78
204811,長野県池田町,89.1,95.4,74.4,75.6,76.4,74.3,75.8,77.3,78.8
204820,長野県松川村,,61.9,63.2,65,64.6,63.6,63.4,64.9,69.5
204854,長野県白馬村,51.4,11.4,14.7,22.5,20.7,24.7,25.2,29.4,33.7
204862,長野県小谷村,,64.9,67.3,73.6,55.5,58.2,59.5,62.1,65.2
205214,長野県坂城町,,64.1,65.1,66.1,67,68.1,69.1,70.1,71.2
205419,長野県小布施町,69.3,72.5,77.2,81.8,86.3,90.4,94,96.5,98.3
205435,長野県高山村,,36.9,34.9,36.2,38.7,42.7,46.8,50.7,53.8
205613,長野県山ノ内町,92.8,82.8,75.8,76.6,70.4,66.3,62.1,58.7,53.7
205621,長野県木島平村,45.9,52.6,37.8,32.2,32.7,35.2,38.3,41.5,42.3
205630,長野県野沢温泉村,83.3,73,56.1,46.9,33.4,35.2,35.1,37.8,39.6
205834,長野県信濃町,45.4,48.1,48.1,48.1,53.7,59.3,59.3,61.8,64.3
205885,長野県小川村,67.6,69,70.9,72.6,74.1,71.7,73.3,69.4,71.3
205907,長野県飯綱町,42.4,45.6,48.6,51.2,45,47.9,42.2,44.5,43
206024,長野県栄村,,33,36,38.3,41.4,44.5,47.6,50.6,45
212016,岐阜県岐阜市,77.2,78.8,78.4,79.7,80.8,81.8,82.7,83.3,83.8
212024,岐阜県大垣市,,76.2,77.6,79.3,79.9,81.6,83.2,84.7,86
212032,岐阜県高山市,71.1,73.3,75.7,77.9,80,81.8,82.9,84.5,85.9
212041,岐阜県多治見市,83.8,85.3,86.6,85.7,86.5,87.6,88.8,89.9,90.7
212059,岐阜県関市,63,65,66.9,68.5,70.2,72,73.4,74.6,75.5
212067,岐阜県中津川市,75.2,77.5,80.1,82.5,84.6,86.5,88.5,90.7,91.9
212075,岐阜県美濃市,41.3,41.3,47.3,51.1,52.8,52.2,33.7,56.7,59.1
212083,岐阜県瑞浪市,36.7,59.1,61,63,65,66.8,66.2,68.1,69.6
212091,岐阜県羽島市,,90.2,92.4,86.3,89.4,92.3,93,93.3,93.5
212105,岐阜県恵那市,,59.6,61.2,63.4,65.2,67.1,69,70.8,72.5
212113,岐阜県美濃加茂市,,,,74,75.8,76.2,76.1,76.5,76.3
212121,岐阜県土岐市,75.9,68.1,74.5,79.3,80.2,81,81.8,82.5,83.3
212130,岐阜県各務原市,88.9,90.7,88,84.8,79.5,70.7,66.8,63.7,62.1
212148,岐阜県可児市,52.3,55.8,,58.7,60.3,62.4,64.6,66.5,68.4
212156,岐阜県山県市,50.6,61.8,63.2,64.9,66.6,72,68.1,70,71.6
212164,岐阜県瑞穂市,,3.3,6.6,0.4,2.6,1.9,7.4,11.6,15.9
212172,岐阜県飛騨市,52.3,54.7,57,59.1,61.3,63.3,65.3,67.4,62.3
212181,岐阜県本巣市,49.5,49.9,50.2,50.9,52.8,54.5,56.6,58.1,60.1
212199,岐阜県郡上市,,68.5,70.7,72.9,74.9,75.5,76.7,80.4,81.1
212202,岐阜県下呂市,58.2,63.2,65.6,67.7,69.7,71.8,73.8,75.8,77.9
212211,岐阜県海津市,49.4,51.2,51.5,54.5,56.3,58.1,58.1,51.8,54
213021,岐阜県岐南町,,,,,,,,,
213039,岐阜県笠松町,,,,,,,,,
213411,岐阜県養老町,69.2,70.2,72.1,73.4,76.4,78.5,80.6,82.4,84.1
213616,岐阜県垂井町,62.6,68.8,68.9,73.3,74.7,76.9,78.6,80.5,82.3
213624,岐阜県関ケ原町,100,100,100,100,100,100,100,100,100
213811,岐阜県神戸町,0,3.2,10.1,9.7,10.5,16.7,19.8,23,19.1
213829,岐阜県輪之内町,,,,,,,,,
213837,岐阜県安八町,,84.7,,,97,97,98.7,99.7,100
214019,岐阜県揖斐川町,65.3,68.9,72.5,75.5,77.9,79.4,80.7,81.6,83.3
214035,岐阜県大野町,33.3,35.5,60.8,62.2,63.4,64.8,65.6,66.6,67.9
214043,岐阜県池田町,51.4,53.9,56.1,58.4,60.6,62.9,65.1,67.3,69.5
214213,岐阜県北方町,,,,,,,,,
215015,岐阜県坂祝町,,48.3,50.6,52.7,54.9,57.1,59.3,61.3,47.7
215023,岐阜県富加町,30.6,32.9,35.2,37.4,39.7,41.4,43.7,46.5,48.2
215031,岐阜県川辺町,25.2,27.4,29.7,31.1,34.2,36.4,38.5,40.7,42.8
215040,岐阜県七宗町,58.1,80.4,81.3,82.1,83,83.9,84.7,85.6,86.4
215058,岐阜県八百津町,64.9,66.3,68,69.8,71.3,71.9,73.3,75,75.9
215066,岐阜県白川町,,,69,70.8,70.7,68.6,73.6,73.6,74.8
215074,岐阜県東白川村,55.9,,57,59.3,61.4,64,67.6,70.6,73.4
215210,岐阜県御嵩町,93.7,95.1,94.9,96,96.9,98,98.4,98.7,99
216046,岐阜県白川村,46.3,49.6,52.3,55.3,58.3,61.3,64.3,64.8,67.8
221007,静岡県静岡市,37,78.6,79.3,75.4,78.2,79.8,80,80.9,81.7
221309,静岡県浜松市,62.5,64.3,66,70,71,72.6,75.4,75.7,
222038,静岡県沼津市,,64.6,64.6,65.6,66.7,67.7,68.5,68.7,69.4
222054,静岡県熱海市,,88.7,89.9,90.8,91.8,92.3,93.2,94,94.8
222062,静岡県三島市,61.7,63.5,62.8,62.2,64.2,63.3,65.3,66.3,68.4
222071,静岡県富士宮市,,60.5,62.2,59.7,61.2,56.9,58.1,55.6,57.3
222089,静岡県伊東市,54.3,57.8,59.4,60.9,62.4,64,65.5,66.9,68.7
222097,静岡県島田市,47.7,48,50.3,52.5,54.8,58.4,60,61.6,63
222101,静岡県富士市,,72.4,71.9,73.4,74.6,76.6,78,79.1,80.3
222119,静岡県磐田市,46.7,49.2,62.7,64.3,65.9,67.5,69,70.3,71.8
222127,静岡県焼津市,,57,57.3,59.2,61.1,62.6,64.4,66,67.9
222135,静岡県掛川市,,57.3,60.5,62.9,64.6,67.4,69.4,71.2,71.8
222143,静岡県藤枝市,63.8,66.9,68.7,70.4,71.9,71.9,73.6,75.3,76
222151,静岡県御殿場市,63.2,63.2,64.9,66.6,68.2,69.8,71.4,72.9,74.4
222160,静岡県袋井市,,73.9,74.3,75.3,76.2,77.3,79.6,81.3,83.7
222194,静岡県下田市,72,73.7,75.2,76.2,77.4,78.7,79.9,76.3,75.8
222208,静岡県裾野市,80.1,81.2,81.2,81.4,82.1,82.7,83.4,84.3,85.1
222216,静岡県湖西市,50.7,53,54.7,56.8,58.9,60.6,62.4,62,63.5
222224,静岡県伊豆市,63.2,65.7,67.8,69.9,71.6,72.2,73.5,73.6,76.4
222232,静岡県御前崎市,47.5,49.7,53.7,55.6,57.3,59.1,61.2,63.2,61
222241,静岡県菊川市,43.3,44.8,46.4,50.3,51.7,54,56.3,57.8,62.4
222259,静岡県伊豆の国市,,52.3,54.3,55.8,57.9,60,62,62.8,63.4
222267,静岡県牧之原市,,,,60.4,62,63.6,65.2,67.3,68.4
223018,静岡県東伊豆町,92,94.2,96.2,97.7,97.4,98.3,98.7,98.8,98.9
223026,静岡県河津町,,100,100,100,100,100,100,,
223042,静岡県南伊豆町,89.2,,94.7,96.5,93,93.7,94.3,94.7,95.1
223051,静岡県松崎町,,52.9,54.4,55.9,57.3,58.8,60.3,61.7,63.2
223069,静岡県西伊豆町,,,81.4,83.7,85.9,88,90.1,92.2,94.3
223255,静岡県函南町,92.4,,86.8,84.7,84.1,83.6,84.1,84.7,85.3
223417,静岡県清水町,59.4,61.3,60.2,62.1,61.7,63.5,63.4,65.1,67
223425,静岡県長泉町,38.2,40.4,42.6,44.8,47,49.2,51.4,53.6,55.8
223441,静岡県小山町,,84.3,81.5,87,87.9,88.5,89.3,83.6,84.9
224243,静岡県吉田町,,72.8,74.7,76.1,78,78.7,80.6,82.4,83.7
224294,静岡県川根本町,,68.3,70.6,72.9,75.4,77.4,79.4,73.6,74.9
224618,静岡県森町,,,53.7,55.8,57.9,60,62.1,62.2,62
231002,愛知県名古屋市,57.7,59.4,61.3,63.2,63.9,65.4,65.1,68.3,
232017,愛知県豊橋市,67.3,68.4,70.2,70.6,71.3,73.8,76.5,76.7,77.8
232025,愛知県岡崎市,,59.4,60.9,63,65,65.2,57.9,59,54.7
232033,愛知県一宮市,59.9,62.5,64,65.9,65.9,67.2,68.6,69.7,70.4
232041,愛知県瀬戸市,,66.3,66.5,67,67.5,68.3,69.4,70.4,71.1
232050,愛知県半田市,,66.9,67.1,68.7,70.8,72.1,73.7,74.7,75.3
232068,愛知県春日井市,,43.6,43.9,44.6,45.7,46.3,48,40.5,42.3
232076,愛知県豊川市,,50.6,55.2,57.3,59.3,61.8,63.9,65.6,67.8
232084,愛知県津島市,,55.3,56.4,58.1,58.9,60.5,62.2,63.2,64.2
232092,愛知県碧南市,50.7,48.6,49.8,47.6,47.9,46.7,48.4,50.6,50.8
232106,愛知県刈谷市,51.9,58.4,59.9,58.5,59.7,61.5,57.8,61.8,63.4
232114,愛知県豊田市,45.8,47.6,48.5,50.5,52.4,52.7,54.3,56.1,57.4
232122,愛知県安城市,66.4,68.1,70.7,72.5,74.3,75.2,77.5,78.8,70.2
232131,愛知県西尾市,76.4,77.9,79.6,81.1,82,82.8,83.5,84.3,85
232149,愛知県蒲郡市,,64.3,65.4,67.5,68.5,69,70.1,69.3,68.3
232157,愛知県犬山市,95.2,95.8,100,100,100,100,100,100,100
232165,愛知県常滑市,,82.4,83.7,83.5,84.7,86.1,86,87.1,88
232173,愛知県江南市,41.7,42.9,44,46.3,45.6,48.6,50.8,53,55.2
232190,愛知県小牧市,41.1,43.2,45.4,47.7,49.9,52.2,54.4,56.7,58.9
232203,愛知県稲沢市,53.2,55.2,57.2,59.1,60.9,62.6,64.4,65.7,67.7
232211,愛知県新城市,,53.8,55.7,57.7,60,62.3,64.4,52.6,53.8
232220,愛知県東海市,88.8,87.4,87.8,87.1,87.1,85.6,85,44.8,47.1
232238,愛知県大府市,,52.5,55.2,57.6,59.8,62,63.1,65.2,67.1
232246,愛知県知多市,71.1,72.1,72.5,74.8,75.7,76.8,74.6,71.6,74
232254,愛知県知立市,,61.5,62.5,63.8,65.2,66.6,68.8,70.9,73.1
232262,愛知県尾張旭市,,40.1,42.3,44.5,46.6,48.6,50.5,52.5,54.4
232271,愛知県高浜市,,69.8,71.7,71.1,73.3,75.5,75.4,76.2,78.1
232289,愛知県岩倉市,,91.6,93.8,96,98.1,99,98,99.1,99.2
232297,愛知県豊明市,,,,,,,,,
232301,愛知県日進市,,,,,,,,,
232319,愛知県田原市,52.7,52.3,54.3,56.6,58.9,60.4,62.4,64.3,66.2
232327,愛知県愛西市,,,,,,,,,
232335,愛知県清須市,,,,,,,,,
232343,愛知県北名古屋市,,,,,,,,,
232351,愛知県弥富市,,,,,,,,,
232360,愛知県みよし市,,52.3,52.5,,,,53.1,49.9,52.5
232378,愛知県あま市,,89.3,88.3,87.3,87.9,88.9,90.8,91.8,92.7
232386,愛知県長久手市,,,,,,,,,
233021,愛知県東郷町,,,,,,,,,
233421,愛知県豊山町,58.4,61.3,61.8,62.6,64.2,66.4,68.7,70.9,71.2
233617,愛知県大口町,,95.9,,98.9,99.6,99.7,85.1,73.5,46.2
233625,愛知県扶桑町,,,,,,,,,
234249,愛知県大治町,,,,,,,,,
234257,愛知県蟹江町,,,,,,,,,
234273,愛知県飛島村,,,,,,,,,
234419,愛知県阿久比町,,,,,,,,,
234427,愛知県東浦町,,54.6,59.2,63.8,68.4,73,77.6,82.2,86.7
234451,愛知県南知多町,,60.9,62.3,56.6,59,,60.4,62.2,64
234460,愛知県美浜町,,86.9,70.4,71.8,73,73.6,75.2,76.8,78.6
234478,愛知県武豊町,86.7,88.7,93.6,95.7,97.5,98.9,99.7,100,100
235016,愛知県幸田町,,58.1,60.3,62.4,64.6,66.6,68.7,70.9,73
235610,愛知県設楽町,,,,,,49.1,50.3,52.5,57.6
235628,愛知県東栄町,,,,,,72.9,74.8,77.9,69.1
235636,愛知県豊根村,,72.3,66.9,69.8,65.6,67.9,70.4,78.8,79.8
242012,三重県津市,,62.3,64.3,67.4,68,69.7,73.4,73.6,75.4
242021,三重県四日市市,62.2,62.7,63.5,63.6,63.8,64.1,64.2,64.8,66.2
242039,三重県伊勢市,64.3,65.9,67.5,68.9,70.4,71.8,73.1,74.2,75.3
242047,三重県松阪市,,72.6,74.4,75.5,76.7,77.8,79.1,80,80.4
242055,三重県桑名市,71.9,73.8,75.7,77.5,79.3,81.1,82.8,84.5,86.1
242071,三重県鈴鹿市,,66.6,68.9,71.1,73.2,75.1,77,79.2,80.5
242080,三重県名張市,,74.3,76.4,78.8,78.5,80.4,81.4,82.9,
242098,三重県尾鷲市,,76.4,77.9,79.4,80.9,82.3,83.8,84.8,85.5
242101,三重県亀山市,,74.2,75.7,75.1,76.6,76.6,76.7,82.6,83.3
242110,三重県鳥羽市,69,70.6,51.2,70.4,72,73.7,75.2,75.9,77.1
242128,三重県熊野市,,,,,,,,82.2,86.4
242144,三重県いなべ市,,60.7,62.8,64.8,66.8,68.8,70.5,72.3,74.3
242152,三重県志摩市,,69.8,71.1,72.1,73.7,75.1,76.3,77.2,78.3
242161,三重県伊賀市,89.2,89.5,90.7,92.3,93.2,94.1,94.9,95.4,96.3
243035,三重県木曽岬町,,,,,,,,,
243248,三重県東員町,53.5,53.6,56.1,58.6,61.1,63.6,65.8,68.3,70.8
243418,三重県菰野町,50.4,51.5,49.9,51.6,52.4,54.2,56.1,56.9,
243434,三重県朝日町,40.3,40.3,46.9,49.1,51.3,53.5,55.7,57.9,60.1
243442,三重県川越町,,,,,,,,,
244414,三重県多気町,76.1,78.3,80.5,81,83.2,85.4,87.6,89.8,92
244422,三重県明和町,42.9,44.6,46.7,48,49.8,51.5,53.2,47.6,56.4
244431,三重県大台町,75,,,,,,,,
244619,三重県玉城町,65.6,67.8,67.8,70,74.4,76.6,78.9,81.1,83.3
244708,三重県度会町,34.4,38.3,42.2,46.1,50.1,54,57.9,61.8,65.7
244716,三重県大紀町,,79.5,82,,,85.4,87.2,88.9,85.7
244724,三重県南伊勢町,,63.4,64.7,66,67.5,58.3,58.6,60,61.8
245437,三重県紀北町,67.6,69.4,71.5,69.3,71.3,71.3,78.6,78.1,79.8
245615,三重県御浜町,32.6,36.3,36.3,38.1,40,41.9,40.6,37.3,
245623,三重県紀宝町,100,100,100,100,,,,98.6,
252018,滋賀県大津市,,69.7,71.4,73,74.6,76.2,77.7,79.1,80.4
252026,滋賀県彦根市,,,,,,,,,
252034,滋賀県長浜市,80.6,82.4,83.9,84.9,85.6,85.2,74.1,74.7,75.3
252042,滋賀県近江八幡市,,65.7,67.9,69.9,72,74,75.8,77.7,79
252069,滋賀県草津市,,59.6,61.6,63.5,65.4,66.7,68,69.5,70.8
252077,滋賀県守山市,62,64.2,64.7,66.7,68.1,70,71.8,72.1,71.4
252085,滋賀県栗東市,45.7,47.9,50,52.1,54.2,54.4,55.2,56.9,58.7
252093,滋賀県甲賀市,58.2,58.9,60.5,62,63.5,72.2,73.5,74.6,75.6
252107,滋賀県野洲市,,44.3,46.3,48.4,50.4,52,54,54.3,49.8
252115,滋賀県湖南市,76,75.4,76.6,78,79.7,80.9,81.5,81.9,81.9
252123,滋賀県高島市,54.1,55.6,57.1,57.8,59.5,61.3,62.6,64.2,65.1
252131,滋賀県東近江市,,51.7,,,,,,,
252140,滋賀県米原市,61,80,82,83.9,85,86.5,87.8,89.4,90.9
253839,滋賀県日野町,,72.8,77.8,80.4,83,85.4,87.3,89.5,91.5
253847,滋賀県竜王町,,,,,,,,,
254258,滋賀県愛荘町,,,26.8,29,31.3,33.5,35.7,37.9,40.4
254410,滋賀県豊郷町,23.3,,24.7,26.9,28.9,31.1,33.4,35.6,37.8
254428,滋賀県甲良町,,77.1,,,,85.7,87.5,89.6,91.4
254436,滋賀県多賀町,,,,,,,,,
261009,京都府京都市,,,76.7,77.4,77.2,78.6,79.4,80,81.5
262013,京都府福知山市,57.8,62.2,63.4,64.7,65.2,66.5,67.5,68.5,69.7
262021,京都府舞鶴市,,52,53.6,55.6,57.1,58.1,59.6,61.3,63.2
262030,京都府綾部市,39.1,88.6,91.9,93.5,94.1,94.7,95,95.5,95.9
262048,京都府宇治市,,54.1,44.8,46.8,48.9,53.7,55.7,55.9,57.3
262056,京都府宮津市,92.3,77.7,77.2,78.1,78.6,55,57.5,58.7,
262064,京都府亀岡市,31,41.1,43.3,45.5,47.7,49.9,52.1,53.6,55.8
262072,京都府城陽市,100,100,100,100,100,100,100,100,100
262081,京都府向日市,,49.4,49.4,53.8,55.8,58,60.2,62.4,64.6
262099,京都府長岡京市,76,74.7,74,74.4,75.5,71,73.1,75.1,75.2
262102,京都府八幡市,65.7,69.7,69.4,71.5,73.6,75,76.4,,
262111,京都府京田辺市,54.4,56.2,57.7,59.1,60.7,62.6,64.6,65,66.9
262129,京都府京丹後市,76.7,75,73.1,74.6,76.1,76.7,78.5,78.6,80.1
262137,京都府南丹市,75,72.1,73.8,75.4,76.6,77.9,70.8,71.2,71.4
262145,京都府木津川市,,59.3,60.9,61.9,61.4,62.7,64.1,65.1,64.6
263036,京都府大山崎町,,,,,,,,,
263222,京都府久御山町,,,,,,,,,
263435,京都府井手町,92.5,85.5,84.8,86.2,87.5,95.1,88.5,79.2,81.3
263443,京都府宇治田原町,35.7,49.7,51.8,54,56.2,58.4,60.6,62.2,64.4
263648,京都府笠置町,99.7,98.6,98.7,97.8,93.2,92.1,90.1,86.3,84
263656,京都府和束町,,52.8,55,57.6,60.2,62.8,65.4,67.9,69.4
263664,京都府精華町,55.7,57.5,59.1,60.9,62.6,64.3,66,67.7,67.2
263672,京都府南山城村,,,,,,,,,
264075,京都府京丹波町,,64.9,68,71.5,74.3,76.9,79.1,80.1,82
264636,京都府伊根町,65.9,67.3,51.3,53.1,55.7,58.3,59.4,62,64.5
264652,京都府与謝野町,60.5,64.5,66.7,50.4,68.9,71.3,71.9,72.3,73.4
271004,大阪府大阪市,49.5,50.7,51.7,53.3,54.5,56,57.3,58.5,58.9
271403,大阪府堺市,67.4,66.5,68,69.6,68.1,69.5,70.1,69,69.7
272027,大阪府岸和田市,,66.8,68.6,69.8,71.5,62.4,61.9,63.2,64.2
272035,大阪府豊中市,,63.9,65.4,66.5,67.4,69.1,65.8,66.5,66.8
272043,大阪府池田市,,86.1,87.9,89.1,64.4,62.7,62.7,64.3,65.9
272051,大阪府吹田市,60.2,62.2,42.7,43.5,45.5,47.4,43.4,44.5,44.7
272060,大阪府泉大津市,,56.3,59.8,61.7,62.5,63.6,65.2,67.1,68.8
272078,大阪府高槻市,,,,,,81,82.6,84.2,55.1
272086,大阪府貝塚市,,81.8,83.2,84.3,85.8,86.7,87.5,79.4,79
272094,大阪府守口市,86.3,87.5,88.5,89.5,88.2,88.9,89.8,90.7,91.5
272108,大阪府枚方市,42,39.9,42.3,44.8,47.3,49.3,51.8,54.3,56.8
272116,大阪府茨木市,,80.7,78.6,78.7,80.2,78.7,77.9,78.8,80.2
272124,大阪府八尾市,,61.6,63.4,64.8,66.7,68.4,70.2,71.6,72.5
272132,大阪府泉佐野市,,54.2,56.1,56,56.2,57.9,59.1,60.6,55.8
272141,大阪府富田林市,58.5,52.5,54.4,56.4,39.9,42.2,44.1,46.4,46.1
272159,大阪府寝屋川市,97.9,98.7,76.8,76.5,76.4,76.6,77.6,78.6,79.5
272167,大阪府河内長野市,34.7,36.9,39.1,41.3,43.5,45.7,47.9,50.1,52.3
272175,大阪府松原市,,61.7,63.3,63.8,64.4,65.9,67.4,68.8,70
272183,大阪府大東市,66.2,68,69.5,70,68.6,61.3,63.4,52.3,55.1
272191,大阪府和泉市,,71,73,70.6,72,73.8,75.8,77.3,78.5
272205,大阪府箕面市,,74,,,,,,,
272213,大阪府柏原市,,,,,,,,,
272221,大阪府羽曳野市,53.8,52,53.9,55.8,52.7,57.9,59.7,35.1,37.1
272230,大阪府門真市,69.4,71.4,73.6,75.2,35.6,37.5,28.5,30.7,32.6
272248,大阪府摂津市,,32.6,34.8,35.4,37.6,40,42.2,44.4,46.6
272256,大阪府高石市,50.2,71.4,73.6,56.8,59,60,62.4,64.7,57.7
272264,大阪府藤井寺市,100,100,,47.5,50.3,53.1,55.9,58.8,55.9
272272,大阪府東大阪市,,64.4,66.3,61.3,52.3,54,55.8,56.7,57.9
272281,大阪府泉南市,,78.1,79.8,81.3,82.7,83.3,84.4,84.2,86.2
272299,大阪府四條畷市,100,100,100,100,100,100,100,100,100
272302,大阪府交野市,100,100,100,100,100,59.6,64,68.4,72.8
272311,大阪府大阪狭山市,,,,,,,,,
272329,大阪府阪南市,,,,,,,,,
273015,大阪府島本町,30.2,32.4,34.6,36.8,38.2,40,42.3,44.2,45.5
273210,大阪府豊能町,,91.7,93.6,,97.6,99.6,100,100,100
273228,大阪府能勢町,,86,87.4,88.9,90.4,91.9,93,93.9,95.1
273414,大阪府忠岡町,100,100,100,100,100,100,100,100,100
273619,大阪府熊取町,,20.5,22.7,24.9,27.1,29.3,31.5,33.7,36
273627,大阪府田尻町,,48.5,51,53.5,55.8,57.4,59.1,60.6,62
273660,大阪府岬町,54.9,56.4,49.3,35.4,38.5,42.7,45.1,47.4,47.1
273813,大阪府太子町,,,,,,,,,
273821,大阪府河南町,,,,,,,,,
273830,大阪府千早赤阪村,,,,,,,,,
281000,兵庫県神戸市,66.4,67.7,68.9,70.2,71.6,70.8,70.5,71.8,73.2
282014,兵庫県姫路市,55.5,57.4,58.7,60,61.5,61.5,62.1,62.6,63.3
282022,兵庫県尼崎市,67.4,67,68.6,68,69,68.2,71,71.3,73.9
282031,兵庫県明石市,46.4,47.8,49.8,52,54.2,55.5,57.4,59.6,61.7
282049,兵庫県西宮市,60.1,61,62.9,64,65.1,66.7,67.7,69.5,71.2
282057,兵庫県洲本市,,56.5,52.3,54.4,56.5,58.7,60.7,61.7,63.3
282065,兵庫県芦屋市,,72.9,73.5,54.8,55.1,56.9,57.9,59.6,62.4
282073,兵庫県伊丹市,61.9,63.3,64.8,66.2,67.3,67.8,68.2,67.9,67.5
282081,兵庫県相生市,,71.7,65.4,74.4,75.7,77,77.8,78.9,79.9
282090,兵庫県豊岡市,60.7,70.8,72.8,75,77,78.7,80,81.7,83.2
282103,兵庫県加古川市,57.4,58.9,60.2,60.6,61.4,61.9,62.1,63.8,65.4
282120,兵庫県赤穂市,,60.8,62.4,64.1,65.8,67.5,68.9,69,70.8
282138,兵庫県西脇市,,68.4,67.8,70.2,70.4,71.1,71.8,72.8,73.1
282146,兵庫県宝塚市,,63.4,65.2,67.1,68.9,70.6,71.7,73.4,74.7
282154,兵庫県三木市,41.3,43.2,45.3,47.2,49.4,51.4,53.2,54.7,56.7
282162,兵庫県高砂市,,49.3,39.2,40.9,40.2,41.1,43.6,45.5,48.2
282171,兵庫県川西市,61.3,63.4,65.4,67.3,69.2,71,72.7,61,61.8
282189,兵庫県小野市,,59.6,61.3,61.6,62.5,63.5,73,65.5,65.9
282197,兵庫県三田市,33.5,35.5,37.5,39.1,41.1,43,45,46.4,
282201,兵庫県加西市,63.5,63.3,64.5,66.8,68.7,70.3,70.7,72.2,73.9
282219,兵庫県丹波篠山市,,66.7,69.1,71.1,73.3,75.6,77.7,79.7,73.6
282219,兵庫県丹波篠山市,,66.7,69.1,71.1,73.3,75.6,77.7,79.7,73.6
282219,兵庫県篠山市,,66.7,69.1,71.1,73.3,75.6,77.7,79.7,73.6
282219,兵庫県篠山市,,66.7,69.1,71.1,73.3,75.6,77.7,79.7,73.6
282227,兵庫県養父市,,65.4,66.8,67.7,69.2,70.4,70,71.9,73.2
282235,兵庫県丹波市,48.7,50.8,50.8,49.5,51.8,58.6,60.8,62,63.9
282243,兵庫県南あわじ市,50.9,50.7,52.3,54,55.8,,59.4,,
282251,兵庫県朝来市,,70.3,71,71.5,71.1,72.2,72.2,69.7,71.5
282260,兵庫県淡路市,,77.3,79.1,80.6,81.8,82.7,83.6,84.5,84.9
282278,兵庫県宍粟市,60.4,62.8,67.2,65.8,64.6,61.8,63.6,65.5,67.2
282286,兵庫県加東市,60.8,56.9,55.5,58,56.5,57.6,59.3,61.7,61.7
282294,兵庫県たつの市,,66.1,67.3,69.1,70.8,71.9,73.3,68.6,70
283011,兵庫県猪名川町,,53.2,53.9,54.9,56.1,58.4,60.7,63,65.3
283657,兵庫県多可町,,60.7,62.5,64.1,67.2,70.9,73.2,74.6,76.7
283819,兵庫県稲美町,,66.2,65.9,68.1,70.1,,75.1,76.5,77.7
283827,兵庫県播磨町,,,,66.6,68.8,71.1,73.4,75.7,78
284424,兵庫県市川町,,100,100,100,100,100,100,100,100
284432,兵庫県福崎町,,41.7,43.6,45.4,31.9,31.7,34.3,36.8,
284467,兵庫県神河町,42.3,40.9,45.1,41.8,45.3,46.2,51.5,55.6,59.5
284645,兵庫県太子町,,90.2,92.4,94.6,96.8,99,100,100,100
284815,兵庫県上郡町,,44.2,45.9,47.5,49.2,50.9,52.6,54.3,53.4
285013,兵庫県佐用町,,55.3,58.7,61.3,63.8,66,68.4,70.5,72.5
285854,兵庫県香美町,86.8,87.6,89.4,91.3,93,94.6,95.8,96.4,97
285862,兵庫県新温泉町,,,,,63.4,64.6,75.8,76.6,77.5
292010,奈良県奈良市,50.5,52.6,54.8,57,59.1,61.2,63.3,65.3,67.4
292028,奈良県大和高田市,,68.4,70,71.7,73.4,75,76.6,78,82.2
292036,奈良県大和郡山市,,42.8,41.9,44,43.4,45.4,51.6,52.5,50.5
292044,奈良県天理市,72.7,73.9,75,76,77.3,78.5,79.5,80.6,81.7
292052,奈良県橿原市,63.6,67.7,69.6,71.7,72.2,71.1,72.4,73.4,74.6
292061,奈良県桜井市,,70.7,72.8,74.6,76.9,78.7,80.4,82,83.6
292079,奈良県五條市,53.9,60.5,62.5,64.4,66.9,69,70.7,72,73.8
292087,奈良県御所市,65.1,67.4,68.8,68.7,70.6,72.7,74.8,76.4,77.6
292095,奈良県生駒市,,42.6,60.7,61.8,63,65.1,66.8,67.5,66.5
292109,奈良県香芝市,,24.9,27.2,29.4,31.6,33.8,36,38.2,40.4
292117,奈良県葛城市,,46.3,47.6,49.7,51.5,53.6,55.6,57.2,59.3
292125,奈良県宇陀市,,86.2,79.7,83.5,,,84.9,85.3,83
293229,奈良県山添村,,,,,,,,,
293423,奈良県平群町,69.9,71.5,72.1,75.3,76.5,78.4,80.5,82.2,83.8
293431,奈良県三郷町,62.7,66.4,68.2,70.1,71.8,73.5,75.3,77,78.6
293440,奈良県斑鳩町,50.2,53.8,53.8,55.9,56.5,58.6,60.7,62.7,63.3
293458,奈良県安堵町,,61.3,57.3,58.9,66,68.1,,72.2,74.5
293610,奈良県川西町,48.2,50.7,53.2,55.5,57.8,60.3,62.8,65.2,67.5
293628,奈良県三宅町,94.9,95.7,96.4,97,97.6,98.2,98.8,99.3,99.6
293636,奈良県田原本町,,81.2,,83.6,85.3,87,88.6,90.3,
293857,奈良県曽爾村,,80.7,82,79.7,62.8,59.4,60.6,60.7,59.7
293865,奈良県御杖村,,86.5,72.6,75.2,64.3,68.8,70.9,72.6,63
294012,奈良県高取町,,,93.3,95.4,95.3,95.5,95.5,94.4,94.1
294021,奈良県明日香村,,,,,,,,,
294241,奈良県上牧町,59.9,61.2,62.8,64.8,66.1,68.2,70.2,72.1,74.1
294250,奈良県王寺町,62.6,64.8,66.9,68.9,71,71.1,72.6,74.8,76.1
294268,奈良県広陵町,94.1,96.8,93.9,95.6,96.3,96.6,96.9,97.2,97.5
294276,奈良県河合町,,71.2,73.5,75.8,78,80.3,82.3,84.2,86.1
294411,奈良県吉野町,81.2,80.9,74.6,76,76.5,77.7,78.9,78.7,78.8
294420,奈良県大淀町,,79,80.8,82.6,84.2,85.7,86.9,88.2,89.5
294438,奈良県下市町,90.7,91.8,92.8,93.5,94.4,94.1,93.2,91.7,92.1
294446,奈良県黒滝村,,71.9,78.4,80.2,77.9,77.8,81.8,66.8,64.9
294462,奈良県天川村,,53.7,33.5,35.9,35.8,34.7,38.1,41.6,45
294471,奈良県野迫川村,,73.7,78.5,81,77.4,85.9,88.1,89.8,90.7
294497,奈良県十津川村,,25.7,30.2,35.1,39.2,43.4,47.5,45.7,50
294501,奈良県下北山村,91.4,93.5,95.4,96.9,98,98.8,99.4,99.7,99.9
294519,奈良県上北山村,89.3,91.2,93,94.8,96.3,95.2,95.3,95.7,87.1
294527,奈良県川上村,78.3,65,63.9,51.2,53.6,56.2,58.5,65.5,54.3
294535,奈良県東吉野村,85.2,88.9,,,,43.5,46.5,49.4,74.3
302015,和歌山県和歌山市,69.4,68.6,70,71.6,68.9,70.1,71.7,73.3,72.8
302023,和歌山県海南市,79.6,81.4,84,86.3,88.6,90.3,91.7,93,93.9
302031,和歌山県橋本市,83.5,84.6,84.5,86.2,86.2,85.8,85,84.9,77.8
302040,和歌山県有田市,,81.4,83.5,85.6,87.7,89.8,91.8,93.8,95.7
302058,和歌山県御坊市,66.7,68.5,70,71.4,72.8,74.1,75.4,76.8,78.2
302066,和歌山県田辺市,75.3,76.9,78.5,79.8,81.2,82.6,83.5,84.7,85.9
302074,和歌山県新宮市,86.3,87.8,89.3,90.7,92,93.3,94.4,95.2,96.2
302082,和歌山県紀の川市,87.2,88.8,90.7,92.4,92.5,92,93.4,94.3,92.9
302091,和歌山県岩出市,,89.2,91,92,87.2,88.6,79,77.8,74.6
303046,和歌山県紀美野町,,,70.7,72.8,65.4,,,,
303411,和歌山県かつらぎ町,72.6,73.1,64.5,65.6,67,68.6,63.2,,
303437,和歌山県九度山町,82,83.1,83.2,83.9,84.9,86,87.1,88.2,89.3
303445,和歌山県高野町,60.6,62.7,64.8,66.3,66.7,66.8,68.8,65.8,77.6
303615,和歌山県湯浅町,58.1,60.2,61.7,62.4,64.6,65.9,67.6,69.6,71.4
303623,和歌山県広川町,86.8,91,91,91,94.3,95.5,96.5,97.4,98.3
303666,和歌山県有田川町,,92.4,94,93.7,92.8,91.5,92.2,92.2,92
303810,和歌山県美浜町,64.2,65.4,66.6,67.8,69,70.2,71.4,68.7,68.3
303828,和歌山県日高町,,,,,,,,,
303836,和歌山県由良町,87.6,89.6,91.8,93.5,94.3,94.7,94.7,95.7,93.8
303909,和歌山県印南町,58.5,52,45.3,39.1,39.9,37.6,41.3,43.9,47.2
303917,和歌山県みなべ町,78.5,80.6,80.6,83.4,84.7,86,87.1,88,88.7
303925,和歌山県日高川町,85.2,85.7,86.8,88.5,88.6,89.1,90.5,91.1,91.4
304018,和歌山県白浜町,56.4,57.9,58.7,70,69.6,71.2,72.9,74.6,76.1
304042,和歌山県上富田町,,51,55.7,59,62.2,66.8,69.5,71,73.3
304069,和歌山県すさみ町,,68.5,64.7,67,69.3,71.6,68.5,70.9,73.2
304212,和歌山県那智勝浦町,72.1,74,75.4,75.6,80,81.7,82.9,84.8,86.4
304221,和歌山県太地町,100,100,100,100,100,100,100,100,100
304247,和歌山県古座川町,,65.3,67.1,68.9,70.8,72.5,74.3,76.1,77.9
304271,和歌山県北山村,83.3,86.7,,90.4,85.3,72.1,73.8,68.5,68.8
304280,和歌山県串本町,,76.3,66,64.1,60.5,62.8,64.5,65.8,67
312011,鳥取県鳥取市,55.7,57.5,59.9,62.2,64.5,66,68,69.9,71.7
312029,鳥取県米子市,55.5,59.3,61.4,,63.5,65.3,66.8,67.7,68.5
312037,鳥取県倉吉市,40.7,43,40.6,42.8,45,45.8,47.9,50.2,
312045,鳥取県境港市,,,62.8,,93,,,,
313025,鳥取県岩美町,,67.2,70.5,72.4,74,76.5,79,81.1,77.1
313254,鳥取県若桜町,,64.4,59.5,59.9,59.8,61.9,64,66.1,68.1
313289,鳥取県智頭町,,53.9,49.1,49.6,50.9,53.2,55.4,57.7,53.2
313297,鳥取県八頭町,,87.4,89,91.9,93.1,94.1,95.2,96.1,96.9
313645,鳥取県三朝町,,99,,99.2,95.7,92.6,86.5,83.1,79.8
313700,鳥取県湯梨浜町,83.8,86.5,87.6,88.7,89.5,90.3,90.9,91.4,61.6
313718,鳥取県琴浦町,62.1,65.1,68,70.4,72.9,75.3,77.8,80.2,82.5
313726,鳥取県北栄町,,100,66.6,43.3,35.2,27.9,29.3,30.9,28.3
313840,鳥取県日吉津村,,94.5,98.5,75.3,77,78.1,79.2,80.3,81.4
313866,鳥取県大山町,,69.7,72.2,74.1,76.5,78.4,80.3,79.6,81.2
313891,鳥取県南部町,,23.1,78.1,80.4,83.1,85.4,87.7,89.7,91.4
313904,鳥取県伯耆町,,98.2,98.3,98.3,97.8,97.8,100,97.8,97.8
314013,鳥取県日南町,75.5,83.3,81.8,85,88.1,94.7,88.6,98.9,99.1
314021,鳥取県日野町,64,66.1,69.7,72.7,75.8,72.8,75.6,78.2,79.9
314030,鳥取県江府町,79,86.2,89.1,91.2,93.2,95.3,97.1,98.1,98.1
322016,島根県松江市,71,72.7,74,75.7,77.1,78.4,79.6,80.9,82.3
322024,島根県浜田市,63.5,66.4,68.6,69.9,71.7,73.7,75.5,77.4,79
322032,島根県出雲市,82.6,84.6,60.3,63.3,65.2,66.8,68.5,69.9,71.7
322041,島根県益田市,49,51.2,53.3,54.6,55.6,57.6,58.8,60.5,61.2
322059,島根県大田市,,79.8,81.7,81.5,84.4,87,89.3,91.8,93.4
322067,島根県安来市,52.6,54.2,56.7,59.2,61.2,63.1,68.6,67.3,69.2
322075,島根県江津市,53.2,55.1,56.7,58.4,59.8,61.6,65.1,64.2,59.1
322091,島根県雲南市,,,63.8,64.8,67,69.1,71.3,72.8,73.3
323438,島根県奥出雲町,48.1,49.5,52.1,54.1,58.7,60.9,51.7,53.5,55.2
323861,島根県飯南町,54.3,62,57.2,52.4,51.7,49.3,47.8,48.8,49.8
324418,島根県川本町,72,68.9,69.2,70.4,71.5,70.8,72.7,71.9,75.9
324485,島根県美郷町,61.9,64,66.4,68.2,71.1,73.4,75.7,77.1,75.9
324493,島根県邑南町,71.1,71.1,73.1,74.2,74.8,75.6,77.6,78.9,83.7
325015,島根県津和野町,45.7,47,48.8,51.1,,56.2,58.2,60.2,56.4
325058,島根県吉賀町,,,64.9,70.9,71,67,66.2,65.7,67.5
325252,島根県海士町,,42.3,51.2,55,59,62.3,65.9,62.7,69.7
325261,島根県西ノ島町,77.4,82.1,80.4,72.3,70.5,70.6,68.9,68.4,67.8
325279,島根県知夫村,,68.9,60.8,66,66.7,61.1,56.4,61.8,58.4
325287,島根県隠岐の島町,,62.8,65.4,68.1,70.1,69.3,69.9,73.1,71.1
331007,岡山県岡山市,73.1,74.5,73.7,75.1,76.1,71.8,73.2,74.2,75.4
332020,岡山県倉敷市,77.2,78.7,80.1,71.4,73,72.1,73.4,74.7,75.9
332038,岡山県津山市,,87,88.5,90.1,91.3,92.7,93.9,94.9,95.8
332046,岡山県玉野市,76.5,77.6,79,80.2,79.2,80.4,79.8,81.9,82.9
332054,岡山県笠岡市,,75.6,77.2,78.8,79.3,80.8,82.2,83.3,83.2
332071,岡山県井原市,73.8,75.6,77.6,79.5,80.4,81.5,82.9,84.4,87.6
332089,岡山県総社市,94,95.2,96,98,97.3,97.9,89.1,89.8,90.3
332097,岡山県高梁市,,66,,,70.7,72.3,73.9,75.2,76.9
332101,岡山県新見市,,79.5,80.9,81.9,83.4,84.8,86,86.6,87.9
332119,岡山県備前市,,73.7,99.2,75.4,76.3,76.7,77.3,78.2,79.2
332127,岡山県瀬戸内市,,75.1,77.5,79.5,81.4,83.1,84.9,85.8,86
332135,岡山県赤磐市,99.6,99.7,99.8,99.9,100,100,100,100,100
332143,岡山県真庭市,,62.9,65.3,67.4,69.2,70.7,72.3,73.7,75.4
332151,岡山県美作市,,71.9,72.9,74.6,76,77.5,79,80.5,81.9
332160,岡山県浅口市,73.5,77,78.4,81.8,83,84.3,85.3,86.1,86.9
333468,岡山県和気町,64.6,67.1,,100,100,71.6,84.5,85.1,85.4
334235,岡山県早島町,24.5,18.3,14.9,17.8,20.8,23.7,26.7,27.2,29.6
334456,岡山県里庄町,94.9,93.2,92.1,94,95.8,97,97.4,97.9,98.3
334618,岡山県矢掛町,55.5,55.7,57.5,,56.4,56,56.6,57.9,59.8
335860,岡山県新庄村,,73.1,60.8,78.7,81.9,,87.1,77.5,76.8
336068,岡山県鏡野町,,,,85.1,87.6,89.2,91.1,92,93
336220,岡山県勝央町,83.9,84.1,90.9,92.8,94.6,96.1,97.6,98.8,98.8
336238,岡山県奈義町,,64.7,68.2,100,100,100,100,100,100
336432,岡山県西粟倉村,81.9,79.4,86.2,87.8,79.9,,,,
336637,岡山県久米南町,57.5,59.3,62,63.6,65.1,65.8,67.6,69.3,71.2
336661,岡山県美咲町,73.1,76.6,78.5,80.2,82,83.5,85,86.3,87
336815,岡山県吉備中央町,69.6,75.5,75.5,78.1,71.1,73.7,76.1,78,79.7
341002,広島県広島市,66.9,67.7,69.1,70.4,71.7,72.9,73.6,74.8,
342025,広島県呉市,,57.6,59.7,61.8,63.8,63.3,65.3,67.3,68.7
342033,広島県竹原市,79.1,65.6,70.2,71.7,77.1,78,76.1,77.7,77.7
342041,広島県三原市,63.7,69.6,69.1,69.7,71.3,73.1,75,76.7,78.5
342050,広島県尾道市,60.1,61.3,63,64.8,66.4,68,68.8,70.3,71.6
342076,広島県福山市,,59.2,61.2,63,64.4,66.5,68.2,69.9,67.8
342084,広島県府中市,81.7,82.7,83.3,83.7,83.7,82.8,81.7,81.9,80
342092,広島県三次市,,76.5,77.7,78.5,79.5,80.4,80.8,81.7,82.4
342106,広島県庄原市,58.4,58.4,62.1,63.8,67.1,69.3,71.2,72.6,74.4
342114,広島県大竹市,81.4,83,72.8,74.5,76.1,77.5,78.8,79.2,
342122,広島県東広島市,,56.9,58.9,60.9,62.8,70.3,66.1,67.2,68.7
342131,広島県廿日市市,,72.8,72,73.6,75.2,76.7,77.8,79,79.5
342149,広島県安芸高田市,70.7,73.1,75.2,76.5,78.8,81.1,83.3,84.8,86.9
342157,広島県江田島市,,,65.4,66.7,68.3,69.4,71,72.3,73.2
343021,広島県府中町,,37.1,47.8,49.3,51.1,52.9,57.5,56.4,
343048,広島県海田町,69.8,69.7,72.2,76.3,77.1,75.4,73.1,75.3,73.3
343072,広島県熊野町,,46.4,48,50,51.9,53.6,55,56.8,58.4
343099,広島県坂町,29.4,29.4,31.7,34,36.3,38.6,41,43.3,45.6
343684,広島県安芸太田町,81.2,83.5,85.4,87.2,88.4,89.6,90.7,91.5,92.4
343692,広島県北広島町,87.1,86.7,88.5,87.6,91.1,92.4,93,93.5,93
344311,広島県大崎上島町,80.5,82.5,84.4,85.1,85.4,88.8,86.2,87.1,88.1
344621,広島県世羅町,79.7,81.8,83.8,85.6,87.3,88,89.6,89.7,90.9
345458,広島県神石高原町,70.4,65.6,72.7,74.9,77.8,78.6,80.2,80.2,83.4
352012,山口県下関市,,74.4,76.6,78,79.2,80.7,81.1,80.5,82.1
352021,山口県宇部市,49.4,54.3,56.5,58.6,61,63,65,63.7,65.6
352039,山口県山口市,62,62.8,63.4,65.1,66.6,67.7,69,70.3,71.7
352047,山口県萩市,58.5,60.6,62.7,64.8,66.7,68.5,70.2,71.8,73.5
352063,山口県防府市,,55.4,77.3,79.2,80.6,82,83.3,84.4,85.3
352071,山口県下松市,68.4,69.9,64.9,65.6,65.9,59.7,61,58.8,57.9
352080,山口県岩国市,,75.2,76.2,77.6,78.7,79.9,81,81.5,81.1
352101,山口県光市,69.2,70.6,71.8,73.2,74.1,75.2,72.7,73.3,74.4
352110,山口県長門市,52.4,55.1,57.4,59.6,61.7,63.2,65.5,67.3,69.1
352128,山口県柳井市,68.5,70.1,71.7,73.1,74.7,76.3,77.9,79.5,81.1
352136,山口県美祢市,,51.8,53.8,55.8,57.8,59.5,61.3,63.1,64.8
352152,山口県周南市,88.8,88,88.3,80.3,82,83.4,84.8,82.6,83.7
352161,山口県山陽小野田市,69.4,71.2,73.1,75,76.8,78.6,80.3,82,83.4
353051,山口県周防大島町,75.8,77.4,79.2,81.4,82.9,84.3,83.5,83.3,84.7
353213,山口県和木町,59.2,60.8,62.3,53.4,52,53.7,45.4,47.1,47.1
353418,山口県上関町,53.5,53.1,52.6,55.2,67.7,60.7,62,62.1,63.2
353434,山口県田布施町,66.5,67.5,68.2,69.2,70.7,71.5,72.9,67.7,63.7
353442,山口県平生町,67.8,70.7,72.2,74,76.3,77.4,78.1,78.8,80.2
355020,山口県阿武町,65.9,61.4,62.9,63.6,63.7,65.4,80.3,69.3,71.4
362018,徳島県徳島市,73.9,75.5,77.3,76.5,78.1,79.5,81.1,82.3,83.7
362026,徳島県鳴門市,89,86.8,89.7,89.3,89.1,89,88.8,88.4,88.5
362034,徳島県小松島市,62.7,64.7,66.5,66.9,68.9,70.4,72.2,73.1,74.9
362042,徳島県阿南市,68.1,69.2,70.2,70.3,72.1,73.1,75.5,76,81.3
362051,徳島県吉野川市,83,84.7,85.7,85.9,86.5,87.3,88.6,89.8,90.9
362069,徳島県阿波市,79.3,80.1,81.1,81.6,70.3,77.5,79.5,80.3,80.2
362077,徳島県美馬市,83.7,85.3,87.2,89.1,90.7,92.2,93.8,95,96
362085,徳島県三好市,75.4,77.9,76.7,78.2,79.6,81,79.5,80.9,82.3
363014,徳島県勝浦町,81.1,83.2,84.5,81.6,84.6,86,87.2,88,88.9
363022,徳島県上勝町,49.2,46.5,48.3,47.8,49.6,55,57.1,43.4,38.5
363219,徳島県佐那河内村,27.8,30,32.2,34.4,35.8,37.1,39.3,16.9,19.5
363413,徳島県石井町,85.1,84.9,86.3,87.1,87.5,87.3,89.1,90.2,87.9
363421,徳島県神山町,74.3,72.9,74.7,75.8,65.5,60.6,61.9,64.1,67.9
363685,徳島県那賀町,64,66.3,66.9,66.1,67.4,69.4,71.2,73.3,75.2
363839,徳島県牟岐町,65.3,67.6,71.1,73.6,76.7,79.7,79.3,82.2,87.7
363871,徳島県美波町,54.4,57.6,59.2,62.3,65.3,68.3,71.3,74.3,72.3
363880,徳島県海陽町,66.5,70.1,73.7,77.2,75.6,78.9,82.1,85.3,87.9
364011,徳島県松茂町,62.3,64.3,65.9,67.7,69.7,72.3,74.8,76.8,78.6
364029,徳島県北島町,,,,,,,,,
364037,徳島県藍住町,88.1,89.9,91.5,93,94.3,95.5,96.4,96.8,97
364045,徳島県板野町,81.4,83.4,85.3,86.4,87.7,88.8,89.8,90.9,91.6
364053,徳島県上板町,84.7,86,87.5,88.9,89.9,90.7,91.6,92.3,92.9
364681,徳島県つるぎ町,69.9,72.5,74.2,75.9,77.6,79.3,80.9,82.5,83.9
364894,徳島県東みよし町,80,81.7,83.4,85.1,86.9,88.5,90,91.5,92.7
372013,香川県高松市,,75.8,58.3,77.4,78.1,77.9,77.7,78.5,78.4
372021,香川県丸亀市,77.4,79.4,81.3,83.1,84.5,85.3,83.4,82.2,77.8
372030,香川県坂出市,85.1,86.1,86.9,87.4,88.3,89.2,88.9,91.9,90.4
372048,香川県善通寺市,61.3,63.1,65.2,66.8,68.3,70,70.8,71.5,73
372056,香川県観音寺市,71.1,72.7,74.3,75.6,77,77.9,79.3,80.5,81.8
372064,香川県さぬき市,,60.9,61.9,63.3,64.6,66.3,67.9,68.3,69.4
372072,香川県東かがわ市,58,59.5,61.1,63,64.2,65.2,67,68.1,69.9
372081,香川県三豊市,62.4,63.5,64.6,65.3,60,61.3,63,64.6,66.1
373222,香川県土庄町,,67.4,65.2,60.3,53.4,52.7,51.4,53.4,55.4
373249,香川県小豆島町,,76.7,77.6,79,78.7,79.9,81.1,82.1,77.7
373419,香川県三木町,,82.1,83.7,85,86.2,87.4,88.7,90,91.2
373648,香川県直島町,77.8,72.2,73.2,74.4,67,65.4,65.1,60.9,58.1
373869,香川県宇多津町,52.7,54,55.6,56.8,58.5,56.9,55.4,56.7,58.1
373877,香川県綾川町,50,52.3,50.5,53.2,56,58.7,61.4,64.1,66.2
374032,香川県琴平町,44.1,46.1,48,50,51.9,53.8,55.8,57.9,59.9
374041,香川県多度津町,68,69,70.1,70.3,70.4,71.2,71.7,72.2,73.2
374067,香川県まんのう町,68.6,70.2,68.6,70,71.3,71.9,73.3,73.4,73.9
382019,愛媛県松山市,,56.1,57.6,54.3,56.2,58,59.8,61.2,62.9
382027,愛媛県今治市,,72,68.9,69.1,68.1,69.9,68,68.2,69.7
382035,愛媛県宇和島市,58.8,60.6,62.4,64.1,65.9,67.8,67.5,68.5,70.5
382043,愛媛県八幡浜市,69.1,71,73,74.6,76.3,77.6,79,80.4,81.9
382051,愛媛県新居浜市,,65.5,62.2,60.5,61.4,63.1,65.3,66.2,66.8
382060,愛媛県西条市,73.8,73.8,75,75.8,72,68.6,70,71.5,73
382078,愛媛県大洲市,,81.8,83.4,84.8,86.1,81.3,77.2,78.5,79.7
382108,愛媛県伊予市,73.1,73.1,74.9,76.5,78.3,79.8,81.3,82.6,83.7
382132,愛媛県四国中央市,71.4,72.8,74.4,76,76.9,78.4,79.5,80.7,81.6
382141,愛媛県西予市,70.3,72.5,71.9,72.8,74.1,72,68.3,66.6,67.7
382159,愛媛県東温市,69.8,70,71.7,73.4,75.1,76.7,78.6,80.1,77.4
383562,愛媛県上島町,33.4,36.4,38,40.6,43.1,45.2,47.7,51.5,53.8
383864,愛媛県久万高原町,68.6,70.5,73.4,73.4,75.3,75.9,76.7,77.3,78.1
384011,愛媛県松前町,85.1,86.4,87.6,88.5,89.7,90.6,91.8,92.7,93.5
384020,愛媛県砥部町,50.5,48.5,49.8,51.8,54.3,56.6,59.4,61.7,62.7
384224,愛媛県内子町,83.2,75.2,75,78.6,79,80.5,81.8,80.1,81.4
384429,愛媛県伊方町,58.9,61,63.8,67.8,69.4,68,69.5,70.6,72.3
384844,愛媛県松野町,96.7,92.4,87.7,88.6,89.3,90.1,90.7,91,91.7
384887,愛媛県鬼北町,75.3,78,80.7,82.6,83.4,84.2,86.4,88.4,90.2
385069,愛媛県愛南町,71,72.3,73.4,74.9,76.4,78,79.1,80.2,81.4
392014,高知県高知市,,59.5,61.5,60.8,62.8,64.4,66.2,67.7,66.7
392022,高知県室戸市,60.9,62.7,65.8,67.1,68.2,70,71.1,65.6,64.2
392031,高知県安芸市,67.6,69.3,71.2,66.7,68.5,69.1,71.1,66.4,67.4
392049,高知県南国市,55.1,59.7,62,64.3,66.1,67.6,69.9,72.3,74.5
392057,高知県土佐市,65.3,82.8,75.9,63.3,64.6,65.3,67.1,68.5,69.4
392065,高知県須崎市,54.6,56.9,59,60.7,62.8,64.9,67,69.1,70.7
392081,高知県宿毛市,87,88.1,89.3,87.6,87.9,88.8,86.3,85.4,82.3
392090,高知県土佐清水市,70.1,75.3,77.6,82.5,80.9,82.5,83.5,85.1,86.2
392103,高知県四万十市,73.1,72.5,74.3,76,77.6,79.1,80.2,80.2,80.2
392111,高知県香南市,64.9,67,69.6,71.2,73.2,74.6,75.6,77,77.9
392120,高知県香美市,40.2,42.2,44.1,45.7,47.4,49.1,50.7,52.1,53
393011,高知県東洋町,,73.2,85,86.5,87.6,87.6,89.8,89.8,91.7
393029,高知県奈半利町,75.8,79.3,79.3,81,82.3,83.4,84.5,85.7,86.3
393037,高知県田野町,52.1,49,49,51.8,55.2,55.2,53.3,54.4,62.7
393045,高知県安田町,41.4,43.9,46,46,46.9,49,51.1,53.2,55.3
393053,高知県北川村,69,53.5,64.8,63.5,66.7,64.2,64.4,66.7,69
393061,高知県馬路村,64.4,86.7,71.7,69,60.6,67.5,76.7,82.2,71
393070,高知県芸西村,53.7,55.6,58.4,61.2,63.6,65.7,57.3,59.2,60.3
393410,高知県本山町,72.3,72.6,,,,57.1,55.1,57.8,60.6
393444,高知県大豊町,72.7,75.1,77.5,78.9,81.3,82.8,87,89.1,91.2
393631,高知県土佐町,65.7,71.3,62.5,59.1,70.5,72.1,72.6,74,75.6
393649,高知県大川村,,36.4,32.2,49.3,50.7,50.3,53.2,,
393860,高知県いの町,62.1,64.2,66,67.8,69.6,70.4,71.9,72.7,74.1
393878,高知県仁淀川町,70,98.6,80.8,85,86.8,88.5,88.6,91.4,90.5
394017,高知県中土佐町,73.8,75.6,77.2,78.4,79.8,81.1,82.4,81.5,84.1
394025,高知県佐川町,74.8,74.3,76.6,79.1,81.6,84,86.1,88.3,90.2
394033,高知県越知町,47,48.8,49.8,51,52.5,54.5,56.3,56.3,61.7
394050,高知県梼原町,74,68.4,68,71,74,76.7,79.1,81.3,82.7
394106,高知県日高村,70.1,70.2,72.6,73.8,75.2,71.6,73.6,75.4,66.4
394114,高知県津野町,73.9,76.2,77.3,78.3,78.7,79.7,73,73.7,75.2
394122,高知県四万十町,67.9,67.3,68.4,69.6,70.5,71.3,72.3,73,73.6
394246,高知県大月町,70.7,72.7,74.7,56.2,57.9,49.9,51.3,53.1,54.4
394271,高知県三原村,77.8,84.4,83.5,85.6,87.8,89.9,92,94,95.3
394289,高知県黒潮町,81.8,81.5,82.9,84.1,86.5,85.9,86.5,69.6,72.3
401005,福岡県北九州市,,72.1,73.2,74.6,75.6,76.8,77.7,78.7,79.5
401307,福岡県福岡市,66.2,66.8,67.3,68.4,68.8,69.1,69.7,70.5,69.8
402028,福岡県大牟田市,60.1,60,59.5,61.1,58.7,58.4,59.8,56.8,56.7
402036,福岡県久留米市,,60.9,63.1,65.1,56.8,57.6,59.2,63.1,65.8
402044,福岡県直方市,,79.2,81.4,78.3,79.4,76,76.2,77.3,78.5
402052,福岡県飯塚市,,,,,,,54.3,55,56
402061,福岡県田川市,59.8,61.4,63,65.6,67.7,69.8,71.9,74.1,76.1
402079,福岡県柳川市,41.7,41.7,43.8,46,44.7,45.9,46.7,47.8,48.5
402109,福岡県八女市,69.2,69.8,74.6,69.2,71,71.7,72.9,74.2,74.8
402117,福岡県筑後市,46.8,48.2,45,47.2,49.1,51.3,53.1,55.3,57.5
402125,福岡県大川市,58.2,60.1,62.1,63.9,65.7,67.8,69.5,71.2,72.7
402141,福岡県豊前市,40.7,42.5,,,,,,,
402150,福岡県中間市,75.9,77.2,,,,,43.1,53,40.5
402168,福岡県小郡市,46.4,48.6,50.9,51,36.4,36.6,39.3,42,44.8
402176,福岡県筑紫野市,59.9,61.3,63.1,63.8,65.6,66.7,68.4,70,70.5
402184,福岡県春日市,86.8,66.1,67.9,44.8,46.4,35.7,29.7,26.1,20.6
402192,福岡県大野城市,,86.3,83.9,81.7,80.3,80.3,75.9,71.8,68.9
402206,福岡県宗像市,61.3,61.6,59.7,60.5,62.5,62.6,64.1,65.5,66.3
402214,福岡県太宰府市,59.5,54.3,54.1,56.3,56.5,58.7,60.9,63.1,65.3
402231,福岡県古賀市,57.9,59.5,61,62,63.4,64,65.2,66,67.2
402249,福岡県福津市,65.4,67.6,69.4,71,72.8,74.6,76.3,78,79.6
402257,福岡県うきは市,57.2,53.2,55.5,57.7,58.9,61.2,63.5,57.6,57.8
402265,福岡県宮若市,81.3,83.7,86,88.1,89.1,90.2,91.5,92.5,93.9
402273,福岡県嘉麻市,77.6,78.2,79.6,81.7,82.6,83.5,84.2,85.1,85.8
402281,福岡県朝倉市,48.6,48.9,46.3,43.7,33,35.7,36.5,38.3,40.6
402290,福岡県みやま市,26.4,28.6,28.9,30.9,30.9,33.2,35.5,37.7,40
402303,福岡県糸島市,,41.2,43.3,45.2,46.9,49.2,51.2,53.2,53.9
402311,福岡県那珂川市,83.6,85.8,88.5,90.6,92.7,94.8,96.9,99,100
402311,福岡県那珂川市,83.6,85.8,88.5,90.6,92.7,94.8,96.9,99,100
402311,福岡県那珂川町,83.6,85.8,88.5,90.6,92.7,94.8,96.9,99,100
402311,福岡県那珂川町,83.6,85.8,88.5,90.6,92.7,94.8,96.9,99,100
403415,福岡県宇美町,64.2,,65.8,54.3,41,31.8,34.6,37.5,40.3
403423,福岡県篠栗町,90.5,90.5,91.2,90.7,91.5,92.2,92.9,93.6,94.3
403431,福岡県志免町,,,,,,,,,
403440,福岡県須恵町,,,,,,,,,
403458,福岡県新宮町,,89.4,89.3,89.6,90.4,38.8,41.3,26.5,29.6
403482,福岡県久山町,73.8,75.5,77.2,78.7,79.7,80.7,81.7,82.4,77.8
403491,福岡県粕屋町,61.9,63.6,62.2,62.8,63.1,63.7,64.9,66.9,67.7
403814,福岡県芦屋町,,74.9,76.7,78.4,73.2,72.1,72.3,72.8,73.7
403822,福岡県水巻町,84.7,86.1,87.3,88.7,89.7,90.5,91,92,92
403831,福岡県岡垣町,80.5,82.5,83.7,84.7,85.2,67.3,68.7,70.1,71.5
403849,福岡県遠賀町,58.6,58.5,61,62.5,64.4,67.1,69.5,70,72.6
404012,福岡県小竹町,,98.5,99.6,99.9,100,100,100,100,60.9
404021,福岡県鞍手町,69.8,73.6,75.7,77.3,78.8,80.6,82.3,83.6,84.6
404217,福岡県桂川町,89,90.4,91.7,71.7,71.7,73.1,74.3,54.9,55
404471,福岡県筑前町,48.9,47.4,49.3,48,50.4,52.7,54.7,55.8,56.8
404489,福岡県東峰村,,,,,,,,44,45
405035,福岡県大刀洗町,34.2,36.6,46.1,30.1,24.7,27.2,29.6,32.2,34.7
405221,福岡県大木町,,,,,,,,,
405442,福岡県広川町,,98.7,100,100,100,100,100,100,100
406015,福岡県香春町,72.4,69.5,61.9,63.6,65.3,66.9,69.1,69.4,68.6
406023,福岡県添田町,,68.7,69.5,68.9,64.3,67.5,63.2,63.9,63.8
406040,福岡県糸田町,93.8,83.1,83.5,79.7,79.2,80,75.7,73.9,
406058,福岡県川崎町,89.9,89.9,90.6,89.4,,91.9,92.6,91.4,91.3
406082,福岡県大任町,58,60.9,70.7,34.2,66.3,64.6,67.2,66.6,63
406091,福岡県赤村,69,43.6,36.1,29,29.6,31.3,29.3,29,30.3
406104,福岡県福智町,66.9,66.6,65.7,66.9,68.8,68.8,69.6,69.7,69.6
406210,福岡県苅田町,57.6,59.3,60.8,62.4,63.4,65,65.2,65.5,65.1
406252,福岡県みやこ町,,65.1,64.4,63.4,61,62.1,62.9,55.1,53.1
406422,福岡県吉富町,57,53,36.8,38.7,40.8,43.2,44,,
406465,福岡県上毛町,,,92.9,93.7,94.4,95.2,95.9,96.6,
406473,福岡県築上町,62.7,64.5,66.3,67.9,69.2,70.6,72.2,73.1,74.4
412015,佐賀県佐賀市,,63.2,61.1,62.7,64.7,64.3,65.9,67.2,67.1
412023,佐賀県唐津市,58.4,55.7,53.1,51.3,49.4,60.4,61.6,63.3,64.9
412031,佐賀県鳥栖市,73.5,76.7,77.8,78.8,77.3,77.4,76.8,70.4,72
412040,佐賀県多久市,57,59.9,62,64,66.1,68.1,69.7,71.2,75.1
412058,佐賀県伊万里市,80.4,81.7,83.5,85.3,87.1,88.8,90.3,91.7,93
412066,佐賀県武雄市,58.8,60.3,60.4,61.8,63.3,58.8,60.3,61.7,63
412074,佐賀県鹿島市,67.4,69.1,70.8,58.4,60.2,62,63.8,65.6,67.4
412082,佐賀県小城市,46.9,32.1,22.7,25.2,26.2,30.4,33,35.7,38.3
412091,佐賀県嬉野市,,80.7,82.2,84.2,86.5,88.2,89.8,91.6,93.3
412104,佐賀県神埼市,,67.9,70,72,74,76.1,78,80,65.4
413275,佐賀県吉野ヶ里町,48.1,53.4,56.1,58.7,61.2,63.8,66.3,68.8,70.8
413411,佐賀県基山町,72.9,74.9,76.2,78.1,79.9,81.7,83.4,84.5,85.7
413453,佐賀県上峰町,45.2,53.6,55.6,57.5,59.3,61.8,63.3,65.3,67.2
413461,佐賀県みやき町,42.4,42.7,30.8,34.2,34.3,36,37.7,40.6,38.8
413879,佐賀県玄海町,44.2,52.1,54.2,52.9,54.5,56.1,54,56.3,58.7
414018,佐賀県有田町,66,68.1,70.2,72.3,74.4,76.5,78.6,80.5,76.6
414239,佐賀県大町町,81.5,81.2,82.4,83.9,85.6,87.2,89,90.7,92.3
414247,佐賀県江北町,23.7,25.3,27.8,30.3,32.8,35.3,37.8,40.3,42.8
414255,佐賀県白石町,81.8,81.2,79.5,79.7,80.6,81.1,82.4,81.9,83.6
414417,佐賀県太良町,60.1,64.5,31.9,35.5,38.1,36.3,39.3,42.3,45.3
422011,長崎県長崎市,,61.6,63.1,65.3,66.2,69,67.7,68,69.5
422029,長崎県佐世保市,,60.2,61.5,60.9,61,62.8,64.7,66.7,71.5
422037,長崎県島原市,49.2,54.9,56.8,60.4,61.9,62.9,64.5,65.4,66.2
422045,長崎県諫早市,,60.7,61.3,63.3,65.1,66.8,68.3,69.8,71.3
422053,長崎県大村市,,53.9,56.4,58.5,58.7,62.1,64.1,66.1,68
422070,長崎県平戸市,51.1,61.6,64.3,66.5,68.7,68.3,69.7,71.8,73.5
422088,長崎県松浦市,,60.6,61.8,63.3,65,65.3,66.8,67.7,67.1
422096,長崎県対馬市,,73,73.5,73.7,75.4,76.3,77.3,79.3,81.1
422100,長崎県壱岐市,,55.8,54.3,56.8,58.4,57.7,32.9,32.7,58.4
422118,長崎県五島市,,48.6,50.7,51.7,53.3,54,55.7,57,58.6
422126,長崎県西海市,,64.3,65.2,66.5,68.3,69.2,68.5,72.5,72.8
422134,長崎県雲仙市,76.5,,,,,81.9,83,84.2,85.2
422142,長崎県南島原市,73,75.2,77,78.8,80.8,82.5,83.5,81.4,82.6
423076,長崎県長与町,,,0,2.2,3,3.9,4.6,5.5,6.2
423084,長崎県時津町,,62.4,64.8,67.1,67.9,70.4,72.9,72.4,74.5
423211,長崎県東彼杵町,60.4,60,61.6,63.3,65,66.7,67.4,63.6,70.8
423220,長崎県川棚町,57.4,59.3,61.1,62.8,,65.8,66.4,67.2,68.6
423238,長崎県波佐見町,44.1,47.9,47.9,49.6,51.4,53.1,54.8,56.6,58.2
423831,長崎県小値賀町,55.8,59,61.6,64.4,67.6,70.7,68.1,65.9,68.9
423912,長崎県佐々町,,71.8,54.2,55.7,55.9,57.8,59.5,59.9,61.4
424111,長崎県新上五島町,,66.5,66.9,71,71,71.1,72.9,72.6,68.8
431001,熊本県熊本市,62.5,64.1,66.3,67.5,67,68.9,70.3,72,74.2
432024,熊本県八代市,,56.4,58.2,60.2,60.2,62.8,66.2,70.1,69.6
432032,熊本県人吉市,73,75.2,77.4,78.8,81.9,84,86,87.9,72.2
432041,熊本県荒尾市,61.9,59.9,61.9,62.2,63,73.1,78.9,78.9,79.8
432059,熊本県水俣市,67.6,68.7,65.6,66.4,65.9,67.4,68.9,70.7,72.1
432067,熊本県玉名市,78.5,79.6,80.2,80.9,82.2,83.3,84.1,84.8,85.3
432083,熊本県山鹿市,88.2,88.6,88.7,91.1,90.1,90.8,91.6,92.3,93.1
432105,熊本県菊池市,,63.3,62,63.6,64.4,67.7,69.6,71.4,73.3
432113,熊本県宇土市,62.5,64.4,66,61.2,62.8,64.9,66.8,68.7,68.6
432121,熊本県上天草市,,84.9,85.3,85.7,86,86.4,86.9,85.2,85.2
432130,熊本県宇城市,77.6,79.2,80.7,55.3,44.4,47,48.1,50.3,53.1
432148,熊本県阿蘇市,77.8,79.3,79.7,71.6,54.9,56.2,51.4,52,52
432156,熊本県天草市,,74.9,76.8,77.1,80.1,81.8,83.4,84.1,84.9
432164,熊本県合志市,45,45.4,47.4,50.8,52.7,54.8,56.3,58.3,60.4
433489,熊本県美里町,78.2,80.3,80.6,74.6,75.8,73.2,74.4,74,73.7
433641,熊本県玉東町,81.6,77.5,77.7,76.8,78,76.7,56.7,57.6,58.9
433675,熊本県南関町,51.3,52.1,54.4,56.1,55.9,56.4,57.2,58.5,59.5
433683,熊本県長洲町,77.3,90.3,91.9,44.7,25.5,27.5,28.6,30.5,30.6
433691,熊本県和水町,93.4,94.9,94.1,90.8,88.2,86.3,83.1,83.6,83.8
434035,熊本県大津町,75.5,77.2,74.9,76.5,62,64.3,63.9,64.8,64.9
434043,熊本県菊陽町,,51.3,50.2,52.3,54.7,57.3,59.5,61.7,63.6
434230,熊本県南小国町,70.7,71.5,73.7,75.4,66.5,67.4,68.3,69,71.3
434248,熊本県小国町,,69.2,70.9,72.7,69.6,71.5,70.3,70.2,69.4
434256,熊本県産山村,59.6,59.8,63.7,63.4,63.7,66.8,60.7,63.9,66.1
434281,熊本県高森町,81.9,84.2,86.2,87.6,88.9,90,91.1,91.8,93
434329,熊本県西原村,76.3,77.5,75.4,7.5,11.2,15.4,18.9,23.1,27.4
434337,熊本県南阿蘇村,,82.6,84.4,47.9,43.3,43.5,46.5,48.9,51.3
434418,熊本県御船町,82.7,84,80.7,75.4,77.1,69.2,68.2,69.9,69.2
434426,熊本県嘉島町,79.2,81.9,84.6,87.3,3.5,8.1,12.5,17,21.4
434434,熊本県益城町,,66,68,59.4,14,15.4,18,20.6,23.4
434442,熊本県甲佐町,42.5,56.9,57.2,34.9,29.2,30.4,30.6,32.7,36.2
434477,熊本県山都町,85.7,87.4,88.8,89.6,90.1,84.6,76.3,67.8,67.5
434680,熊本県氷川町,70.7,71.1,72.9,73.7,68,68.4,69.2,70.6,70.2
434825,熊本県芦北町,,79.5,81.8,83.3,85.1,87.2,88.6,81.4,72.4
434841,熊本県津奈木町,61.9,60.2,58.8,60.8,62.7,64.5,58.9,61,62.8
435015,熊本県錦町,67.7,69.6,71,72.6,73.8,74.9,76,76.4,77.8
435058,熊本県多良木町,81.6,81.6,83.1,84.3,82,83.5,83.1,84.6,86
435066,熊本県湯前町,85.2,86.2,84.8,86.3,83.1,83.2,84.7,85.8,77.9
435074,熊本県水上村,75.8,76.9,74.7,73.9,73,74.7,76.4,77.8,80.1
435104,熊本県相良村,48.9,52.8,56.9,61,64.4,68,71.7,65,68.4
435112,熊本県五木村,,53.7,58.1,55.4,57.4,61.9,65.6,67,69.1
435121,熊本県山江村,72.2,79.6,71.4,71.4,72,76.4,78.5,71.8,
435139,熊本県球磨村,52.1,58.1,59.1,58.7,58.7,52.8,54.6,57.7,7.5
435147,熊本県あさぎり町,77.8,79.2,79.6,80.2,78.2,77.7,79,79.6,77.7
435317,熊本県苓北町,,,,64.3,68.1,71.7,75.1,78.2,81.1
442011,大分県大分市,61.7,63.1,62.7,65.2,65,66.1,67.4,68.9,70.7
442020,大分県別府市,75.4,,78.6,80,80.4,81.7,72.8,72.2,73.1
442038,大分県中津市,68.2,70.2,68.4,67.9,66,67.6,67.9,66,67.2
442046,大分県日田市,,62.5,62.7,63.3,66.1,67.3,69.4,69.2,70.8
442054,大分県佐伯市,60.4,62.1,63.7,64.9,66.2,67.6,69.1,70.7,72
442062,大分県臼杵市,58.4,59.3,61.6,64,66.4,67.8,69.2,70.3,69.9
442071,大分県津久見市,66.8,66.8,69.9,71.6,73,72.5,73.3,73.5,74.9
442089,大分県竹田市,65.6,66.6,58.7,61.8,63.5,65.3,65.9,67.1,68.5
442097,大分県豊後高田市,77.2,76.8,77.3,77,72.3,74.4,76.1,77.3,78.7
442101,大分県杵築市,78,80,81.8,83.3,85.2,87,88.4,89.3,90.5
442119,大分県宇佐市,77.6,79.8,78.4,78.5,79.5,80.4,79.1,79.7,80.7
442127,大分県豊後大野市,57.7,58.6,61.1,61.3,59.9,61.5,60,61.5,63.2
442135,大分県由布市,73,74.7,75.7,76.4,76.8,77.7,79.2,80,80.7
442143,大分県国東市,69.1,70.7,73.2,73.2,73.7,73.9,74.5,75.1,74.9
443221,大分県姫島村,75.7,64.4,73.5,71.6,72.9,74.2,75.5,76.2,77.5
443417,大分県日出町,78.2,79.4,79.8,80.9,81.8,82.5,83.9,84.2,84.9
444618,大分県九重町,55.9,58.5,55,57.2,53.9,56.7,59.7,62,64.7
444626,大分県玖珠町,56.6,58.7,60.5,62.4,64.1,65.9,67,68.6,69.6
452017,宮崎県宮崎市,61.8,63,64.6,65.9,67.4,68.9,70.1,71.7,73.2
452025,宮崎県都城市,72.6,74.1,75.6,76.7,77.8,77.9,79,80.2,80.6
452033,宮崎県延岡市,55.2,56.4,58,59.5,58.8,60.5,60.9,61.9,63.9
452041,宮崎県日南市,,69.7,71.5,73.3,75.1,76.8,78.1,79.7,84.4
452050,宮崎県小林市,,87.2,80.7,81.7,76.4,77.7,79,80.2,81.3
452068,宮崎県日向市,,66.3,68.3,70.1,71.7,73.1,74.4,75.2,76.7
452076,宮崎県串間市,46.9,54.5,56.5,58.6,60.3,63.2,65,66.2,67.1
452084,宮崎県西都市,66.8,67.8,69.9,72,74.1,75.5,77.6,79.7,81.7
452092,宮崎県えびの市,,83.2,84.7,86.3,87.8,89.5,91,92.4,93.7
453412,宮崎県三股町,,60.6,56.3,53.3,55.2,52.6,54.5,56.2,57.7
453617,宮崎県高原町,,55,57.1,59,59.9,60.4,62.3,63.9,65.4
453820,宮崎県国富町,76,77.6,79.2,80.8,82.4,83.8,85.1,86.4,88
453838,宮崎県綾町,,71,72.7,74.9,77.2,79.4,81.5,82.7,84
454010,宮崎県高鍋町,57.7,63.9,65.3,66.9,68.4,70,71.7,72.9,74.7
454028,宮崎県新富町,,73.6,74.5,76,76.9,77.4,78.8,79.2,79.3
454036,宮崎県西米良村,,64.8,67.7,71.1,69.3,69.5,69.9,70,72.2
454044,宮崎県木城町,65.3,67.4,69.7,71.7,73.9,76,78.2,80.2,81.9
454052,宮崎県川南町,71.8,57,58.2,59.6,60.7,61.8,63.2,64.6,65.1
454061,宮崎県都農町,75,75.6,76.2,77.2,79.2,80,82.6,84.5,79.8
454214,宮崎県門川町,67.1,68.5,69.9,63.3,64.6,65.4,66.6,66.8,66.6
454290,宮崎県諸塚村,,84.6,87,81.5,76.7,77.6,77.7,79.1,80.4
454303,宮崎県椎葉村,76.4,76.1,78.2,73.9,73.1,73.6,74.9,76.4,73.7
454311,宮崎県美郷町,81.8,83.7,85,81.3,82.4,83.1,84.6,84,80
454419,宮崎県高千穂町,45.1,49.6,51.6,44.5,40.6,37.1,38.1,40.7,42.9
454427,宮崎県日之影町,72,72,74,76,77.6,79,79.4,80.6,80.1
454435,宮崎県五ケ瀬町,68.4,70.5,72.5,74.4,75.8,76.9,78.3,78.7,77.7
462012,鹿児島県鹿児島市,42.7,44.3,46.3,47.6,49.2,51.2,52.8,54.6,56.5
462039,鹿児島県鹿屋市,,58.9,59,61.1,63,65.1,67,69.1,70.9
462047,鹿児島県枕崎市,65.6,65.2,62.5,61,61,61.7,63.6,64.8,64.3
462063,鹿児島県阿久根市,,,54.6,55.6,57.1,56.4,58,57.6,58.5
462080,鹿児島県出水市,59.8,61.8,63.5,64.9,66.2,67.3,68.3,69.5,70.5
462101,鹿児島県指宿市,,61.3,64,65.3,66.2,68.1,65.1,67,68.6
462136,鹿児島県西之表市,51.5,50.8,52.7,54.6,56.1,61.1,63.2,64.7,66.3
462144,鹿児島県垂水市,78.9,80.7,81.5,77.9,75.1,77.3,79.3,81.2,83
462152,鹿児島県薩摩川内市,39.8,44.1,48.1,52.8,57.1,60.6,58.9,61.6,57.8
462161,鹿児島県日置市,54.3,56.7,57.8,58.5,60.3,63.8,62.6,64.1,65.8
462179,鹿児島県曽於市,66.8,64,65.5,67,68.7,64.8,70.2,66.3,67.8
462187,鹿児島県霧島市,68.8,69.6,71.4,73,74.8,75.8,77.2,78.6,79.9
462195,鹿児島県いちき串木野市,,56.3,57.9,60.3,63.2,60,62,64.2,66.2
462209,鹿児島県南さつま市,,69.6,71.6,72.6,72.6,73,75.3,77.3,77.9
462217,鹿児島県志布志市,67.7,65.2,65.5,65.8,66.9,68,59.3,59.6,61.3
462225,鹿児島県奄美市,,74,76,77.5,78.9,79.5,80.2,79.5,80.9
462233,鹿児島県南九州市,74.5,74.5,77.1,78.1,78.5,79,80.1,78.9,78.7
462241,鹿児島県伊佐市,70.3,,70.9,73.1,75.2,76.7,78.3,79.7,
462250,鹿児島県姶良市,63.8,64.9,65.7,67.3,64.2,62.2,65.8,67.9,72.2
463035,鹿児島県三島村,83,75.1,72.8,73.2,71.9,68.9,60,60.1,57.6
463043,鹿児島県十島村,,47.6,48.8,50.1,52.5,52.9,57.2,47.7,51.1
463922,鹿児島県さつま町,,,84,81.4,81.8,81.5,81.7,83,83.9
464040,鹿児島県長島町,,79.5,76.3,83.9,85.8,87.4,88.8,89.8,88
464520,鹿児島県湧水町,,73.1,76.3,77.6,79.3,80.6,82.2,83.7,85.1
464686,鹿児島県大崎町,84.3,84.6,85.7,87.9,88.9,89.4,90.7,91.8,93.1
464821,鹿児島県東串良町,,75.7,70.2,71.4,,71.2,71.2,74.1,67.5
464902,鹿児島県錦江町,70.7,65,66.1,69.8,71.8,73.4,75.3,77.2,79
464911,鹿児島県南大隅町,,64.1,64,64.4,66.1,66.1,66.8,64.9,63.2
464929,鹿児島県肝付町,65.5,67.2,69.2,72.4,72.8,71.4,72.3,73.1,72.9
465011,鹿児島県中種子町,53.1,54.8,56.8,58.9,59.9,58.6,55.7,57.4,59.7
465020,鹿児島県南種子町,,83.3,89.1,90.8,92.1,92.9,93.7,91.8,50.8
465054,鹿児島県屋久島町,,65.1,67,69,70.8,71,73.1,75,76.9
465232,鹿児島県大和村,,52.1,50.5,51.9,53.7,55.1,56.3,57.5,59
465241,鹿児島県宇検村,60.4,45.3,47.5,46.9,46.2,52.1,50.2,53.1,54.4
465259,鹿児島県瀬戸内町,72.2,71.2,73.3,77,78,79.8,80.8,81.7,83.3
465275,鹿児島県龍郷町,53.7,54.8,57,58.6,59.9,61.1,56.8,57.6,59.6
465291,鹿児島県喜界町,98.8,66.7,65.4,69.4,68.7,68.7,68.7,68.6,58.7
465305,鹿児島県徳之島町,43,45.1,47.5,49.2,50.1,51.6,51.4,53,54.5
465313,鹿児島県天城町,,54.3,50,52.1,50.3,48.9,48.6,48,46.7
465321,鹿児島県伊仙町,,59.1,56.2,56.1,56.3,54.9,57.3,55.1,52.8
465330,鹿児島県和泊町,31.8,28.4,40,34.9,34.7,35.7,35.8,37.6,39.6
465348,鹿児島県知名町,59.3,57.5,58.8,60.9,59.4,58.5,57.8,59.8,60
465356,鹿児島県与論町,39.4,41.5,39.9,42.4,41.9,44.5,39.1,37.7,39.6
472018,沖縄県那覇市,,41.2,38.6,39.5,40.4,42.6,41.4,41.3,41.5
472051,沖縄県宜野湾市,25.2,33,35.1,37.8,40.4,43.1,44.2,46.9,49.6
472077,沖縄県石垣市,43.4,42.3,44.9,47.2,47.9,50.2,52.4,54.5,56.7
472085,沖縄県浦添市,,36.2,38.2,38.2,42.6,44.8,47,49.2,51.6
472093,沖縄県名護市,,44.9,45,47.2,47.7,47,48.5,49.1,51.6
472107,沖縄県糸満市,76.6,,63.3,62.8,64.4,66.1,52.1,54.1,56.1
472115,沖縄県沖縄市,,,,,,35.5,36.7,35.8,32.9
472123,沖縄県豊見城市,25.2,28.8,32.2,35.6,38.9,42.3,45.4,48,50.5
472131,沖縄県うるま市,42.3,43,43,44.9,47.1,46.5,48.7,46.9,49.1
472140,沖縄県宮古島市,39.4,41,41.9,42.9,45,45.9,48.8,50.9,52.1
472158,沖縄県南城市,67.1,69.3,71.6,73.9,75.8,77.5,79.8,82.2,84.4
473014,沖縄県国頭村,,28.4,33.4,21.1,21.5,24.2,21.9,24.6,26.9
473022,沖縄県大宜味村,,45.1,46.8,49.1,52,54.2,56,58.3,57
473031,沖縄県東村,57.8,45.1,41.1,42.1,44.4,31.3,33.7,30.8,33.4
473065,沖縄県今帰仁村,49,51.5,42.7,45.2,47.6,50,52.5,43.4,45.7
473081,沖縄県本部町,,38.3,40.5,42.7,44.9,39.3,38.5,39.1,44.1
473111,沖縄県恩納村,,33.8,40.4,33.3,35.8,38.3,40.8,44.8,46.4
473138,沖縄県宜野座村,42.2,46.6,48.8,51,53.2,55.4,57.4,59.2,60.9
473146,沖縄県金武町,36.1,38.3,40.5,42.8,40,42.4,44.7,47,49.3
473154,沖縄県伊江村,55.6,57.9,58.4,60.7,34.9,37.5,39.6,41.7,37.9
473243,沖縄県読谷村,63.9,59.3,61.5,61.9,64.3,66.6,68.3,70,73.5
473251,沖縄県嘉手納町,35.9,35,38,40.6,42.3,45.1,44.3,46.4,49.4
473260,沖縄県北谷町,19.6,23.4,25.4,28.2,31.4,34.4,34.8,37,39.1
473278,沖縄県北中城村,,,,,,,,,
473286,沖縄県中城村,,,,,,,,,
473294,沖縄県西原町,,46.2,48.4,50.6,52.8,55,57.2,59.4,61.6
473481,沖縄県与那原町,,34.7,38.2,41.7,45.1,48.3,50.8,52.5,53.5
473502,沖縄県南風原町,,,,,,,,,
473537,沖縄県渡嘉敷村,39.2,45.5,46.8,47.3,49.5,55.1,57.3,59.2,59.8
473545,沖縄県座間味村,48.5,44.3,52.9,49.2,43.9,38.9,41.4,44,46.5
473553,沖縄県粟国村,29.2,42.6,35.9,38.1,40.3,42.5,44.7,39.2,41.7
473561,沖縄県渡名喜村,2.1,5.2,,,,,24.9,28,50.4
473570,沖縄県南大東村,36.6,38.8,39.1,41.3,43.5,39.9,41.7,43.8,45.8
473588,沖縄県北大東村,31,35.8,35.3,37.5,34.7,38.7,42.5,46.6,50.5
473596,沖縄県伊平屋村,,37.6,39.9,42.2,44.5,46.9,49.2,44.7,42.5
473600,沖縄県伊是名村,52.2,56.7,56.2,57.9,57.8,60.1,50.6,49.9,49.8
473618,沖縄県久米島町,38.3,56.9,59.2,59.5,61.7,53.2,55.3,57.5,59.7
473626,沖縄県八重瀬町,64.7,67.4,69.6,71.8,74,76.2,78.4,80.3,82
473758,沖縄県多良間村,39.2,37.1,39.1,42.1,44.3,40.4,42.2,43.5,45.8
473812,沖縄県竹富町,48.1,51.2,53.4,54.4,47.9,44.6,46.8,48.9,50.7
473821,沖縄県与那国町,60.9,58.2,54.4,65.6,56.4,57.2,62.2,82.6,84.8
