団体コード,団体名,2016-03-31,2017-03-31,2018-03-31,2019-03-31,2020-03-31,2021-03-31,2022-03-31,2023-03-31,2024-03-31
011002,北海道札幌市,,,,,,,,,
012025,北海道函館市,,75.9,71.6,64.6,59.7,51,51.5,53.1,44.1
012033,北海道小樽市,,56.3,,,,65.9,67.1,69.2,69.2
012041,北海道旭川市,,,,,,,,,
012050,北海道室蘭市,48,49.9,49.7,51.6,56.7,58.3,59.9,61.5,63.2
012068,北海道釧路市,,64.8,66.9,68.7,70.6,72.5,74.5,76.2,77.9
012076,北海道帯広市,,,,,,,,,
012084,北海道北見市,,,,,,,,,
012092,北海道夕張市,,,,,,,,,
012106,北海道岩見沢市,,,,,,,,,
012114,北海道網走市,,32.5,34.2,35.6,37.7,37.3,37.1,42.7,42.7
012122,北海道留萌市,,84.8,86.9,54.9,59,63,4.1,12,14.9
012131,北海道苫小牧市,,,,,,,,,
012149,北海道稚内市,,1.1,2.3,3.1,5.2,7.9,11.9,14.4,17.2
012157,北海道美唄市,,,,,,,,,
012165,北海道芦別市,,,,,,,,,
012173,北海道江別市,,,,,,,,,
012181,北海道赤平市,,,,,,,,,
012190,北海道紋別市,17.9,13.4,16.3,20.9,23.6,30,41.1,43.9,36.7
012203,北海道士別市,,,,,,,,,
012211,北海道名寄市,,,,,,,,,
012220,北海道三笠市,,,,,,,,,
012238,北海道根室市,,100,2.3,4.2,5.8,7.2,9.3,11.5,13.6
012246,北海道千歳市,,,,,,,,,
012254,北海道滝川市,,,,,,,,,
012262,北海道砂川市,,,,,,,,,
012271,北海道歌志内市,,,,,,,,,
012289,北海道深川市,,,,,,,,,
012297,北海道富良野市,,,,,,,,,
012301,北海道登別市,,,,,,,,,
012319,北海道恵庭市,,,,,,,,,
012335,北海道伊達市,,,,,,,,,
012343,北海道北広島市,,,,,,,,,
012351,北海道石狩市,72.7,75.2,77.6,80.1,82.5,82.5,83.4,84.4,85.4
012360,北海道北斗市,,,,,,,,,
013030,北海道当別町,,,,,,,,,
013048,北海道新篠津村,,,,,,,,,
013315,北海道松前町,,,,,,,,,
013323,北海道福島町,69.1,68.2,69,71,61,64.4,67.2,69,71.2
013331,北海道知内町,,,,,,,,,
013340,北海道木古内町,,,,,,,,,
013374,北海道七飯町,,,,,,,,,
013439,北海道鹿部町,,,,,,,,,
013455,北海道森町,86.4,42.7,45.1,47.5,50,59.6,54.8,57.3,59.7
013463,北海道八雲町,,,,,,,,,
013471,北海道長万部町,,,,,,,,,
013617,北海道江差町,,47.2,,,,,,,
013625,北海道上ノ国町,,,,,,,,,
013633,北海道厚沢部町,,,,,,,,,
013641,北海道乙部町,,,,,,,,,
013676,北海道奥尻町,,41.2,41.2,45.1,45,47.1,49.2,53.1,53.1
013706,北海道今金町,,,,,,,,,
013714,北海道せたな町,,35.6,84.2,85.3,85.8,87,88.1,89,88.5
013919,北海道島牧村,,,,,,,,,
013927,北海道寿都町,,,,,,,,,
013935,北海道黒松内町,,,,,,,,,
013943,北海道蘭越町,,,,,,,,,
013951,北海道ニセコ町,,,,,,,,,
013960,北海道真狩村,,,,,,,,,
013978,北海道留寿都村,,,,,,,,,
013986,北海道喜茂別町,,,,,,,,,
013994,北海道京極町,,,,,,,,,
014001,北海道倶知安町,,,,,,,,,
014010,北海道共和町,,,,,,,,,
014028,北海道岩内町,,,,30,22.8,30.4,39.2,47.4,30.2
014036,北海道泊村,,,,,,,,,
014044,北海道神恵内村,,,96.4,84.4,79.1,82.6,87.4,91.1,91.8
014052,北海道積丹町,,,20,22.5,22.4,25.4,28.3,24.3,28.1
014061,北海道古平町,78.3,80.7,83.1,75.7,,78.6,81.6,84.1,86.3
014079,北海道仁木町,,,,,,,,,
014087,北海道余市町,98.4,,62.2,64.2,66.2,68.2,70.1,72.1,74.1
014095,北海道赤井川村,,,,,,,,,
014231,北海道南幌町,,,,,,,,,
014249,北海道奈井江町,,,,,,,,,
014257,北海道上砂川町,,,,,,,,,
014273,北海道由仁町,,,,,,,,,
014281,北海道長沼町,,,,,,,,,
014290,北海道栗山町,,,,,,,,,
014303,北海道月形町,,,,,,,,,
014311,北海道浦臼町,,,,,,,,,
014320,北海道新十津川町,,,,,,,,,
014338,北海道妹背牛町,,,,,,,,,
014346,北海道秩父別町,,,,,,,,,
014362,北海道雨竜町,,,,,,,,,
014371,北海道北竜町,,,,,,,,,
014389,北海道沼田町,,,,,,,,,
014524,北海道鷹栖町,,,,,,,,,
014532,北海道東神楽町,,,,,,,,,
014541,北海道当麻町,,,,,,,,,
014559,北海道比布町,,,,,,,,,
014567,北海道愛別町,,,,,,,,,
014575,北海道上川町,,,,,,,,,
014583,北海道東川町,,,,,,,,,
014591,北海道美瑛町,,,,,,,,,
014605,北海道上富良野町,,,,,,,,,
014613,北海道中富良野町,,,,,,,,,
014621,北海道南富良野町,,,,,,,,,
014630,北海道占冠村,,,,,,,,,
014648,北海道和寒町,,,,,,,,,
014656,北海道剣淵町,,,,,,,,,
014681,北海道下川町,,,,,,,,,
014699,北海道美深町,,,,,,,,,
014702,北海道音威子府村,,,,,,,,,
014711,北海道中川町,,,,,,,,,
014729,北海道幌加内町,,,,,,,,,
014818,北海道増毛町,,36,,,,,46,48,50
014826,北海道小平町,,,,,,,,,74.2
014834,北海道苫前町,,,,,,,,,
014842,北海道羽幌町,,,,38.3,36.8,44.1,47.9,51.5,58.9
014851,北海道初山別村,,,,,,,,,
014869,北海道遠別町,,,,,,,,,
014877,北海道天塩町,,,,,,,,,
015113,北海道猿払村,,94.5,95.1,95.7,40,100,100,100,98.2
015121,北海道浜頓別町,,60.2,,,,,,,
015130,北海道中頓別町,,,,,,,,,
015148,北海道枝幸町,,69.8,73.5,77.4,80.7,80.6,5,4.8,8.9
015164,北海道豊富町,73.9,73.9,79.5,,,,,,
015172,北海道礼文町,100,100,23,25,27,29,31.1,33.1,56.8
015181,北海道利尻町,,,,,,,,,
015199,北海道利尻富士町,,,,,,,,,
015202,北海道幌延町,,,,,,,,,
015431,北海道美幌町,,,,,,,,,
015440,北海道津別町,,,,,,,,,
015458,北海道斜里町,,,,,,,,,
015466,北海道清里町,,,,,,,,,
015474,北海道小清水町,,,,,,,82.2,,
015491,北海道訓子府町,,,,,,,,,
015504,北海道置戸町,,,,,,,,,
015521,北海道佐呂間町,,,,,,,,,
015555,北海道遠軽町,,,,,,,,,
015598,北海道湧別町,,,,,,,,,
015601,北海道滝上町,,,,,,,,,
015610,北海道興部町,,,,,,,,,
015628,北海道西興部村,,,,,,,,,
015636,北海道雄武町,,6.7,13.4,20.1,26.8,33.5,40.2,46.9,53.6
015644,北海道大空町,,,,,,,,,
015717,北海道豊浦町,,,,,,,,,
015750,北海道壮瞥町,,,,,,,,,
015784,北海道白老町,39,41.3,43.6,45.9,47.4,49.5,51.6,0,0
015814,北海道厚真町,,,,,,,,,
015849,北海道洞爺湖町,,8.9,13.9,18.9,23.6,29.1,34.1,39,44.1
015857,北海道安平町,,,,,,,,,
015865,北海道むかわ町,,,,,,,,,
016012,北海道日高町,,,,,,,,,
016021,北海道平取町,,,,,,,,,
016047,北海道新冠町,,,,,,,,,
016071,北海道浦河町,,,,,,,,,
016080,北海道様似町,,,,,,,,,
016098,北海道えりも町,,65,66.8,74.6,76,77.3,78.7,80,81.4
016101,北海道新ひだか町,,,,,,,,,
016314,北海道音更町,,,,,,,,,
016322,北海道士幌町,,,,,,,,,
016331,北海道上士幌町,,,,,,,,,
016349,北海道鹿追町,,,,,,,,,
016357,北海道新得町,,,,,,,,,
016365,北海道清水町,,,,,,,,,
016373,北海道芽室町,,,,,,,,,
016381,北海道中札内村,,,,,,,,,
016390,北海道更別村,,,,,,,,,
016411,北海道大樹町,,,,,,,,,
016420,北海道広尾町,,44.3,46.8,48.8,49.4,51.5,53.5,44.8,44.8
016438,北海道幕別町,,,,,,,,,
016446,北海道池田町,,,,,,,,,
016454,北海道豊頃町,,,,80.4,86.9,79.6,84.9,100,100
016462,北海道本別町,,,,,,,,,
016471,北海道足寄町,,,,,,,,,
016489,北海道陸別町,,,,,,,,,
016497,北海道浦幌町,,,,,,,,,
016616,北海道釧路町,,,,,,,,,
016624,北海道厚岸町,,,54.2,61.5,60.9,63.5,63.5,63.5,63.5
016632,北海道浜中町,26.4,28.4,29.9,31.3,33.6,26.9,29.2,46.9,47
016641,北海道標茶町,,,,,,,,,
016659,北海道弟子屈町,,,,,,,,,
016675,北海道鶴居村,,,,,,,,,
016683,北海道白糠町,,,,,,,,,
016918,北海道別海町,,,,,,,,,
016926,北海道中標津町,,,,,,,,,
016934,北海道標津町,,,,,,,,,
016942,北海道羅臼町,,,,,,,,,
022012,青森県青森市,,,,,,,59.6,62.4,65.1
022021,青森県弘前市,,,,,,,,,
022039,青森県八戸市,,0,3.4,6.8,10.2,13.6,17,20.4,2.8
022047,青森県黒石市,,,,,,,,,
022055,青森県五所川原市,,,,,,,,,
022063,青森県十和田市,,,,,,,,,
022071,青森県三沢市,,47.2,72.9,75.7,23,25.5,28,30.5,33
022080,青森県むつ市,,63.2,64.9,65,61.8,63.1,64.6,66.2,70.6
022098,青森県つがる市,30.6,33.1,35.1,37,39.1,40.6,42.4,44.4,44.4
022101,青森県平川市,,,,,,,,,
023019,青森県平内町,,50.9,52.9,54.4,56.1,57.7,58.3,60.5,62.2
023035,青森県今別町,,,,,,,,,
023043,青森県蓬田村,,,,,,,,,
023078,青森県外ヶ浜町,,48.8,50.8,52.7,2,4.1,6,58.9,60.8
023213,青森県鰺ケ沢町,34.6,,,,,,30,40,50
023230,青森県深浦町,39.4,41.4,43.4,45.4,46.7,48.7,50.7,52.6,54.6
023434,青森県西目屋村,,,,,,,,,
023612,青森県藤崎町,,,,,,,,,
023621,青森県大鰐町,,,,,,,,,
023671,青森県田舎館村,,,,,,,,,
023817,青森県板柳町,,,,,,,,,
023841,青森県鶴田町,,,,,,,,,
023876,青森県中泊町,,,,,,,,,
024015,青森県野辺地町,,,,,,,,,
024023,青森県七戸町,,,,,,,,,
024058,青森県六戸町,,,,,,,,,
024066,青森県横浜町,25.4,22.4,21.2,20.2,18.7,16.1,17.9,28.6,25.7
024082,青森県東北町,,,,,,,,,
024112,青森県六ケ所村,,40.4,43,45.6,48,50.6,50.6,55.4,56
024121,青森県おいらせ町,,11.7,15,18.3,21.6,,,,
024236,青森県大間町,,30.6,32.8,35.1,36.8,37.8,38.8,41,43.2
024244,青森県東通村,,,,,,,,,
024252,青森県風間浦村,11.4,13.4,15.4,17.4,19.4,21.3,23.2,25.2,27.2
024261,青森県佐井村,,44.1,46.1,48.2,50,52,53.9,55.9,57.1
024414,青森県三戸町,,,,,,,,,
024422,青森県五戸町,,,,,,,,,
024431,青森県田子町,,,,,,,,,
024457,青森県南部町,,,,,,,,,
024465,青森県階上町,53.3,53.4,55.4,57.2,59.2,61.2,60.8,63.6,65.6
024503,青森県新郷村,,,,,,,,,
032018,岩手県盛岡市,,,,,,,,,
032026,岩手県宮古市,26.5,28.8,41.8,44,28.7,29.4,31.6,33.9,36.2
032034,岩手県大船渡市,,42,39.8,41.7,43.5,43.3,45.3,,
032051,岩手県花巻市,,,,,,,,,
032069,岩手県北上市,,,,,,,,,
032077,岩手県久慈市,,98,97.7,,,97.2,97.4,97.5,97.6
032085,岩手県遠野市,,,,,,,,,
032093,岩手県一関市,,,,,,,,,
032107,岩手県陸前高田市,,1.3,1.9,2.6,4.4,6.4,8.1,10.4,9.8
032115,岩手県釜石市,,,,,,,0,5.2,10.3
032131,岩手県二戸市,,,,,,,,,
032140,岩手県八幡平市,,,,,,,,,
032158,岩手県奥州市,,,,,,,,,
032166,岩手県滝沢市,,,,,,,,,
033014,岩手県雫石町,,,,,,,,,
033022,岩手県葛巻町,,,,,,,,,
033031,岩手県岩手町,,,,,,,,,
033219,岩手県紫波町,,,,,,,,,
033227,岩手県矢巾町,,,,,,,,,
033669,岩手県西和賀町,,,,,,,,,
033812,岩手県金ケ崎町,,,,,,,,,
034029,岩手県平泉町,,,,,,,,,
034410,岩手県住田町,,,,,,,,,
034614,岩手県大槌町,,,,,,,,,
034827,岩手県山田町,,72.3,58.8,61.1,43.6,44.8,47.4,50,48.7
034835,岩手県岩泉町,93.9,92.7,,92.4,88.2,84.9,82.6,82.2,81.4
034843,岩手県田野畑村,82.5,62.2,42.7,44.4,46.1,27.8,29.7,31.5,33.2
034851,岩手県普代村,,56.1,58.1,60,62,62.8,64.4,66,
035017,岩手県軽米町,,,,,,,,,
035033,岩手県野田村,,,,,35.6,37.6,39.7,42.4,43.4
035068,岩手県九戸村,,,,,,,,,
035076,岩手県洋野町,,79.9,81.7,83.3,84.5,86,86.7,88.1,89.6
035246,岩手県一戸町,,,,,,,,,
041009,宮城県仙台市,,,,,,,,,
042021,宮城県石巻市,,89.5,87.5,87.5,88,88.2,88.5,86.8,88.3
042030,宮城県塩竈市,,52,54,55.7,55.7,59.3,61.4,63.6,65.8
042056,宮城県気仙沼市,,,,,,,,,
042064,宮城県白石市,,,,,,,,,
042072,宮城県名取市,,,,,,,,,
042081,宮城県角田市,,,,,,,,,
042099,宮城県多賀城市,,,,,,,,,
042111,宮城県岩沼市,,,,,,,,,
042129,宮城県登米市,,,,,,,,,
042137,宮城県栗原市,,,,,,,,,
042145,宮城県東松島市,97,97.2,88.8,82.6,81.7,80,79,77.4,77.6
042153,宮城県大崎市,,,,,,,,,
042161,宮城県富谷市,,,,,,,,,
043010,宮城県蔵王町,,,,,,,,,
043028,宮城県七ケ宿町,,,,,,,,,
043214,宮城県大河原町,,,,,,,,,
043222,宮城県村田町,,,,,,,,,
043231,宮城県柴田町,,,,,,,,,
043249,宮城県川崎町,,,,,,,,,
043419,宮城県丸森町,,,,,,,,,
043613,宮城県亘理町,,,,,,,,,
043621,宮城県山元町,8.3,9.9,13.2,16.5,19.8,23.1,26.4,29.7,33
044016,宮城県松島町,,,53.6,51.5,49.9,52.3,54.7,57.1,59.5
044041,宮城県七ケ浜町,57,59,55.8,57.6,59.5,61.2,63.1,65,66.9
044067,宮城県利府町,,,0,3.4,7.5,10.8,14.7,18.5,22.3
044211,宮城県大和町,,,,,,,,,
044229,宮城県大郷町,,,,,,,,,
044245,宮城県大衡村,,,,,,,,,
044440,宮城県色麻町,,,,,,,,,
044458,宮城県加美町,,,,,,,,,
045012,宮城県涌谷町,,,,,,,,,
045055,宮城県美里町,,,,,,,,,
045811,宮城県女川町,,,,,,99.6,99.6,99.6,99.6
046060,宮城県南三陸町,,,,,,,,,
052019,秋田県秋田市,,,,,,,,,
052027,秋田県能代市,,,,,,,,,
052035,秋田県横手市,,,,,,,,,
052043,秋田県大館市,,,,,,,,,
052060,秋田県男鹿市,,,,,4.5,4.6,5.7,7.7,9.7
052078,秋田県湯沢市,,,,,,,,,
052094,秋田県鹿角市,,,,,,,,,
052108,秋田県由利本荘市,,35.5,37.4,39.4,41.2,42.8,44.6,46.3,48
052116,秋田県潟上市,57.9,57.9,54.3,50.7,53,55.3,43.9,47.4,50.9
052124,秋田県大仙市,,,,,,,,,
052132,秋田県北秋田市,,,,,,,,,
052141,秋田県にかほ市,,,0,0,0,0,0,0,0
052159,秋田県仙北市,,,,,,,,,
053031,秋田県小坂町,,,,,,,,,
053279,秋田県上小阿仁村,,,,,,,,,
053465,秋田県藤里町,,,,,,,,,
053481,秋田県三種町,,,,,,,,,
053490,秋田県八峰町,,,,,,,,,
053619,秋田県五城目町,,,,,,,,,
053635,秋田県八郎潟町,,,,,,,,,
053660,秋田県井川町,,,,,,,,,
053686,秋田県大潟村,,,,,,,,,
054348,秋田県美郷町,,,,,,,,,
054631,秋田県羽後町,,,,,,,,,
054640,秋田県東成瀬村,,,,,,,,,
062014,山形県山形市,,,,,,,,,
062022,山形県米沢市,,,,,,,,,
062031,山形県鶴岡市,37.9,39.4,39.5,39.7,40,42,43.9,45.9,47.9
062049,山形県酒田市,,,,,,,,,
062057,山形県新庄市,,,,,,,,,
062065,山形県寒河江市,,,,,,,,,
062073,山形県上山市,,,,,,,,,
062081,山形県村山市,,,,,,,,,
062090,山形県長井市,,,,,,,,,
062103,山形県天童市,,,,,,,,,
062111,山形県東根市,,,,,,,,,
062120,山形県尾花沢市,,,,,,,,,
062138,山形県南陽市,,,,,,,,,
063011,山形県山辺町,,,,,,,,,
063029,山形県中山町,,,,,,,,,
063215,山形県河北町,,,,,,,,,
063223,山形県西川町,,,,,,,,,
063231,山形県朝日町,,,,,,,,,
063240,山形県大江町,,,,,,,,,
063410,山形県大石田町,,,,,,,,,
063614,山形県金山町,,,,,,,,,
063622,山形県最上町,,,,,,,,,
063631,山形県舟形町,,,,,,,,,
063649,山形県真室川町,,,,,,,,,
063657,山形県大蔵村,,,,,,,,,
063665,山形県鮭川村,,,,,,,,,
063673,山形県戸沢村,,,,,,,,,
063819,山形県高畠町,,,,,,,,,
063827,山形県川西町,,,,,,,,,
064017,山形県小国町,,,,,,,,,
064025,山形県白鷹町,,,,,,,,,
064033,山形県飯豊町,,,,,,,,,
064262,山形県三川町,,,,,,,,,
064289,山形県庄内町,,,,,,,,,
064611,山形県遊佐町,,,94.5,96.4,97.6,98.2,98.6,98.9,99.3
072010,福島県福島市,,,,,,,,,
072028,福島県会津若松市,,,,,,,,,
072036,福島県郡山市,,,,,,,,,
072044,福島県いわき市,,,,,,,,,
072052,福島県白河市,,,,,,,,,
072079,福島県須賀川市,,,,,,,,,
072087,福島県喜多方市,,,,,,,,,
072095,福島県相馬市,,,,,,,,,
072109,福島県二本松市,,,,,,,,,
072117,福島県田村市,,,,,,,,,
072125,福島県南相馬市,,,,,,,,,
072133,福島県伊達市,,,,,,,,,
072141,福島県本宮市,,,,,,,,,
073016,福島県桑折町,,,,,,,,,
073032,福島県国見町,,,,,,,,,
073083,福島県川俣町,,,,,,,,,
073229,福島県大玉村,,,,,,,,,
073423,福島県鏡石町,,,,,,,,,
073440,福島県天栄村,,,,,,,,,
073644,福島県檜枝岐村,,,,,,,,,
073679,福島県只見町,,,,,,,,,
073687,福島県南会津町,,,,,,,,,
074021,福島県北塩原村,,,,,,,,,
074055,福島県西会津町,,,,,,,,,
074071,福島県磐梯町,,,,,,,,,
074080,福島県猪苗代町,,,,,,,,,
074217,福島県会津坂下町,,,,,,,,,
074225,福島県湯川村,,,,,,,,,
074233,福島県柳津町,,,,,,,,,
074446,福島県三島町,,,,,,,,,
074454,福島県金山町,,,,,,,,,
074462,福島県昭和村,,,,,,,,,
074471,福島県会津美里町,,,,,,,,,
074616,福島県西郷村,,,,,,,,,
074641,福島県泉崎村,,,,,,,,,
074659,福島県中島村,,,,,,,,,
074667,福島県矢吹町,,,,,,,,,
074811,福島県棚倉町,,,,,,,,,
074829,福島県矢祭町,,,,,,,,,
074837,福島県塙町,,,,,,,,,
074845,福島県鮫川村,,,,,,,,,
075019,福島県石川町,,,,,,,,,
075027,福島県玉川村,,,,,,,,,
075035,福島県平田村,,,,,,,,,
075043,福島県浅川町,,,,,,,,,
075051,福島県古殿町,,,,,,,,,
075213,福島県三春町,,,,,,,,,
075221,福島県小野町,,,,,,,,,
075418,福島県広野町,,,,,,,,,
075426,福島県楢葉町,,,,,,,,,
075434,福島県富岡町,,,,,,9.2,13.8,18.6,23.3
075442,福島県川内村,,,,,,,,,
075451,福島県大熊町,,,,,,,,,
075469,福島県双葉町,,,,,,,,,
075477,福島県浪江町,,,,,,,,,
075485,福島県葛尾村,,,,,,,,,
075612,福島県新地町,,,,,,9.1,12.3,15.4,18.4
075647,福島県飯舘村,,,,,,,,,
082015,茨城県水戸市,,,,,,,,,
082023,茨城県日立市,,0,2,1.4,2.1,5.8,9.5,13.2,17
082031,茨城県土浦市,,,,,,,,,
082040,茨城県古河市,,,,,,,,,
082058,茨城県石岡市,,,,,,,,,
082074,茨城県結城市,,,,,,,,,
082082,茨城県龍ケ崎市,,,,,,,,,
082104,茨城県下妻市,,,,,,,,,
082112,茨城県常総市,,,,,,,,,
082121,茨城県常陸太田市,,,,,,,,,
082147,茨城県高萩市,,,,,,,,,
082155,茨城県北茨城市,,,,,,,,,
082163,茨城県笠間市,,,,,,,,,
082171,茨城県取手市,,,,,,,,,
082198,茨城県牛久市,,,,,,,,,
082201,茨城県つくば市,,,,,,,,,
082210,茨城県ひたちなか市,,,,,,,,,
082228,茨城県鹿嶋市,,,,,,,,,
082236,茨城県潮来市,,,,,,,,,
082244,茨城県守谷市,,,,,58.6,,,,
082252,茨城県常陸大宮市,,,,,,,,,
082261,茨城県那珂市,,,,,,,,,
082279,茨城県筑西市,,,,,,,,,
082287,茨城県坂東市,,,,,,,,,
082295,茨城県稲敷市,,,,,,,,,
082309,茨城県かすみがうら市,,72.6,76.3,78.1,80,81.8,83.6,81.8,84.3
082317,茨城県桜川市,,,,,,,,,
082325,茨城県神栖市,60.3,62.2,64.2,66.2,64.5,43.1,45.7,47.4,50.1
082333,茨城県行方市,55.3,57.3,59.3,61.3,63.3,65.3,67.3,69.3,71.3
082341,茨城県鉾田市,,,,,,,,,
082350,茨城県つくばみらい市,,,,,,,,,
082368,茨城県小美玉市,,,,,,,,,
083020,茨城県茨城町,,,,,,,,,
083097,茨城県大洗町,62,64,66,68,70,72,74,76,78
083101,茨城県城里町,,,,,,,,,
083411,茨城県東海村,,,,,,,,,
083640,茨城県大子町,,,,,,,,,
084425,茨城県美浦村,,65,67,69,71,73,75,77,79
084433,茨城県阿見町,,,,,,,,,
084476,茨城県河内町,,,,,,,,,
085219,茨城県八千代町,,,,,,,,,
085421,茨城県五霞町,,,,,,,,,
085464,茨城県境町,,,,,,,,,
085642,茨城県利根町,,,,,,,,,
092011,栃木県宇都宮市,,,,,,,,,
092029,栃木県足利市,,,,,,,,,
092037,栃木県栃木市,,,,,,,,,
092045,栃木県佐野市,,,,,,,,,
092053,栃木県鹿沼市,,,,,,,,,
092061,栃木県日光市,,,,,,,,,
092088,栃木県小山市,,,,,,,,,
092096,栃木県真岡市,,,,,,,,,
092100,栃木県大田原市,,,,,,,,,
092118,栃木県矢板市,,,,,,,,,
092134,栃木県那須塩原市,,,,,,,,,
092142,栃木県さくら市,,,,,,,,,
092151,栃木県那須烏山市,,,,,,,,,
092169,栃木県下野市,,,,,,,,,
093017,栃木県上三川町,,,,,,,,,
093424,栃木県益子町,,,,,,,,,
093432,栃木県茂木町,,,,,,,,,
093441,栃木県市貝町,,,,,,,,,
093459,栃木県芳賀町,,,,,,,,,
093611,栃木県壬生町,,,,,,,,,
093645,栃木県野木町,,,,,,,,,
093840,栃木県塩谷町,,,,,,,,,
093866,栃木県高根沢町,,,,,,,,,
094072,栃木県那須町,,,,,,,,,
094111,栃木県那珂川町,,,,,,,,,
102016,群馬県前橋市,,,,,,,,,
102024,群馬県高崎市,,,,,,,,,
102032,群馬県桐生市,,,,,,,,,
102041,群馬県伊勢崎市,,,,,,,,,
102059,群馬県太田市,,,,,,,,,
102067,群馬県沼田市,,,,,,,,,
102075,群馬県館林市,,,,,,,,,
102083,群馬県渋川市,,,,,,,,,
102091,群馬県藤岡市,,,,,,,,,
102105,群馬県富岡市,,,,,,,,,
102113,群馬県安中市,,,,,,,,,
102121,群馬県みどり市,,,,,,,,,
103446,群馬県榛東村,,,,,,,,,
103454,群馬県吉岡町,,,,,,,,,
103667,群馬県上野村,,,,,,,,,
103675,群馬県神流町,,,,,,,,,
103829,群馬県下仁田町,,,,,,,,,
103837,群馬県南牧村,,,,,,,,,
103845,群馬県甘楽町,,,,,,,,,
104213,群馬県中之条町,,,,,,,,,
104248,群馬県長野原町,,,,,,,,,
104256,群馬県嬬恋村,,,,,,,,,
104264,群馬県草津町,,,,,,,,,
104281,群馬県高山村,,,,,,,,,
104299,群馬県東吾妻町,,,,,,,,,
104434,群馬県片品村,,,,,,,,,
104442,群馬県川場村,,,,,,,,,
104485,群馬県昭和村,,,,,,,,,
104493,群馬県みなかみ町,,,,,,,,,
104647,群馬県玉村町,,,,,,,,,
105210,群馬県板倉町,,,,,,,,,
105228,群馬県明和町,,,,,,,,,
105236,群馬県千代田町,,,,,,,,,
105244,群馬県大泉町,,,,,,,,,
105252,群馬県邑楽町,,,,,,,,,
111007,埼玉県さいたま市,,,,,,,,,
112011,埼玉県川越市,,,,,,,,,
112020,埼玉県熊谷市,,,,,,,,,
112038,埼玉県川口市,,,,,,,,,
112062,埼玉県行田市,,,,,,,,,
112071,埼玉県秩父市,,,,,,,,,
112089,埼玉県所沢市,,,,,,,,,
112097,埼玉県飯能市,,,,,,,,,
112101,埼玉県加須市,,,,,,,,,
112119,埼玉県本庄市,,,,,,,,,
112127,埼玉県東松山市,,,,,,,,,
112143,埼玉県春日部市,,,,,,,,,
112151,埼玉県狭山市,,,,,,,,,
112160,埼玉県羽生市,,,,,,,,,
112178,埼玉県鴻巣市,,,,,,,,,
112186,埼玉県深谷市,,,,,,,,,
112194,埼玉県上尾市,,,,,,,,,
112216,埼玉県草加市,,,,,,,,,
112224,埼玉県越谷市,,,,,,,,,
112232,埼玉県蕨市,,,,,,,,,
112241,埼玉県戸田市,,,,,,,,,
112259,埼玉県入間市,,,,,,,,,
112275,埼玉県朝霞市,,,,,,,,,
112283,埼玉県志木市,,,,,,,,,
112291,埼玉県和光市,,,,,,,,,
112305,埼玉県新座市,,,,,,,,,
112313,埼玉県桶川市,,,,,,,,,
112321,埼玉県久喜市,,,,,,,,,
112330,埼玉県北本市,,,,,,,,,
112348,埼玉県八潮市,,,,,,,,,
112356,埼玉県富士見市,,,,,,,,,
112372,埼玉県三郷市,,,,,,,,,
112381,埼玉県蓮田市,,,,,,,,,
112399,埼玉県坂戸市,,,,,,,,,
112402,埼玉県幸手市,,,,,,,,,
112411,埼玉県鶴ケ島市,,,,,,,,,
112429,埼玉県日高市,,,,,,,,,
112437,埼玉県吉川市,,,,,,,,,
112453,埼玉県ふじみ野市,,,,,,,,,
112461,埼玉県白岡市,,,,,,,,,
113018,埼玉県伊奈町,,,,,,,,,
113247,埼玉県三芳町,,,,,,,,,
113263,埼玉県毛呂山町,,,,,,,,,
113271,埼玉県越生町,,,,,,,,,
113417,埼玉県滑川町,,,,,,,,,
113425,埼玉県嵐山町,,,,,,,,,
113433,埼玉県小川町,,,,,,,,,
113468,埼玉県川島町,,,,,,,,,
113476,埼玉県吉見町,,,,,,,,,
113484,埼玉県鳩山町,,,,,,,,,
113492,埼玉県ときがわ町,,,,,,,,,
113611,埼玉県横瀬町,,,,,,,,,
113620,埼玉県皆野町,,,,,,,,,
113638,埼玉県長瀞町,,,,,,,,,
113654,埼玉県小鹿野町,,,,,,,,,
113697,埼玉県東秩父村,,,,,,,,,
113816,埼玉県美里町,,,,,,,,,
113832,埼玉県神川町,,,,,,,,,
113859,埼玉県上里町,,,,,,,,,
114081,埼玉県寄居町,,,,,,,,,
114421,埼玉県宮代町,,,,,,,,,
114642,埼玉県杉戸町,,,,,,,,,
114651,埼玉県松伏町,,,,,,,,,
121002,千葉県千葉市,,,,,,,,,
122025,千葉県銚子市,,,,,,,,,
122033,千葉県市川市,,,79.5,81.9,84.4,52.8,7.7,9.3,11.6
122041,千葉県船橋市,,,,,,,,,
122050,千葉県館山市,41.5,43.5,45.5,47.5,49.4,51.4,53.3,54.7,56.6
122068,千葉県木更津市,,38.9,40.9,42.6,44.6,46.9,48.9,50.9,52.9
122076,千葉県松戸市,,,,,,,,,
122084,千葉県野田市,,,,,,,,,
122106,千葉県茂原市,,,,,,,,,
122114,千葉県成田市,,,,,,,,,
122122,千葉県佐倉市,,,,,,,,,
122131,千葉県東金市,,,,,,,,,
122157,千葉県旭市,,,,,,,,,
122165,千葉県習志野市,,,,,,,,,
122173,千葉県柏市,,,,,,,,,
122181,千葉県勝浦市,52.9,,,60.9,,,,69.5,71.1
122190,千葉県市原市,,,,,,,,,
122203,千葉県流山市,,,,,,,,,
122211,千葉県八千代市,,,,,,,,,
122220,千葉県我孫子市,,,,,,,,,
122238,千葉県鴨川市,51.2,53,55,56.9,58.8,60.7,62.1,63.8,64.3
122246,千葉県鎌ケ谷市,,,,,,,,,
122254,千葉県君津市,,,,,,,,,
122262,千葉県富津市,72.9,67.6,69.5,71.5,73.3,75.1,76.9,78.6,80.3
122271,千葉県浦安市,,83.1,88.9,92.6,96.2,96.8,97.5,98.1,98.5
122289,千葉県四街道市,,,,,,,,,
122297,千葉県袖ケ浦市,,,,,,,,,
122301,千葉県八街市,,,,,,,,,
122319,千葉県印西市,,,,,,,,,
122327,千葉県白井市,,,,,,,,,
122335,千葉県富里市,,,,,,,,,
122343,千葉県南房総市,57.3,59.2,61,62.8,64.6,66.4,68.2,31.8,71.8
122351,千葉県匝瑳市,,,,,,,,,
122360,千葉県香取市,,,,,,,,,
122378,千葉県山武市,,,,,,,,,
122386,千葉県いすみ市,35.9,38.1,40.4,42.6,44.8,47.1,49,51,52.9
122394,千葉県大網白里市,,,,,,,,,
123226,千葉県酒々井町,,,,,,,,,
123293,千葉県栄町,,,,,,,,,
123421,千葉県神崎町,,,,,,,,,
123471,千葉県多古町,,,,,,,,,
123498,千葉県東庄町,,,,,,,,,
124036,千葉県九十九里町,,,,,,,,,
124095,千葉県芝山町,,,,,,,,,
124109,千葉県横芝光町,,,,,,,,,
124214,千葉県一宮町,,,,,,,,,
124222,千葉県睦沢町,,,,,,,,,
124231,千葉県長生村,,,,,,,,,
124249,千葉県白子町,,,,,,,,,
124265,千葉県長柄町,,,,,,,,,
124273,千葉県長南町,,,,,,,,,
124419,千葉県大多喜町,,,,,,,,,
124435,千葉県御宿町,46.7,48.7,50.7,52.7,54.3,55.9,57.5,59.1,60.7
124630,千葉県鋸南町,51.6,53.5,55.3,57.2,59.1,61,62.9,64.7,66.5
131016,東京都千代田区,,,,,,,,,
131024,東京都中央区,,,,,,,,,
131032,東京都港区,,,,,,,,,
131041,東京都新宿区,,,,,,,,,
131059,東京都文京区,,,,,,,,,
131067,東京都台東区,,,,,,,,,
131075,東京都墨田区,,,,,,,,,
131083,東京都江東区,,,,,,,,,
131105,東京都目黒区,,,,,,,,,
131113,東京都大田区,,,,,,,,,
131121,東京都世田谷区,,,,,,,,,
131130,東京都渋谷区,,,,,,,,,
131148,東京都中野区,,,,,,,,,
131156,東京都杉並区,,,,,,,,,
131164,東京都豊島区,,,,,,,,,
131172,東京都北区,,,,,,,,,
131181,東京都荒川区,,,,,,,,,
131199,東京都板橋区,,,,,,,,,
131202,東京都練馬区,,,,,,,,,
131211,東京都足立区,,,,,,,,,
131229,東京都葛飾区,,,,,,,,,
131237,東京都江戸川区,,,,,,,,,
132012,東京都八王子市,,,,,,,,,
132021,東京都立川市,,,,,,,,,
132039,東京都武蔵野市,,,,,,,,,
132047,東京都三鷹市,,,,,,,,,
132055,東京都青梅市,,,,,,,,,
132063,東京都府中市,,,,,,,,,
132071,東京都昭島市,,,,,,,,,
132080,東京都調布市,,,,,,,,,
132098,東京都町田市,,,,,,,,,
132101,東京都小金井市,,,,,,,,,
132110,東京都小平市,,,,,,,,,
132128,東京都日野市,,,,,,,,,
132136,東京都東村山市,,,,,,,,,
132144,東京都国分寺市,,,,,,,,,
132152,東京都国立市,,,,,,,,,
132187,東京都福生市,,,,,,,,,
132195,東京都狛江市,,,,,,,,,
132209,東京都東大和市,,,,,,,,,
132217,東京都清瀬市,,,,,,,,,
132225,東京都東久留米市,,,,,,,,,
132233,東京都武蔵村山市,,,,,,,,,
132241,東京都多摩市,,,,,,,,,
132250,東京都稲城市,,,,,,,,,
132276,東京都羽村市,,,,,,,,,
132284,東京都あきる野市,,,,,,,,,
132292,東京都西東京市,,,,,,,,,
133035,東京都瑞穂町,,,,,,,,,
133051,東京都日の出町,,,,,,,,,
133078,東京都檜原村,,,,,,,,,
133086,東京都奥多摩町,,,,,,,,,
133612,東京都大島町,,,,,,5.3,,,
133621,東京都利島村,,,,,,,,,
133639,東京都新島村,,,,,,,,,
133647,東京都神津島村,,,,,,,,,
133817,東京都三宅村,,,,,91.6,69.1,71.4,90.9,79.3
133825,東京都御蔵島村,,,,,,,,,
134015,東京都八丈町,,,,,,,,,
134210,東京都小笠原村,,,,,,,,,
141003,神奈川県横浜市,,50.6,51.3,53,54.9,54.9,56.7,64.1,66
141305,神奈川県川崎市,66,67.3,69.2,71,72.6,73.7,74.7,74.9,75.2
141500,神奈川県相模原市,,,,,,,,,
142018,神奈川県横須賀市,,62.8,63.9,64.9,66.6,62.4,63.7,65.1,61
142034,神奈川県平塚市,,46.3,46.1,45.3,43.8,43.6,70.1,72.4,74.3
142042,神奈川県鎌倉市,,5.2,7.2,7.5,11.2,13.2,15.1,17.1,19
142051,神奈川県藤沢市,42.6,46,49.4,52.6,55.9,57.7,61,64.3,67.1
142069,神奈川県小田原市,70.1,60.3,61.8,50.7,41.7,43.7,46.2,48.2,50.6
142077,神奈川県茅ヶ崎市,50.3,50.8,51.6,53.5,54.2,55.3,55.8,57.6,59.1
142085,神奈川県逗子市,74.1,0.9,63.3,65.3,67.4,70,72.2,73.2,75.9
142107,神奈川県三浦市,48,52,54,56,57.9,60,60,64,66
142115,神奈川県秦野市,,,,,,,,,
142123,神奈川県厚木市,,,,,,,,,
142131,神奈川県大和市,,,,,,,,,
142140,神奈川県伊勢原市,,,,,,,,,
142158,神奈川県海老名市,,,,,,,,,
142166,神奈川県座間市,,,,,,,,,
142174,神奈川県南足柄市,,,,,,,,,
142182,神奈川県綾瀬市,,,,,,,,,
143014,神奈川県葉山町,,,,,,,,,
143219,神奈川県寒川町,,,,,,,,,
143413,神奈川県大磯町,,,,,,,,,
143421,神奈川県二宮町,,55.4,57.4,59.4,61,62.8,64.8,66.8,68.6
143618,神奈川県中井町,,,,,,,,,
143626,神奈川県大井町,,,,,,,,,
143634,神奈川県松田町,,,,,,,,,
143642,神奈川県山北町,,,,,,,,,
143669,神奈川県開成町,,,,,,,,,
143821,神奈川県箱根町,,,,,,,,,
143839,神奈川県真鶴町,18,20,22,22,24,26,28,29.2,29.1
143847,神奈川県湯河原町,,54.7,56.7,58.6,60.5,62.3,64,65.6,67.3
144011,神奈川県愛川町,,,,,,,,,
144029,神奈川県清川村,,,,,,,,,
151009,新潟県新潟市,37.5,39.4,39.6,41.5,43.2,45.2,47.2,49.1,47.7
152021,新潟県長岡市,,,,,,,,,
152048,新潟県三条市,,,,,,,,,
152056,新潟県柏崎市,66.2,66.2,68.2,70.4,72.6,74.6,76.6,78.6,80.3
152064,新潟県新発田市,,28.2,31.7,33.8,35.9,38,40.1,42.1,44
152081,新潟県小千谷市,,,,,,,,,
152099,新潟県加茂市,,,,,,,,,
152102,新潟県十日町市,,,,,,,,,
152111,新潟県見附市,,,,,,,,,
152129,新潟県村上市,,25.8,27.8,29.8,31.6,33.8,35.8,37.7,39.7
152137,新潟県燕市,,,,,,,,,
152161,新潟県糸魚川市,,100,94.2,88.1,83.4,80.3,80.8,79.4,79.9
152170,新潟県妙高市,,,,,,,,,
152188,新潟県五泉市,,,,,,,,,
152226,新潟県上越市,49.5,52.1,54.1,56.1,58.1,60.1,62.1,64.2,66.2
152234,新潟県阿賀野市,,,,,,,,,
152242,新潟県佐渡市,,17.1,17.1,18.9,22.9,24.8,26.6,,
152251,新潟県魚沼市,,,,,,,,,
152269,新潟県南魚沼市,,,,,,,,,
152277,新潟県胎内市,,,,,,,,,
153079,新潟県聖籠町,,,,,,,,,
153427,新潟県弥彦村,,,,,,,,,
153613,新潟県田上町,,,,,,,,,
153851,新潟県阿賀町,,,,,,,,,
154059,新潟県出雲崎町,,,,,,,,,
154610,新潟県湯沢町,,,,,,,,,
154822,新潟県津南町,,,,,,,,,
155047,新潟県刈羽村,,,,,,,,,
155811,新潟県関川村,,,,,,,,,
155861,新潟県粟島浦村,,38.7,,,,,,51.8,53.6
162019,富山県富山市,,64.7,65.6,63.6,62,63.6,64.9,73.1,74
162027,富山県高岡市,,,,,,,,,
162043,富山県魚津市,64,67.3,66.6,66.2,65.7,67.3,69.3,71.5,67.5
162051,富山県氷見市,,55.9,59.8,,,,42.6,44.5,46.1
162060,富山県滑川市,,,,,,,,,
162078,富山県黒部市,,54.7,56.5,53.7,55.8,57.8,59.6,60.7,62.7
162086,富山県砺波市,,,,,,,,,
162094,富山県小矢部市,,,,,,,,,
162108,富山県南砺市,,,,,,,,,
162116,富山県射水市,,,,,,,,,
163210,富山県舟橋村,,,,,,,,,
163228,富山県上市町,,,,,,,,,
163236,富山県立山町,,,,,,,,,
163422,富山県入善町,22.9,55.8,57,58.7,60.1,61.2,61.5,63.1,64.8
163431,富山県朝日町,,,,,,,,,
172014,石川県金沢市,,,,,,,,,
172022,石川県七尾市,,48.2,,52.9,54.6,56.7,58.5,60.5,63.2
172031,石川県小松市,,46.2,53.6,60.3,67,73.7,80.4,87.1,42.7
172049,石川県輪島市,,64,,,,,,77.8,79.9
172057,石川県珠洲市,42.4,43.9,45.9,47.9,48.3,50.2,52.2,54.1,56
172065,石川県加賀市,,,,,,,,,
172073,石川県羽咋市,100,100,100,100,100,100,100,100,100
172090,石川県かほく市,,,,,,,,,
172103,石川県白山市,,81.6,82.6,83.6,84.6,85.5,86.5,87.5,88.4
172111,石川県能美市,,,,,,,,,
172120,石川県野々市市,,,,,,,,,
173240,石川県川北町,,,,,,,,,
173614,石川県津幡町,,,,,,,,,
173657,石川県内灘町,,,,,,,,,
173843,石川県志賀町,53.6,52.9,55.5,57.3,58.9,60.7,62.5,64.1,66
173860,石川県宝達志水町,,,,,,,,,
174076,石川県中能登町,,,,,,,,,
174611,石川県穴水町,,54.1,53.1,53.1,13.8,16.5,23.1,23.1,22.9
174637,石川県能登町,,99.9,99.8,99.8,99.8,99.8,99.4,99.2,99.2
182010,福井県福井市,,,51.9,53.7,57,56.2,57.3,59.1,61
182028,福井県敦賀市,38.5,40.9,42.4,44.9,46.4,51.4,53.4,54.4,55.1
182044,福井県小浜市,,77.9,78.4,79.1,79.7,79.9,80.2,80.7,
182052,福井県大野市,,,,,,,,,
182061,福井県勝山市,,,,,,,,,
182079,福井県鯖江市,,,,,,,,,
182087,福井県あわら市,,92.1,93.4,93.4,94.6,97,98.3,99.5,100
182095,福井県越前市,,,,,,,,,
182109,福井県坂井市,,53.4,55.3,57.3,59.3,60.4,55.7,58.1,60.5
183229,福井県永平寺町,,,,,,,,,
183822,福井県池田町,,,,,,,,,
184047,福井県南越前町,,53.8,56.8,59.7,62.6,65.3,68.1,70.7,73.6
184233,福井県越前町,,,,0,52.5,54.1,56,57.8,59.7
184420,福井県美浜町,,,24.7,39.6,14.6,20.2,6,9.7,11.2
184811,福井県高浜町,49.9,34.9,55.2,57.1,58.5,60,61.5,62.9,64.1
184837,福井県おおい町,,,,,,,,,
185019,福井県若狭町,,56.2,59.4,59.4,61.6,63.3,65,66.7,68.5
192015,山梨県甲府市,,,,,,,,,
192023,山梨県富士吉田市,,,,,,,,,
192040,山梨県都留市,,,,,,,,,
192058,山梨県山梨市,,,,,,,,,
192066,山梨県大月市,,,,,,,,,
192074,山梨県韮崎市,,,,,,,,,
192082,山梨県南アルプス市,,,,,,,,,
192091,山梨県北杜市,,,,,,,,,
192104,山梨県甲斐市,,,,,,,,,
192112,山梨県笛吹市,,,,,,,,,
192121,山梨県上野原市,,,,,,,,,
192139,山梨県甲州市,,,,,,,,,
192147,山梨県中央市,,,,,,,,,
193461,山梨県市川三郷町,,,,,,,,,
193640,山梨県早川町,,,,,,,,,
193658,山梨県身延町,,,,,,,,,
193666,山梨県南部町,,,,,,,,,
193682,山梨県富士川町,,,,,,,,,
193844,山梨県昭和町,,,,,,,,,
194221,山梨県道志村,,,,,,,,,
194239,山梨県西桂町,,,,,,,,,
194247,山梨県忍野村,,,,,,,,,
194255,山梨県山中湖村,,,,,,,,,
194298,山梨県鳴沢村,,,,,,,,,
194301,山梨県富士河口湖町,,,,,,,,,
194425,山梨県小菅村,,,,,,,,,
194433,山梨県丹波山村,,,,,,,,,
202011,長野県長野市,,,,,,,,,
202029,長野県松本市,,,,,,,,,
202037,長野県上田市,,,,,,,,,
202045,長野県岡谷市,,,,,,,,,
202053,長野県飯田市,,,,,,,,,
202061,長野県諏訪市,,,,,,,,,
202070,長野県須坂市,,,,,,,,,
202088,長野県小諸市,,,,,,,,,
202096,長野県伊那市,,,,,,,,,
202100,長野県駒ケ根市,,,,,,,,,
202118,長野県中野市,,,,,,,,,
202126,長野県大町市,,,,,,,,,
202134,長野県飯山市,,,,,,,,,
202142,長野県茅野市,,,,,,,,,
202151,長野県塩尻市,,,,,,,,,
202177,長野県佐久市,,,,,,,,,
202185,長野県千曲市,,,,,,,,,
202193,長野県東御市,,,,,,,,,
202207,長野県安曇野市,,,,,,,,,
203033,長野県小海町,,,,,,,,,
203041,長野県川上村,,,,,,,,,
203050,長野県南牧村,,,,,,,,,
203068,長野県南相木村,,,,,,,,,
203076,長野県北相木村,,,,,,,,,
203092,長野県佐久穂町,,,,,,,,,
203211,長野県軽井沢町,,,,,,,,,
203238,長野県御代田町,,,,,,,,,
203246,長野県立科町,,,,,,,,,
203491,長野県青木村,,,,,,,,,
203505,長野県長和町,,,,,,,,,
203611,長野県下諏訪町,,,,,,,,,
203629,長野県富士見町,,,,,,,,,
203637,長野県原村,,,,,,,,,
203823,長野県辰野町,,,,,,,,,
203831,長野県箕輪町,,,,,,,,,
203840,長野県飯島町,,,,,,,,,
203858,長野県南箕輪村,,,,,,,,,
203866,長野県中川村,,,,,,,,,
203882,長野県宮田村,,,,,,,,,
204021,長野県松川町,,,,,,,,,
204030,長野県高森町,,,,,,,,,
204048,長野県阿南町,,,,,,,,,
204072,長野県阿智村,,,,,,,,,
204099,長野県平谷村,,,,,,,,,
204102,長野県根羽村,,,,,,,,,
204111,長野県下條村,,,,,,,,,
204129,長野県売木村,,,,,,,,,
204137,長野県天龍村,,,,,,,,,
204145,長野県泰阜村,,,,,,,,,
204153,長野県喬木村,,,,,,,,,
204161,長野県豊丘村,,,,,,,,,
204170,長野県大鹿村,,,,,,,,,
204226,長野県上松町,,,,,,,,,
204234,長野県南木曽町,,,,,,,,,
204251,長野県木祖村,,,,,,,,,
204293,長野県王滝村,,,,,,,,,
204307,長野県大桑村,,,,,,,,,
204323,長野県木曽町,,,,,,,,,
204463,長野県麻績村,,,,,,,,,
204480,長野県生坂村,,,,,,,,,
204501,長野県山形村,,,,,,,,,
204510,長野県朝日村,,,,,,,,,
204528,長野県筑北村,,,,,,,,,
204811,長野県池田町,,,,,,,,,
204820,長野県松川村,,,,,,,,,
204854,長野県白馬村,,,,,,,,,
204862,長野県小谷村,,,,,,,,,
205214,長野県坂城町,,,,,,,,,
205419,長野県小布施町,,,,,,,,,
205435,長野県高山村,,,,,,,,,
205613,長野県山ノ内町,,,,,,,,,
205621,長野県木島平村,,,,,,,,,
205630,長野県野沢温泉村,,,,,,,,,
205834,長野県信濃町,,,,,,,,,
205885,長野県小川村,,,,,,,,,
205907,長野県飯綱町,,,,,,,,,
206024,長野県栄村,,,,,,,,,
212016,岐阜県岐阜市,,,,,,,,,
212024,岐阜県大垣市,,,,,,,,,
212032,岐阜県高山市,,,,,,,,,
212041,岐阜県多治見市,,,,,,,,,
212059,岐阜県関市,,,,,,,,,
212067,岐阜県中津川市,,,,,,,,,
212075,岐阜県美濃市,,,,,,,,,
212083,岐阜県瑞浪市,,,,,,,,,
212091,岐阜県羽島市,,,,,,,,,
212105,岐阜県恵那市,,,,,,,,,
212113,岐阜県美濃加茂市,,,,,,,,,
212121,岐阜県土岐市,,,,,,,,,
212130,岐阜県各務原市,,,,,,,,,
212148,岐阜県可児市,,,,,,,,,
212156,岐阜県山県市,,,,,,,,,
212164,岐阜県瑞穂市,,,,,,,,,
212172,岐阜県飛騨市,,,,,,,,,
212181,岐阜県本巣市,,,,,,,,,
212199,岐阜県郡上市,,,,,,,,,
212202,岐阜県下呂市,,,,,,,,,
212211,岐阜県海津市,,,,,,,,,
213021,岐阜県岐南町,,,,,,,,,
213039,岐阜県笠松町,,,,,,,,,
213411,岐阜県養老町,,,,,,,,,
213616,岐阜県垂井町,,,,,,,,,
213624,岐阜県関ケ原町,,,,,,,,,
213811,岐阜県神戸町,,,,,,,,,
213829,岐阜県輪之内町,,,,,,,,,
213837,岐阜県安八町,,,,,,,,,
214019,岐阜県揖斐川町,,,,,,,,,
214035,岐阜県大野町,,,,,,,,,
214043,岐阜県池田町,,,,,,,,,
214213,岐阜県北方町,,,,,,,,,
215015,岐阜県坂祝町,,,,,,,,,
215023,岐阜県富加町,,,,,,,,,
215031,岐阜県川辺町,,,,,,,,,
215040,岐阜県七宗町,,,,,,,,,
215058,岐阜県八百津町,,,,,,,,,
215066,岐阜県白川町,,,,,,,,,
215074,岐阜県東白川村,,,,,,,,,
215210,岐阜県御嵩町,,,,,,,,,
216046,岐阜県白川村,,,,,,,,,
221007,静岡県静岡市,,44.9,49.6,51.9,53.8,58.1,68.7,73.5,77.1
221309,静岡県浜松市,58.8,61.9,58.7,65.2,63.4,61.4,59.9,58.1,
222038,静岡県沼津市,,71.7,73.4,75.1,76.6,77.7,78.8,80.4,81.8
222054,静岡県熱海市,,41.1,42.8,44.8,44.8,46.7,48.8,50.9,53
222062,静岡県三島市,,,,,,,,,
222071,静岡県富士宮市,,,,,,,,,
222089,静岡県伊東市,61.8,63.7,65.5,67.3,68.9,70.6,72.4,74.1,75.2
222097,静岡県島田市,,,,,,,,,
222101,静岡県富士市,,,,,,,,,
222119,静岡県磐田市,,,,,,,,,
222127,静岡県焼津市,,59.7,61.5,63.2,60.1,60.9,61.6,61.7,61.8
222135,静岡県掛川市,,,,,,,,,
222143,静岡県藤枝市,,,,,,,,,
222151,静岡県御殿場市,,,,,,,,,
222160,静岡県袋井市,,,,,,,,,
222194,静岡県下田市,44,46.1,48.2,50.1,52.1,54.1,56,58,59.9
222208,静岡県裾野市,,,,,,,,,
222216,静岡県湖西市,60.8,52.5,54.5,56.4,58.4,60.4,62.3,64.3,66.3
222224,静岡県伊豆市,,19.2,21.3,23.4,25.4,27.5,61.2,64.6,68
222232,静岡県御前崎市,,,,,,,,,
222241,静岡県菊川市,,,,,,,,,
222259,静岡県伊豆の国市,,,,,,,,,
222267,静岡県牧之原市,,,,53.1,55.1,57.1,59.1,61.1,63.1
223018,静岡県東伊豆町,56.6,58.5,60.5,62.3,64.3,66.2,65.1,63.7,65.7
223026,静岡県河津町,,,,,,,,,
223042,静岡県南伊豆町,40.2,,42.4,44.2,46.2,47.9,49.8,51.8,53.8
223051,静岡県松崎町,,,,,,,,,
223069,静岡県西伊豆町,,,87.7,89.1,90.6,91.8,92.9,94.1,95.2
223255,静岡県函南町,,,,,,,,,
223417,静岡県清水町,,,,,,,,,
223425,静岡県長泉町,,,,,,,,,
223441,静岡県小山町,,,,,,,,,
224243,静岡県吉田町,,63.1,62.8,62.6,64.5,66.1,67.2,68.3,69.4
224294,静岡県川根本町,,,,,,,,,
224618,静岡県森町,,,,,,,,,
231002,愛知県名古屋市,,,,,,,,,
232017,愛知県豊橋市,43.5,45.5,47.6,49.5,51.5,53.5,55.5,57.5,59.5
232025,愛知県岡崎市,,,,,,,,,
232033,愛知県一宮市,,,,,,,,,
232041,愛知県瀬戸市,,,,,,,,,
232050,愛知県半田市,,,,,,,,,
232068,愛知県春日井市,,,,,,,,,
232076,愛知県豊川市,,,,,,,,,
232084,愛知県津島市,,,,,,,,,
232092,愛知県碧南市,80.8,90.7,91.8,92.9,94,91.8,93,94.1,95.2
232106,愛知県刈谷市,,,,,,,,,
232114,愛知県豊田市,,,,,,,,,
232122,愛知県安城市,,,,,,,,,
232131,愛知県西尾市,82.7,83.4,84,84.6,84.8,85.1,85.5,85.7,85.8
232149,愛知県蒲郡市,,45.2,47.1,49.2,51.4,53.4,55.5,57.6,59.7
232157,愛知県犬山市,,,,,,,,,
232165,愛知県常滑市,,47.8,49.6,51.5,53.4,55.3,57.1,59,60.8
232173,愛知県江南市,,,,,,,,,
232190,愛知県小牧市,,,,,,,,,
232203,愛知県稲沢市,,,,,,,,,
232211,愛知県新城市,,,,,,,,,
232220,愛知県東海市,,,,,,,,,
232238,愛知県大府市,,,,,,,,,
232246,愛知県知多市,,,,,,,,,
232254,愛知県知立市,,,,,,,,,
232262,愛知県尾張旭市,,,,,,,,,
232271,愛知県高浜市,,,,,,,,,
232289,愛知県岩倉市,,,,,,,,,
232297,愛知県豊明市,,,,,,,,,
232301,愛知県日進市,,,,,,,,,
232319,愛知県田原市,61.4,61.4,63.8,65.5,67.8,70,72.1,74.1,75
232327,愛知県愛西市,,,,,,,,,
232335,愛知県清須市,,,,,,,,,
232343,愛知県北名古屋市,,,,,,,,,
232351,愛知県弥富市,,,,,,,,,
232360,愛知県みよし市,,,,,,,,,
232378,愛知県あま市,,,,,,,,,
232386,愛知県長久手市,,,,,,,,,
233021,愛知県東郷町,,,,,,,,,
233421,愛知県豊山町,,,,,,,,,
233617,愛知県大口町,,,,,,,,,
233625,愛知県扶桑町,,,,,,,,,
234249,愛知県大治町,,,,,,,,,
234257,愛知県蟹江町,,,,,,,,,
234273,愛知県飛島村,,,,,,,,,
234419,愛知県阿久比町,,,,,,,,,
234427,愛知県東浦町,,,,,,,,,
234451,愛知県南知多町,,65.4,66.8,68.2,69.4,,72.1,72.8,73.8
234460,愛知県美浜町,,52.8,54.9,56.9,59,61.1,63.1,65.1,67.1
234478,愛知県武豊町,,,,,,,,,
235016,愛知県幸田町,,,,,,,,,
235610,愛知県設楽町,,,,,,,,,
235628,愛知県東栄町,,,,,,,,,
235636,愛知県豊根村,,,,,,,,,
242012,三重県津市,,82.1,84.7,82.7,82.3,81.4,81.4,82.1,82.8
242021,三重県四日市市,40.5,42.6,45.3,46.3,48.4,49.6,50.1,52.3,54.5
242039,三重県伊勢市,50,51.9,53.7,55.4,57.1,58.5,60,61.5,62.4
242047,三重県松阪市,,59.4,60.5,61.9,63.8,65.1,67.1,69,70.9
242055,三重県桑名市,70.4,72.4,74.4,76.4,78.4,80.4,82.4,84.4,86.4
242071,三重県鈴鹿市,,,,,,,,,
242080,三重県名張市,,,,,,,,,
242098,三重県尾鷲市,,68.3,69.1,69.5,70.8,71.9,73.5,74.2,75.5
242101,三重県亀山市,,,,,,,,,
242110,三重県鳥羽市,30.5,42.8,41.5,45.2,49.2,53.1,57.1,56.3,85.6
242128,三重県熊野市,,,,,,,,77.8,83.4
242144,三重県いなべ市,,,,,,,,,
242152,三重県志摩市,,72.6,74.8,76.8,78.7,80.5,82.3,84.1,85.7
242161,三重県伊賀市,,,,,,,,,
243035,三重県木曽岬町,,,,,,,,,
243248,三重県東員町,,,,,,,,,
243418,三重県菰野町,,,,,,,,,
243434,三重県朝日町,,,,,,,,,
243442,三重県川越町,,,,,,,,,
244414,三重県多気町,,,,,,,,,
244422,三重県明和町,42,44.2,46.7,49.2,51.7,54.2,51.5,54,62.4
244431,三重県大台町,,,,,,,,,
244619,三重県玉城町,,,,,,,,,
244708,三重県度会町,,,,,,,,,
244716,三重県大紀町,,,,,,5.5,6.7,8.9,12.5
244724,三重県南伊勢町,,55.2,56.8,58.5,60.2,61.6,63,64.4,66.1
245437,三重県紀北町,61.6,61.5,63.4,63.6,65.7,65.7,63.1,66.1,67.8
245615,三重県御浜町,,,,,,,,,
245623,三重県紀宝町,,,,,,,,,
252018,滋賀県大津市,,73.2,74.9,76.7,78.4,80.2,81.9,83.7,85.5
252026,滋賀県彦根市,,,,,,,,,
252034,滋賀県長浜市,99.4,99.4,99.5,99.6,99.6,99.7,99.8,99.8,99.9
252042,滋賀県近江八幡市,,62.1,64.1,66.1,68.1,70.1,72.1,74.1,76.1
252069,滋賀県草津市,,,18,20,22,24,26,28,30
252077,滋賀県守山市,63.1,65.1,67.2,64.9,67.5,70.1,72.6,75.2,77.8
252085,滋賀県栗東市,,,,,,,,,
252093,滋賀県甲賀市,,,,,,,,,
252107,滋賀県野洲市,,,,,,,,,
252115,滋賀県湖南市,,,,,,,,,
252123,滋賀県高島市,71,73,75,77,79,81,83,84.9,86.8
252131,滋賀県東近江市,,,,,,,,,
252140,滋賀県米原市,,,,,,0,3.4,11.7,20.1
253839,滋賀県日野町,,,,,,,,,
253847,滋賀県竜王町,,,,,,,,,
254258,滋賀県愛荘町,,,,,,,,,
254410,滋賀県豊郷町,,,,,,,,,
254428,滋賀県甲良町,,,,,,,,,
254436,滋賀県多賀町,,,,,,,,,
261009,京都府京都市,,,,,,,,,
262013,京都府福知山市,,,,,,,,,
262021,京都府舞鶴市,,100,99.5,99.5,99.5,97.4,96.7,95.5,94.9
262030,京都府綾部市,,,,,,,,,
262048,京都府宇治市,,,,,,,,,
262056,京都府宮津市,45,40.7,42,44,45.1,45.2,46.2,48.1,
262064,京都府亀岡市,,,,,,,,,
262072,京都府城陽市,,,,,,,,,
262081,京都府向日市,,,,,,,,,
262099,京都府長岡京市,,,,,,,,,
262102,京都府八幡市,,,,,,,,,
262111,京都府京田辺市,,,,,,,,,
262129,京都府京丹後市,75.2,77.4,79.6,80,82,83.9,85.5,87.1,88.6
262137,京都府南丹市,,,,,,,,,
262145,京都府木津川市,,,,,,,,,
263036,京都府大山崎町,,,,,,,,,
263222,京都府久御山町,,,,,,,,,
263435,京都府井手町,,,,,,,,,
263443,京都府宇治田原町,,,,,,,,,
263648,京都府笠置町,,,,,,,,,
263656,京都府和束町,,,,,,,,,
263664,京都府精華町,,,,,,,,,
263672,京都府南山城村,,,,,,,,,
264075,京都府京丹波町,,,,,,,,,
264636,京都府伊根町,100,98.2,97.1,96.4,94.7,93.4,93.3,91.9,90.4
264652,京都府与謝野町,,,,,,,,,
271004,大阪府大阪市,63.2,77.1,78.8,78.9,80.2,81.6,82.8,84,84.9
271403,大阪府堺市,,,,,,,,,
272027,大阪府岸和田市,,,,,,,,,
272035,大阪府豊中市,,,,,,,,,
272043,大阪府池田市,,,,,,,,,
272051,大阪府吹田市,,,,,,,,,
272060,大阪府泉大津市,,,,,,,,,
272078,大阪府高槻市,,,,,,,,,
272086,大阪府貝塚市,,,,,,,,,
272094,大阪府守口市,,,,,,,,,
272108,大阪府枚方市,,,,,,,,,
272116,大阪府茨木市,,,,,,,,,
272124,大阪府八尾市,,,,,,,,,
272132,大阪府泉佐野市,,,,,,,,,
272141,大阪府富田林市,,,,,,,,,
272159,大阪府寝屋川市,,,,,,,,,
272167,大阪府河内長野市,,,,,,,,,
272175,大阪府松原市,,,,,,,,,
272183,大阪府大東市,,,,,,,,,
272191,大阪府和泉市,,,,,,,,,
272205,大阪府箕面市,,,,,,,,,
272213,大阪府柏原市,,,,,,,,,
272221,大阪府羽曳野市,,,,,,,,,
272230,大阪府門真市,,,,,,,,,
272248,大阪府摂津市,,,,,,,,,
272256,大阪府高石市,,,,,,100,100,100,
272264,大阪府藤井寺市,,,,,,,,,
272272,大阪府東大阪市,,,,,,,,,
272281,大阪府泉南市,,,,,,,,,
272299,大阪府四條畷市,,,,,,,,,
272302,大阪府交野市,,,,,,,,,
272311,大阪府大阪狭山市,,,,,,,,,
272329,大阪府阪南市,,,,,,,,,
273015,大阪府島本町,,,,,,,,,
273210,大阪府豊能町,,,,,,,,,
273228,大阪府能勢町,,,,,,,,,
273414,大阪府忠岡町,,,,,,,,,
273619,大阪府熊取町,,,,,,,,,
273627,大阪府田尻町,,,,,,,,,
273660,大阪府岬町,,,,,,,,,
273813,大阪府太子町,,,,,,,,,
273821,大阪府河南町,,,,,,,,,
273830,大阪府千早赤阪村,,,,,,,,,
281000,兵庫県神戸市,45.6,47.6,49.6,51.5,53.5,55.3,56.6,58.6,60.5
282014,兵庫県姫路市,23.3,52.5,46.3,50.9,53.8,58.5,63.2,67,69
282022,兵庫県尼崎市,,,,,,,,,
282031,兵庫県明石市,53.3,53.1,55.2,57.3,56.3,58.3,60.3,62.5,64.3
282049,兵庫県西宮市,,,,,,,,,
282057,兵庫県洲本市,,63.5,61.9,61.8,63.5,65.1,66.8,67.7,69.8
282065,兵庫県芦屋市,,,,,,,,,
282073,兵庫県伊丹市,,,,,,,,,
282081,兵庫県相生市,,100,100,100,100,100,100,100,100
282090,兵庫県豊岡市,,48,40.6,35.6,33.1,35.1,37.1,39.1,41.1
282103,兵庫県加古川市,,,,,,,,,
282120,兵庫県赤穂市,,0,1.2,3.7,5.8,11.4,16.9,22.5,28.1
282138,兵庫県西脇市,,,,,,,,,
282146,兵庫県宝塚市,,,,,,,,,
282154,兵庫県三木市,,,,,,,,,
282162,兵庫県高砂市,,,,,,,,,
282171,兵庫県川西市,,,,,,,,,
282189,兵庫県小野市,,,,,,,,,
282197,兵庫県三田市,,,,,,,,,
282201,兵庫県加西市,,,,,,,,,
282219,兵庫県丹波篠山市,,,,,,,,,
282219,兵庫県丹波篠山市,,,,,,,,,
282219,兵庫県篠山市,,,,,,,,,
282219,兵庫県篠山市,,,,,,,,,
282227,兵庫県養父市,,,,,,,,,
282235,兵庫県丹波市,,,,,,,,,
282243,兵庫県南あわじ市,46.6,48.5,49.2,51.1,53,,57.3,,
282251,兵庫県朝来市,,,,,,,,,
282260,兵庫県淡路市,,52.5,54.6,56.5,58.4,60.3,62.2,64.1,66
282278,兵庫県宍粟市,,,,,,,,,
282286,兵庫県加東市,,,,,,,,,
282294,兵庫県たつの市,,42.1,43.9,45.6,47.3,48.3,49.9,51.7,52.3
283011,兵庫県猪名川町,,,,,,,,,
283657,兵庫県多可町,,,,,,,,,
283819,兵庫県稲美町,,,,,,,,,
283827,兵庫県播磨町,,,,,,,,,
284424,兵庫県市川町,,,,,,,,,
284432,兵庫県福崎町,,,,,,,,,
284467,兵庫県神河町,,,,,,,,,
284645,兵庫県太子町,,,,,,,,,
284815,兵庫県上郡町,,,,,,,,,
285013,兵庫県佐用町,,,,,,,,,
285854,兵庫県香美町,58.1,59.9,61.6,63.3,64.9,66.5,68,69.5,71
285862,兵庫県新温泉町,,,,,71.8,73,75.1,76.7,76.8
292010,奈良県奈良市,,,,,,,,,
292028,奈良県大和高田市,,,,,,,,,
292036,奈良県大和郡山市,,,,,,,,,
292044,奈良県天理市,,,,,,,,,
292052,奈良県橿原市,,,,,,,,,
292061,奈良県桜井市,,,,,,,,,
292079,奈良県五條市,,,,,,,,,
292087,奈良県御所市,,,,,,,,,
292095,奈良県生駒市,,,,,,,,,
292109,奈良県香芝市,,,,,,,,,
292117,奈良県葛城市,,,,,,,,,
292125,奈良県宇陀市,,,,,,,,,
293229,奈良県山添村,,,,,,,,,
293423,奈良県平群町,,,,,,,,,
293431,奈良県三郷町,,,,,,,,,
293440,奈良県斑鳩町,,,,,,,,,
293458,奈良県安堵町,,,,,,,,,
293610,奈良県川西町,,,,,,,,,
293628,奈良県三宅町,,,,,,,,,
293636,奈良県田原本町,,,,,,,,,
293857,奈良県曽爾村,,,,,,,,,
293865,奈良県御杖村,,,,,,,,,
294012,奈良県高取町,,,,,,,,,
294021,奈良県明日香村,,,,,,,,,
294241,奈良県上牧町,,,,,,,,,
294250,奈良県王寺町,,,,,,,,,
294268,奈良県広陵町,,,,,,,,,
294276,奈良県河合町,,,,,,,,,
294411,奈良県吉野町,,,,,,,,,
294420,奈良県大淀町,,,,,,,,,
294438,奈良県下市町,,,,,,,,,
294446,奈良県黒滝村,,,,,,,,,
294462,奈良県天川村,,,,,,,,,
294471,奈良県野迫川村,,,,,,,,,
294497,奈良県十津川村,,,,,,,,,
294501,奈良県下北山村,,,,,,,,,
294519,奈良県上北山村,,,,,,,,,
294527,奈良県川上村,,,,,,,,,
294535,奈良県東吉野村,,,,,,,,,
302015,和歌山県和歌山市,59.6,81.8,54.9,56.9,58.9,60.2,62.1,63.6,65.5
302023,和歌山県海南市,53.4,56.5,59.3,50,49.9,51.7,54.5,56.7,58.4
302031,和歌山県橋本市,,,,,,,,,
302040,和歌山県有田市,,,,2.1,4.2,48,50.1,52.1,54.1
302058,和歌山県御坊市,39.3,41.1,43.1,45.1,46.9,48.8,50.8,52.8,54.8
302066,和歌山県田辺市,79.1,80.5,81.9,83,83.9,84.8,85.5,86.2,86.8
302074,和歌山県新宮市,25.7,27.9,30.1,32.3,34.5,36.7,37.5,39.3,41.4
302082,和歌山県紀の川市,,,,,,,,,
302091,和歌山県岩出市,,,,,,,,,
303046,和歌山県紀美野町,,,,,,,,,
303411,和歌山県かつらぎ町,,,,,,,,,
303437,和歌山県九度山町,,,,,,,,,
303445,和歌山県高野町,,,,,,,,,
303615,和歌山県湯浅町,54.1,56,57.9,59.9,61.7,63.6,65.5,67.3,69.2
303623,和歌山県広川町,59.4,62.3,62.3,62.3,65.3,66.7,68.2,69.6,71.1
303666,和歌山県有田川町,,,,,,,,,
303810,和歌山県美浜町,62.4,64.3,65,66.9,68.8,70.2,72.1,74,75.9
303828,和歌山県日高町,32.4,34.4,36.4,38.5,40.5,42.1,32.2,35.9,39.2
303836,和歌山県由良町,53.2,55,56.7,58.4,59.8,61.3,62.8,64.5,66.2
303909,和歌山県印南町,59.8,61.7,63.5,65.9,67.7,61.3,52.5,51.5,53.2
303917,和歌山県みなべ町,,,0,0.8,3.7,2.3,4.2,3.4,4.6
303925,和歌山県日高川町,,,,,,,,,
304018,和歌山県白浜町,42.3,44.4,44.5,46.5,48.3,50.4,52.4,54.5,56.5
304042,和歌山県上富田町,,,,,,,,,
304069,和歌山県すさみ町,,,2.1,4,6,8,10,12,14
304212,和歌山県那智勝浦町,55.8,57.8,61,6.1,39,41.3,44.6,47.9,51.2
304221,和歌山県太地町,90.4,83.6,85,86,86.1,91.9,91.7,91.3,85.3
304247,和歌山県古座川町,,,,,,,,,
304271,和歌山県北山村,,,,,,,,,
304280,和歌山県串本町,,45.9,43.1,14.6,54.4,58,59.8,61.6,63.3
312011,鳥取県鳥取市,45,47,48.8,50.5,52.3,54.3,56.1,57.8,59.4
312029,鳥取県米子市,26.5,30.6,32.4,,36.5,37.8,39,41,42.6
312037,鳥取県倉吉市,,,,,,,,,
312045,鳥取県境港市,,,5.2,,19.4,,,,
313025,鳥取県岩美町,,49.8,51.8,53.8,55.8,57.8,59.8,61.8,63.8
313254,鳥取県若桜町,,,,,,,,,
313289,鳥取県智頭町,,,,,,,,,
313297,鳥取県八頭町,,,,,,,,,
313645,鳥取県三朝町,,,,,,,,,
313700,鳥取県湯梨浜町,34.8,38.6,40.6,42.5,44.4,46.4,48.3,50.2,52.1
313718,鳥取県琴浦町,,,,,,,,,
313726,鳥取県北栄町,,,,,,,,,
313840,鳥取県日吉津村,,,65.9,71.9,77.9,80.9,83.9,86.9,89.9
313866,鳥取県大山町,,50.4,52.3,54.2,56.2,57.9,59.9,60.8,62.6
313891,鳥取県南部町,,,,,,,,,
313904,鳥取県伯耆町,,,,,,,,,
314013,鳥取県日南町,,,,,,,,,
314021,鳥取県日野町,,,,,,,,,
314030,鳥取県江府町,,,,,,,,,
322016,島根県松江市,71.6,73,74.2,75.5,76.5,77.5,78.7,79.5,80.8
322024,島根県浜田市,47.9,49.8,51.7,53.6,55.5,57.4,59.3,61.1,63
322032,島根県出雲市,23.6,25.7,27.9,30.3,31.3,34,36.7,37.9,40.2
322041,島根県益田市,67.7,70.4,72.9,75.5,77.9,80.3,82.6,84.4,86.6
322059,島根県大田市,,60.9,62.4,62.4,63.9,65.5,68.5,70.1,71.6
322067,島根県安来市,,,,,,,,,
322075,島根県江津市,,,,,,,,,
322091,島根県雲南市,,,,,,,,,
323438,島根県奥出雲町,,,,,,,,,
323861,島根県飯南町,,,,,,,,,
324418,島根県川本町,,,,,,,,,
324485,島根県美郷町,,,,,,,,,
324493,島根県邑南町,,,,,,,,,
325015,島根県津和野町,,,,,,,,,
325058,島根県吉賀町,,,,,,,,,
325252,島根県海士町,,40,42.3,43.1,45.1,47,49,50.8,50.9
325261,島根県西ノ島町,63.8,66.7,68.1,69.5,70.9,72.3,73.7,75.1,76.5
325279,島根県知夫村,,54.1,64.1,66,67.8,69.7,71.5,71.9,73.2
325287,島根県隠岐の島町,,41.4,43.1,45.1,47,48.9,49.9,51.2,52.8
331007,岡山県岡山市,0,0.5,1.5,3.6,5.7,7.9,10.2,12.1,13.9
332020,岡山県倉敷市,22.1,24.2,26.1,28.2,28.1,29.8,31.9,34,36
332038,岡山県津山市,,,,,,,,,
332046,岡山県玉野市,67.4,68.9,71.6,72.9,74.2,75.5,76.7,78,79.1
332054,岡山県笠岡市,,51.4,52.7,53.9,55.1,55.9,56.9,57.6,58.4
332071,岡山県井原市,,,,,,,,,
332089,岡山県総社市,,,,,,,,,
332097,岡山県高梁市,,,,,,,,,
332101,岡山県新見市,,,,,,,,,
332119,岡山県備前市,,,93.8,100,100,100,100,100,100
332127,岡山県瀬戸内市,,0,10,14,24,34,44,54,64
332135,岡山県赤磐市,,,,,,,,,
332143,岡山県真庭市,,,,,,,,,
332151,岡山県美作市,,,,,,,,,
332160,岡山県浅口市,,,,,,,,,
333468,岡山県和気町,,,,,,,,,
334235,岡山県早島町,,,,,,,,,
334456,岡山県里庄町,,,,,,,,,
334618,岡山県矢掛町,,,,,,,,,
335860,岡山県新庄村,,,,,,,,,
336068,岡山県鏡野町,,,,,,,,,
336220,岡山県勝央町,,,,,,,,,
336238,岡山県奈義町,,,,,,,,,
336432,岡山県西粟倉村,,,,,,,,,
336637,岡山県久米南町,,,,,,,,,
336661,岡山県美咲町,,,,,,,,,
336815,岡山県吉備中央町,,,,,,,,,
341002,広島県広島市,54.5,56.5,58.6,60.6,62.7,64.8,66.8,68.9,
342025,広島県呉市,,68.7,69.5,75,70.9,74.7,76.2,75.7,79.6
342033,広島県竹原市,51.7,47.4,52.5,54.4,56.4,58.3,6,61.9,63.6
342041,広島県三原市,27.8,39.3,35.1,36.9,38.9,40.9,42.3,43.8,45.6
342050,広島県尾道市,61.9,41.6,39.7,35.5,31,31.6,27.8,27.1,26.7
342076,広島県福山市,,70.5,71.6,73.1,74.6,75.2,75.9,76.9,73
342084,広島県府中市,,,,,,,,,
342092,広島県三次市,,,,,,,,,
342106,広島県庄原市,,,,,,,,,
342114,広島県大竹市,75.3,77.3,78.6,79.7,80.8,79.8,80.8,82,
342122,広島県東広島市,,,0,2,4,6,8,10,12
342131,広島県廿日市市,,6.8,12.5,17.7,22.6,25,25.7,29.9,32.4
342149,広島県安芸高田市,,,,,,,,,
342157,広島県江田島市,,,82.5,87.9,86.6,87.8,88.9,90.3,91
343021,広島県府中町,,,,,,,,,
343048,広島県海田町,,,,,,,,,
343072,広島県熊野町,,,,,,,,,
343099,広島県坂町,48.5,53.5,55.3,57.2,59,60.8,62.5,64.2,65.9
343684,広島県安芸太田町,,,,,,,,,
343692,広島県北広島町,,,,,,,,,
344311,広島県大崎上島町,57.8,59.3,61.2,62.6,64.5,55.6,68.4,70.4,72.4
344621,広島県世羅町,,,,,,,,,
345458,広島県神石高原町,,,,,,,,,
352012,山口県下関市,,75.1,75.1,76.2,77,77.9,79.7,80.6,69.8
352021,山口県宇部市,56.7,59.2,62,63.9,65.7,67.3,67,69,68.3
352039,山口県山口市,43.9,45.2,47.2,48.4,50.1,51.8,53.5,54.1,54
352047,山口県萩市,76.4,77.9,79.3,80.7,81.9,83.2,84.4,85.5,86.6
352063,山口県防府市,,80.5,58.8,59.1,60.8,61.6,63.1,65.5,67.4
352071,山口県下松市,,,,,,,,,
352080,山口県岩国市,,79.7,79.8,80.5,80,81.4,78.7,80.1,79.8
352101,山口県光市,62.5,64.4,66.8,69.5,70.5,72.5,73.2,73.5,74.7
352110,山口県長門市,66.4,68.5,70.6,72.6,74.3,76.1,77.8,79.4,80.9
352128,山口県柳井市,51.8,53.6,55.5,56.2,56.6,56.2,56.6,56.9,57.4
352136,山口県美祢市,,,,,,,,,
352152,山口県周南市,65.5,64.7,46.4,48.9,50.7,52.3,53.7,55.2,56.9
352161,山口県山陽小野田市,45.8,47.7,49.5,51.4,53.2,55.1,56.9,58.8,59.7
353051,山口県周防大島町,46.1,48,49.2,47.2,49.1,50.9,52.7,54.3,56.1
353213,山口県和木町,,,,,,,,,
353418,山口県上関町,53.9,55.1,56.1,57.5,59.4,59.9,61.6,63.2,64.1
353434,山口県田布施町,52.5,54.4,55.3,56.7,58.4,57.1,59,60.6,61.6
353442,山口県平生町,56.5,54.5,56.6,57.8,59.8,61.3,62,63.7,64.8
355020,山口県阿武町,65.6,67.8,70.5,73.2,75.6,77,78.1,78.8,78.4
362018,徳島県徳島市,,,,,,,,,
362026,徳島県鳴門市,52.3,54.2,56.1,58,59.8,61.6,63.4,65.2,67
362034,徳島県小松島市,44.5,47.2,49.9,51.7,51.8,54.5,57.3,60.1,60.4
362042,徳島県阿南市,84.5,85.1,85.6,86.2,86.8,87.1,87.9,88.5,88.9
362051,徳島県吉野川市,,,,,,,,,
362069,徳島県阿波市,,,,,,,,,
362077,徳島県美馬市,,,,,,,,,
362085,徳島県三好市,,,,,,,,,
363014,徳島県勝浦町,,,,,,,,,
363022,徳島県上勝町,,,,,,,,,
363219,徳島県佐那河内村,,,,,,,,,
363413,徳島県石井町,,,,,,,,,
363421,徳島県神山町,,,,,,,,,
363685,徳島県那賀町,,,,,,,,,
363839,徳島県牟岐町,98.3,98.6,98.9,99.2,99.5,99.7,99.7,99.9,100
363871,徳島県美波町,51.6,53,55,56.9,58.9,60.8,62.7,64.4,66.4
363880,徳島県海陽町,41.6,43.5,45.4,47.3,51.7,53.7,55.7,57.7,59.6
364011,徳島県松茂町,,,,,,,,,
364029,徳島県北島町,,,,,,,,,
364037,徳島県藍住町,,,,,,,,,
364045,徳島県板野町,,,,,,,,,
364053,徳島県上板町,,,,,,,,,
364681,徳島県つるぎ町,,,,,,,,,
364894,徳島県東みよし町,,,,,,,,,
372013,香川県高松市,,44.1,40.4,46.6,47.7,48.2,48.8,51.8,52.1
372021,香川県丸亀市,52.8,54.8,54.2,54.4,55.3,56.5,57.1,58,58.9
372030,香川県坂出市,74,75.2,76.6,76.9,78.6,79.3,80,81.2,82.2
372048,香川県善通寺市,,,,,,,,,
372056,香川県観音寺市,64.4,26.3,10.8,8.7,10.1,11.6,12.6,8.2,8.8
372064,香川県さぬき市,,33,34,72.3,72.5,71,72.3,73.6,74.8
372072,香川県東かがわ市,45.9,47.9,49.7,51.4,53.2,55,55.3,56.7,58.7
372081,香川県三豊市,64.5,65.7,65.9,66.2,67.2,68.7,70.1,71.6,73.1
373222,香川県土庄町,,43.6,45.6,47.5,49.4,51.2,52.9,54.8,56.4
373249,香川県小豆島町,,86.4,86.1,86.8,86.7,86.8,87.5,87.2,85.4
373419,香川県三木町,,,,,,,,,
373648,香川県直島町,37.7,39.6,39.7,41.6,43.6,40.9,38.9,40.6,42.6
373869,香川県宇多津町,60.7,62.6,58.7,55.2,57,52.4,52.8,54.6,56.3
373877,香川県綾川町,,,,,,,,,
374032,香川県琴平町,,,,,,,,,
374041,香川県多度津町,54.5,55.6,57.4,57.3,57.7,58.9,59.3,60.2,58.3
374067,香川県まんのう町,,,,,,,,,
382019,愛媛県松山市,,55.5,56.9,58.5,60,61.3,61.3,62.7,64
382027,愛媛県今治市,,51,52.7,54.5,56.1,57.2,55.4,56.3,57.5
382035,愛媛県宇和島市,50.1,52,53.8,55.6,57.4,59.2,60.9,62.7,64.4
382043,愛媛県八幡浜市,50,36.7,38.3,39.4,33.6,34.2,30.1,31.8,33.6
382051,愛媛県新居浜市,,57.9,59.5,61,62.5,63.8,65.2,66.5,68.1
382060,愛媛県西条市,46.2,43.8,45.2,48.5,49.9,49.4,48.2,50.5,52.8
382078,愛媛県大洲市,,65.5,66.9,68.2,68.4,70,71.2,72.2,73.3
382108,愛媛県伊予市,39.4,41.3,43.2,45.3,47.3,48.7,50.1,51.9,53.9
382132,愛媛県四国中央市,69.7,64.5,62.3,61.4,57.6,57.4,58.7,58.8,59.9
382141,愛媛県西予市,45,46.6,47.9,49.5,50.6,52.1,52.7,53.6,55.4
382159,愛媛県東温市,,,,,,,,,
383562,愛媛県上島町,46.2,54.3,49.4,50.9,52.4,52.9,55,56.4,57.9
383864,愛媛県久万高原町,,,,,,,,,
384011,愛媛県松前町,,,,,,,,,
384020,愛媛県砥部町,,,,,,,,,
384224,愛媛県内子町,,,,,,,,,
384429,愛媛県伊方町,39.4,37.4,42.7,44.5,46.5,48.4,50.4,49,50.8
384844,愛媛県松野町,,,,,,,,,
384887,愛媛県鬼北町,,,,,,,,,
385069,愛媛県愛南町,37.3,38.3,40.2,42.1,44,45.8,46.5,48.4,50.1
392014,高知県高知市,,43.9,43.5,45.2,46.1,46.3,46.7,46.4,43.6
392022,高知県室戸市,49.1,58.9,59.4,61.8,55.3,57.6,58.9,60.8,62.4
392031,高知県安芸市,55.9,56.4,58.4,60.4,59.7,61.8,60.1,59.5,58.7
392049,高知県南国市,,,,,,,,,
392057,高知県土佐市,,,,,,,,,
392065,高知県須崎市,44.9,46.1,47.9,49.6,51.5,53.3,54.7,56.2,58.2
392081,高知県宿毛市,53.7,55.5,57.1,58.9,60.9,62.9,64.8,66.6,68.5
392090,高知県土佐清水市,62.3,71.8,74.8,77.6,80.3,82.8,78.9,75.3,77.4
392103,高知県四万十市,49,51,53,55,57,59,61,63,65
392111,高知県香南市,56.5,58.5,60.1,61.9,63.8,65.5,67.5,69,70.6
392120,高知県香美市,,,,,,,,,
393011,高知県東洋町,,74.5,80.4,82.3,83.8,89.9,86,86,86
393029,高知県奈半利町,,,,,,,,,
393037,高知県田野町,,,,,,,,,
393045,高知県安田町,53.7,55.7,57.6,59.6,61.6,63.6,65.6,67.6,69.6
393053,高知県北川村,,,,,,,,,
393061,高知県馬路村,,,,,,,,,
393070,高知県芸西村,47.3,50.3,52.4,54.4,56.4,58.4,60.4,62.2,63.3
393410,高知県本山町,,,,,,,,,
393444,高知県大豊町,,,,,,,,,
393631,高知県土佐町,,,,,,,,,
393649,高知県大川村,,,,,,,,,
393860,高知県いの町,,,,,,,,,
393878,高知県仁淀川町,,,,,,,,,
394017,高知県中土佐町,62.1,63.3,61.5,63.2,64.9,66.5,68.1,69.8,71.4
394025,高知県佐川町,,,,,,,,,
394033,高知県越知町,,,,,,,,,
394050,高知県梼原町,,,,,,,,,
394106,高知県日高村,,,,,,,,,
394114,高知県津野町,,,,,,,,,
394122,高知県四万十町,42.7,44.7,46.4,48.5,50.4,52.3,54.2,56,57.8
394246,高知県大月町,43.6,46.6,48.6,50.6,50.6,54,56,57.8,59.8
394271,高知県三原村,,,,,,,,,
394289,高知県黒潮町,58.2,60,61.7,63.4,65.1,66.7,68.4,71,71.7
401005,福岡県北九州市,,47.8,49.8,51.2,53.2,54.9,56.8,58.6,59.5
401307,福岡県福岡市,61.6,63,64.3,66,70.1,70,70.5,72.3,74.8
402028,福岡県大牟田市,,,,,,,,,
402036,福岡県久留米市,,,,,,,,,
402044,福岡県直方市,,,,,,,,,
402052,福岡県飯塚市,,,,,,,,,
402061,福岡県田川市,,,,,,,,,
402079,福岡県柳川市,48,49.1,51,53.4,55.5,55.3,57.3,59.2,61.1
402109,福岡県八女市,,,,,,,,,
402117,福岡県筑後市,,,,,,,,,
402125,福岡県大川市,68.5,70.9,69.6,71.6,73.8,71.6,71.4,70.3,72.2
402141,福岡県豊前市,23.5,27.1,,,,,,,
402150,福岡県中間市,,,,,,,,,
402168,福岡県小郡市,,,,,,,,,
402176,福岡県筑紫野市,,,,,,,,,
402184,福岡県春日市,,,,,,,,,
402192,福岡県大野城市,,,,,,,,,
402206,福岡県宗像市,43.4,39.2,40.8,42.1,42.2,46.2,46.2,44.2,45.8
402214,福岡県太宰府市,,,,,,,,,
402231,福岡県古賀市,,,,,,,,,
402249,福岡県福津市,43.1,45.2,47.3,48.9,51.1,53.1,55.1,57.1,59.2
402257,福岡県うきは市,,,,,,,,,
402265,福岡県宮若市,,,,,,,,,
402273,福岡県嘉麻市,,,,,,,,,
402281,福岡県朝倉市,,,,,,,,,
402290,福岡県みやま市,,,,,,,,,
402303,福岡県糸島市,,50,50.4,51.9,53.4,54.9,56.6,57.7,58.4
402311,福岡県那珂川市,,,,,,,,,
402311,福岡県那珂川市,,,,,,,,,
402311,福岡県那珂川町,,,,,,,,,
402311,福岡県那珂川町,,,,,,,,,
403415,福岡県宇美町,,,,,,,,,
403423,福岡県篠栗町,,,,,,,,,
403431,福岡県志免町,,,,,,,,,
403440,福岡県須恵町,,,,,,,,,
403458,福岡県新宮町,,40.8,42.7,44.7,46.6,48.6,50.5,52.5,54.5
403482,福岡県久山町,,,,,,,,,
403491,福岡県粕屋町,,,,,,,,,
403814,福岡県芦屋町,,84.9,87.2,88.7,87.3,86.3,86.9,87.5,88.6
403822,福岡県水巻町,,,,,,,,,
403831,福岡県岡垣町,62.1,64.1,66.1,68.1,70.1,72.1,74.1,76.1,78.1
403849,福岡県遠賀町,,,,,,,,,
404012,福岡県小竹町,,,,,,,,,
404021,福岡県鞍手町,,,,,,,,,
404217,福岡県桂川町,,,,,,,,,
404471,福岡県筑前町,,,,,,,,,
404489,福岡県東峰村,,,,,,,,,
405035,福岡県大刀洗町,,,,,,,,,
405221,福岡県大木町,,,,,,,,,
405442,福岡県広川町,,,,,,,,,
406015,福岡県香春町,,,,,,,,,
406023,福岡県添田町,,,,,,,,,
406040,福岡県糸田町,,,,,,,,,
406058,福岡県川崎町,,,,,,,,,
406082,福岡県大任町,,,,,,,,,
406091,福岡県赤村,,,,,,,,,
406104,福岡県福智町,,,,,,,,,
406210,福岡県苅田町,,,,,,,,,
406252,福岡県みやこ町,,,,,,,,,
406422,福岡県吉富町,51,50.8,52.4,56.4,58.4,60.3,62,,
406465,福岡県上毛町,,,,,,,,,
406473,福岡県築上町,30.8,32.7,34.6,36.6,38.5,38.5,40.5,42.4,44.3
412015,佐賀県佐賀市,,50.3,52.2,54.2,56.2,58.1,60.1,62,63.9
412023,佐賀県唐津市,5,20.7,22.9,25.1,26.9,28.9,31.3,33.4,33.2
412031,佐賀県鳥栖市,,,,,,,,,
412040,佐賀県多久市,,,,,,,,,
412058,佐賀県伊万里市,43.9,46.8,48.8,50.8,52.8,54.8,56.8,58.8,60.8
412066,佐賀県武雄市,,,,,,,,,
412074,佐賀県鹿島市,57.6,59.2,60.8,62.4,64,65.6,67.3,68.8,70.4
412082,佐賀県小城市,,,,,,,,,
412091,佐賀県嬉野市,,,,,,,,,
412104,佐賀県神埼市,,,,,,,,,
413275,佐賀県吉野ヶ里町,,,,,,,,,
413411,佐賀県基山町,,,,,,,,,
413453,佐賀県上峰町,,,,,,,,,
413461,佐賀県みやき町,,,,,,,,,
413879,佐賀県玄海町,85.9,57,58.8,53.3,58.8,60.5,62.2,61.5,63.3
414018,佐賀県有田町,,,,,,,,,
414239,佐賀県大町町,,,,,,,,,
414247,佐賀県江北町,,,,,,,,,
414255,佐賀県白石町,15.6,17.6,19.5,21.4,22.9,24.8,26.5,28,29.6
414417,佐賀県太良町,39.3,43.1,46.9,48.8,50.7,52.5,54.4,56.3,58
422011,長崎県長崎市,,92,92.5,93.4,94.8,98.8,97,97.4,99.6
422029,長崎県佐世保市,,65.1,65.3,66.4,67.3,67.7,68.9,69.7,72.1
422037,長崎県島原市,20.8,26.2,26.3,31.6,32.4,34.4,36.4,38.5,40.5
422045,長崎県諫早市,,70.2,71.1,71.5,72.4,72.7,73.5,74.4,74.9
422053,長崎県大村市,,48.9,50.4,55.4,57.4,65.1,67.2,69.2,56.5
422070,長崎県平戸市,44.7,46,47.9,49.4,51.1,52.2,53.1,54.9,56.2
422088,長崎県松浦市,,29.6,30.2,36.8,32.7,34.7,36.7,43.7,43.4
422096,長崎県対馬市,,44.9,46.3,47.8,49.5,51.4,53.5,55.4,57.4
422100,長崎県壱岐市,,0,6.3,34.7,55.2,56.3,58,57.9,61.7
422118,長崎県五島市,,53.9,55.5,57.3,59,60.6,62.5,63.2,65.7
422126,長崎県西海市,,52.2,54.2,56.3,58.3,59.8,61.7,66.8,66.1
422134,長崎県雲仙市,37.4,,,,,46,47.1,48,48.6
422142,長崎県南島原市,45.4,46.9,48.2,49.8,51.7,53.5,55.3,57.2,59
423076,長崎県長与町,,,,,,,,,
423084,長崎県時津町,,,,,,,,,
423211,長崎県東彼杵町,49.4,51.3,52.9,54.9,56.8,58.7,60.6,62.5,64.4
423220,長崎県川棚町,25.8,26.7,27.6,28.9,,31.9,33.9,35.9,37.9
423238,長崎県波佐見町,,,,,,,,,
423831,長崎県小値賀町,51.4,53.2,54.9,56.8,58.5,60.3,62.1,63.6,65.3
423912,長崎県佐々町,,,,,,,,,
424111,長崎県新上五島町,,63.4,65.5,67.6,67.6,71.6,73.7,75.6,77
431001,熊本県熊本市,32.1,32.6,34.7,36.8,38.9,40.9,42.9,44.8,46.8
432024,熊本県八代市,,46.4,48.3,45.6,45.6,47.1,51.2,51.5,53.6
432032,熊本県人吉市,,,,,,,,,
432041,熊本県荒尾市,46.8,45.2,47.1,44.7,40.3,35.9,33.4,32.9,32.6
432059,熊本県水俣市,,,82.5,30.1,13.1,16,14.2,17.3,24.6
432067,熊本県玉名市,56.8,59.5,62.3,65,67.8,70.5,73.2,75.6,77.7
432083,熊本県山鹿市,,,,,,,,,
432105,熊本県菊池市,,,,,,,,,
432113,熊本県宇土市,100,100,100,99.4,95.3,90.5,88.1,88.4,77.5
432121,熊本県上天草市,,61.8,63.5,65.2,67.1,68.8,69.5,71.1,72.2
432130,熊本県宇城市,36.7,38.7,40.2,42.1,44.1,45.2,47.1,48.9,50.6
432148,熊本県阿蘇市,,,,,,,,,
432156,熊本県天草市,,78.3,79,80,81,82,83,83.9,84.7
432164,熊本県合志市,,,,,,,,,
433489,熊本県美里町,,,,,,,,,
433641,熊本県玉東町,,,,,,,,,
433675,熊本県南関町,,,,,,,,,
433683,熊本県長洲町,2.2,2,4,6,8,10,12,14,16
433691,熊本県和水町,,,,,,,,,
434035,熊本県大津町,,,,,,,,,
434043,熊本県菊陽町,,,,,,,,,
434230,熊本県南小国町,,,,,,,,,
434248,熊本県小国町,,,,,,,,,
434256,熊本県産山村,,,,,,,,,
434281,熊本県高森町,,,,,,,,,
434329,熊本県西原村,,,,,,,,,
434337,熊本県南阿蘇村,,,,,,,,,
434418,熊本県御船町,,,,,,,,,
434426,熊本県嘉島町,,,,,,,,,
434434,熊本県益城町,,,,,,,,,
434442,熊本県甲佐町,,,,,,,,,
434477,熊本県山都町,,,,,,,,,
434680,熊本県氷川町,,,,,,,,,
434825,熊本県芦北町,,56.3,57.6,59.2,60.9,64.3,66,67.5,69.1
434841,熊本県津奈木町,45.6,47.5,49.4,47,46.5,46,46.1,48.4,51
435015,熊本県錦町,,,,,,,,,
435058,熊本県多良木町,,,,,,,,,
435066,熊本県湯前町,,,,,,,,,
435074,熊本県水上村,,,,,,,,,
435104,熊本県相良村,,,,,,,,,
435112,熊本県五木村,,,,,,,,,
435121,熊本県山江村,,,,,,,,,
435139,熊本県球磨村,,,,,,,,,
435147,熊本県あさぎり町,,,,,,,,,
435317,熊本県苓北町,,,,41.5,43.2,44.8,46.7,47.9,49.6
442011,大分県大分市,44.7,46.1,46.3,,45.2,45,45.9,47.4,49.1
442020,大分県別府市,,,,,,,,,
442038,大分県中津市,88.2,88.6,89,89.4,30,31.5,21.3,23,24.6
442046,大分県日田市,,,,,,,,,
442054,大分県佐伯市,51.4,61.9,54.8,56.2,57.6,59.1,60.6,61.6,63
442062,大分県臼杵市,30.5,31,31.3,32,32.6,33.3,34,34.7,35.5
442071,大分県津久見市,56.5,58.1,60.2,62,63.8,65.6,67.3,69,70.7
442089,大分県竹田市,,,,,,,,,
442097,大分県豊後高田市,100,100,100,100,100,99.1,99.1,98.8,98.8
442101,大分県杵築市,,,,,,,,,
442119,大分県宇佐市,100,100,,,,,,,
442127,大分県豊後大野市,,,,,,,,,
442135,大分県由布市,,,,,,,,,
442143,大分県国東市,61.6,63.1,67.3,67.3,68.3,69.3,70.6,71.9,72.5
443221,大分県姫島村,40.4,40.5,44.2,45.9,47.4,49.5,51,52.9,54.8
443417,大分県日出町,,,0,6.4,12.8,19.2,25.6,32,38.4
444618,大分県九重町,,,,,,,,,
444626,大分県玖珠町,,,,,,,,,
452017,宮崎県宮崎市,77.8,79.7,81.5,83.4,85.2,87,88.9,90.7,92.6
452025,宮崎県都城市,,,,,,,,,
452033,宮崎県延岡市,,,,,,,,,
452041,宮崎県日南市,,,,,,,,,
452050,宮崎県小林市,,,,,,,,,
452068,宮崎県日向市,,,,,,,,,
452076,宮崎県串間市,,,,,,,,,
452084,宮崎県西都市,,,,,,,,,
452092,宮崎県えびの市,,,,,,,,,
453412,宮崎県三股町,,,,,,,,,
453617,宮崎県高原町,,,,,,,,,
453820,宮崎県国富町,,,,,,,,,
453838,宮崎県綾町,,,,,,,,,
454010,宮崎県高鍋町,,,,,,,,,
454028,宮崎県新富町,,,,,,,,,
454036,宮崎県西米良村,,,,,,,,,
454044,宮崎県木城町,,,,,,,,,
454052,宮崎県川南町,,,,,,,,,
454061,宮崎県都農町,,,,,,,,,
454214,宮崎県門川町,,,,,,,,,
454290,宮崎県諸塚村,,,,,,,,,
454303,宮崎県椎葉村,,,,,,,,,
454311,宮崎県美郷町,,,,,,,,,
454419,宮崎県高千穂町,,,,,,,,,
454427,宮崎県日之影町,,,,,,,,,
454435,宮崎県五ケ瀬町,,,,,,,,,
462012,鹿児島県鹿児島市,45.3,47,48.6,50.5,52.3,54.1,55.8,57.3,59
462039,鹿児島県鹿屋市,,,,,,,,,
462047,鹿児島県枕崎市,75.6,78.6,81.6,100,100,100,86.2,86.6,87.1
462063,鹿児島県阿久根市,,,,,,,0,4.3,3.2
462080,鹿児島県出水市,99.5,99.5,99.6,99.6,91,91.4,91.1,91.6,92
462101,鹿児島県指宿市,,,,,,,,,
462136,鹿児島県西之表市,43.2,42.3,43.4,44.3,45.2,52.8,54.5,56.4,58.2
462144,鹿児島県垂水市,,,,,,,,,
462152,鹿児島県薩摩川内市,60.3,61.9,63.5,65.1,66.6,68.2,69.7,71.1,72.5
462161,鹿児島県日置市,,,,,,0,2,4,6
462179,鹿児島県曽於市,,,,,,,,,
462187,鹿児島県霧島市,50.4,51.5,53.5,55.6,57.1,59.2,60.2,60.8,57.2
462195,鹿児島県いちき串木野市,,41.8,43.7,45.6,47.7,49.7,51.4,53.4,55.4
462209,鹿児島県南さつま市,,89.8,91.8,93.4,93.4,94.9,96.7,97.4,98.4
462217,鹿児島県志布志市,53.2,45.9,48.6,51.4,52.9,,,,
462225,鹿児島県奄美市,,,,62,64,66,68,12.2,54.7
462233,鹿児島県南九州市,43.2,43.2,48.6,51.3,54,56.7,59.4,62.1,64.8
462241,鹿児島県伊佐市,,,,,,,,,
462250,鹿児島県姶良市,42.5,44.5,46.1,48.1,50.1,52,54,55.9,59.9
463035,鹿児島県三島村,41.2,45.2,45.2,46.7,48.6,50.5,51.7,53.6,55.7
463043,鹿児島県十島村,,53.4,54.1,55.6,57.3,59.3,60.4,62,63.4
463922,鹿児島県さつま町,,,,,,,,,
464040,鹿児島県長島町,,0,1.6,3.7,6.6,9.5,12,13.1,14.8
464520,鹿児島県湧水町,,,,,,,,,
464686,鹿児島県大崎町,,,,,,,,,
464821,鹿児島県東串良町,,,,,,,,,
464902,鹿児島県錦江町,,,,,,,,,
464911,鹿児島県南大隅町,,,,20,8.2,6.7,10.1,16.1,22.7
464929,鹿児島県肝付町,,0,0.9,4.2,9.2,20.7,28.1,35.5,42.9
465011,鹿児島県中種子町,,,,,,,,,
465020,鹿児島県南種子町,,,,,,,,,4.2
465054,鹿児島県屋久島町,,59.7,61.4,63.2,65.1,67,68.6,70.3,72
465232,鹿児島県大和村,,15.4,16.8,18.9,20.9,22.9,24.9,26.9,28.9
465241,鹿児島県宇検村,52.4,54.3,45.2,56.6,56.6,60.3,61.8,62.1,63.3
465259,鹿児島県瀬戸内町,40.6,41.4,42.9,44.9,46.9,48.9,50.3,52,53.7
465275,鹿児島県龍郷町,40.3,42.3,44.3,46.3,48.3,50.3,52,53.8,55.4
465291,鹿児島県喜界町,14.8,98.9,98.7,99.5,99.7,99.8,99.5,99.6,99.6
465305,鹿児島県徳之島町,,,,,,,,,
465313,鹿児島県天城町,,41.9,44.8,46.4,48.4,49.7,51.7,53.3,55.4
465321,鹿児島県伊仙町,,47.3,49.3,51.3,53.3,55.3,57.3,59.3,61.3
465330,鹿児島県和泊町,49.4,52.7,56,59.1,62.2,65.3,68.2,71.2,74
465348,鹿児島県知名町,42,44,46,48,50,52,54,56,58
465356,鹿児島県与論町,73.1,75.1,73.3,77.2,79.2,79.9,75.8,76.5,76.8
472018,沖縄県那覇市,,56.6,58.6,60.6,62.5,64.5,66.5,68.5,70.5
472051,沖縄県宜野湾市,,,,,,,,,
472077,沖縄県石垣市,28.3,30.3,31.9,33.6,35.1,36.5,37.8,39.2,41.5
472085,沖縄県浦添市,,59.6,61.6,61.6,65.6,67.6,69.6,71.6,73.6
472093,沖縄県名護市,,79.5,80.8,80.8,82.1,79.4,80.4,81.5,82.3
472107,沖縄県糸満市,85.9,,87.1,89.1,91.1,93.1,95.1,97.1,97.3
472115,沖縄県沖縄市,,,,,,,,,
472123,沖縄県豊見城市,64.8,67.4,69.9,72.5,75,77.6,80.1,82.7,85.2
472131,沖縄県うるま市,46.6,47.8,49.7,51.7,51.1,52,51.2,52.9,54.5
472140,沖縄県宮古島市,49.7,8.4,44.6,46.7,47.4,47.9,49,51.3,52
472158,沖縄県南城市,39.2,41.2,41.4,43.1,44.8,48.4,50.4,51.1,52.2
473014,沖縄県国頭村,,0,2,12.8,11.6,14.4,17.3,20.2,23
473022,沖縄県大宜味村,,3.2,5.9,8.6,1.6,3.5,5.4,6.9,9
473031,沖縄県東村,73.2,71.6,63.4,65.4,65.1,65.8,67.8,69.9,71.3
473065,沖縄県今帰仁村,47.1,47.7,45.2,35.6,37.3,38.7,41.2,40.8,43.3
473081,沖縄県本部町,,38.9,35.4,37.8,40.4,42.7,45.2,45.4,47.9
473111,沖縄県恩納村,,29.9,31.9,33.8,30,29,29.4,30.5,28
473138,沖縄県宜野座村,50.7,38.7,40.7,42.6,44.6,46.6,48.7,49.8,51.8
473146,沖縄県金武町,,,,,,,,,
473154,沖縄県伊江村,14.6,9.8,6.4,8.5,9.1,11.4,13.8,15.4,15.9
473243,沖縄県読谷村,,,,,,,,,
473251,沖縄県嘉手納町,56.7,10,20,30,40,50,60,70,80
473260,沖縄県北谷町,33.1,33.8,36.4,38.5,40.1,43,45.9,48.8,51.7
473278,沖縄県北中城村,,,,,,,,,
473286,沖縄県中城村,,47.3,49.3,51.3,52.3,50.7,52.7,54.8,56.9
473294,沖縄県西原町,,,,,,,,,
473481,沖縄県与那原町,,,,,,,,,
473502,沖縄県南風原町,,,,,,,,,
473537,沖縄県渡嘉敷村,42.6,44.8,53.8,49.2,51.5,53.4,51.5,51.4,53.6
473545,沖縄県座間味村,25.9,28,33.4,38.4,40.4,43.2,45.5,47.8,50.1
473553,沖縄県粟国村,34.9,,0,0,33.4,50.1,66.8,45.4,48.8
473561,沖縄県渡名喜村,,57.9,61,64.1,67.2,70.3,35.5,38.5,41.5
473570,沖縄県南大東村,,,,,,,,,
473588,沖縄県北大東村,13.5,,18.2,3,5.2,7.5,9.7,11.9,14.1
473596,沖縄県伊平屋村,,46.4,48.6,47.4,45.7,47.3,49.5,50.6,52.7
473600,沖縄県伊是名村,47.3,49,53.7,56.1,58.3,53.1,55.3,57.6,59.8
473618,沖縄県久米島町,50.2,50.4,52.9,55.4,57.9,53.2,58.3,60.5,62.7
473626,沖縄県八重瀬町,,,,,,,20,40,60
473758,沖縄県多良間村,59,,,,,,,,
473812,沖縄県竹富町,41,42.7,45,47.4,51.1,53.5,55.9,58.3,60.3
473821,沖縄県与那国町,16.8,25.2,31.8,37.4,,,,,
