団体コード,団体名,2016-03-31,2017-03-31,2018-03-31,2019-03-31,2020-03-31,2021-03-31,2022-03-31,2023-03-31,2024-03-31
011002,北海道札幌市,,53,54.5,45.1,47.8,47.5,45.2,41.3,43.8
012025,北海道函館市,,63.3,72.2,73.7,79.1,80.6,58.4,61.8,64.5
012033,北海道小樽市,,26,,,,34.8,37,40,42.5
012041,北海道旭川市,52.8,55,56.1,58.3,60.6,62.8,65.1,67.3,69.6
012050,北海道室蘭市,42,44.3,43.2,50.1,,,,,
012068,北海道釧路市,,55.1,57.2,59.3,66.6,68.6,58.3,60.5,62.3
012076,北海道帯広市,,54.5,56.5,55.5,53.1,53.1,54.6,56.6,54
012084,北海道北見市,83.7,85.7,85.7,57.6,60.7,39.2,47.5,51.4,52.8
012092,北海道夕張市,,48,49.5,51.7,53.9,6.9,10.1,13.3,16.4
012106,北海道岩見沢市,,46.2,46.1,48.8,51.6,54.3,57.1,57.1,59.9
012114,北海道網走市,,65.5,72.1,56.5,56.2,52.3,35.9,28.3,46.5
012122,北海道留萌市,,,,,,,,,
012131,北海道苫小牧市,94.6,95.6,96.7,97.8,98.9,52.4,28.7,32.1,51.4
012149,北海道稚内市,,97.7,89.9,78.4,79.6,80.8,77.2,77.4,79.3
012157,北海道美唄市,,71.8,70.3,72,69.9,81.1,82.3,82.1,83.4
012165,北海道芦別市,62.9,64.4,66,67.6,69.2,70.8,67.4,62.7,64.3
012173,北海道江別市,,23.3,19,20.9,20.4,22.3,21.3,20.6,22.7
012181,北海道赤平市,56.2,64.7,66.9,69,71.2,72.5,72.5,76.9,79.1
012190,北海道紋別市,55.1,100,100,55.3,57.6,71.9,73,58.3,88.9
012203,北海道士別市,28.7,30.9,33.1,35.3,37.5,39.7,41.9,44.1,45.9
012211,北海道名寄市,97.8,96,97.1,97.4,97.6,97.9,98.1,98.3,18.3
012220,北海道三笠市,71.2,73.4,77.8,80,80,77,79.2,81.4,86.7
012238,北海道根室市,70.5,72.4,65.6,65.3,66.7,68,67.9,68.6,70.8
012246,北海道千歳市,79.8,78.3,65.9,67.1,68,68.9,85.9,87.3,59.6
012254,北海道滝川市,,,54,58.7,52.3,44.4,46.5,48.4,50.2
012262,北海道砂川市,40.3,38.7,41.9,45,46.9,45.6,48.2,50.2,51.4
012271,北海道歌志内市,99.9,99.9,100,22.9,26.3,4.4,6.6,8.8,13.2
012289,北海道深川市,,100,,,,14.8,40.8,45.4,50
012297,北海道富良野市,,,30.5,34,34,35.7,33.4,35.2,35.2
012301,北海道登別市,57.4,59.7,61.9,64.1,66,67.4,69.8,72,73.5
012319,北海道恵庭市,37.2,42.2,44.2,41.7,43.7,33.3,43,44.7,48
012335,北海道伊達市,40,41.2,32.8,44,40.5,43.9,47.2,50.4,48.2
012343,北海道北広島市,,82.1,83.2,84,84.9,85.7,83.1,84.2,85.2
012351,北海道石狩市,84.6,86.3,88,89.1,89.9,90.8,91.6,92.4,89.8
012360,北海道北斗市,,,,,,,,,
013030,北海道当別町,,68.7,70.6,72.5,74.4,76.4,78.3,100,100
013048,北海道新篠津村,75.2,57.9,60.7,64,67.2,69.5,71.9,74.4,76.8
013315,北海道松前町,76.9,,88,90.7,93.4,86.9,94,94.2,94.5
013323,北海道福島町,62.5,51.1,56.9,61.5,66.2,70.8,88.3,80,83.7
013331,北海道知内町,,,,,99,85.6,12.9,15.5,18.8
013340,北海道木古内町,,,,,,,,,
013374,北海道七飯町,,39.6,41.8,44,46.2,48.4,50.6,52.8,55
013439,北海道鹿部町,,95.5,95.7,95.9,96.1,96.2,96.7,96.9,96.7
013455,北海道森町,98.8,99.5,98.9,98.8,61.8,61.8,64.5,64.1,62.5
013463,北海道八雲町,79.5,81.9,84.3,83.9,43,46.1,49.2,52.3,55.5
013471,北海道長万部町,22,24.3,26.4,28.6,30.8,32.3,34.6,37.3,40.1
013617,北海道江差町,68.3,73.2,,,,73,78.2,80.4,82.9
013625,北海道上ノ国町,99,,93.4,94.1,96,0,3.4,6.7,10.1
013633,北海道厚沢部町,100,100,100,10,5.1,10.4,15.6,20.9,26.1
013641,北海道乙部町,75.5,77.8,80.1,82.4,73.2,74.4,77,79.7,78.6
013676,北海道奥尻町,,98.7,99.7,99,99,99.1,99.2,99.3,99.3
013706,北海道今金町,,,,,,,,,
013714,北海道せたな町,,70.7,26.9,23,26.5,29.6,33.5,35.8,39.4
013919,北海道島牧村,,100,100,100,100,91.7,92.1,92.4,92.7
013927,北海道寿都町,42.1,45.3,48.5,51.8,55.2,58.5,61.3,63.8,66.3
013935,北海道黒松内町,,,,,,,,,
013943,北海道蘭越町,74.2,74.2,77.8,85.5,87.3,89.1,90.9,92.7,78.4
013951,北海道ニセコ町,14.9,16.4,18,,,,,,
013960,北海道真狩村,69.5,,,,,34.1,37.5,41,44.4
013978,北海道留寿都村,,,,,,,,,
013986,北海道喜茂別町,,32.2,36.8,41.4,46,50.6,55.2,59.8,61.2
013994,北海道京極町,30.8,33,35.2,37.4,39.6,41.8,44,46.2,48.4
014001,北海道倶知安町,94.6,95.4,,21.7,10.2,15.4,20.4,25.5,30.5
014010,北海道共和町,65.6,,,61,61,60.2,62.2,64.1,66.1
014028,北海道岩内町,71.7,,,82.2,61.1,83.9,85.6,87,54.2
014036,北海道泊村,,6.6,8.8,11,13.2,15.1,17.6,19.5,21.8
014044,北海道神恵内村,,,81.4,83.6,76.3,79.1,85.1,87.4,89.6
014052,北海道積丹町,,,73.4,61,59.1,52.8,54,44.4,42.7
014061,北海道古平町,30,32.2,35,38,,45,48,50,53
014079,北海道仁木町,48.9,45.8,45.8,47.1,48.4,49.3,50.6,51.9,8.4
014087,北海道余市町,96.6,,96.4,96.6,96.9,94.3,94.8,95.2,95.7
014095,北海道赤井川村,,39.6,41.8,43.1,45.3,47.5,50.4,52.6,54.8
014231,北海道南幌町,,81,84,87,90,93,,,
014249,北海道奈井江町,15.4,,,19.8,22,24.2,26.4,28.6,31.4
014257,北海道上砂川町,100,100,100,0,2.8,6.1,9.5,12.5,15.8
014273,北海道由仁町,34.6,37.7,40.7,,46.8,49.9,,,
014281,北海道長沼町,36.8,36.8,,39.5,41.7,45.2,47.1,37.2,38.7
014290,北海道栗山町,89.1,,,,,,,,
014303,北海道月形町,,47.8,52,56.4,60.9,65.4,69.8,74.3,72.5
014311,北海道浦臼町,,,,3,6.6,13.7,17.3,20.7,20.7
014320,北海道新十津川町,24.3,29.7,32.4,35.1,19.2,21.9,24.6,27.3,30
014338,北海道妹背牛町,87.4,92,96.6,100,100,100,100,100,100
014346,北海道秩父別町,,69.9,73.9,77.8,81.7,85.8,86,87.1,88.2
014362,北海道雨竜町,,48.4,50.6,,,,,62.7,63.7
014371,北海道北竜町,,93.7,95.2,96.5,14.4,5.6,11.2,16.7,22.3
014389,北海道沼田町,85.8,,,,,,,,
014524,北海道鷹栖町,39.8,37.3,39,40.7,42.4,40.7,42.7,44,46.1
014532,北海道東神楽町,30.7,32.6,,38.1,40.2,38.7,21.1,24,28.4
014541,北海道当麻町,82.3,84.5,86.7,88.9,88.9,94.6,96.8,99,98.7
014559,北海道比布町,,84.5,86.7,88.9,88.9,94.6,,,
014567,北海道愛別町,41.3,41.3,43.5,49.2,51.6,53.6,55,56.5,62.8
014575,北海道上川町,73.2,77.1,,78.4,79.8,81.6,83.4,85.1,87.7
014583,北海道東川町,,,,,,22.8,25.5,28.3,31
014591,北海道美瑛町,54,50.4,52.6,54,34.9,34.7,37.7,48.4,50.1
014605,北海道上富良野町,,,,,,,,,
014613,北海道中富良野町,,,,,,,,,
014621,北海道南富良野町,94.6,39.1,11.4,17.1,22.1,29.9,34.7,39.5,44.3
014630,北海道占冠村,85.9,85.9,,,85.9,15.1,15.5,15.3,20.4
014648,北海道和寒町,73.5,70.9,70.2,72.3,71.3,70.7,69.5,68.1,71
014656,北海道剣淵町,51.1,53.9,56.7,59.4,62.2,64.9,67.4,70.2,73
014681,北海道下川町,,,26,28,28,32,34,36,34.2
014699,北海道美深町,,30.7,32.9,35.1,37.6,30.1,30.1,34.5,36.7
014702,北海道音威子府村,,,92,96.6,100,100,99.2,99.3,99.3
014711,北海道中川町,100,87.2,0.3,3.1,5.8,8.6,11.4,14.2,17
014729,北海道幌加内町,,,,,,,,,
014818,北海道増毛町,,37.3,41.6,45.9,49.8,52.7,55.6,58.4,61.3
014826,北海道小平町,,100,100,100,100,100,100,100,94.5
014834,北海道苫前町,,,,,,,,,
014842,北海道羽幌町,,,,,,,,,
014851,北海道初山別村,96.6,100,100,100,100,100,100,100,100
014869,北海道遠別町,18.9,99.2,24.3,27,97,32.4,35.1,36,38.7
014877,北海道天塩町,,99.2,97.6,96.8,97,97,91.1,74.3,74.3
015113,北海道猿払村,43.3,54.7,57.1,59.5,48.1,57.9,58.7,52,52
015121,北海道浜頓別町,,21.2,,,,,,,
015130,北海道中頓別町,,33,33,35.2,37.4,39.2,41.3,43.6,45.8
015148,北海道枝幸町,,68.3,70.5,68.7,71,72.3,74.2,13.4,16.7
015164,北海道豊富町,77.3,77.3,80.9,,,84.6,86.6,86.6,88.7
015172,北海道礼文町,32.5,35.8,39.1,41.8,45.1,48.4,51.7,54.4,56.3
015181,北海道利尻町,69.1,74.8,76.2,77.5,78.9,80.3,81.6,83,83
015199,北海道利尻富士町,,,,,,,,57.6,60
015202,北海道幌延町,9,12,15.4,18.7,21.9,25.2,28.4,31.7,
015431,北海道美幌町,,71.8,73.4,75.5,77.6,79.7,81.8,83.9,85.7
015440,北海道津別町,,,,,,,,,
015458,北海道斜里町,83,82.5,84.7,87.1,89.5,90.7,94,96.4,97.4
015466,北海道清里町,,92.3,,,94.9,94.9,99.7,95.7,94.8
015474,北海道小清水町,,86.8,87.6,86.3,86.8,88.3,82.2,84.1,86
015491,北海道訓子府町,0,12,8.1,12.3,16.5,20.7,24.9,29.1,33.3
015504,北海道置戸町,,,,,,93.3,94,94.7,95.4
015521,北海道佐呂間町,30.3,33.4,35.5,37.6,39.7,41.8,43.9,45,47
015555,北海道遠軽町,,82,,93.1,93.4,93.8,94.1,94.5,94.6
015598,北海道湧別町,51.7,60.9,54.8,59.2,63.6,72,75.5,79.5,83.4
015601,北海道滝上町,82.2,85.6,63.8,84.2,89.8,91.4,89.1,90.5,92
015610,北海道興部町,,77.1,100,100,100,100,100,94.3,96.7
015628,北海道西興部村,83.4,84.2,85.1,86,86.9,87.8,88.7,89.6,90.5
015636,北海道雄武町,,35.8,40.4,45.1,49.8,51.8,56.6,61.4,66.2
015644,北海道大空町,79.9,81.7,83.5,85.4,87,87.8,,,
015717,北海道豊浦町,18.8,22.5,13.7,6.1,8.9,11.7,14.2,17.1,19.9
015750,北海道壮瞥町,24.7,24.7,26.7,28.7,30.7,32.3,34.4,36.5,38.6
015784,北海道白老町,48.6,50.7,42.9,45.1,47.3,49,61.8,25.4,56.2
015814,北海道厚真町,46.5,32.2,25.8,30.8,35.5,40.2,44.9,47.3,52.5
015849,北海道洞爺湖町,,55.5,50.4,55.5,41.7,59.9,62,49.5,52.2
015857,北海道安平町,22,24.4,,21.8,23.9,24.9,27.8,30.6,33.5
015865,北海道むかわ町,,,,,,,95.5,96.4,97.4
016012,北海道日高町,,95.1,96.1,30.9,33,29.8,32.1,34.4,32
016021,北海道平取町,53,87,89.9,93.1,93.8,91,95,95.6,96.2
016047,北海道新冠町,10.3,12.3,14.4,16.4,18.5,20.6,21.6,23.4,25.4
016071,北海道浦河町,,100,99.9,100,100,100,100,100,100
016080,北海道様似町,,52.2,53.1,55.2,57.3,59.2,61.2,63,65
016098,北海道えりも町,,75.4,78.2,81.1,83.9,86.7,89.5,92.3,95.1
016101,北海道新ひだか町,,,,47.9,45.5,46.4,45.4,47.9,50.3
016314,北海道音更町,,51.4,53.1,55.2,57.2,59.1,61,97,97.3
016322,北海道士幌町,,66.3,69,71.6,74,,78.8,80,86.8
016331,北海道上士幌町,,67.1,5,19.3,24.4,29.5,34.5,39.9,45
016349,北海道鹿追町,,74.9,,78.1,7.4,10.9,14.3,17.8,21.2
016357,北海道新得町,,52.5,54.5,36.7,39.6,42.2,48.9,45.6,48.3
016365,北海道清水町,,74.3,76.2,77.2,31.7,35.6,39.5,41.9,29.2
016373,北海道芽室町,85.4,88.2,33.5,44.8,76.6,75.7,76.8,79.3,85.9
016381,北海道中札内村,,19.1,21,22.9,24.9,26.8,27.8,29.7,31.2
016390,北海道更別村,,55.2,31.5,32.6,37.2,41.8,46.4,51,55.6
016411,北海道大樹町,92,96.6,,,100,100,100,100,85.8
016420,北海道広尾町,,31.2,35.6,35.6,30.5,33.4,30.5,32,50.1
016438,北海道幕別町,,55.4,57.9,59.7,62.4,67.6,69.5,66.7,74.4
016446,北海道池田町,,,,,,,,,
016454,北海道豊頃町,65.4,73.2,75.3,20.2,25.1,77.8,81.3,87.3,87.5
016462,北海道本別町,,33.6,37,40.4,,42,46.2,46.2,54.6
016471,北海道足寄町,,44.3,48.7,50.2,49.7,49.8,54.4,59.3,64.3
016489,北海道陸別町,87.4,92,96.6,100,100,88.5,80.5,81.7,82.9
016497,北海道浦幌町,,,95.5,95.4,95.7,12.8,11.7,16.4,21.2
016616,北海道釧路町,,,,,,46.4,50.3,53.9,57.4
016624,北海道厚岸町,,89.6,100,79.5,80.5,93,54.2,54.2,54.2
016632,北海道浜中町,88.4,91.2,93.4,95.6,54.1,30.2,34.1,62.6,74
016641,北海道標茶町,,,75.9,76.5,77.1,79.7,80.2,80.8,81.4
016659,北海道弟子屈町,,46.4,48.7,51.2,53.3,54.3,57.7,56.5,53.7
016675,北海道鶴居村,,,,,,2.2,9.2,14.3,18.5
016683,北海道白糠町,,60.7,57.8,63.6,65.1,59.5,66.8,6.3,9.7
016918,北海道別海町,43.8,42.8,46,49.2,52.2,55,56.1,58.8,59.6
016926,北海道中標津町,,53.2,55.2,57.2,59.2,59.5,61.5,59.9,62
016934,北海道標津町,90.5,91.5,29.9,16.4,20.8,25.3,29.8,34.2,38.6
016942,北海道羅臼町,35.5,37.7,39.9,42.1,44.3,45.2,44,45.5,47.9
022012,青森県青森市,,,,,,,,,
022021,青森県弘前市,,50.6,55,59.4,91.1,,,,
022039,青森県八戸市,,,,,,,,,
022047,青森県黒石市,100,100,,,,,,,
022055,青森県五所川原市,,75.7,77.4,79.2,81,82.8,84.5,86.3,88.1
022063,青森県十和田市,,,,,,,,,
022071,青森県三沢市,,93.2,93.4,93.5,93.7,93.9,93.9,94.2,94.3
022080,青森県むつ市,,,,,,,,,
022098,青森県つがる市,83.8,87.3,84.8,86.7,88.8,90,91.4,92.8,92.8
022101,青森県平川市,,,,,,,,,
023019,青森県平内町,,100,100,100,100,100,100,100,100
023035,青森県今別町,,,,,,,,,
023043,青森県蓬田村,95.4,96.1,96.8,97.5,98.1,98.8,99.4,99.9,100
023078,青森県外ヶ浜町,,,,,,,,,
023213,青森県鰺ケ沢町,68.2,100,100,,,98.8,98.8,98.9,99.1
023230,青森県深浦町,,,,,,,,,
023434,青森県西目屋村,50.6,,100,100,100,,,,
023612,青森県藤崎町,79,79,82.8,98.9,,,,,
023621,青森県大鰐町,,,,,,,,,
023671,青森県田舎館村,,,,,,,,,
023817,青森県板柳町,,,,,,,,,
023841,青森県鶴田町,100,,,,,,,,
023876,青森県中泊町,,54.3,,,,72.4,67.4,70.3,
024015,青森県野辺地町,,,,,,,,,
024023,青森県七戸町,100,100,,,,,,,
024058,青森県六戸町,,,,,,42.1,47.1,51.7,56.7
024066,青森県横浜町,17.3,19.8,31.2,33.4,27.3,22.8,24.4,34.7,48.8
024082,青森県東北町,,,,,,,,,
024112,青森県六ケ所村,,22,24,14.6,16.4,19.3,19.3,20.3,17.7
024121,青森県おいらせ町,,,,,,,,,
024236,青森県大間町,,54.2,58.8,63.3,67.2,69.3,72.5,75.9,79.4
024244,青森県東通村,10.8,13.4,16.1,18.7,21.4,24,26.4,29.1,31.7
024252,青森県風間浦村,46.1,49.5,54.1,58.7,63.4,68,72.6,77.2,81.8
024261,青森県佐井村,,,27,27,33,36,39,42,45
024414,青森県三戸町,100,100,100,100,100,100,100,100,100
024422,青森県五戸町,45.4,45.4,47.8,50.2,52.7,55,57.3,59.6,61.9
024431,青森県田子町,100,87.3,87.6,88,88.4,88.8,89.2,89.5,89.9
024457,青森県南部町,65.7,,,81.6,,83.9,81.8,84,86.1
024465,青森県階上町,,,,,,,,,
024503,青森県新郷村,18.3,26.8,28.4,30.1,31.7,34.3,97.7,40.4,100
032018,岩手県盛岡市,,67.6,69.6,76.4,78.6,80.2,81.9,82.4,83.9
032026,岩手県宮古市,36.3,39.5,42.6,45.5,48.4,42.6,45.8,49,53
032034,岩手県大船渡市,,10.2,13.6,17,20.4,26,29.6,,
032051,岩手県花巻市,79.2,80.8,82.6,79.4,76.2,75.7,76.1,78.9,81
032069,岩手県北上市,83.7,80.1,83.9,82.7,82.6,84.5,60.9,52.1,55.5
032077,岩手県久慈市,,89.3,89.3,,,92.4,93.7,94.2,95.1
032085,岩手県遠野市,100,,100,100,100,100,100,100,100
032093,岩手県一関市,,59.6,61.6,64.2,66.4,68.6,73,74.3,76.5
032107,岩手県陸前高田市,,30.4,35.6,23.8,28.4,33,37.6,42.1,46.3
032115,岩手県釜石市,90,91.7,10.8,14,23.5,26.7,24.3,27.6,31
032131,岩手県二戸市,,80.1,68,72.9,76.1,78.6,77.3,78.8,80.6
032140,岩手県八幡平市,,80,80.7,82.7,84.7,86.6,45.1,50.9,51
032158,岩手県奥州市,,68.7,71,73.6,76.2,60.5,63.1,65.6,67.7
032166,岩手県滝沢市,52.2,54.9,57.7,60.5,63.2,,,,
033014,岩手県雫石町,,60,78.4,83.2,84.4,86.7,88.9,91.2,92.5
033022,岩手県葛巻町,80.6,82.1,83.5,84.9,86.4,87.8,89.3,90.7,53.9
033031,岩手県岩手町,52.7,65.7,69.5,71.9,71.9,74.2,76.7,79.6,82.3
033219,岩手県紫波町,,69.9,74.7,78.9,83.3,87.5,91.6,93.8,95.7
033227,岩手県矢巾町,,9.2,13.8,18.4,23,27.6,32.2,36.8,41.4
033669,岩手県西和賀町,,71.2,73.3,75.4,77.5,79.5,81.2,82.8,84.5
033812,岩手県金ケ崎町,,71.9,71.9,79.3,66.9,69.5,73.9,72.6,75
034029,岩手県平泉町,,41.5,46,50.7,55.3,58.6,63.3,68,72.4
034410,岩手県住田町,,82.9,75.7,78.5,81.3,84.2,86.4,89.2,91.3
034614,岩手県大槌町,,,,,,,,,
034827,岩手県山田町,,98.8,99.4,99.8,99.8,98.9,98.9,99.6,99.1
034835,岩手県岩泉町,41.8,44.9,,49.2,52.5,55.7,65.1,59.5,62.6
034843,岩手県田野畑村,64.4,64.4,69,73.6,78.2,82.8,87.4,92,96.6
034851,岩手県普代村,,69,73.6,78.2,82.8,87.4,88.4,93,
035017,岩手県軽米町,68.3,72.7,74.4,75.7,77,78.3,76.2,77.7,79.2
035033,岩手県野田村,,,,,,,,,
035068,岩手県九戸村,,51.3,54.9,57.7,56.7,59.9,62.8,66,69.2
035076,岩手県洋野町,,69.5,72.2,75,77.7,37.9,41.9,45.8,50.9
035246,岩手県一戸町,,25.8,26.7,31.4,28.5,33.7,31.8,48.9,48.6
041009,宮城県仙台市,,69,70.8,67.2,61.7,60.3,58.2,57.6,58.4
042021,宮城県石巻市,,39.5,42.1,42.4,47.2,49.8,52.5,44.4,46
042030,宮城県塩竈市,,76.4,75.3,77.1,76,46.7,49,43.7,46.4
042056,宮城県気仙沼市,,,,,,50.7,53.3,52.5,55.2
042064,宮城県白石市,,63.4,65.3,67.6,69.9,71.7,72.6,74.4,76.5
042072,宮城県名取市,81.8,83.8,83.1,63,64.8,67,73.2,74,66.7
042081,宮城県角田市,,53.5,57.4,61.2,65,68.9,71.3,68.8,73.3
042099,宮城県多賀城市,,54.7,56.6,58.4,55.1,52.4,54.7,57,58.7
042111,宮城県岩沼市,81.3,81.3,84.2,27.1,31.4,35.5,34.9,39.4,36.5
042129,宮城県登米市,,73.2,75.1,94.9,72.5,73.4,58.4,61,64.4
042137,宮城県栗原市,,34.1,37.4,48.7,48.7,47.3,37.3,40.8,44
042145,宮城県東松島市,43,45.9,36.8,41.7,45.4,52,55.3,58.4,56.5
042153,宮城県大崎市,,,,,,83,75.4,85.5,79.5
042161,宮城県富谷市,55.2,57.2,58.7,60.8,62.9,65,65.5,67.6,71.8
043010,宮城県蔵王町,71.8,74.1,76.5,78.8,81.1,83.5,85.8,87.9,89.1
043028,宮城県七ケ宿町,74.8,75.8,77.9,63.6,84.2,86.4,88.5,90.6,10.1
043214,宮城県大河原町,100,100,100,100,100,19.6,4.6,9.2,13.8
043222,宮城県村田町,68.4,69.5,70.8,72.1,65.2,68.2,71.2,72.7,75.9
043231,宮城県柴田町,57.8,59.5,61,64,61.1,62.7,66.4,66.4,69.1
043249,宮城県川崎町,50.2,55.8,59.4,64,68.6,73.2,76.9,80.5,84.1
043419,宮城県丸森町,80.2,81.9,82.2,84,81.9,83.1,83.5,86.4,88.3
043613,宮城県亘理町,,27.2,29.1,30.8,32.6,49,50.5,53.1,54.8
043621,宮城県山元町,100,100,100,100,100,100,100,100,100
044016,宮城県松島町,,,74.3,75.5,76.8,78.2,79.6,76.1,77.7
044041,宮城県七ケ浜町,4.4,6.6,6.6,9,11.4,13.8,16.2,18.6,21
044067,宮城県利府町,,59.1,83.6,87.3,91,94.8,99,99.1,98
044211,宮城県大和町,85.8,84.5,85.4,85.5,78.1,78.7,75.1,64.2,62.5
044229,宮城県大郷町,57.7,61.7,65.7,69.7,73.7,77.7,78.3,79.3,
044245,宮城県大衡村,,,,,,,,,
044440,宮城県色麻町,,,,,91,91.8,81.2,93.5,94.3
044458,宮城県加美町,,56.2,56.2,61.4,63,64.6,66.3,67.3,69.4
045012,宮城県涌谷町,78.8,79.5,80.9,82.2,98.5,85,87.1,87.4,88.9
045055,宮城県美里町,,,,41.9,43.5,46.5,48.9,51.5,50.6
045811,宮城県女川町,82.9,84.7,86.5,88.3,88.3,28.4,29.6,33.3,36.5
046060,宮城県南三陸町,,,19,14.8,22.3,26.9,31.4,36,40.6
052019,秋田県秋田市,65.5,65.9,69.8,76.2,79.2,81.2,84.2,87,89.4
052027,秋田県能代市,94.5,95,95.2,95.7,96.3,97.6,98.4,99.4,99.9
052035,秋田県横手市,,60.8,64,62.4,66.7,70,79.6,77.9,82.1
052043,秋田県大館市,,77.2,79.8,82.2,84.4,86.2,88.2,90.1,92.2
052060,秋田県男鹿市,57.5,,,,69.4,71.9,74.2,76.6,78.9
052078,秋田県湯沢市,,89.7,,,,,,,
052094,秋田県鹿角市,,25.3,27.6,29.9,32.1,34.3,35.4,37.7,40.1
052108,秋田県由利本荘市,,77.6,75.6,77.8,80.1,82.2,,,
052116,秋田県潟上市,51.1,55.9,44.4,39,41.9,44.7,36,32.5,31.2
052124,秋田県大仙市,95.4,13.4,17.2,21,24.9,26.7,30.7,34.6,38.5
052132,秋田県北秋田市,,49.5,,,,63.3,,59.2,57.6
052141,秋田県にかほ市,,,,,,,,,
052159,秋田県仙北市,,64,65.6,69.4,72.4,74,77.7,81.4,90.9
053031,秋田県小坂町,,58.8,60.3,61.8,63.3,,,,
053279,秋田県上小阿仁村,,81.4,83.6,85.8,88,89.2,91.6,76,0
053465,秋田県藤里町,80.7,80.6,84.7,88.8,92.9,97,100,100,100
053481,秋田県三種町,87.4,89.1,90.5,92.1,93.7,96.4,97.4,96.9,97.5
053490,秋田県八峰町,50.5,38.7,45.2,48.4,51.5,22,20.4,25,29.6
053619,秋田県五城目町,,,,,,,,,
053635,秋田県八郎潟町,,,,,,100,100,99.6,99.6
053660,秋田県井川町,,56.7,58.9,62,64,61.9,60.2,63.7,85.5
053686,秋田県大潟村,83.2,87.3,19.5,4.1,9,13.9,18.8,24,29
054348,秋田県美郷町,44.1,47.1,49.9,51.6,54.1,56.6,59.1,61.6,64.1
054631,秋田県羽後町,81.3,82.8,84.3,85.5,87.1,87.5,88.7,90.2,91.9
054640,秋田県東成瀬村,,,,,,,,,
062014,山形県山形市,39,45.6,43.7,36.6,29.5,31.3,33.1,34.9,36.7
062022,山形県米沢市,80.5,81.2,81.9,82.5,83.2,83.9,84.6,84.3,85
062031,山形県鶴岡市,50.6,53.8,56.7,56.6,52.9,54.7,58.5,64.2,66.9
062049,山形県酒田市,55.5,53,56.1,55.3,58.5,42.8,44.8,50.2,53.6
062057,山形県新庄市,78.8,79.4,77.2,79.1,81.1,82.6,84.9,86.5,88.5
062065,山形県寒河江市,,,,,,,,,32
062073,山形県上山市,95.5,83.9,86.6,89.8,71.6,75.8,79.2,80.8,81.2
062081,山形県村山市,,59.9,62.1,59,60.9,62.9,65.4,67.7,67.9
062090,山形県長井市,,,,,,,,,
062103,山形県天童市,73.9,77.1,79,81.2,82.4,82.4,83.7,85.9,87.6
062111,山形県東根市,45.6,49.3,48.1,50,54,58.1,35.4,39.4,42.2
062120,山形県尾花沢市,,,,,,,,,97.8
062138,山形県南陽市,75.6,83.3,86.6,88.3,89.8,91.2,92.3,93.7,95.2
063011,山形県山辺町,,84.1,79.8,84.4,88,86.7,87.8,87.9,85.8
063029,山形県中山町,,,,,,80.7,85.1,89.7,92.9
063215,山形県河北町,95.8,66.5,,,,,,,
063223,山形県西川町,62.1,66.5,70.9,75.4,78.8,83.2,87.5,91.9,85.6
063231,山形県朝日町,22.8,19.1,28,31.6,29.1,31.4,40,32.3,40.7
063240,山形県大江町,,81.9,42.5,54.3,57.7,61.2,64.4,67.9,70.9
063410,山形県大石田町,,,,,,98.4,98.6,98.7,98.9
063614,山形県金山町,,,,,,,,,
063622,山形県最上町,,50.4,53.8,57.5,60.9,61.6,65.2,68,71.6
063631,山形県舟形町,17.6,19.8,22,24.2,26.4,28,29.5,31.6,33.9
063649,山形県真室川町,,,,,,,,,
063657,山形県大蔵村,44.9,50.9,57.7,66.2,68.5,66,73.1,75.1,77.5
063665,山形県鮭川村,68,71.5,73.2,74.8,75.8,77.4,88.1,80.8,82.5
063673,山形県戸沢村,,53.6,28.1,31,34.4,37.8,41.2,44.7,46.4
063819,山形県高畠町,67,69.6,71.4,74.1,74.4,59.4,62.4,65.5,67.9
063827,山形県川西町,,80.6,81.8,84.2,86,86.9,84.9,84.9,90.9
064017,山形県小国町,93.3,93.3,93.3,95.4,95,100,100,95.9,98.8
064025,山形県白鷹町,100,100,,,,,,,
064033,山形県飯豊町,84.6,85.7,85.7,90.8,93.1,93.8,96.2,98,97.3
064262,山形県三川町,53.2,62.2,59.7,69.2,73.1,76.8,80.5,83.7,85.3
064289,山形県庄内町,,80.6,81.6,80.6,80.5,79.4,80.8,81.3,83.2
064611,山形県遊佐町,66.1,71.3,75.6,72.6,74.9,77.4,82.2,85.3,82.9
072010,福島県福島市,,,,86.6,87.5,84.1,81.5,83.9,84.9
072028,福島県会津若松市,62.1,53.1,53.9,53.9,56.7,59,61.8,64,67.3
072036,福島県郡山市,65,61.5,62.6,65.4,68.5,71.6,72.8,75.9,76.8
072044,福島県いわき市,,66.2,71.6,73.4,67.7,65.3,67.8,70.2,80.6
072052,福島県白河市,,,69.7,69.6,71.8,73.9,76,59.1,62
072079,福島県須賀川市,50.2,53.1,54.8,57.1,54,56.3,59.1,61.6,56.7
072087,福島県喜多方市,,68.3,68.7,72.4,68.8,77.3,79.7,81.4,76.2
072095,福島県相馬市,,,78.1,80.9,83.7,86.2,,91.1,93.2
072109,福島県二本松市,,48.7,51.6,54.6,57.7,60.8,63.8,66.9,69.9
072117,福島県田村市,59.6,62.5,65.4,71.3,71.3,72.4,74.6,76.9,74.4
072125,福島県南相馬市,,,73.3,74.4,,,,,
072133,福島県伊達市,,41.6,37.4,37.8,42.7,43.7,48.6,51,52.7
072141,福島県本宮市,69.8,71.6,70.6,72.2,32.9,25.1,37.7,27.4,30
073016,福島県桑折町,,80.4,42.2,45,48,37.1,40.6,42.7,46.1
073032,福島県国見町,,,,,,55.6,59.7,62.3,64.8
073083,福島県川俣町,,64.8,53.7,55.3,57.8,59.9,62.3,29.1,26.8
073229,福島県大玉村,,,36.7,36.6,38.9,41.3,43.3,41.6,44.7
073423,福島県鏡石町,93.5,90.9,92.2,92.5,92.7,93.5,94.3,94.9,91.4
073440,福島県天栄村,,,,,,80.3,81.9,79,79.6
073644,福島県檜枝岐村,,,,,,,,,
073679,福島県只見町,,75.2,76.5,76.5,75.9,78.3,80.6,82.9,85.3
073687,福島県南会津町,,,34.9,38.6,42.1,45.7,49,52.6,
074021,福島県北塩原村,66.3,75,75.9,76.8,77.7,78.7,79.6,80.5,81.4
074055,福島県西会津町,,100,4.4,9,15.8,21.2,26.8,32.4,37.9
074071,福島県磐梯町,,38.8,38,41.5,45,48.2,51.2,54.3,57.2
074080,福島県猪苗代町,23.5,23.7,28.7,33.6,38.4,42.9,47.5,50.2,54.9
074217,福島県会津坂下町,,37.5,42.1,46.7,46.7,55.7,60.3,64.1,66
074225,福島県湯川村,,,,,,,,,
074233,福島県柳津町,,,,89.5,90.2,88.2,89.4,89.9,91.2
074446,福島県三島町,,,,,,,83.6,88.2,92.8
074454,福島県金山町,,98.2,100,99.7,98.1,98.3,98.4,98.5,98.7
074462,福島県昭和村,68,,,,,80,82,84,86.3
074471,福島県会津美里町,,,,,,,,,
074616,福島県西郷村,,,45.1,47.4,49.7,51.7,54.3,54.2,56.7
074641,福島県泉崎村,,52.6,51.8,56,58.1,59.8,61.3,63.6,65.8
074659,福島県中島村,,61,64.5,58.5,60.5,59,58,67.6,72
074667,福島県矢吹町,,,70,71.1,70.6,72.5,74.4,76.4,78.3
074811,福島県棚倉町,20.9,44.4,43.9,46.9,50.1,53.2,56.4,59.7,63.1
074829,福島県矢祭町,,9.2,13.8,18.4,23,27.6,32.2,36.8,41.4
074837,福島県塙町,62.2,61.9,61,63.6,12.8,3.8,7.1,9.6,12.4
074845,福島県鮫川村,,,46.8,45.9,48.3,50.5,52.7,55.3,57.4
075019,福島県石川町,,,100,100,99.5,99.5,99.5,99.6,98.7
075027,福島県玉川村,87.6,,,,,,,,
075035,福島県平田村,94.5,94.8,95.1,95.4,99.5,95.8,5.6,19.3,21.5
075043,福島県浅川町,98,98,12.4,4.7,9.7,14.7,19.7,24.7,29.7
075051,福島県古殿町,,,37.7,41.2,44.8,45.7,47.2,50.6,58.5
075213,福島県三春町,,68.7,71.5,74.1,59.8,59.8,61.4,63.4,65.4
075221,福島県小野町,,67.3,71.2,72.6,77.6,75.7,77,61.1,59.5
075418,福島県広野町,94.3,95,96,97,98,25.7,25.9,26,99.9
075426,福島県楢葉町,,,29.8,32.9,35.9,39,42.2,45.4,48.3
075434,福島県富岡町,,57.1,58.4,33.4,35.6,4.4,6.6,8.7,10.9
075442,福島県川内村,,90.4,,,,46.5,4.6,9.2,13.8
075451,福島県大熊町,,49.2,39.1,64.7,66.9,66.9,69.1,68.2,45.6
075469,福島県双葉町,,62.7,65.6,68.5,71.4,39.3,42.8,46.3,49.6
075477,福島県浪江町,,,,,,50.3,18.4,23,27.6
075485,福島県葛尾村,,,,26.5,29.4,99.8,99.8,99.8,99.8
075612,福島県新地町,,,,,,77.5,30.8,34,37.2
075647,福島県飯舘村,,,,,,79.6,81.8,84,86.2
082015,茨城県水戸市,,52.2,62.6,57.5,59.3,62.1,64.6,66,66.9
082023,茨城県日立市,73.4,75.3,76,60.2,50.1,51.1,42.1,44.3,45.3
082031,茨城県土浦市,70.7,72.8,74.5,76.9,78,77.7,79.5,81.1,62
082040,茨城県古河市,46,58,59.9,35.3,37.6,40.1,43,40.2,42
082058,茨城県石岡市,61.4,64.9,68.4,71.9,75.3,82.6,74,71.9,71.2
082074,茨城県結城市,58.6,59.6,60.2,62.4,64.4,66.7,67.8,69.3,71.8
082082,茨城県龍ケ崎市,12.3,20.5,24,25.3,28.7,31.8,34.8,38.2,41.6
082104,茨城県下妻市,83.4,82.6,84.4,85.8,90.7,89,90.5,92,92.5
082112,茨城県常総市,83.3,85.1,86,86.7,82.5,51.7,53.1,53,52.9
082121,茨城県常陸太田市,71.1,74.6,75.5,77.5,73.5,77.3,80.9,83.2,85.7
082147,茨城県高萩市,98.5,97.9,92.8,92.3,93,93,19,19.9,19.8
082155,茨城県北茨城市,100,100,100,100,100,100,100,100,100
082163,茨城県笠間市,,30.2,33.9,96.8,41.5,45.1,48.3,51.5,54.7
082171,茨城県取手市,62.3,64.3,66.3,68.2,23.6,19.4,21.9,22.1,23
082198,茨城県牛久市,45.7,46.4,48.3,45.4,47.7,49.9,52.2,55.2,57.3
082201,茨城県つくば市,82.8,83.4,82.5,81.8,81.5,76.1,77,74.9,65
082210,茨城県ひたちなか市,,55.6,57.2,57.3,58.1,57.7,40.9,42.5,45
082228,茨城県鹿嶋市,65.6,68.6,54.4,57.5,60.7,63.3,65.9,68.4,70.6
082236,茨城県潮来市,78.2,76.9,78.4,79.7,71.2,54.6,56.7,56.9,59.3
082244,茨城県守谷市,57.1,53.3,55.1,56.9,58.6,60.4,62.2,63.9,65.7
082252,茨城県常陸大宮市,87.9,88.7,90,91.1,90.9,92.1,93.4,94.6,95.9
082261,茨城県那珂市,98.4,95.2,86.2,29.6,18.4,23.1,27.9,32.6,37.2
082279,茨城県筑西市,,79.4,83,84.7,81.1,80,77.2,80,81.5
082287,茨城県坂東市,,90.8,91.4,5.1,33.8,33.8,39.3,44.8,50.4
082295,茨城県稲敷市,,51.6,52.2,52.9,58.8,61.2,63.6,65.6,68
082309,茨城県かすみがうら市,,49,57,57,59.3,61.6,64.4,62.1,68
082317,茨城県桜川市,84.1,83.8,82.1,84.9,86.6,86.8,88.1,88.7,89.4
082325,茨城県神栖市,85.5,79.3,58.6,41.2,33.8,28.7,32,36,40
082333,茨城県行方市,28.9,29.5,31.6,34.5,37.5,40.4,43.1,45.7,49.5
082341,茨城県鉾田市,63.9,66.4,69.1,69.8,72.5,75.2,77.6,80.1,82.2
082350,茨城県つくばみらい市,,12.1,52.1,54,53.9,58.1,59.9,62,63.7
082368,茨城県小美玉市,50.4,52.1,53.8,55.5,57.2,58.9,60.5,59.5,61.5
083020,茨城県茨城町,79.5,81.8,82.9,86.4,88.6,90.7,92,93.5,72.5
083097,茨城県大洗町,93.2,94.6,96.6,98.5,99.2,99.3,98.7,97.3,97.5
083101,茨城県城里町,100,100,100,100,100,100,100,100,100
083411,茨城県東海村,61.4,58.4,61.2,63.9,63.3,65,66.5,68.2,62.4
083640,茨城県大子町,,95.9,97.8,98.1,96,96.1,96.3,98.5,98.6
084425,茨城県美浦村,,74.9,76.9,76.6,78.6,80.6,82.5,84.4,85.7
084433,茨城県阿見町,58.2,49.9,52.2,55.4,55.5,59.1,62.5,65.8,69.2
084476,茨城県河内町,68.7,66.7,68.6,71,73.5,76,78.4,80.9,0
085219,茨城県八千代町,,,,,,,,,
085421,茨城県五霞町,,,,,,,,,
085464,茨城県境町,43.4,46.4,49.4,52.4,55.4,54.4,61.4,60.9,62.3
085642,茨城県利根町,,,,,,,,,
092011,栃木県宇都宮市,,39.9,42.7,45.5,45.7,47.1,50.1,53.1,56.3
092029,栃木県足利市,,57.2,59.4,61.6,63.5,65.7,66.1,67.6,69
092037,栃木県栃木市,,30.6,24.8,28,30.5,33.2,41.3,44.4,47.3
092045,栃木県佐野市,,53.6,50.5,53.5,57.1,59.5,56.3,64.8,68.6
092053,栃木県鹿沼市,67.7,70.7,64.9,74.1,78.2,72.9,75.3,77.3,79.5
092061,栃木県日光市,,93.4,100,95.7,95.4,95.8,95.9,96.2,96.5
092088,栃木県小山市,,65.5,66,67.5,69,70.3,71,71.9,68.2
092096,栃木県真岡市,66.5,65.9,69.2,75.7,73.3,75.9,78.9,80.1,80.3
092100,栃木県大田原市,,38.1,41.7,45.3,40.6,40.6,56.7,60.2,63.7
092118,栃木県矢板市,87.8,100,100,100,100,100,100,98.8,99
092134,栃木県那須塩原市,,78.3,80,79.6,81.2,80.6,82.2,83.5,80.9
092142,栃木県さくら市,46.2,50.1,63.3,67.4,71.2,71.4,69.3,72.4,65.3
092151,栃木県那須烏山市,,,,88.6,90.4,92.2,93.4,95.2,97.4
092169,栃木県下野市,,57.5,58.8,60.9,62.8,64.8,62,53.7,54.4
093017,栃木県上三川町,,,,98.7,,,,,
093424,栃木県益子町,,,,,,,,,
093432,栃木県茂木町,100,,,,,,,,
093441,栃木県市貝町,,,39.1,76.1,77.7,79.4,81.1,82.7,84.4
093459,栃木県芳賀町,,,,98,98.2,98.3,98.5,98.7,98.8
093611,栃木県壬生町,86.4,97.2,97,97,96.7,74.7,47.2,47.3,48.1
093645,栃木県野木町,12.8,,,,,,,,
093840,栃木県塩谷町,,,,80,83.8,86.2,95.9,78.6,80.5
093866,栃木県高根沢町,,,90,91.4,92,83.7,85.1,69.2,72.2
094072,栃木県那須町,39.2,,41.3,43.4,43.5,45.5,45.7,43.2,45.5
094111,栃木県那珂川町,66.1,45.6,36.8,41,45.2,49.4,53.6,57.7,61.9
102016,群馬県前橋市,,69.2,69.6,71.9,75,76.5,78.7,80.9,82.9
102024,群馬県高崎市,60.6,53.5,55.7,57.8,50.2,52,53.2,57.3,61.2
102032,群馬県桐生市,82.6,83.5,,,,92,93.4,94.4,96.2
102041,群馬県伊勢崎市,,54.4,56.4,58.3,55.4,53.6,55.3,55.6,53.5
102059,群馬県太田市,74,43.3,46.7,47.2,49.2,45.9,53.8,57.3,60.6
102067,群馬県沼田市,76.5,79.3,82,84.5,87.1,87.2,89.7,92,92.8
102075,群馬県館林市,,60.5,60.9,62,64.5,66.8,69,69.7,70.8
102083,群馬県渋川市,37.7,40.2,42.9,44.6,46.3,48.7,50.3,52.8,55.1
102091,群馬県藤岡市,,94.6,95,95.4,95.6,93.8,94.6,95.3,96.1
102105,群馬県富岡市,67.1,,61,62.6,52.4,54.6,56.8,59.1,61.3
102113,群馬県安中市,7,10.6,14.1,17.6,21.2,24.4,27.9,31.3,34.8
102121,群馬県みどり市,81.9,84.2,86.9,86.2,86.2,90.9,,80,67.1
103446,群馬県榛東村,,42.5,44.1,47.3,49.5,51.7,53.9,51.5,58.3
103454,群馬県吉岡町,,,,,,,,,
103667,群馬県上野村,75,76.8,,,68.3,75.5,,,
103675,群馬県神流町,,12.5,17.5,22.7,27.7,32.6,37.5,42.3,47.3
103829,群馬県下仁田町,,,,,,,,,
103837,群馬県南牧村,,,,,,,,,
103845,群馬県甘楽町,76.6,77.9,81.1,82.9,85,87.9,90.1,91.7,87.9
104213,群馬県中之条町,53.3,56.6,59.3,61.9,64.6,67.2,69.8,72.5,75.1
104248,群馬県長野原町,,47.8,,,,46.3,49.8,53.2,56.5
104256,群馬県嬬恋村,49,51.8,54.3,53.2,51.9,52.9,52.6,,
104264,群馬県草津町,,23.2,25.6,28,30.5,32.9,35.2,37.4,39.6
104281,群馬県高山村,,,,,,60.6,59.1,,
104299,群馬県東吾妻町,61.8,64.2,55.8,41.9,44.7,44.7,,,
104434,群馬県片品村,,76.1,83.9,83.9,88.4,89.1,91.6,88.8,85.1
104442,群馬県川場村,,,27.6,33.1,36.8,41.4,49.3,54.2,59
104485,群馬県昭和村,46.9,49.9,52.2,53.1,59.5,61.8,61.2,63.7,66.3
104493,群馬県みなかみ町,65,60.4,62.5,63,58.8,66.1,68.3,70.5,72.7
104647,群馬県玉村町,34,40.7,44.1,47.5,50.6,51.9,55.1,56.5,59.5
105210,群馬県板倉町,98,98.1,98.2,98.3,97.1,96.7,96.9,97.1,97.3
105228,群馬県明和町,33.4,35.4,,,,43.6,,,
105236,群馬県千代田町,54.8,49.6,51.9,54.8,56.9,58.5,60.2,74.1,
105244,群馬県大泉町,87.1,88,87.5,88.3,89.1,90.1,91,91.9,92.9
105252,群馬県邑楽町,27.6,31.9,36.2,40.4,44.8,48.5,53.8,58.2,
111007,埼玉県さいたま市,52.9,51.3,48.8,47.6,49.1,49.7,51.9,48.9,48.1
112011,埼玉県川越市,62.7,61.9,64,66,66.8,69,67.5,66.7,68.6
112020,埼玉県熊谷市,,66.4,68.3,70.4,72,74,75.7,77.4,79.1
112038,埼玉県川口市,50.4,47.2,34.9,34.9,36.8,36.9,37.7,40.2,42.2
112062,埼玉県行田市,,77.9,75.3,77.9,77.7,79.3,81.4,84,86.7
112071,埼玉県秩父市,66,68.6,70.4,72.8,73.6,75.4,77.8,80.4,84.9
112089,埼玉県所沢市,45,47.5,43,45.5,47.6,50.7,52.6,54,55.5
112097,埼玉県飯能市,43.2,45.1,47.3,49.4,51.3,53.9,51.2,53.1,54.9
112101,埼玉県加須市,69.7,62,65.1,67.7,75.7,68.9,68.9,67.8,69.5
112119,埼玉県本庄市,,44.6,40.4,43.8,46.9,50,53.1,56.3,57.9
112127,埼玉県東松山市,43.9,47,50.2,52.7,53.6,58.8,61.1,64,66.6
112143,埼玉県春日部市,45,47.4,50.1,52.5,54.8,36.1,43.3,40.8,43.4
112151,埼玉県狭山市,,60.6,60.9,63,60.7,62.6,64.3,66.3,67.9
112160,埼玉県羽生市,68,71.3,74.3,77.2,80.2,80.4,82.8,85.7,81.7
112178,埼玉県鴻巣市,39.7,41.7,43.6,45.6,47.3,49.2,51.2,51.6,53.7
112186,埼玉県深谷市,45.7,40.4,41.9,37.4,39.4,42.4,38.5,42,45.8
112194,埼玉県上尾市,,58.6,60.8,62.6,65,65.9,68.7,56.8,67
112216,埼玉県草加市,49.8,48.2,36.7,36.8,32.3,31.9,28.5,31.2,33
112224,埼玉県越谷市,55.8,61.4,62.3,65.6,67.4,62.6,64.7,71.3,74.1
112232,埼玉県蕨市,68.4,69.4,71.1,73.3,75.6,77.6,79.9,82,84.2
112241,埼玉県戸田市,43.2,45.2,47.6,50,52.3,39.7,41.4,43.6,45.6
112259,埼玉県入間市,67.1,65.4,66.7,67.3,68.4,68.8,70.4,71.8,71
112275,埼玉県朝霞市,37,39.2,40.7,43.7,45.7,48,50,51.6,52.8
112283,埼玉県志木市,73.6,77.3,81.1,84.8,89.7,93.7,97.7,94,94.5
112291,埼玉県和光市,45.2,47,47.8,47.6,49.3,48.8,46.9,49,51.1
112305,埼玉県新座市,,20.4,23.3,26.2,28.7,31.6,34.3,37.3,40.2
112313,埼玉県桶川市,36.3,38.3,38.3,43.1,45.5,47.8,50.1,52.6,54.9
112321,埼玉県久喜市,,49.8,52.4,54.8,57.3,59.7,61.8,63.9,66
112330,埼玉県北本市,56.3,52.2,53.1,55.4,58.3,60.4,60.7,62.7,24.3
112348,埼玉県八潮市,,60.9,63.3,65.7,68.2,70.3,72.4,74.4,76.3
112356,埼玉県富士見市,,72.8,74.5,76.3,78.1,79.8,81.1,82.5,83.2
112372,埼玉県三郷市,,72.7,62.7,65.1,65.6,68,70.4,72.3,73.8
112381,埼玉県蓮田市,,41.4,35.5,29.8,29.8,36.1,39.2,42.3,45.4
112399,埼玉県坂戸市,76.1,77.2,78.1,80,80.4,82.1,83.6,85.2,86
112402,埼玉県幸手市,96.1,88,95.9,41.4,43.2,43.5,34.6,36.6,38.7
112411,埼玉県鶴ケ島市,25.3,30,32.4,34.8,37.2,35.3,37.9,40.5,
112429,埼玉県日高市,,58.6,59.3,60.4,61.6,61,63.7,65.8,68.5
112437,埼玉県吉川市,84.2,86,85.4,87.1,9.7,12.3,16.7,21,24.8
112453,埼玉県ふじみ野市,,29.4,31.5,33.7,35.8,38,40.1,42.1,44.1
112461,埼玉県白岡市,68.7,75.8,78.2,80.2,81.6,82.4,83.3,83.9,84.8
113018,埼玉県伊奈町,52.2,52.5,56.2,60,63.7,67.5,71.2,75,78.8
113247,埼玉県三芳町,,,16,19.5,23,34,34.6,38.1,41.4
113263,埼玉県毛呂山町,,26.2,30.6,34.9,39.2,43.5,47.8,52.2,56.2
113271,埼玉県越生町,,99,100,100,100,100,100,100,100
113417,埼玉県滑川町,,96.1,96.3,96.6,97.3,97.5,85.6,86,86.4
113425,埼玉県嵐山町,,,,90.6,92.2,93.9,87.5,89.4,91.3
113433,埼玉県小川町,88.5,91.5,93.1,94.2,94.9,95.6,97.9,97.7,98
113468,埼玉県川島町,46.1,48,50.2,52.2,54.4,56.9,59,54.6,63.5
113476,埼玉県吉見町,34,36.4,40.4,44.3,48.2,52.2,56.2,60.2,64.1
113484,埼玉県鳩山町,,42.7,45,47.3,49.7,53.2,77.8,77.8,58.5
113492,埼玉県ときがわ町,28.8,30.9,32.9,34.9,36.9,38.9,40.8,42.8,42.8
113611,埼玉県横瀬町,56.2,62.9,69.5,75.4,80.9,86.4,87.4,93,93.9
113620,埼玉県皆野町,,,48,50.5,52.6,55.1,56.1,58.6,60.2
113638,埼玉県長瀞町,,,,,,,,,
113654,埼玉県小鹿野町,89.2,73.2,71.9,75.1,77.8,65.8,68.9,72,75
113697,埼玉県東秩父村,100,100,78.5,83,85.9,96.6,100,100,100
113816,埼玉県美里町,,,,,,,,,
113832,埼玉県神川町,67.9,70.1,71.9,73.8,76.4,78,80.2,82.2,83.1
113859,埼玉県上里町,57.4,59.7,62.2,64.5,89.9,4.6,9.2,13.8,18.4
114081,埼玉県寄居町,64.1,66.5,69.4,72.2,33.9,36.6,34.3,38.6,43.2
114421,埼玉県宮代町,35.4,39.8,39.7,42.6,44.9,47,47.5,49.9,52.9
114642,埼玉県杉戸町,,34.5,36.2,36.3,35.4,37.6,42,47.2,52.5
114651,埼玉県松伏町,81.1,84.9,88.7,92.5,96.3,97.6,97.1,96.5,96.1
121002,千葉県千葉市,,75.5,72,72.2,72.7,73.4,74.4,73.9,70.5
122025,千葉県銚子市,75,73.1,74.1,76.3,77.9,78.9,80,81.4,79.9
122033,千葉県市川市,,,76,74.7,76.6,78.5,80.3,80.4,81.8
122041,千葉県船橋市,38.3,40.4,36.4,35.8,38.3,40.7,42.8,45.2,46.6
122050,千葉県館山市,65.8,41.8,45,48.2,51,53.9,57,60,62.8
122068,千葉県木更津市,,63.5,65.6,67.7,69.3,70.1,68.2,57.9,59.7
122076,千葉県松戸市,81.3,78.7,77.8,68.4,70.4,71.7,73.1,73.1,74.7
122084,千葉県野田市,,87.9,84,84.7,84.7,81.2,82.6,83.6,84
122106,千葉県茂原市,73.4,75.1,76.7,78.3,78.9,78.7,77.8,80.2,81.3
122114,千葉県成田市,,39.3,43.2,47.1,49.9,52.7,55.4,58.2,60.9
122122,千葉県佐倉市,,48.4,50.5,52.9,53.9,57.1,54.9,57.4,59.5
122131,千葉県東金市,82,,82.8,85.2,86.1,87.9,88,89.6,90.2
122157,千葉県旭市,55.8,58.2,60.7,63,65.3,54.8,48.6,60.5,63.6
122165,千葉県習志野市,,53.4,54.3,49.8,50.6,52.3,54.8,56.5,49.8
122173,千葉県柏市,,72.2,74,75.9,66.2,68.1,69.1,69.7,70.4
122181,千葉県勝浦市,91.5,,,54.5,,,,22.1,25.2
122190,千葉県市原市,,77.1,76.8,72.1,61.2,47.7,46.3,47.5,
122203,千葉県流山市,,67.7,70.2,72.7,74.5,76,76.3,76.1,74.3
122211,千葉県八千代市,,,,,,47.4,44.5,69.6,41.3
122220,千葉県我孫子市,,65.5,62.2,64.2,75.9,77.8,72.7,32.5,35.4
122238,千葉県鴨川市,44.7,47.7,48.1,47.3,50.8,52.6,60.2,60.6,62.9
122246,千葉県鎌ケ谷市,,79.9,81,83.5,82.6,83.5,83.7,84.6,85.3
122254,千葉県君津市,65.4,67.2,67.4,68.8,70.9,68,70.2,70.9,44.7
122262,千葉県富津市,71.7,73.8,75.9,78,80,82.1,84.2,83.1,85.4
122271,千葉県浦安市,,61.1,63.3,66.7,67.1,67.7,57.8,59.5,60.9
122289,千葉県四街道市,,42.2,44.4,46.6,48.8,50.3,52,55.4,55
122297,千葉県袖ケ浦市,64.6,67.1,68.9,70.7,72.5,73.9,73.7,74.6,74
122301,千葉県八街市,83.4,85.4,87.3,86.2,85.9,83.1,83.2,82,81.7
122319,千葉県印西市,57.3,59.7,60.1,61.7,58.9,61,61.1,63.7,55.5
122327,千葉県白井市,,22.2,24.3,24,28.8,31,33.2,35.3,37.8
122335,千葉県富里市,45.1,30.4,36.2,37.2,41.3,45.4,49.4,53.5,57.8
122343,千葉県南房総市,35.7,54.2,57,58.8,58.3,60.9,39.7,33.2,43.3
122351,千葉県匝瑳市,,65.5,67.7,69.8,71.8,72.7,74.3,76.6,78.9
122360,千葉県香取市,54.6,48.1,49.2,48.5,45.1,47,50.2,88.7,92
122378,千葉県山武市,,38.2,41.9,44.5,42,41.5,45.1,48.4,49.8
122386,千葉県いすみ市,50.3,50.4,51.7,52.6,54,56.2,58,60.2,62.5
122394,千葉県大網白里市,77.8,77.6,78.4,80.2,81.8,83.4,84.5,85.6,86.3
123226,千葉県酒々井町,,79.7,80.7,82.1,83.5,84.9,86.3,87.3,89.3
123293,千葉県栄町,,,,,,,,,
123421,千葉県神崎町,47.1,49.5,51.7,52.7,54.6,55.5,58,60.5,62.8
123471,千葉県多古町,,16.5,20.1,18.6,22.4,26.1,31.1,33.6,36.5
123498,千葉県東庄町,68.4,70.1,98.2,99.9,96.8,73.3,96.9,74.3,73.3
124036,千葉県九十九里町,90.5,76.1,77.2,69.6,62.1,60.4,56.3,48.7,51
124095,千葉県芝山町,71.3,71.3,73.5,73.9,76.3,78.2,75.7,82.9,84.5
124109,千葉県横芝光町,86.3,87.2,88.8,90.2,91.6,92.7,93.7,93.7,94.7
124214,千葉県一宮町,49.9,53.7,60.4,62.9,47.6,50.4,52.9,50.4,58.5
124222,千葉県睦沢町,40.2,42.5,44.7,46.9,49.2,51.4,53.6,55.8,54.1
124231,千葉県長生村,45,53.3,55.9,58.5,60.8,64.1,66,68,69.6
124249,千葉県白子町,,66.9,72.9,74.3,75.5,76.3,76.9,78.1,78.7
124265,千葉県長柄町,22.9,22.9,25.4,25.1,27.8,30.4,30.7,33.7,36.4
124273,千葉県長南町,,38.6,40.7,42.9,45,47.1,49.2,51.3,53.4
124419,千葉県大多喜町,44.2,33.6,35.8,38,40,42.3,44.5,46.8,
124435,千葉県御宿町,100,26.1,30.1,27,31.4,35.8,40.3,44.7,49.1
124630,千葉県鋸南町,73.8,64,66.1,35.8,38.8,41.8,44.8,47.8,50.8
131016,東京都千代田区,,27.8,29.3,29.9,35.3,36.5,39,41.3,43.8
131024,東京都中央区,,,33.5,34.1,35.1,32.2,33.3,33.7,29.9
131032,東京都港区,,20.3,25,27,25.7,27,30.9,32.2,33.8
131041,東京都新宿区,58.3,66.9,67.4,70.5,69.3,71.1,72.4,72.7,74.1
131059,東京都文京区,,81,81.1,79.6,57.5,58.9,59.7,59.7,59.9
131067,東京都台東区,,,,61.4,57.5,59.2,57.2,58.9,60.7
131075,東京都墨田区,56.3,58.7,59,54.6,56.6,59.1,61.2,59.8,61.6
131083,東京都江東区,28.5,28.3,30.5,32.5,35.8,38,36.7,29.6,32.2
131105,東京都目黒区,,46.8,48.8,62.6,63.1,63.7,60.8,62.4,65
131113,東京都大田区,51.5,46.7,51.4,45.1,47.7,50.3,42.6,44.5,46.6
131121,東京都世田谷区,,,77,78.4,59.3,61,76.6,77.9,77.6
131130,東京都渋谷区,,48.4,42.3,45.9,43,45.2,43.8,40.5,43.1
131148,東京都中野区,73.3,76.3,75.8,75.2,77.3,75.4,74.4,75.3,73.6
131156,東京都杉並区,63.7,51,50,42.8,42.6,42,41.3,41.4,40.5
131164,東京都豊島区,,,51.2,46,44.6,42,40,42.1,35.7
131172,東京都北区,,74.3,77.3,78.6,77,77.4,77,78.4,79.5
131181,東京都荒川区,,,54.8,48.5,49.8,51.2,52.6,54.2,57.6
131199,東京都板橋区,80.1,79.7,73.2,72.9,73.6,73.4,74.1,75.7,76.8
131202,東京都練馬区,54.8,43.6,46.7,49.2,48.7,50,52.3,54.7,56.1
131211,東京都足立区,85.2,84.5,85.9,77.9,78.5,81,82.4,83.6,84.2
131229,東京都葛飾区,48.3,67.2,69.1,69.2,64.4,66.1,55.8,57.4,50.4
131237,東京都江戸川区,65.7,66.7,56.1,54.7,53.5,53.7,54.9,56.7,57.9
132012,東京都八王子市,,58.8,53.7,53.2,54.6,48.2,48.3,49.1,50.9
132021,東京都立川市,,66,63.9,63.6,64.5,55.7,52,54.3,53.3
132039,東京都武蔵野市,58.6,60.4,62.2,64.4,62.7,65,66.9,65.3,65.3
132047,東京都三鷹市,,46.1,47,47.4,48,50.4,52,54.7,56.7
132055,東京都青梅市,,,,,,,,,
132063,東京都府中市,,62.6,64.4,66.1,53.2,52,54.7,55.5,57.3
132071,東京都昭島市,70.3,72.3,67.3,69.9,71.8,73.4,74.9,72.4,74
132080,東京都調布市,,43.8,44.2,45.9,47.4,47.9,56.5,53.9,55.4
132098,東京都町田市,30.4,31.3,32.4,35.1,38.1,40.8,43.5,46.2,48.9
132101,東京都小金井市,,34.1,36,37.9,40.2,42.2,43.8,45,46.9
132110,東京都小平市,,54.7,56.7,58.5,60,61.7,63.4,65,66.5
132128,東京都日野市,59.4,61.4,62.9,60.9,62.2,64.1,61.7,63.2,65.2
132136,東京都東村山市,,,61.3,67.6,69.4,71.3,73,66.1,67.8
132144,東京都国分寺市,36.1,36.3,28.7,30.9,18.8,21,23.1,25.3,27.6
132152,東京都国立市,70.7,79.2,81.4,83.1,84.5,86.4,97,92.6,87.7
132187,東京都福生市,46.5,52.8,55,57.2,59.4,61.6,63.8,66,68.2
132195,東京都狛江市,,25.9,29.2,31.6,34,36.1,38.1,40,41.8
132209,東京都東大和市,91.4,93.2,95,96.8,97.1,98.1,98.2,98.4,98.6
132217,東京都清瀬市,57.7,58.4,60.6,62.7,63.8,66,68.3,70.3,72.4
132225,東京都東久留米市,54.9,57.5,60,62.5,64.8,67.1,67.8,70.1,72.4
132233,東京都武蔵村山市,,100,90.1,90.7,91.3,90.1,90.8,,
132241,東京都多摩市,51.2,53.4,55.6,57.8,60,50.6,52.8,55,57.2
132250,東京都稲城市,73.6,75.1,78,80.2,82.4,84.6,86.4,88,88.3
132276,東京都羽村市,,92.5,,,,,,,
132284,東京都あきる野市,52,52,55.8,57.5,59.2,60.9,62.2,55.9,57.7
132292,東京都西東京市,,31.6,33,36.7,42,44,44.9,47.3,48.6
133035,東京都瑞穂町,37,39.4,41.8,44.1,46.5,48.8,51.2,53.6,55.9
133051,東京都日の出町,,,,,,,,,
133078,東京都檜原村,,,,,,,,,
133086,東京都奥多摩町,,,,,,,,,
133612,東京都大島町,,68.2,74.6,,,78.2,0.4,4.4,29.2
133621,東京都利島村,,41.8,44,46.2,48.4,50.5,52.7,54.9,57.1
133639,東京都新島村,,,78.2,73,71.4,72.6,72.6,71.2,69.6
133647,東京都神津島村,,68.2,70.4,71.1,72.1,56.8,58.9,61.1,63.3
133817,東京都三宅村,,,,,25.9,33.3,29.6,76.7,78.8
133825,東京都御蔵島村,,74.8,77,79.2,75.8,78.8,85.8,88,90.2
134015,東京都八丈町,,,41.2,43.3,44.4,48,50.1,52.1,53.8
134210,東京都小笠原村,,,,,,92.1,32.6,40.1,43.8
141003,神奈川県横浜市,,55.8,56.8,57.2,60,61.1,63,64.5,65.3
141305,神奈川県川崎市,75.8,80,80.3,81.3,65.8,52.3,51.3,45.1,43.4
141500,神奈川県相模原市,70.6,72.5,74.5,76.5,78.4,80.2,81.9,83.5,85.2
142018,神奈川県横須賀市,,83,84.4,85.8,87.3,59.6,59.7,58.2,62.1
142034,神奈川県平塚市,,65.2,62.2,66.9,63.2,66.6,55.9,57.2,58.6
142042,神奈川県鎌倉市,47.4,53,23.3,28.8,34.8,37.8,40.8,43.7,44.5
142051,神奈川県藤沢市,63.2,67.8,70,72.3,56.1,34.6,36.7,26.6,28.7
142069,神奈川県小田原市,75.3,67,70.4,61.1,81.6,65,85.5,67.6,89
142077,神奈川県茅ヶ崎市,62.1,63.2,62.7,66.2,68,69.9,69.5,71.6,73.4
142085,神奈川県逗子市,91.9,90.7,83.6,84.1,86.8,89.1,89.9,87.1,87.6
142107,神奈川県三浦市,,,,,,,,,
142115,神奈川県秦野市,77,,,,79,79.7,80.3,81.4,78.5
142123,神奈川県厚木市,66.9,68.7,70.5,67.5,69.1,68.2,69.3,71.3,73.1
142131,神奈川県大和市,,,,,77.8,41.2,40.7,43.2,46.1
142140,神奈川県伊勢原市,49.5,54.5,56.5,58.5,56,58.1,55.5,57.7,59.8
142158,神奈川県海老名市,48,48.1,37.3,40.5,43.3,46.8,50,49.5,52.8
142166,神奈川県座間市,,77.4,79.3,81,82.6,84.1,68.2,66,71.5
142174,神奈川県南足柄市,,,92.3,93.1,93.8,94.6,95.4,96.2,97
142182,神奈川県綾瀬市,19.8,22,24.2,26.4,28.6,30.8,33,34.9,36.8
143014,神奈川県葉山町,,,,,,30.8,33,35.2,37.4
143219,神奈川県寒川町,,,,,,,,,
143413,神奈川県大磯町,52.5,54.7,50.4,52.6,54.8,57,59.2,59.7,61.9
143421,神奈川県二宮町,90.8,98.9,98.9,99,99,99.1,98.4,98.5,98.6
143618,神奈川県中井町,,,,38.1,40.7,43.3,45.8,48.3,50.8
143626,神奈川県大井町,,64.1,66.6,69.2,71.5,73,74.2,75.2,76.4
143634,神奈川県松田町,,69.4,67.5,70.6,73.6,77.6,80.2,80.6,84.1
143642,神奈川県山北町,71.5,72.7,70.6,72.7,74.6,76.6,78.5,80.2,82.2
143669,神奈川県開成町,84.5,72.9,54.8,57,59.2,59.9,61.4,62.5,63.5
143821,神奈川県箱根町,45,47,22.3,24.9,27.6,30.3,33,35.6,38.3
143839,神奈川県真鶴町,75.6,77.8,80,90.2,92.4,94.6,96.8,99,100
143847,神奈川県湯河原町,,88.7,58.9,60,36.6,38.5,40.5,42.5,44.2
144011,神奈川県愛川町,62.5,63,70.1,70.5,72.5,74.5,76.3,78.2,79.9
144029,神奈川県清川村,,58,63.8,66,68.2,70.4,72.6,74.8,77
151009,新潟県新潟市,62.5,64.6,65.9,68.1,68.8,70.7,72.3,74,75.5
152021,新潟県長岡市,38.2,39.9,41.1,42.2,43.7,45.7,47.2,48.8,48.8
152048,新潟県三条市,,,,,,,,,
152056,新潟県柏崎市,65.4,58.2,61,64.3,67.6,65.5,68,69.6,72.5
152064,新潟県新発田市,,67.6,70.8,74.2,77.1,80.5,82.1,83.7,87
152081,新潟県小千谷市,71.7,73.2,73.6,74.7,76.6,74.2,72.4,74.3,76
152099,新潟県加茂市,,,,,,,94.8,95.6,97.1
152102,新潟県十日町市,,60.2,50.2,46.2,48.5,48.3,51,53.6,56.2
152111,新潟県見附市,,,,,65.3,67.9,69,70.1,71
152129,新潟県村上市,,47.9,51.3,54.5,54.5,61.8,64.8,67.8,70.3
152137,新潟県燕市,,,57.2,62.6,69.2,63.2,60.5,61.4,67.8
152161,新潟県糸魚川市,,59.5,62.8,64.2,66.9,69.6,72.1,73,75.1
152170,新潟県妙高市,32,,,,,40.2,36.4,36.7,39.3
152188,新潟県五泉市,,71.5,70.1,71.8,65.8,65.5,67.4,69.3,71.2
152226,新潟県上越市,51.4,51,47.5,46.4,46.8,49.2,50,50.8,56
152234,新潟県阿賀野市,52.8,70.3,72.5,74.2,76.1,77.5,78.8,80.3,82.1
152242,新潟県佐渡市,,49.6,49.6,39.9,41.4,40.5,46.5,,
152251,新潟県魚沼市,47.5,39.2,39.7,41.7,43.9,46.4,48.5,49.4,51.3
152269,新潟県南魚沼市,56.9,53.6,51.3,58.4,57.1,58.5,61,64.5,67.2
152277,新潟県胎内市,,52.1,55.5,58.9,62.3,63.2,65.5,67,69.6
153079,新潟県聖籠町,68.1,76.8,79.8,83.2,84.2,85.4,86.1,87.5,89.1
153427,新潟県弥彦村,51.1,54.5,53.9,57,60.3,63.4,65.7,67.4,69.6
153613,新潟県田上町,25.6,33.1,38,42.9,47.8,51.8,56,60.1,64.3
153851,新潟県阿賀町,57,57,65,71.6,61.4,64.2,66.9,76.6,69.2
154059,新潟県出雲崎町,,,,,,,,,
154610,新潟県湯沢町,,2.7,5.4,8.1,10.8,13.5,16.2,18.8,21.5
154822,新潟県津南町,56.4,58.7,60.9,60.9,63.7,63.9,56.7,60.4,62.5
155047,新潟県刈羽村,,,,,,,,,
155811,新潟県関川村,,63.8,66.1,67.9,69.7,71.2,79.4,77.2,76.8
155861,新潟県粟島浦村,,100,,,,,,20.9,14.2
162019,富山県富山市,,57,54.8,53.5,50.8,55.5,57.6,54.4,57.9
162027,富山県高岡市,33.5,36,32.9,35.4,37.6,36.6,36.6,39.4,42.4
162043,富山県魚津市,73,75.5,78,80.6,83,82.4,84.6,86.2,87.3
162051,富山県氷見市,,89.3,91.8,,,,98.3,99.2,23.1
162060,富山県滑川市,79.4,83.2,87.3,91.4,94.1,96.5,97.3,97.9,98.5
162078,富山県黒部市,,52.8,54.9,57.4,59.6,64.5,64.4,67,50.6
162086,富山県砺波市,69.8,47.7,50.1,49.4,53.8,54,56,54.1,53.2
162094,富山県小矢部市,,80.2,82.1,83,34.5,24.4,28.5,32.6,36.6
162108,富山県南砺市,28.1,20.3,22.7,25.1,27.4,31.8,34.3,36.5,38.6
162116,富山県射水市,,60,61.4,62.9,64.2,65.2,66.1,68,69.8
163210,富山県舟橋村,,,,,,,,13.7,18.3
163228,富山県上市町,77.8,83.5,87.9,78,79.4,80.8,81.9,82.7,
163236,富山県立山町,42,45.9,49.8,54.1,57.2,59.7,63.6,67.6,71.5
163422,富山県入善町,50.3,54.3,44.7,41.5,36.1,38.8,43.5,44.6,47.7
163431,富山県朝日町,38.7,39.6,43.1,49.8,49.7,53,56.7,59.9,63
172014,石川県金沢市,,,,75.1,77,78.8,79.4,79.5,78.8
172022,石川県七尾市,,53.1,,53,52.9,54.7,57.3,59.8,62.3
172031,石川県小松市,,79.8,81.6,81.6,83.2,85,86.7,88.4,45.6
172049,石川県輪島市,,73.5,,,,,,72.6,74.8
172057,石川県珠洲市,65.9,70.9,72.2,74.6,77,78.4,79.4,13.9,18.3
172065,石川県加賀市,,73.5,74,75.8,78.9,80.7,70.1,71.4,72.6
172073,石川県羽咋市,62.3,65.9,69.6,73.2,76.9,80.6,84.2,86.6,86.9
172090,石川県かほく市,23.5,26.7,30.8,35.4,39.9,43.9,48.4,51.4,55.7
172103,石川県白山市,,56.6,58.8,60,47.8,41.9,45.2,48.3,50.8
172111,石川県能美市,30.9,28.6,25.5,27.6,29.9,32.3,35.1,36.5,39.9
172120,石川県野々市市,,79.5,81.2,82.8,84.2,86.9,87.5,88.8,90.2
173240,石川県川北町,,33,35.2,37.4,39.6,41.8,44,46.2,48.2
173614,石川県津幡町,67.6,69.1,71.3,72.4,72.7,75.5,78,80.2,82.5
173657,石川県内灘町,,55.2,48,50.2,53,55,57.3,58.5,60.8
173843,石川県志賀町,70.1,73.3,76.4,79.1,81.2,78.6,81.3,82.2,79.8
173860,石川県宝達志水町,,48.7,52.6,56.6,60.6,55.2,46.8,50.6,54
174076,石川県中能登町,,79.9,79.9,,84.6,88.9,92.2,94.7,97
174611,石川県穴水町,,,,,,,,,
174637,石川県能登町,,66.3,66.5,67.7,72.7,75.8,76.5,82.4,56.8
182010,福井県福井市,,,75.7,74.6,76.8,78.4,79.8,81.2,81.2
182028,福井県敦賀市,67.6,70,72.8,75.7,78.4,83.6,83.1,77.2,83.5
182044,福井県小浜市,,59.7,61.8,63.8,65.9,67.3,69.4,69.9,
182052,福井県大野市,,91,91.7,92.5,91.9,92.8,92.8,93.8,94.3
182061,福井県勝山市,,76.6,78,79.8,81.6,81.7,83.3,84.9,86.4
182079,福井県鯖江市,,67.4,60.6,60.6,49.7,52.1,54.8,57.7,57.6
182087,福井県あわら市,,73.1,75.3,77.6,79.8,82,84.3,86.5,88.7
182095,福井県越前市,71.3,73.4,75.4,77.2,79,80.7,82.1,82.3,54.2
182109,福井県坂井市,,55.7,48.6,46.8,49.6,49.9,52.9,54.3,57.1
183229,福井県永平寺町,67,68.8,70,71.1,71.2,74.6,73.5,71.5,72.1
183822,福井県池田町,73.5,81.3,84.2,87.7,91.2,94.7,92.8,97.7,98
184047,福井県南越前町,,35.5,45.8,48.1,51.9,55.3,55.3,56.4,60.2
184233,福井県越前町,,39.6,41.8,44.6,47.5,50.1,52.9,55.6,58.4
184420,福井県美浜町,,,34.9,39.1,44.2,46.4,50.6,52.8,57.2
184811,福井県高浜町,56.4,61.2,68.1,70.3,72.5,74.7,33.9,18.6,20.8
184837,福井県おおい町,,51.3,55.2,,,,,,81.1
185019,福井県若狭町,,75.9,82.3,82.3,85.1,93.3,89.1,91.5,93
192015,山梨県甲府市,41,43.2,45.2,45,48.9,50.7,52.8,51.6,53.4
192023,山梨県富士吉田市,45.8,42.3,43.9,31.5,33.7,32.7,36,39.4,42.7
192040,山梨県都留市,100,100,100,100,100,100,100,100,100
192058,山梨県山梨市,75.9,78.1,80.4,81.1,83.4,85.4,86.9,87.8,75.3
192066,山梨県大月市,,85.5,93.2,94.1,95,95.9,96.8,97.8,98.7
192074,山梨県韮崎市,30.2,42.8,46.1,14.2,17.3,20.4,23.4,26.4,29.3
192082,山梨県南アルプス市,58.8,49.9,51.9,49.1,57,58.7,60.8,58,53.6
192091,山梨県北杜市,,56.7,58.7,50.3,60.7,52.6,43.8,45.8,48.3
192104,山梨県甲斐市,,19.3,22.2,23.4,23.1,20.5,23.3,25.9,28.7
192112,山梨県笛吹市,54.2,57,59.5,60.8,62.5,55.3,64.6,68.6,76.2
192121,山梨県上野原市,46,31.7,29.9,32.7,36.1,39.5,41.8,43.7,46.3
192139,山梨県甲州市,87.9,89,90.4,91.8,93.3,94.6,95.5,96.8,98
192147,山梨県中央市,68.1,69.9,71.6,61.1,63.1,64.8,66.4,67.3,68.1
193461,山梨県市川三郷町,72.9,78.2,80.4,15.5,19.1,22.7,39.3,43.6,47.2
193640,山梨県早川町,,47.5,49.7,51.9,54.1,56.3,58.5,60.7,62.9
193658,山梨県身延町,,67.7,68.8,69.9,71,70.3,71.7,73.1,74.4
193666,山梨県南部町,,65.1,72,73.6,67.6,68.7,70.6,72.4,74.2
193682,山梨県富士川町,97.5,97.9,98.4,98,96.6,97.2,97.5,97.7,98
193844,山梨県昭和町,,,,,,,,,
194221,山梨県道志村,90.9,94.9,97.4,97.6,97.8,97.9,94.7,95.1,95.5
194239,山梨県西桂町,,11,13.2,15.4,17.6,19.8,22,24.2,26.4
194247,山梨県忍野村,50.2,41.1,43.1,45.3,47.5,46.1,51.9,54.1,56.3
194255,山梨県山中湖村,38.2,40.4,42.6,44.8,47,49.2,51.4,53.6,55.8
194298,山梨県鳴沢村,62.1,64.3,64.9,67,68.7,65.5,68.1,70.8,71
194301,山梨県富士河口湖町,74.2,75.9,37.9,38.7,38.2,41.7,45.1,48.4,44.3
194425,山梨県小菅村,58,62.6,49.8,51.2,65.6,53.2,56.1,56.2,55.2
194433,山梨県丹波山村,32.2,,46,50.6,55.2,59.8,64.4,69,73.6
202011,長野県長野市,65.6,67.7,64.6,65.6,63.9,65.8,68,69.6,68.3
202029,長野県松本市,54.6,70.4,72.3,72.7,74.5,72.7,74.5,76.2,77.9
202037,長野県上田市,,,65.4,58,64.4,61.5,61,63.5,65.9
202045,長野県岡谷市,,76.1,77.5,79.1,75.8,81.2,64.2,62.6,64.1
202053,長野県飯田市,,76.7,78.2,79.6,81.1,82.5,83.4,81.1,77.2
202061,長野県諏訪市,47.8,50.7,52.4,54,54.8,56.5,58.2,59.8,61.2
202070,長野県須坂市,,23.5,27.5,31.5,35.6,39.6,43.6,47.7,51.7
202088,長野県小諸市,,72.2,74.9,74.7,69.7,73.5,52.9,55.2,57.6
202096,長野県伊那市,38.2,43.9,47,45.1,48.5,51.9,50.9,54,56.9
202100,長野県駒ケ根市,,39.1,42.1,45.2,48,51.1,54.2,57.3,60.3
202118,長野県中野市,,35.1,38.1,40.8,44,36.5,39.9,42.9,46.2
202126,長野県大町市,49.4,52.7,33,36.1,39.2,42.3,45.3,47.9,43.6
202134,長野県飯山市,,77.6,80.1,78.8,80.9,81.3,80.4,82.1,84
202142,長野県茅野市,43,45.9,47.9,43.5,38.3,38.8,41.3,44.1,46.1
202151,長野県塩尻市,35.5,38.3,41.1,44,46.6,49.4,52.3,55.2,52.2
202177,長野県佐久市,46.2,46.2,43.3,43.1,43.1,46.7,50.1,53.4,55.9
202185,長野県千曲市,69.5,71.6,72.5,75.9,77.1,77.6,57.6,58.9,58.2
202193,長野県東御市,13.7,17.8,18.3,27.4,27.2,31.2,35.9,44.8,49.3
202207,長野県安曇野市,,33.4,32,33.7,28.1,30.8,33.3,38.1,34.3
203033,長野県小海町,,93.2,94.3,95.5,95.5,97.9,99.1,93.9,91.4
203041,長野県川上村,,22,26,15.4,20.2,25.3,30.6,35.8,41.1
203050,長野県南牧村,76.5,81.1,85.7,90.3,94.2,96.3,97.7,98.7,98.8
203068,長野県南相木村,98.9,91.1,91.6,91.5,91,91.6,92,92,93.4
203076,長野県北相木村,94.8,100,100,100,100,100,100,100,100
203092,長野県佐久穂町,,68.6,72.5,76.4,80.4,84.3,88.2,90.6,94.5
203211,長野県軽井沢町,43.2,46.2,49.9,54.3,63.5,63.5,72.3,76.8,81
203238,長野県御代田町,89.5,90.3,,,,92.1,93,93.8,92.8
203246,長野県立科町,13.8,20,23.8,28.4,41.2,45.8,50.5,52.4,56.8
203491,長野県青木村,,49.7,52.3,54.5,56.3,58.6,60.6,56.1,57.9
203505,長野県長和町,,62.4,50.4,53.6,54.2,46.2,50.5,54.8,59.1
203611,長野県下諏訪町,31.7,34.5,37.4,40.2,42.1,45,47.9,50.8,53.8
203629,長野県富士見町,70.8,73.5,76.2,77.9,80.6,83.3,86.1,88,90.6
203637,長野県原村,,57,59.4,51.3,62.2,65.2,65.2,67.8,68.1
203823,長野県辰野町,53.5,50.6,59.3,61.5,64.4,67.3,70.2,73.1,76
203831,長野県箕輪町,54.7,56.5,39.7,45,47.3,49.9,34.6,37.8,41.1
203840,長野県飯島町,33.4,30.2,33.1,36,38.9,41.9,44.9,47.8,50.7
203858,長野県南箕輪村,45.3,43.5,39.8,43.5,50.3,51.7,54,57.4,64.4
203866,長野県中川村,67.3,68.6,41,69.9,71.3,72.5,73.9,75.2,76.6
203882,長野県宮田村,38.9,43,46.6,53.1,53.1,56.6,60.1,63.7,67.2
204021,長野県松川町,57.3,54.1,57,59.6,57.6,60.3,63.2,66,68.7
204030,長野県高森町,,94.9,95.6,95.8,96,95.8,96.3,96.8,97.3
204048,長野県阿南町,48.2,50,51.9,53.8,56,57.9,60.1,62.2,64.2
204072,長野県阿智村,,43.7,44.9,46.5,37.5,39.7,41.2,41.3,43
204099,長野県平谷村,,100,100,100,100,100,100,100,100
204102,長野県根羽村,,87.4,87.4,92,96.6,100,100,100,100
204111,長野県下條村,92.6,92.9,93.2,81.9,85.8,86.8,86.1,87.3,87.8
204129,長野県売木村,,100,100,100,100,100,94.7,94,93.6
204137,長野県天龍村,16.3,21.8,27.2,32.7,32.7,43.6,48.9,54.3,59.2
204145,長野県泰阜村,,100,100,100,100,20.5,24.6,28.2,31.8
204153,長野県喬木村,,100,100,100,100,96.4,96.7,12.7,11.3
204161,長野県豊丘村,,45.8,47.1,49.8,51,51.4,53.9,56.8,59.6
204170,長野県大鹿村,,100,100,100,,0,5.6,11.2,16.8
204226,長野県上松町,,27,29.8,32.8,35.8,38.5,41.2,44.2,42.9
204234,長野県南木曽町,,60.8,62.6,64.4,60.2,62.5,52,54.7,57.3
204251,長野県木祖村,54.9,59.5,63.5,68.1,72.7,77.3,81.9,84.4,89
204293,長野県王滝村,100,100,100,100,97.7,81.1,89.5,90.5,91
204307,長野県大桑村,29.1,31.9,35.1,38.1,40.5,43.4,46.5,49.2,52.2
204323,長野県木曽町,33.8,34.8,27.2,30.3,33.5,37,40.1,42.7,45.9
204463,長野県麻績村,54.7,59.2,63.8,68.4,72.9,77.5,82,86.3,90.9
204480,長野県生坂村,,51,51,52.1,49.3,56.8,59.7,62.8,65.8
204501,長野県山形村,9,12,15.1,18.1,21.1,24.1,26.6,29.6,32.7
204510,長野県朝日村,5,9.8,14.7,19.6,24.4,29.3,33.6,38.5,43.3
204528,長野県筑北村,,58.5,62,65.8,67,79.6,81.4,82.2,83.4
204811,長野県池田町,31.4,31.4,31.6,38.6,40.7,42.4,44.3,46.4,48.6
204820,長野県松川村,,49.7,51.7,53.2,55.4,57.5,59.6,61.8,63.9
204854,長野県白馬村,27,30,32.9,35.9,38.1,41.2,44.2,47.1,50.1
204862,長野県小谷村,,37.5,46.7,10.9,15.1,19.8,24.4,29.1,33.7
205214,長野県坂城町,,44.2,46.9,49.5,52.2,54.8,57.5,60.1,62.8
205419,長野県小布施町,46.4,50.3,52.5,54.8,57.1,58.1,60.5,62.9,65.1
205435,長野県高山村,,19.8,21.8,23.8,26.1,28.4,30.7,33,35.2
205613,長野県山ノ内町,57.2,59.1,60.3,62.4,58.7,60.6,62.6,62.6,66.1
205621,長野県木島平村,12,15.7,18,21,24,26.6,29.6,32.7,35.8
205630,長野県野沢温泉村,72.6,77,79.2,77.8,79,80.5,82.9,85.2,87.4
205834,長野県信濃町,64.1,66.8,66.8,66.8,71,77.4,76.6,78.2,80.9
205885,長野県小川村,64.4,69,73.6,78.2,82.8,85.6,90.2,94.8,98.2
205907,長野県飯綱町,63.8,35.4,37.2,41.1,45,49.1,53.1,61.1,60.4
206024,長野県栄村,,76.1,78.3,80.5,82.7,84.9,87.1,89.3,91.5
212016,岐阜県岐阜市,64.3,65.4,64.5,66.5,68.5,69.7,71.2,72.4,71.4
212024,岐阜県大垣市,,59.9,61.9,56.4,55.5,57,53.2,54.4,55.2
212032,岐阜県高山市,62.7,65.3,67.8,70.4,73.8,80.5,81.8,81.3,81.7
212041,岐阜県多治見市,50.2,46.2,48.8,41.5,44.6,43,50.5,53.5,56.5
212059,岐阜県関市,62.9,59.5,62.3,64.7,65.1,66.9,69.3,70.2,47.2
212067,岐阜県中津川市,70.5,72.7,75,77.2,67.6,69.4,70.5,72.8,74.6
212075,岐阜県美濃市,,,,,,,,,
212083,岐阜県瑞浪市,42.6,55.4,58.8,55.7,59.1,62.6,65.9,68.8,71.4
212091,岐阜県羽島市,,7.8,6.1,79.8,82.4,77.6,80,82.8,85.5
212105,岐阜県恵那市,,61.2,64.1,47,48.5,51.7,55.3,56.7,60.2
212113,岐阜県美濃加茂市,,,,87.4,87.5,87.2,58.6,58.2,57.6
212121,岐阜県土岐市,77.2,77.2,82.8,58.3,56.9,59.7,62.2,52.1,54.9
212130,岐阜県各務原市,73.5,75.9,75.3,76.6,78.3,79.2,78.1,79.5,77.1
212148,岐阜県可児市,82.6,75.8,,78.5,61.3,63.5,65.7,67.9,69.6
212156,岐阜県山県市,64.5,68.7,71,70.6,71.3,67.5,67.8,69.3,86
212164,岐阜県瑞穂市,,69.3,71.3,71.1,72,71.9,73.3,74.5,75.5
212172,岐阜県飛騨市,47.2,50.9,54.8,63.6,82.2,84,85.6,86.9,87.8
212181,岐阜県本巣市,30.9,33.8,38,41,43.9,37.3,40.3,43.3,38
212199,岐阜県郡上市,,56,58.3,60.6,62.1,64.3,66.3,70.4,72.6
212202,岐阜県下呂市,43.1,55.6,59,61.1,64,66.9,69.4,71.7,69.5
212211,岐阜県海津市,78.6,79.9,82.6,85.7,88.4,90.9,93.4,95.4,97.2
213021,岐阜県岐南町,,67.5,69.7,68.9,71.1,,,,
213039,岐阜県笠松町,,,,,,,,,
213411,岐阜県養老町,91,86.1,69.8,71.6,55.4,62.5,63.3,64.4,65.7
213616,岐阜県垂井町,64.2,63.9,48.5,53.5,54,56.7,59.4,61.8,64.4
213624,岐阜県関ケ原町,97.5,99,99,98.1,98.3,98.4,98.5,98.7,94.5
213811,岐阜県神戸町,39.2,41.4,49,52,51.8,56.8,59,60.5,62
213829,岐阜県輪之内町,31.7,33.6,33.4,37.6,39.8,41.9,44.1,46.2,48.2
213837,岐阜県安八町,,68.7,,,89,85.2,88.2,88.8,91.6
214019,岐阜県揖斐川町,40.4,27.6,32.1,36.6,41.1,45.6,50.1,54.6,63.3
214035,岐阜県大野町,81.9,82.1,94.8,94.6,94.9,95.3,92.6,89.1,89.9
214043,岐阜県池田町,58.6,62.2,64.7,68.4,56.5,53.6,57,60.9,63.9
214213,岐阜県北方町,77.1,77.8,80.2,82.4,84.5,86.5,88.2,89.6,48.8
215015,岐阜県坂祝町,,59.4,60.5,62.2,65.4,68.6,71.2,73.8,51.8
215023,岐阜県富加町,36,39,42,45,48,51,54,57,59.6
215031,岐阜県川辺町,35.5,38.3,40.1,41.9,40.4,40.9,42.1,45,47.8
215040,岐阜県七宗町,67.5,69.5,71.4,73.4,75.2,74.6,76.3,78.5,80.6
215058,岐阜県八百津町,86.7,87.4,89,33.9,38.5,38.3,42.9,46,48.9
215066,岐阜県白川町,,,87.5,89.3,91.1,87.4,94.7,96.6,98.2
215074,岐阜県東白川村,68.2,,74.8,77,79.2,81.4,83.6,85.8,88
215210,岐阜県御嵩町,85,87.2,87.2,88.8,90.1,92.6,93.9,95.1,96.4
216046,岐阜県白川村,53.8,53.7,59.8,62.5,64.4,67.1,69.7,60,62.8
221007,静岡県静岡市,58.8,63.4,53.6,64.1,67.5,69.6,71.7,71.7,73.7
221309,静岡県浜松市,73.7,75.7,77.6,81.2,82.8,80.8,80.8,79.2,
222038,静岡県沼津市,,42.7,44.3,45.7,46.2,48.3,50.4,52.2,54.3
222054,静岡県熱海市,,76.2,78.4,85.3,84.3,31.9,30,33.1,36.2
222062,静岡県三島市,33.9,36.2,38.4,40.5,42.7,44.8,46,47.2,48.9
222071,静岡県富士宮市,,54.5,55.1,56.9,58.3,59.1,61.3,63.4,64
222089,静岡県伊東市,72.8,75.6,76,78,79.5,81.1,82.7,84.3,80.3
222097,静岡県島田市,55.2,58.1,78.2,79.5,78.5,79.1,80.6,78.1,78.9
222101,静岡県富士市,,50.2,53.4,54.7,56.7,59.4,60.7,62.9,65.3
222119,静岡県磐田市,18.7,53.9,52,54.3,47.9,50.4,52.8,55.2,57.6
222127,静岡県焼津市,,42.6,45.5,48.2,51,54.1,57.1,60.2,63.2
222135,静岡県掛川市,,64.1,65.2,67.6,64.6,66.4,69.1,71.7,73.4
222143,静岡県藤枝市,61.3,58.9,74.3,76.6,78.5,66,67.1,69.2,70
222151,静岡県御殿場市,46.7,48.5,50.9,53.1,55.4,57.3,58.5,60.8,62.2
222160,静岡県袋井市,,59.5,54.5,57.1,57.6,60.8,61.9,64.4,66.2
222194,静岡県下田市,25.7,34,34.5,35.6,39.6,43.7,47.9,52,56.1
222208,静岡県裾野市,59.6,61.1,63,64.6,66.1,67.6,69,67.5,70.4
222216,静岡県湖西市,60.8,63.7,66.1,68.5,70.8,73,75.2,76.8,60.9
222224,静岡県伊豆市,83.8,78.9,80,80.5,81.6,39.5,30.6,33.7,36.9
222232,静岡県御前崎市,39.6,42.6,48.3,50.4,53.7,53.4,55.8,57.9,56.7
222241,静岡県菊川市,54.1,45.6,47.7,37.6,31.8,35.6,38.2,40.7,45.8
222259,静岡県伊豆の国市,,34.7,38,40.5,43.5,46.3,48.6,52,50
222267,静岡県牧之原市,,,,39.4,41.9,44.5,47.1,49.7,51.8
223018,静岡県東伊豆町,45.7,48.4,51.2,52.7,55.1,55.8,58.5,60.9,63.3
223026,静岡県河津町,,50,52.8,55.7,58.4,61.3,64.2,67,69.8
223042,静岡県南伊豆町,37.9,,41.1,44.3,46.7,41.4,43.7,47.1,50
223051,静岡県松崎町,,78.3,4.2,8.4,12.6,16.8,21,25.2,29.4
223069,静岡県西伊豆町,,,48.5,50.7,53.3,55.8,58.2,60.4,62
223255,静岡県函南町,42.7,,40.6,42.6,45.3,47.9,48.3,50.1,53
223417,静岡県清水町,40.8,44,47.2,50.3,47.7,46.6,51,55.2,59.5
223425,静岡県長泉町,42.7,42.6,44.8,45.3,46.8,47.9,50.1,52.6,54.7
223441,静岡県小山町,,57.7,60.5,63.1,65.7,68.1,46.3,52.3,55
224243,静岡県吉田町,,18.6,21,23.1,25.6,27.9,30.4,32.7,35.1
224294,静岡県川根本町,,97.7,96.9,97,97.2,97.3,97.5,91.5,91.4
224618,静岡県森町,,,84.1,86.6,82.3,84.4,86.5,88.4,90.1
231002,愛知県名古屋市,79.9,81.4,83.4,80.6,81.9,81.7,80.3,81.9,
232017,愛知県豊橋市,74.4,50.5,53.6,56.5,59.3,62,64.8,66.3,68.5
232025,愛知県岡崎市,,52.2,48,49.5,50.5,52.6,47.5,48.4,50
232033,愛知県一宮市,66.4,69.5,71,72.2,73.5,74.9,76.1,77.3,78.1
232041,愛知県瀬戸市,,60.3,60.9,60.8,61.4,59.6,61.1,63.2,64.9
232050,愛知県半田市,,51.7,57.8,53.1,59,59.7,62.4,64.5,66.7
232068,愛知県春日井市,,55.5,55.9,56.6,57.9,59.1,59.4,42.1,33.4
232076,愛知県豊川市,,44.2,46.1,47.9,49.6,51.5,53.3,55.2,57.1
232084,愛知県津島市,,85.6,88.8,90.5,92.2,93.4,91.9,83,75
232092,愛知県碧南市,60.8,65,66.3,68.4,70.3,72.3,74.3,76.3,78.3
232106,愛知県刈谷市,48.2,35.3,33.2,35.5,36.6,37.5,34.3,37.5,38.7
232114,愛知県豊田市,46.1,48.4,50,50.2,49.1,50.5,52.5,60.1,59.6
232122,愛知県安城市,55.7,51.9,54.9,53.6,53.7,55.8,59.8,62,60.8
232131,愛知県西尾市,61.2,62.9,64.8,66.7,68.3,68.9,69.8,70,70.3
232149,愛知県蒲郡市,,67.2,72.3,73.6,72.7,73.7,73.8,75.9,78.7
232157,愛知県犬山市,82,83.3,83.9,85.5,84.9,86.6,86.3,88,87
232165,愛知県常滑市,,79.6,81.5,78.5,75.9,74,69.1,70.1,66.4
232173,愛知県江南市,75.4,76.3,78.5,78.5,76.5,75.7,75.6,77.8,80.2
232190,愛知県小牧市,44.3,40.8,42.8,44.8,46.9,48.8,51,53.2,55.3
232203,愛知県稲沢市,54.5,52.5,55,57.5,58.7,61.1,62.6,63.5,65.1
232211,愛知県新城市,,50.8,50.9,52.3,54.7,57.6,60.2,62.7,65.3
232220,愛知県東海市,40.8,42.2,44.3,46,48,49.7,50.7,52.4,48.3
232238,愛知県大府市,,39.6,41.8,33.7,35.1,37.9,40.3,32.3,29.4
232246,愛知県知多市,63.1,64.7,66.9,68.2,69.4,70.7,68.7,71.6,72.3
232254,愛知県知立市,,50.9,53.3,55.5,53.6,54.8,54.9,57.6,59.4
232262,愛知県尾張旭市,,53.6,56.1,58.6,61.1,63.5,66,68.4,70.5
232271,愛知県高浜市,,59,60.9,63,62.1,64.4,66.6,68.5,65
232289,愛知県岩倉市,,70.5,72.6,74.1,75.5,76.9,78.4,80.6,82.7
232297,愛知県豊明市,,73.8,75.1,75.2,72.6,71.1,69.6,69.8,68.5
232301,愛知県日進市,37.7,39.9,41.7,43,45.2,47.4,47.6,50,52.5
232319,愛知県田原市,61.2,61.1,63.7,66.8,69.6,72.4,74,75,77.1
232327,愛知県愛西市,,75.2,77.5,79.9,72.6,74.7,76.1,82,95.4
232335,愛知県清須市,42.1,40.8,44.4,44.7,48.6,54.2,65.4,58.7,56.8
232343,愛知県北名古屋市,,49.7,42.3,43.4,44.5,46.6,47.8,46.4,47.5
232351,愛知県弥富市,46.3,42.1,44.5,46.8,49.1,51.6,53.9,52.3,54.5
232360,愛知県みよし市,,37.3,38.5,,,,43,45,47.2
232378,愛知県あま市,,63.2,65.9,67.8,68.8,71.3,73.6,75.8,76
232386,愛知県長久手市,53.8,48,50.1,48,49.2,35.7,35.9,39.5,43.2
233021,愛知県東郷町,55.9,67,69.2,66.4,66.7,67.5,70.9,72.4,73.8
233421,愛知県豊山町,64.3,57.9,59.1,60.4,61.6,62,62.7,63.6,65
233617,愛知県大口町,,35.5,,41,38.8,35.2,39.3,43.4,47.7
233625,愛知県扶桑町,63.5,64.3,65.9,,69.5,71.4,73.1,75,76.5
234249,愛知県大治町,,,,,,,,,
234257,愛知県蟹江町,51.7,52.6,52.9,55.3,57.1,58.4,60.4,62.4,64.1
234273,愛知県飛島村,,85.9,85.9,88.1,90.3,90.1,30.4,34,37.6
234419,愛知県阿久比町,56.5,59.3,61.5,63,64.7,66.5,68,69,70.8
234427,愛知県東浦町,,79,80.1,79,80.5,79.4,80.5,81.3,81.3
234451,愛知県南知多町,,68.5,69.4,68.8,69.2,,62.8,62.4,64.9
234460,愛知県美浜町,,56.7,58.2,60.5,62.7,65.5,67.4,69.2,70
234478,愛知県武豊町,47.3,49.8,51.5,54.4,52.6,55.6,58.3,61.4,63.8
235016,愛知県幸田町,,50,51.6,52.6,54,56,58.1,60.3,62.3
235610,愛知県設楽町,,,,,,49.4,55.6,59.3,63
235628,愛知県東栄町,,,,,,99.8,99.8,99.8,99.8
235636,愛知県豊根村,,67.9,70.4,65.1,67.1,72.1,71.5,72.9,71.7
242012,三重県津市,,64.5,66.7,68.8,69.4,69.8,62.1,72.1,73.9
242021,三重県四日市市,72.4,66.2,65.4,67.4,63.2,60.1,55.2,55.1,55.3
242039,三重県伊勢市,57.3,60.4,60.4,64,65.3,64,66.6,55.8,56.4
242047,三重県松阪市,,60.9,63.3,61.5,57.8,57,60.8,63.1,67
242055,三重県桑名市,69,71.3,73.3,75.4,76.8,78.7,79.6,81.3,82.4
242071,三重県鈴鹿市,,67.5,68.2,69.8,56.7,59.4,60,58.8,59.4
242080,三重県名張市,,74.5,76.7,79.1,76.4,79.2,81.4,80.6,
242098,三重県尾鷲市,,28.5,26.5,30.4,34.4,38.3,41.7,45.2,48.7
242101,三重県亀山市,,69.6,71.8,72.1,73.5,73.6,73.7,78.7,81.3
242110,三重県鳥羽市,63.1,51.1,41,56.4,58.4,60.5,62.7,64.8,66.8
242128,三重県熊野市,,,,,,,,54,64.9
242144,三重県いなべ市,,26.1,28.6,22.9,24.4,27.7,31.7,35.7,35.6
242152,三重県志摩市,,40.3,43.1,46.1,48.6,51.1,49.6,51.8,50.4
242161,三重県伊賀市,54.1,55.2,57.2,62.5,65.2,66.5,68.1,70.7,72.8
243035,三重県木曽岬町,,71.3,73.1,74,76.9,79.4,83.2,86.3,89.5
243248,三重県東員町,66.1,69.6,70.8,74.3,75.1,78.4,81.1,79.9,81.4
243418,三重県菰野町,33.6,35.1,35.7,38.4,43.4,39.8,37.5,40.7,
243434,三重県朝日町,24.7,24.7,33,35.8,38.5,41.3,44.1,45.8,52.9
243442,三重県川越町,43.9,47.6,50.9,54.1,57.1,57.3,52.6,55.5,58.3
244414,三重県多気町,51.7,55.4,58.7,62,65.3,68.5,71.1,74.4,77.6
244422,三重県明和町,59.1,62,65.5,71.3,59.5,60.7,61.5,50.8,67.9
244431,三重県大台町,52.9,56.2,59.2,40.8,44.4,47.8,51.2,72.9,58.1
244619,三重県玉城町,70.7,73,65.6,68.9,75,78.1,81.3,84.2,86.8
244708,三重県度会町,61.9,69.1,65.3,67.8,70.2,72.7,74.8,76.7,78.1
244716,三重県大紀町,,35.2,37.7,,,66.7,69.3,72.7,70.8
244724,三重県南伊勢町,,48.6,50.5,53.5,56.6,59.6,62.3,33.1,35.6
245437,三重県紀北町,92.9,92.9,94.2,94.1,94.1,95.2,98.2,100,79.2
245615,三重県御浜町,69.7,76.1,76.1,78.9,81.7,77.9,81.1,84.3,
245623,三重県紀宝町,42.2,49.1,52.6,53.6,57.8,61,64.4,64,36.3
252018,滋賀県大津市,,56.2,58.5,60.9,63.2,64.9,66.4,65.9,67.8
252026,滋賀県彦根市,,,,,,,,,
252034,滋賀県長浜市,31.5,34.5,37.5,40.5,43.5,46.5,48.8,51.4,53.9
252042,滋賀県近江八幡市,,79.3,80.9,82.4,84.1,83.2,80.4,80.7,82.1
252069,滋賀県草津市,,50,42.5,41.5,36.6,39,41.1,41.9,44.2
252077,滋賀県守山市,36.5,39.1,42.1,45,46.6,50.3,52.4,55.4,54.5
252085,滋賀県栗東市,62.8,62.9,64.8,66.5,68.7,70.6,71.3,71.4,72.9
252093,滋賀県甲賀市,76.3,78.3,79.3,77.8,63.3,64.5,66.3,66.1,53
252107,滋賀県野洲市,,36.2,38.8,34.7,35.5,37.6,40.1,42.9,45.5
252115,滋賀県湖南市,65.2,65.6,67,68.9,70.9,72.9,73.8,75.7,76.2
252123,滋賀県高島市,47.3,49.9,52.2,55,55.8,56.7,58.3,54.5,51.3
252131,滋賀県東近江市,,41.8,,,,,,,
252140,滋賀県米原市,35,38.3,40.4,35.6,37.8,41.4,44.9,48.4,51.9
253839,滋賀県日野町,,88.8,81,83,84.8,86.4,87.9,89.2,90.6
253847,滋賀県竜王町,84.4,87,89.5,92.1,94.6,96.5,98,99.1,99.4
254258,滋賀県愛荘町,,,48.5,51.5,54.3,57.1,59.9,62.4,64.4
254410,滋賀県豊郷町,32.3,,37.9,40.7,43.5,46.2,48.7,48.6,51.6
254428,滋賀県甲良町,,67.6,,,,74.5,74.4,74.9,73.9
254436,滋賀県多賀町,48.5,,43.4,46.1,48.8,51.5,53.9,55.2,28.7
261009,京都府京都市,,,73,74.4,75.8,77.8,72.4,76.4,76.8
262013,京都府福知山市,86,72.6,74.1,72.8,72.2,73.8,74.4,75.9,77.2
262021,京都府舞鶴市,,47.7,51.1,37,35.2,26.9,36.2,33.1,36.2
262030,京都府綾部市,41.5,64.7,37.8,36,37.9,39.8,41.7,43.6,45.5
262048,京都府宇治市,,58.2,59.3,61.3,62.1,63.9,65.5,67,68.5
262056,京都府宮津市,82.8,83.6,85.1,86.9,88.3,85.3,77.2,78.5,
262064,京都府亀岡市,28.4,28.8,26.7,29,31.4,33.7,36.1,38.5,40.8
262072,京都府城陽市,29.4,29.2,33.1,29.9,32.2,34.4,36.9,39.2,41.4
262081,京都府向日市,,67.2,67.2,70.7,67.6,68.7,69.6,70.5,70.5
262099,京都府長岡京市,58.6,60.8,51.6,54.1,37.3,42.1,44.1,46.1,46.9
262102,京都府八幡市,81.7,63.7,63.6,67.3,66.9,68.8,74.7,,
262111,京都府京田辺市,36.1,37.2,39.2,41.2,43.1,45,47,30,32.5
262129,京都府京丹後市,28.9,32.8,36,35.2,43.1,46.9,47,51.1,55.1
262137,京都府南丹市,71,68.8,68.4,69.8,70.1,66.4,65.5,67.5,69.5
262145,京都府木津川市,,55.4,61.9,64.3,67.6,70.3,72.6,74.8,76.8
263036,京都府大山崎町,84.7,85.9,87.9,89.7,85.3,83.5,85.5,85.2,86.9
263222,京都府久御山町,74.5,76.6,47.1,49.1,51.2,46.6,46.8,51.2,51.2
263435,京都府井手町,64,65.1,67.4,69.6,71.7,73.7,71.6,74.4,76.7
263443,京都府宇治田原町,22.6,30.8,30.9,33.1,35.2,37.7,39.4,41.9,44.5
263648,京都府笠置町,78.7,81.4,83.6,85.8,88,90.2,92.4,94.6,94.6
263656,京都府和束町,,77.6,80,82.4,84.8,87.1,87.5,64.8,67.5
263664,京都府精華町,49.5,52.8,56.4,60.8,63.4,65.6,66.4,67.7,66.5
263672,京都府南山城村,71,71.7,76.3,77.7,79.1,80.5,81.5,82.4,82.9
264075,京都府京丹波町,,62.5,62.8,65.6,67.7,69.2,33.9,35,39.2
264636,京都府伊根町,99.1,94.2,94,94.6,86.8,88,88.9,89.8,88.5
264652,京都府与謝野町,74.6,76.6,52,52.2,58.2,58.8,61.7,64.6,47.5
271004,大阪府大阪市,65.1,66.4,67,68.8,70.4,70.4,72.5,71.8,72.8
271403,大阪府堺市,49.2,46.5,47.6,49.6,51,53,53.5,55.6,53.9
272027,大阪府岸和田市,,70.4,72.3,74.8,76.6,77.6,79.1,80.1,81
272035,大阪府豊中市,,84.1,82,84,84.5,84,84.2,85.4,86.5
272043,大阪府池田市,,73.6,75.1,60.3,61.4,61.5,52.4,62.7,65.2
272051,大阪府吹田市,77.1,81.7,83.4,84.5,69,69.6,71.4,72.8,74.5
272060,大阪府泉大津市,,70,67,69,69.4,70.5,66.8,67.7,67.6
272078,大阪府高槻市,,,,,,55.1,57,58.9,59.6
272086,大阪府貝塚市,,83.7,85.7,66.8,68.9,68.9,57.1,44.4,42.7
272094,大阪府守口市,69.6,69.2,35.3,20.5,23.6,19.1,22.5,26,29.5
272108,大阪府枚方市,32.9,75.9,53.5,51.6,52.5,54.8,57.2,58.5,59.4
272116,大阪府茨木市,,72.4,67.2,66.5,69,68.5,70.9,70.4,65.8
272124,大阪府八尾市,,70.7,59.9,38.4,41.6,44.7,42,41.1,40.9
272132,大阪府泉佐野市,,23.7,26.2,28.7,31.2,33.7,45,46.3,47.2
272141,大阪府富田林市,69.3,71.2,73,74.7,76.3,77.9,79.1,78.4,80.1
272159,大阪府寝屋川市,65.5,56.5,57,58.5,62.3,64.8,66.9,67.1,58.3
272167,大阪府河内長野市,49,51.2,53.3,55.5,57.7,59.9,62,64.1,66
272175,大阪府松原市,,35.9,38.8,41.6,42.9,32.9,35.2,36.1,39.6
272183,大阪府大東市,53.4,55.3,56.9,57.6,59,60.4,60.5,62,63.5
272191,大阪府和泉市,,69.5,70.4,73.5,75.9,77,79.1,81.1,82.9
272205,大阪府箕面市,,67.1,,,,,,,
272213,大阪府柏原市,55.6,95.7,96.3,96.8,96.3,43.1,42.7,35.7,35.2
272221,大阪府羽曳野市,56.1,58.7,43.6,45.9,48.9,51.8,48.4,51.3,53.5
272230,大阪府門真市,93.2,94.7,95.2,30.9,34.2,28.4,36.1,39.5,42.8
272248,大阪府摂津市,,55.7,54.8,57.2,59,64.9,63.7,57.6,56.4
272256,大阪府高石市,60.6,94.7,95.2,66.9,66.4,68.7,67.7,70.1,54.3
272264,大阪府藤井寺市,61,50.6,,56.6,57,50.4,50.8,53.2,51.9
272272,大阪府東大阪市,,27.7,31.1,33.1,36.2,38.3,40.4,40.4,41.9
272281,大阪府泉南市,,58.4,59.5,62.1,64.4,66.4,68,69.5,71.1
272299,大阪府四條畷市,85.9,82.8,82.6,84.6,85.8,88.5,89.9,90.8,91.6
272302,大阪府交野市,92.5,91.5,93.5,93.2,94.1,90.4,63.6,61,64.1
272311,大阪府大阪狭山市,,88.7,77.2,73.6,69.4,71.7,73.7,75.8,77.7
272329,大阪府阪南市,,91.6,90.3,91.4,92.1,86.3,87.3,89.5,91.1
273015,大阪府島本町,60,60.8,61.4,61.8,59.2,40.2,46,44.7,50.8
273210,大阪府豊能町,,60.4,62.6,,66.9,67.9,70.2,66,68.2
273228,大阪府能勢町,,56.5,58.7,61,63.1,62.2,64.6,67,69.2
273414,大阪府忠岡町,72.5,74.7,76.8,78.6,77.4,79.4,81.4,14.7,14.3
273619,大阪府熊取町,,62.1,63.8,65.4,58.5,60.5,54.2,49.9,52.9
273627,大阪府田尻町,,48.4,50.1,52.7,54.5,53.9,54.1,53.8,55.9
273660,大阪府岬町,87.5,89,90.3,91.6,90.1,91.3,92.5,93.5,94.7
273813,大阪府太子町,55.4,57.8,59.3,60.9,61.9,63,58.7,60.9,63.1
273821,大阪府河南町,,41.2,,,0.4,4.2,8.1,12,15.9
273830,大阪府千早赤阪村,46,37.6,54.8,56.3,59,60.6,61.5,63.2,64.9
281000,兵庫県神戸市,78.3,79.7,80.9,82,83.2,83.5,84.9,82.8,84.1
282014,兵庫県姫路市,57,52.9,52.1,53.2,51,52.6,54.5,56.8,59.3
282022,兵庫県尼崎市,75.2,74.9,76,74.7,75.9,70.2,63.1,69.4,76.5
282031,兵庫県明石市,67.4,65.8,66,65.6,66.3,67.7,67.3,68.6,67.4
282049,兵庫県西宮市,69.5,71.8,66.5,68.6,70.2,66.1,63.8,65.2,62.3
282057,兵庫県洲本市,,38,56.4,58.1,38,33.7,36.7,39.9,39.7
282065,兵庫県芦屋市,,63.9,65,58.9,60.3,61.4,35,36.3,36.5
282073,兵庫県伊丹市,65.7,67.6,70,71.8,45.8,38.2,29.7,31.9,33.8
282081,兵庫県相生市,,81,83.2,85.5,81.6,83.6,85.4,87.2,88.5
282090,兵庫県豊岡市,43.1,54.2,57.1,60.1,63.6,66.4,66.4,69.2,67.5
282103,兵庫県加古川市,56.8,59.1,50.5,51.3,47.1,46,48.7,51.5,54.3
282120,兵庫県赤穂市,,63.4,65,66.4,67.5,69.1,71.1,72.6,64.7
282138,兵庫県西脇市,,46.2,79.2,77.2,53.9,56.5,59.1,61.6,64.2
282146,兵庫県宝塚市,,58.3,60.1,62.1,62.1,61.8,63.3,65.6,67.7
282154,兵庫県三木市,73.5,53.5,55.9,57.6,64.7,67.4,69.7,72.6,71.2
282162,兵庫県高砂市,,64,64.1,49.3,31.8,35.7,38.5,41.3,43.7
282171,兵庫県川西市,88.4,90,60.6,47.4,41.3,42.8,34.8,36.9,32.3
282189,兵庫県小野市,,96.7,96.4,96.8,97.1,95.9,96.3,96.8,97.3
282197,兵庫県三田市,70.9,72.9,74.2,75.9,77.8,77,76.6,78,
282201,兵庫県加西市,81.9,57.3,44.4,42.9,29.6,31,30.7,30.7,33.7
282219,兵庫県丹波篠山市,,48.3,48.1,42.4,44.2,46.8,49,51.4,53.7
282219,兵庫県丹波篠山市,,48.3,48.1,42.4,44.2,46.8,49,51.4,53.7
282219,兵庫県篠山市,,48.3,48.1,42.4,44.2,46.8,49,51.4,53.7
282219,兵庫県篠山市,,48.3,48.1,42.4,44.2,46.8,49,51.4,53.7
282227,兵庫県養父市,,56.8,59.4,61.9,60.4,54.5,55,57.5,59
282235,兵庫県丹波市,66.3,69.4,69.4,68.2,72.4,,,,
282243,兵庫県南あわじ市,55.3,51.7,51.8,55.8,46.8,,50.4,,
282251,兵庫県朝来市,,56.1,52.2,54.3,57.2,61.7,64.4,67,65.7
282260,兵庫県淡路市,,58.2,50.6,37.7,40,42.7,52,52.4,52.1
282278,兵庫県宍粟市,67.2,69.5,71.8,60.2,49.5,52.7,55.7,59,60.5
282286,兵庫県加東市,60.4,63.2,66,42.5,29.8,28.7,32.8,37,31.8
282294,兵庫県たつの市,,79.6,64.4,53.9,37.3,38.3,40.9,44.3,47.8
283011,兵庫県猪名川町,,50.9,53.1,55.4,57.7,55.2,55.3,57.5,60.3
283657,兵庫県多可町,,43.5,49.6,55.8,71.9,,,,
283819,兵庫県稲美町,,75,70.8,76.4,77.4,,80.9,58.1,51.8
283827,兵庫県播磨町,,,,55.5,58.9,62.3,65.6,67.6,69.5
284424,兵庫県市川町,,67.5,68.6,28.1,31.5,19.4,23.7,27.9,32.2
284432,兵庫県福崎町,,25.3,27.5,29.7,32,34.3,36.7,39,
284467,兵庫県神河町,27.3,30.7,34.1,37.5,40.9,44.3,47.7,51.1,53.9
284645,兵庫県太子町,,66.6,68.4,70.3,66.4,65.9,68.3,69.4,66.6
284815,兵庫県上郡町,,93,93.6,94.3,94.9,95.5,0,5.2,10.3
285013,兵庫県佐用町,,17.9,20.2,24,27.8,31.3,34.9,38.3,42.1
285854,兵庫県香美町,45.1,47.7,50.5,52.6,52.9,53.3,56.8,60,63.4
285862,兵庫県新温泉町,,,,,81.4,83.8,87.2,88.6,91.6
292010,奈良県奈良市,59.3,59.9,59.4,58.1,56.8,58,59.6,61.3,62.5
292028,奈良県大和高田市,,59.1,60.4,61,60.8,62.7,64.7,66.7,68.3
292036,奈良県大和郡山市,,52.7,45.7,47.7,50.1,45.6,53.2,55.8,49.3
292044,奈良県天理市,48.3,50.9,53,52.8,54.8,56.5,49.8,51.9,53.9
292052,奈良県橿原市,50.3,53.8,55.4,57.2,58.9,61.2,63.3,65.3,67.4
292061,奈良県桜井市,,69.4,71.2,77.5,78.8,80.4,81.8,83.4,85
292079,奈良県五條市,86,90.3,90.9,91.3,91.6,92.3,36.1,39.6,42.4
292087,奈良県御所市,65.7,67.4,69.1,69.4,66.3,66.9,68.7,70.6,72.4
292095,奈良県生駒市,,25.9,44.6,46,46.6,49.1,50.5,52.9,55.2
292109,奈良県香芝市,,70.5,64.4,66,66.8,68.7,69,70.5,71.8
292117,奈良県葛城市,,32.8,35.4,37.5,39.9,25.2,28.2,31.3,31.5
292125,奈良県宇陀市,,74.3,76.8,79.2,,,50.9,52.7,51.9
293229,奈良県山添村,,77.5,78.9,80.4,81.8,83.3,83.5,86.2,87.6
293423,奈良県平群町,35,36.6,38.7,40.9,43,45.1,47.3,46.2,48.4
293431,奈良県三郷町,72.5,77.1,79,80.4,81,78.6,8.9,14,19.1
293440,奈良県斑鳩町,81,83.7,83.7,84.9,85.8,86.5,87.5,88.1,87.8
293458,奈良県安堵町,,63.8,66,67.7,70,70.1,,77.2,79.4
293610,奈良県川西町,51.3,54.5,57.7,54,57.4,61,64.5,68,33.9
293628,奈良県三宅町,82.9,68.5,70.7,73.6,75.5,81.6,82.3,83,83.8
293636,奈良県田原本町,,96.4,,81.1,81.7,82.4,83,83.6,
293857,奈良県曽爾村,,89.6,92.8,96,99.2,99.6,99.6,99.6,99.6
293865,奈良県御杖村,,69.4,73.6,76.9,79.8,80.8,85.9,87.8,81.9
294012,奈良県高取町,,,100,100,100,98.1,44.3,47,49.7
294021,奈良県明日香村,,46.1,43.7,43.7,45.2,46.7,79.2,80.1,82.8
294241,奈良県上牧町,58.3,59.1,61.6,64,66.1,68.6,70.8,72.7,74.5
294250,奈良県王寺町,52.7,54.5,56.4,58.2,60,61.8,63.5,63.7,66.6
294268,奈良県広陵町,75,78.3,48.7,47.2,50,55.2,56.9,58.3,55.6
294276,奈良県河合町,,96.3,97.1,97.9,98.4,35.5,38.8,67.2,66
294411,奈良県吉野町,77.3,78.8,78.1,78.8,78.9,80.7,79.4,77,79.2
294420,奈良県大淀町,,78.8,81.3,82.9,81.8,83.5,85.1,86.9,84.7
294438,奈良県下市町,96.8,77.2,78.4,79.3,80.5,85.7,86.1,86.6,84.8
294446,奈良県黒滝村,,100,100,100,97.3,92.4,92.6,84.4,85.4
294462,奈良県天川村,,,,,,,0,3.6,7.1
294471,奈良県野迫川村,,2.2,4.4,6.6,8.8,11,13.2,15.4,86.2
294497,奈良県十津川村,,37.3,28.9,31.9,35.1,38.6,42.2,45.7,48
294501,奈良県下北山村,100,100,100,100,100,0,2.5,5.1,7.6
294519,奈良県上北山村,100,100,92.2,92.3,92.5,92.7,92.9,52,54.5
294527,奈良県川上村,28.8,31,33.2,35.3,37.5,39.7,41.9,44.1,14.4
294535,奈良県東吉野村,70.9,71.4,,,,80.6,82,83.2,95.3
302015,和歌山県和歌山市,64.3,73,70.2,71.8,58.5,60.8,63.3,65.2,67.5
302023,和歌山県海南市,48.4,51.1,26.1,29.3,30.4,34,37.5,39.9,43.2
302031,和歌山県橋本市,35.7,32.3,36.2,41.3,41.3,45,48.2,49.8,51.3
302040,和歌山県有田市,,73.2,74.9,75.7,76.3,78.1,75.6,81.4,82.9
302058,和歌山県御坊市,75.1,77.3,75,74.2,72.9,74.5,76,77.5,76.1
302066,和歌山県田辺市,66.6,67.8,70.1,74.9,77.3,79.4,81.2,82.8,84.3
302074,和歌山県新宮市,49.2,51.8,54.3,56.9,59.4,61.9,64.4,66.8,66
302082,和歌山県紀の川市,61.9,64.2,66.2,67.7,69.4,68.3,68.8,70.8,72.8
302091,和歌山県岩出市,,77.3,78.6,78.6,79.3,80.5,81.9,82.1,88.2
303046,和歌山県紀美野町,,,32.2,40.2,42.1,,,,
303411,和歌山県かつらぎ町,48.9,12.4,15.1,17.7,20.4,23.1,25.8,,
303437,和歌山県九度山町,96.7,97.1,97.6,98,98.5,97.4,97.6,97.7,96.9
303445,和歌山県高野町,84.5,86.1,87.4,89.1,90.7,92.4,94.1,97.1,98.3
303615,和歌山県湯浅町,69.6,71.9,74.1,76.5,78.8,1,4,7,10
303623,和歌山県広川町,31.3,35.7,35.7,35.7,40.1,42.3,44.5,46.7,48.9
303666,和歌山県有田川町,,24.9,27.7,30.5,33.4,36.2,39,41.9,44.6
303810,和歌山県美浜町,17.6,19.9,22.1,24.3,26.5,28.7,30.9,33.1,35.3
303828,和歌山県日高町,72.6,74.8,76.5,70.8,73.2,72.8,74.9,77.2,73.9
303836,和歌山県由良町,6,9,11.9,14.9,18,21.1,24.2,27.3,30.3
303909,和歌山県印南町,51,54,57,60,63,66,69,72,75
303917,和歌山県みなべ町,77.9,79.3,73.1,73.9,71.3,73.7,75,76.3,77.6
303925,和歌山県日高川町,77.8,81.5,79.1,82.8,85.2,88.2,88,91,89.9
304018,和歌山県白浜町,40.8,43.6,46.5,51.1,54.1,57.3,60.6,53,56
304042,和歌山県上富田町,,40.8,44.1,47.3,50.6,53.8,56.3,58,60
304069,和歌山県すさみ町,,50.3,52.1,47.2,49.9,52.7,55.4,58.2,61
304212,和歌山県那智勝浦町,47.7,49.6,82.5,51.1,60.5,61.9,63.3,64.7,66.1
304221,和歌山県太地町,83.6,83.6,27.5,32.2,35.5,39.9,44.1,38.2,43.6
304247,和歌山県古座川町,,64.9,67.6,72.2,76.8,81.4,86,90.6,95.2
304271,和歌山県北山村,37.4,39.6,,44,46.2,48.4,50.6,44.3,47.4
304280,和歌山県串本町,,86.9,88,89,90.5,92,92,11.2,14
312011,鳥取県鳥取市,40.4,45.6,49.4,44.9,47.2,49.9,52.5,56.5,60.6
312029,鳥取県米子市,85,89,90.9,,94.3,95.6,96.9,58.7,57.2
312037,鳥取県倉吉市,71,73.1,74.9,76.4,77.8,79.3,80.6,82,
312045,鳥取県境港市,,,80.2,,78.3,,,,
313025,鳥取県岩美町,,51.9,55.4,58.9,60.4,64.3,67.1,69.8,72.6
313254,鳥取県若桜町,,65.2,67.4,30.9,34.2,36.2,39.4,38.4,41.5
313289,鳥取県智頭町,,96.8,54.6,9.2,13.8,18.4,22.5,27.2,31.9
313297,鳥取県八頭町,,27,30.8,19,23.7,27.6,31.6,35.5,39.5
313645,鳥取県三朝町,,56.3,,64.7,69,66.2,60.4,64.8,69.3
313700,鳥取県湯梨浜町,43.1,49.9,54,57.4,60,60,62.5,65.4,67.7
313718,鳥取県琴浦町,28.1,32.1,33.1,37,41,45,48.8,51.8,55.8
313726,鳥取県北栄町,,49.4,53.8,58.2,60,64.3,68.7,71.5,75.3
313840,鳥取県日吉津村,,70.1,70.1,72.4,77,79.3,81.6,0,3
313866,鳥取県大山町,,22.6,26.7,30.8,34.9,37.7,41.9,45.7,50.4
313891,鳥取県南部町,,61.4,41.5,45,48.3,51.7,55.2,58.7,62.1
313904,鳥取県伯耆町,,53.7,57.2,49,52.7,52.7,55.2,58.4,61.2
314013,鳥取県日南町,74.4,77.8,77.9,80,81.6,83.2,85.3,86.1,88.5
314021,鳥取県日野町,45.9,55.1,59.7,64.2,68.8,73.1,77.7,82.3,86.5
314030,鳥取県江府町,61.9,67.1,68.4,64.9,67.8,70.6,73.1,78.7,75.5
322016,島根県松江市,52.8,53.7,53.7,53.4,55.1,57.6,59.7,61.6,64
322024,島根県浜田市,87.9,89.1,90.2,91.4,85.2,86.2,87.7,89.1,89.8
322032,島根県出雲市,62,63.7,65,66.7,66.3,67.9,69.6,71.9,73.5
322041,島根県益田市,95.3,95.5,95.8,92.6,93,89.1,89.8,84.2,81.3
322059,島根県大田市,,75.5,80,79.9,82,82.7,89.2,89.5,90.5
322067,島根県安来市,66.8,69.4,71.5,74,76.5,78.7,81,83.2,87.9
322075,島根県江津市,26.2,29,31.7,29.2,32.2,35.1,35.1,35.1,37.8
322091,島根県雲南市,,,60.3,63.6,67,70.2,73.5,76.6,79.9
323438,島根県奥出雲町,44.6,43.5,46.7,50,53.2,56.3,56.7,59.6,62.6
323861,島根県飯南町,62.3,72.7,73.3,74.7,77.5,80.3,82.2,84.5,86.5
324418,島根県川本町,,,,,,,,,
324485,島根県美郷町,18.4,23,27.5,32.1,36.7,41.3,45.9,50.5,55.1
324493,島根県邑南町,52.6,52.6,61,,,,,,
325015,島根県津和野町,98.1,99.4,100,100,,100,100,94.1,38.8
325058,島根県吉賀町,,,100,100,100,,,,
325252,島根県海士町,,27.7,30,26.5,28.6,30.7,42.5,46.9,51.4
325261,島根県西ノ島町,92,100,63.9,51.3,54,56.6,59.3,61.9,64.6
325279,島根県知夫村,,,100,100,100,11.4,16.1,10.7,16
325287,島根県隠岐の島町,,60.8,64.3,67.7,71.2,78.1,80,83.3,86.1
331007,岡山県岡山市,69,70,68.2,73.9,75.9,60.6,61.3,60.4,59
332020,岡山県倉敷市,79.1,77.9,76.9,74.8,73.1,68.2,67,68,68.9
332038,岡山県津山市,,39.4,39.6,34.2,21.1,25.7,30.4,35,38.8
332046,岡山県玉野市,78.3,80.7,83.9,85.7,85.9,87.1,89.4,88.6,88.7
332054,岡山県笠岡市,,66.3,67.6,72.4,54.9,57.9,60.2,62.7,65.3
332071,岡山県井原市,42.9,44.9,47.8,50.7,48,50.5,53.5,57.1,62.9
332089,岡山県総社市,56.2,58.4,56.9,47.8,47.4,49.4,52.2,55,57.4
332097,岡山県高梁市,,75.4,,,63.4,64.2,66.4,68.6,68.9
332101,岡山県新見市,,36.9,40,43.5,43.8,47.2,50.5,44,47.9
332119,岡山県備前市,,48.3,51.8,36.5,36.2,39.3,42.7,46.1,49.4
332127,岡山県瀬戸内市,,62.2,59.6,59.2,57.8,60.3,62.6,53.7,56
332135,岡山県赤磐市,65.6,67.5,49.6,52.3,49.8,52.2,54.8,56.4,58.7
332143,岡山県真庭市,,51.7,42,39.1,47,50.3,54,56.8,59.4
332151,岡山県美作市,,68.5,52.9,55.7,58.8,42.4,43.6,47.7,51.8
332160,岡山県浅口市,71.7,76.7,76.3,78.8,74.5,76.8,79,80.2,47.8
333468,岡山県和気町,79.5,33.1,,100,100,29.6,33.7,37.5,41.3
334235,岡山県早島町,40.1,41.7,44,46.3,48.6,50.9,53.2,55.8,57.9
334456,岡山県里庄町,55.4,54.5,56.5,59.3,59.2,61.7,64.3,62.6,65.3
334618,岡山県矢掛町,56.7,59.4,62.2,,55.1,63.7,59.7,62.2,65
335860,岡山県新庄村,,84.4,87.2,92.4,94.6,,94.6,98.7,98.7
336068,岡山県鏡野町,,,,38,41.3,44.5,47.6,51,53.3
336220,岡山県勝央町,70.9,73.1,75.3,77.5,44.4,49,51.5,52.1,54.7
336238,岡山県奈義町,,54.3,59.4,61.5,63.9,66.1,68.5,70.9,0
336432,岡山県西粟倉村,68.6,70.7,72.7,65.4,27.7,,,,
336637,岡山県久米南町,91.2,90.1,94.3,91.1,90.3,90.2,90.5,90.7,91.8
336661,岡山県美咲町,19.3,25,33.1,35.8,39.1,41.1,44.8,48.4,52
336815,岡山県吉備中央町,78,70.8,70.8,73.3,75.7,77.8,79.2,80.7,53.5
341002,広島県広島市,83.3,82.8,81.2,80.5,80,79.1,79.6,80.8,
342025,広島県呉市,,59.7,61.1,63.9,66.9,70.9,70,72.1,75
342033,広島県竹原市,85.1,81.4,86.7,71.4,44.7,45.8,44.7,47.2,49.7
342041,広島県三原市,44.1,49,56.4,55.9,51.9,53.5,55.9,58.1,60.2
342050,広島県尾道市,59.2,56.9,58.5,54.8,54.6,56.9,57.7,59.1,61
342076,広島県福山市,,67.7,68.7,65.8,59.8,62.2,58,61.6,61.9
342084,広島県府中市,60.9,61.8,63.8,63.3,61.8,61.9,63.8,65.5,67.1
342092,広島県三次市,,51.3,43.9,46,48.3,50.8,52.8,55.4,58
342106,広島県庄原市,37.2,37.1,40.1,43.6,47,50.1,53.2,56.5,59.8
342114,広島県大竹市,84.9,86.2,88,89.5,91,92.2,31.2,34.2,
342122,広島県東広島市,,77.9,78.1,80,81.3,83.6,84.9,77.9,79.1
342131,広島県廿日市市,,71.5,73,75.2,66,67.2,70,71.6,74.3
342149,広島県安芸高田市,77.7,79.9,81.9,83.2,83.4,84.6,84.3,84.9,86.4
342157,広島県江田島市,,,51.2,56.1,49.3,27.2,30.6,34.1,37.7
343021,広島県府中町,,,,,,,,,
343048,広島県海田町,62.7,39.1,28.8,34.8,34.7,37.7,40.5,43.5,46.4
343072,広島県熊野町,,22,24.2,26.3,28.6,30.8,32.9,35.1,37.4
343099,広島県坂町,30,33,36,39,42,45,48,51,54
343684,広島県安芸太田町,52.2,55.3,55.1,58,61.2,64.4,67,70.2,73
343692,広島県北広島町,95.9,96.6,97.3,98,98.6,99.3,100,100,100
344311,広島県大崎上島町,93.2,94,89.7,76.1,91.5,96.8,56.6,58.9,61.2
344621,広島県世羅町,76.4,74.6,77.1,78,79.5,82.8,83.7,82.9,84.9
345458,広島県神石高原町,63.9,64.7,38.5,35.3,24.8,28.6,32.4,32.4,23.8
352012,山口県下関市,,62.5,49,50.6,49.7,59.5,52.2,59.1,61
352021,山口県宇部市,50.4,55.2,59.2,61.3,63.4,65.5,67.5,69.4,71.3
352039,山口県山口市,71.5,64,65.8,59.7,59.4,61.9,60.7,62.2,63.7
352047,山口県萩市,71.5,73.5,75.3,76.9,78.5,80.1,81.7,83.3,84.9
352063,山口県防府市,,29,52.4,55.2,56.3,57.5,61.4,65,68.4
352071,山口県下松市,42.6,45.1,47.6,50,52.5,54.7,56.8,58.9,61
352080,山口県岩国市,,86.6,88.1,88.5,90.1,90.5,91.2,77.6,77.6
352101,山口県光市,75.3,71.6,73.2,69.7,71.1,72.4,74.1,75,76.1
352110,山口県長門市,56.5,59.7,62.9,55.7,58.2,59.5,62.9,66.1,69.3
352128,山口県柳井市,45.3,42.1,42.1,42.9,46,49.1,52.2,55.4,58.5
352136,山口県美祢市,,70.6,54.1,48.3,49.5,52.4,54.9,58.7,60.8
352152,山口県周南市,72.7,83.9,84.1,86,87.8,82.3,82.8,83.2,83.2
352161,山口県山陽小野田市,90.8,92.6,94.7,96.4,97.9,99,99.7,99.9,27.3
353051,山口県周防大島町,78.1,80,81.9,84.7,84.9,87.1,94.8,96.9,99
353213,山口県和木町,90.7,91.9,92.5,16.8,19.7,21.8,23.8,25.8,27.7
353418,山口県上関町,,,,,,,,,
353434,山口県田布施町,84.7,86.9,87.9,90.2,91.7,88.6,83.4,84.6,83.1
353442,山口県平生町,80.8,83,85.2,87.4,89.6,89.6,90.8,91.4,92.9
355020,山口県阿武町,52.9,56.2,59.5,62.6,65.4,67.2,69,70.8,66.9
362018,徳島県徳島市,58.8,60.4,58.4,60.8,59,60.8,62.4,64.2,65
362026,徳島県鳴門市,79.4,64.4,64.3,61.1,56.2,57.7,59.4,53.3,55.7
362034,徳島県小松島市,82.3,83.5,85.5,88,89.5,90.7,91.9,92.6,93.5
362042,徳島県阿南市,65.8,59.7,60.8,63.3,65.8,67.8,69.4,71.5,72.4
362051,徳島県吉野川市,64,65.9,46,26.3,27.8,28.3,31.8,35.7,29.9
362069,徳島県阿波市,43.2,45.5,58.8,57.1,35.8,38.8,40.5,44.3,48.1
362077,徳島県美馬市,47.6,44,33.8,37,30.9,34.1,35.2,37.6,41.6
362085,徳島県三好市,69.7,61.8,77.1,79.2,82.2,84.2,85.6,87.4,89.6
363014,徳島県勝浦町,,,,,,,,,
363022,徳島県上勝町,78.2,82.8,87.4,92,96.6,60.3,62.1,63.9,65.8
363219,徳島県佐那河内村,48,51,54,57,57.1,60.3,50.7,54.5,58.4
363413,徳島県石井町,92.6,92.8,91.3,36.1,33.3,35.4,37.5,40.3,42.7
363421,徳島県神山町,80.9,82.4,83.6,83.3,85,84.4,84.8,86.7,88.7
363685,徳島県那賀町,48.8,53.2,56.4,58.9,61.9,64.3,66.8,66.2,68.9
363839,徳島県牟岐町,14.3,19,23.8,28.6,33.3,38.1,38.1,42.9,52.4
363871,徳島県美波町,62.6,64.9,66,67.4,69.1,70.6,72.1,73.1,74.8
363880,徳島県海陽町,45.9,50.1,50.2,53.7,57.1,60.6,64,67.3,70.8
364011,徳島県松茂町,39.4,41.4,43.5,44.9,47,49,50.3,52.4,54.4
364029,徳島県北島町,85.4,86.9,65.1,62.4,58.9,55.4,49.8,37.9,39.6
364037,徳島県藍住町,60.2,61.9,64,65.9,67.9,68.5,68.7,70.5,72.2
364045,徳島県板野町,90.4,92,76.3,75.1,75,76,75.9,78.2,72.9
364053,徳島県上板町,40.6,45,45.3,47.5,49.7,51.9,54.1,56.3,58.5
364681,徳島県つるぎ町,59.7,61.7,63.3,58.9,61.1,63.3,65.4,70.3,72.4
364894,徳島県東みよし町,45.5,43.7,45.1,47,49,51.1,48.3,47.5,50
372013,香川県高松市,,48,36.3,52.1,51,48.1,46.2,52.9,55
372021,香川県丸亀市,36.7,38.2,37.6,35.7,37.3,39.3,40.4,36.9,33.6
372030,香川県坂出市,80,80,81.5,83,85,75.3,67.9,56.9,59.1
372048,香川県善通寺市,52.4,54.5,56.6,57.9,60.2,62.3,64.3,66.5,68.6
372056,香川県観音寺市,37.3,39.6,41.9,31.3,31.3,33.7,34.7,36.7,28.1
372064,香川県さぬき市,,45.1,41.2,43.3,32.4,34.7,37,39.3,41.5
372072,香川県東かがわ市,45.8,46.1,45.1,47.1,46.6,33.3,34.7,36.1,39.4
372081,香川県三豊市,54.2,51,47.9,50.2,46.6,45.6,47.4,49.5,50.8
373222,香川県土庄町,,84.7,86.7,81.7,34.8,36.9,34.9,32.8,34.9
373249,香川県小豆島町,,76.9,79.1,81.3,83.4,84.5,84.7,86.7,88.7
373419,香川県三木町,,67.3,68.9,25.8,29.3,32.9,35.6,39.4,43.2
373648,香川県直島町,85.5,87.7,84.4,86.3,80.3,81.7,82.9,84.1,85.5
373869,香川県宇多津町,95.6,96.8,89.6,90.5,91.1,90.8,91,91.2,90.8
373877,香川県綾川町,50.9,42.6,44.7,46.9,26.5,27.9,30.4,31.9,27.9
374032,香川県琴平町,69.1,71.4,73.1,75.2,77.5,79.7,81,83.3,84.5
374041,香川県多度津町,90.4,89.2,85.9,75.7,78.1,78.3,76.3,75.3,76.1
374067,香川県まんのう町,40.5,42.5,42.3,39.9,42.2,44.4,46.2,47,48.8
382019,愛媛県松山市,,60.6,57.6,60.1,60,52.6,54.6,57.5,57.6
382027,愛媛県今治市,,68.9,63.5,65.4,66.7,68.6,70.2,71.7,72.9
382035,愛媛県宇和島市,67.9,69.3,71,60.6,63.4,64.5,66.9,69.6,72.3
382043,愛媛県八幡浜市,73.2,75.4,77.4,46,56.8,50.3,53.6,56.7,59.8
382051,愛媛県新居浜市,,60.6,59.7,60.8,62.9,63.6,65.4,67.3,70.3
382060,愛媛県西条市,67.9,69.1,72.1,74.4,76.3,72.2,75.1,77.9,80.8
382078,愛媛県大洲市,,66.3,68.9,59.7,62.3,56.4,59.9,62.4,64.3
382108,愛媛県伊予市,71,70.7,73.5,75.2,78,71.6,75.1,78.2,80.5
382132,愛媛県四国中央市,65.7,67.6,69.6,71.2,54.1,56.1,57,59.6,61.9
382141,愛媛県西予市,64.9,66.1,61.8,55.8,59.8,41.2,39.4,39.7,43.4
382159,愛媛県東温市,88.5,85.7,84.5,72.5,64,66,67.8,68.4,69.5
383562,愛媛県上島町,38.3,60.8,74.3,39.2,45.9,49.7,53.6,59.1,62.5
383864,愛媛県久万高原町,61.8,65,70.9,74.1,64.9,68.6,72.1,75.9,76.1
384011,愛媛県松前町,88.1,90.6,47.6,50.2,52.9,53.4,55.9,47.4,37.6
384020,愛媛県砥部町,72.3,73.9,77.8,80.9,84.2,47.6,51.2,54.2,55.6
384224,愛媛県内子町,80.3,82.6,85.6,88.1,87.2,88.3,89.3,82.4,84.1
384429,愛媛県伊方町,57.6,44.5,47,49.3,51.8,53.1,57,60.2,62.5
384844,愛媛県松野町,66.1,70,73.6,77.5,81.4,85.3,56.8,61.6,66.4
384887,愛媛県鬼北町,66.5,69.2,72.1,75.4,78.1,80.9,81.9,40.4,39.8
385069,愛媛県愛南町,65.5,68.4,70,71.2,73.4,74.9,77.6,79.4,82
392014,高知県高知市,,50.1,46.6,49.1,49,50.7,47.9,50.3,52.7
392022,高知県室戸市,69.1,69.1,82.7,77.4,77.9,79.2,80.6,81.6,81.3
392031,高知県安芸市,60.7,64.9,46.2,49.6,51.2,54.8,56.9,60.1,63.2
392049,高知県南国市,82,88.2,89.7,91.5,88.6,87.8,69.9,66.5,66.2
392057,高知県土佐市,47.5,49.6,52.3,55.3,58.2,60.4,61.7,64,66.5
392065,高知県須崎市,84.5,82.7,84.9,87.1,89.3,88.3,90.5,92.7,94.9
392081,高知県宿毛市,51.2,54.5,57.5,60.3,63.3,66.4,21.7,26,30.3
392090,高知県土佐清水市,53.6,55.2,49.5,40.3,43.1,45.5,48.5,51.7,51.2
392103,高知県四万十市,67.2,69.8,65.1,55.1,58,59,60.9,63.3,66.1
392111,高知県香南市,59,59.6,62.1,65,67.2,69.4,69.1,66.7,54.4
392120,高知県香美市,49.1,50.6,53.9,57,60.8,64.5,68,71.6,74.9
393011,高知県東洋町,,69.8,100,100,100,98.5,98.6,95.8,95.3
393029,高知県奈半利町,69.8,2.2,2.2,4.4,6.6,8.8,11,13.2,15.4
393037,高知県田野町,68.6,75.8,75.8,79.4,83,86.7,21.6,25,38.3
393045,高知県安田町,86.7,91.3,92.9,96.5,96.7,97,97.3,96,96.4
393053,高知県北川村,44.5,76,78,80,82,84,86,88,90
393061,高知県馬路村,69.7,72.4,72.4,74.6,73.3,76.6,82.6,84.4,83.4
393070,高知県芸西村,77.1,79.4,81.9,84.2,86.4,88.3,90.5,92.7,92.8
393410,高知県本山町,47.3,36.8,,,,56.2,62.5,43.4,67.6
393444,高知県大豊町,100,100,100,100,92.1,92.5,31.8,35,20.5
393631,高知県土佐町,77,81.2,83.2,85.4,88,90.2,92.4,94.6,96.8
393649,高知県大川村,47.4,4.6,31.7,18.2,22.8,23,32.2,,
393860,高知県いの町,57.8,59.8,53.8,51.4,42.8,38.3,30.7,34.1,36.8
393878,高知県仁淀川町,34.2,16.2,20.4,25.3,27.7,30.1,32.6,35.1,37.5
394017,高知県中土佐町,63.9,61.9,70.4,73.9,77.5,7.7,9.7,13.1,16.4
394025,高知県佐川町,86,33.4,36.4,39.8,43,46,47.1,49.9,52.5
394033,高知県越知町,67.8,69.8,71.3,73.5,75.4,77.4,75.7,75.7,76.4
394050,高知県梼原町,70.1,71,75.3,79.6,82,82.8,75.3,79.5,83.1
394106,高知県日高村,95.8,96.6,97.5,98.3,25.2,21.1,4.4,6.6,8.8
394114,高知県津野町,46.8,50.4,53.8,62.9,65.5,68.5,71.5,74.3,77.1
394122,高知県四万十町,45.7,49.7,53.6,56.9,61,49.4,53.8,58.1,61.8
394246,高知県大月町,91.9,93.9,95.6,97.2,98.5,21.6,30.7,35,38.6
394271,高知県三原村,66.4,70.7,71.2,72.1,74.6,77.2,79.7,82.6,85.8
394289,高知県黒潮町,37.3,34.3,36.6,31.3,32.9,34.9,37,38.9,40.9
401005,福岡県北九州市,,68.9,70.4,71.1,72.8,73.4,72.1,75.3,76
401307,福岡県福岡市,70,71.2,73.3,61.5,57.7,59.4,61,62.6,64.1
402028,福岡県大牟田市,42.6,44.8,42.9,45.5,46.7,49,51.8,54.6,44.2
402036,福岡県久留米市,,43.6,41.9,44.7,43,45.5,48.4,52.6,57.1
402044,福岡県直方市,,79.8,82,84.2,85.8,88,,,
402052,福岡県飯塚市,,,,,,,24.4,36.9,30.4
402061,福岡県田川市,29.8,32.9,35.8,39,42,44.9,47.7,50.3,52.9
402079,福岡県柳川市,,54.6,42.5,45,48.5,,,,
402109,福岡県八女市,59.8,49.8,56.2,56.7,54.4,31.1,34,36.8,39.8
402117,福岡県筑後市,80.3,79.2,77.6,79.1,81.2,82.3,0,4.4,8.9
402125,福岡県大川市,53.2,45.1,47.1,49.3,51.4,53.6,55.4,57.7,59.9
402141,福岡県豊前市,65.5,70.4,,,,,,,
402150,福岡県中間市,24.7,24.3,,,,,35.3,37.6,39.6
402168,福岡県小郡市,78.2,75.8,75.9,76.4,71.1,73.5,75.8,78.5,73.6
402176,福岡県筑紫野市,61.2,63.5,65.2,67.3,67.5,66.6,68.8,70.6,70.1
402184,福岡県春日市,20,22.7,22.2,24.5,27.2,28.9,31.6,36.5,41.8
402192,福岡県大野城市,,55.5,57.7,57.4,33.3,29.7,30.3,36.2,34.1
402206,福岡県宗像市,100,100,68.4,69.1,69.8,70.6,71.3,72,71.7
402214,福岡県太宰府市,15.5,20.2,25.4,30,34.6,39.2,43.9,48.3,52
402231,福岡県古賀市,35,18.8,21.4,23.7,26.3,28.8,29.2,31.9,34.6
402249,福岡県福津市,81.5,71.1,71.2,67.3,68.7,70.2,71.6,72.3,73.8
402257,福岡県うきは市,68.6,61.1,63,64.9,78.5,80.4,79.3,88.9,85.2
402265,福岡県宮若市,53.3,55.5,58.7,60.8,62.6,47.4,25.9,23.7,34.5
402273,福岡県嘉麻市,53.8,60.1,62.2,64.6,67.3,69.8,62.4,64.3,66
402281,福岡県朝倉市,57,54,57.1,57.9,56.7,56,47.3,46.7,50
402290,福岡県みやま市,,,,,,,,,
402303,福岡県糸島市,,59.2,,,,,,,
402311,福岡県那珂川市,79.3,81.6,83.8,86,88,32,24.2,26.1,28
402311,福岡県那珂川市,79.3,81.6,83.8,86,88,32,24.2,26.1,28
402311,福岡県那珂川町,79.3,81.6,83.8,86,88,32,24.2,26.1,28
402311,福岡県那珂川町,79.3,81.6,83.8,86,88,32,24.2,26.1,28
403415,福岡県宇美町,59.2,,70.2,72.5,76.7,77.6,79.4,71.3,73.3
403423,福岡県篠栗町,33.4,33.4,35.5,37.6,37.5,40,42.4,44.8,40.1
403431,福岡県志免町,84.7,86.9,88.7,87.2,89.1,90.7,91.9,83.4,26
403440,福岡県須恵町,,15.9,19.5,23.2,26.9,30.5,34.2,37.7,41.4
403458,福岡県新宮町,,37.8,40.4,42.8,45.1,47.3,48.5,51,51.6
403482,福岡県久山町,80.2,82.5,84.8,8.5,12.8,17.2,21.6,24.4,28.5
403491,福岡県粕屋町,74.3,75.2,75.3,76.6,77,77.3,76.6,68.8,44.9
403814,福岡県芦屋町,,53.5,55.9,57.8,76.6,37.2,57.1,37.3,
403822,福岡県水巻町,73.6,78.2,81.5,82.9,79.7,84.7,88.1,81.7,83.2
403831,福岡県岡垣町,83.4,85.1,86.9,84.9,87,80.8,81,82.5,77
403849,福岡県遠賀町,,,,,,,,,
404012,福岡県小竹町,,60.6,63.1,66.2,68.3,70.6,72.3,71.2,72.1
404021,福岡県鞍手町,79.9,81.8,83.7,85.6,84.4,46.5,48.7,50.9,53.1
404217,福岡県桂川町,77,79.2,81,80.8,82.2,84.1,83.1,84.9,86.3
404471,福岡県筑前町,49.8,39.8,42,44.3,46.6,48.8,51.1,52.2,54.5
404489,福岡県東峰村,,,,,,,,82.3,79
405035,福岡県大刀洗町,,,,,,,,,
405221,福岡県大木町,63,64.6,66.8,69,71.2,73.4,75.6,77.8,80
405442,福岡県広川町,,,,,,,,,
406015,福岡県香春町,81.8,85,87.2,89.1,90.3,92,93.4,96.1,97.3
406023,福岡県添田町,,76,77.5,79.6,81.6,85.6,84.4,86.4,87.7
406040,福岡県糸田町,100,100,100,100,100,100,100,100,
406058,福岡県川崎町,27.4,30.1,32.9,35.2,,42,45.7,49.3,52.9
406082,福岡県大任町,,,,,,,,,
406091,福岡県赤村,,,,,,,,,
406104,福岡県福智町,43.2,45.2,47.2,49.1,68.1,24,27,,
406210,福岡県苅田町,,,,,,,,,
406252,福岡県みやこ町,,77.5,79.2,80.1,81.6,82.2,83.5,84.7,86
406422,福岡県吉富町,63.8,64.2,68.6,70.7,72.9,70.5,72.8,,
406465,福岡県上毛町,,,44.6,49,53.4,57.8,62.2,66.6,
406473,福岡県築上町,78.8,80.3,30.6,19.3,22.4,25.2,28.4,31.7,34.8
412015,佐賀県佐賀市,,55.2,57.9,60.5,64.6,67.1,69.6,71.1,34.4
412023,佐賀県唐津市,94.9,93.6,94.2,91.9,93,96,98.9,99.2,99
412031,佐賀県鳥栖市,47.9,53,55.5,57.9,60.4,62.9,65,69.2,71.2
412040,佐賀県多久市,,,,,,,,,
412058,佐賀県伊万里市,85.4,86.2,88.2,89.3,89.9,90.3,67,53.6,55.2
412066,佐賀県武雄市,67.9,77.4,79.2,80.9,82.6,84.3,,,
412074,佐賀県鹿島市,,,,,,,,,
412082,佐賀県小城市,78.4,80.4,82.6,84.1,86.7,80,80.3,84.5,86.3
412091,佐賀県嬉野市,,,,,,,,,
412104,佐賀県神埼市,,42.2,45.2,48.3,51,53.6,55.3,58,60.7
413275,佐賀県吉野ヶ里町,54,58.5,62.4,66.3,70.2,74,77.5,81.3,85.1
413411,佐賀県基山町,88.8,89.4,89.8,90.5,19.6,23.2,26.7,29.8,33.4
413453,佐賀県上峰町,50.3,53.5,55.7,57.9,60.2,62.3,64.6,66.8,
413461,佐賀県みやき町,55.7,59.3,61.5,57,59.1,61.5,62.3,63.6,63
413879,佐賀県玄海町,44,47,48.7,46.9,48.4,51.8,55.3,58.8,62.2
414018,佐賀県有田町,36.1,40,43.9,47.6,51.6,55.6,45.9,43.3,48.6
414239,佐賀県大町町,43.2,47.7,49.2,51.1,53.5,55.8,57.8,60,61.3
414247,佐賀県江北町,65.6,69.9,72.8,76,78.4,80.9,82.2,83.4,84.6
414255,佐賀県白石町,91.5,92.5,90.1,90.6,92.2,90.2,93,95.8,88.3
414417,佐賀県太良町,,,,,,,,,
422011,長崎県長崎市,,77.6,75.9,78,77.7,81.1,79.5,79.9,81.7
422029,長崎県佐世保市,,52.5,75.8,77.8,79.7,81.3,83.1,85,86.3
422037,長崎県島原市,85.9,79.1,81.1,100,100,100,100,100,100
422045,長崎県諫早市,,43.2,45.8,48.4,50.9,53.5,56.1,58.5,60.7
422053,長崎県大村市,,39.4,40.9,42.7,44.2,42.8,44.4,45.9,47.5
422070,長崎県平戸市,62.2,69.2,67.2,70.2,70.6,73.3,75.5,77,76.1
422088,長崎県松浦市,,69.1,71.7,87,96.8,99,100,100,100
422096,長崎県対馬市,,46.9,46.1,49.1,51.6,53.3,55.8,57.8,60.8
422100,長崎県壱岐市,,80.9,81.6,67.8,69.5,70.8,73.8,73.5,78.7
422118,長崎県五島市,,54.2,56.4,97.7,99.4,100,82.7,83.8,82.2
422126,長崎県西海市,,71.8,71.8,73,74.3,75.5,25.4,35.8,39.3
422134,長崎県雲仙市,,,,,,,,,
422142,長崎県南島原市,59.3,61.4,63.4,65.3,67.3,57.4,59.4,61.4,63.4
423076,長崎県長与町,4.4,6.6,9,11.2,13.5,15.7,18,20.3,22.5
423084,長崎県時津町,,70.6,72.8,75,77.2,79.4,81.6,83.4,85.6
423211,長崎県東彼杵町,,,,,,,,,
423220,長崎県川棚町,,,,,,,,,
423238,長崎県波佐見町,,,,,,,,,
423831,長崎県小値賀町,63.1,64.7,66.3,60.9,71.9,73.3,74.6,75.8,77.1
423912,長崎県佐々町,,78.2,39,42,44.8,47.8,50,53.1,56.2
424111,長崎県新上五島町,,61.1,62.5,65.1,65.1,67.2,69,73.4,77.5
431001,熊本県熊本市,60.6,63.2,64,66.3,67.8,69.9,68.5,63.6,63.4
432024,熊本県八代市,,50.2,52.7,54.8,51.7,53.6,56.8,59.8,62.1
432032,熊本県人吉市,,,,,,,,,
432041,熊本県荒尾市,87.2,87.2,87.1,89.3,91.6,93.9,92.1,82,73.3
432059,熊本県水俣市,,,,,,,,,
432067,熊本県玉名市,70.6,73,75.3,77.4,76.7,64.5,58.8,61.1,63.5
432083,熊本県山鹿市,58.8,62.4,66,64.7,68.1,70.3,73.8,78.9,80.5
432105,熊本県菊池市,,66.6,55.3,56.7,57.1,53.4,55.6,57.8,60
432113,熊本県宇土市,48.8,50.6,52.3,54,15.4,19.4,22.9,27.1,31.3
432121,熊本県上天草市,,75.8,41,37.1,42.4,44.9,48.5,51.3,51.9
432130,熊本県宇城市,64.3,66.3,66.2,67.8,65.1,65.4,69.1,71.3,99.6
432148,熊本県阿蘇市,78.3,83.7,85.3,83.5,34.9,37.9,41.3,39.1,39.1
432156,熊本県天草市,,78.6,77,75.2,76,75.7,75.8,78.5,81.2
432164,熊本県合志市,,,,,,,,,
433489,熊本県美里町,94.1,95.4,98.7,99,99.3,99.6,99.9,100,100
433641,熊本県玉東町,,,,,,,,,
433675,熊本県南関町,92.4,94.6,96.8,99,100,100,,,
433683,熊本県長洲町,84.8,90.2,92.4,94.6,,,,,
433691,熊本県和水町,66,70,74.1,78.1,72.4,70.6,73.7,76.8,79.3
434035,熊本県大津町,67.9,47.7,53.4,74.2,60.2,64.3,66.3,69.5,78.2
434043,熊本県菊陽町,,52.6,54.9,57.1,71.4,73.6,75.8,78,71.4
434230,熊本県南小国町,71.8,73.2,31.7,35,38.2,41.4,40.7,44.2,47.2
434248,熊本県小国町,,77.6,79.5,80.2,81.4,77.7,72.8,75,77.1
434256,熊本県産山村,69,73.6,78.2,82.8,87.4,91.7,96.3,99.3,99.4
434281,熊本県高森町,32.2,36.8,41.4,46,50.6,54.9,59.5,64.1,67.6
434329,熊本県西原村,59.8,64.4,69,73.6,78.2,82.8,67.1,72.1,73
434337,熊本県南阿蘇村,,66.8,64.8,,20.1,48.6,51.5,54.2,57
434418,熊本県御船町,78.9,71.7,76.8,79,64.1,54.6,50.2,53.1,51.4
434426,熊本県嘉島町,32.1,36.7,41.3,46,50.6,,,,
434434,熊本県益城町,,61.4,68.9,46.6,49.7,53.3,56.3,59.4,60.4
434442,熊本県甲佐町,,,,,,,,,
434477,熊本県山都町,87.3,89,62.6,65,66.2,68.4,49.2,51.8,54.6
434680,熊本県氷川町,80.9,85.5,89.8,94.5,97.9,98.1,98.3,64.4,66.1
434825,熊本県芦北町,,80.4,82.1,83.6,85.9,20.1,,,
434841,熊本県津奈木町,85.4,80.6,81.1,83.2,84.7,86.7,87.3,87,87.7
435015,熊本県錦町,,,,,,,,,
435058,熊本県多良木町,84.6,87.2,90,92.3,93.2,94.1,95,96,96.9
435066,熊本県湯前町,,,,,,,,,
435074,熊本県水上村,71.7,75.7,85.5,87.6,89.3,90.4,92,92.4,92.7
435104,熊本県相良村,,,,,,,,,
435112,熊本県五木村,,55.2,59.8,64.4,69,,,,
435121,熊本県山江村,,88,88.7,86.1,87,87.9,88.8,89.7,
435139,熊本県球磨村,,27.6,32.2,,,,,,
435147,熊本県あさぎり町,100,,,,,,,,
435317,熊本県苓北町,,,,,,,,,
442011,大分県大分市,71.2,71.8,60.6,63.3,63.1,64.6,65.4,65.6,67.5
442020,大分県別府市,54.4,,57.6,59.2,61.2,53.1,52.2,52.1,43.3
442038,大分県中津市,83.1,74.9,71.8,58.1,60,59.4,61,62.6,63.4
442046,大分県日田市,,75,62.7,61.5,77.7,78.7,80.9,82.2,57.8
442054,大分県佐伯市,60,63.5,65.6,47.7,38.8,41.5,44.2,46.4,47.2
442062,大分県臼杵市,90.2,87.6,88.7,89.8,22.8,26,29.3,32.5,35.7
442071,大分県津久見市,74.8,74.8,79.2,81.4,83.6,85.8,88,90.2,92.4
442089,大分県竹田市,58.3,56.8,60,62.4,65.3,67.7,70,72.7,75.4
442097,大分県豊後高田市,50.9,53.7,55.6,57.5,59.4,61.2,63,64.9,62
442101,大分県杵築市,53.4,55.8,55.7,58,57.3,59.4,61.7,63.8,65.8
442119,大分県宇佐市,82.6,84.5,73.4,75.4,77.3,79.1,80.2,79.5,80.9
442127,大分県豊後大野市,75.2,76.5,76.6,80,81.9,83.5,85.3,84.6,86.4
442135,大分県由布市,42.7,45.1,43.5,47.4,48.8,51.2,54.4,56.7,59.1
442143,大分県国東市,51.2,54.6,55.5,55.5,57.5,59.5,61.2,63.2,65.1
443221,大分県姫島村,74.9,77.1,78.6,78.4,79.9,81.2,82.9,84.7,83.3
443417,大分県日出町,79.7,81.9,83.9,84.6,86.7,88.7,86.5,88.3,85.8
444618,大分県九重町,48.1,3.7,6.4,9.1,11.8,14.1,16.8,19.4,22.1
444626,大分県玖珠町,75.8,77.2,76.8,78.4,79.4,80.3,81.2,82.2,83.1
452017,宮崎県宮崎市,48.7,37.5,40,42.8,45.6,46.1,49.1,33.9,36.6
452025,宮崎県都城市,82.4,84.4,86.4,88.2,90.2,72.1,73.8,75.5,76.5
452033,宮崎県延岡市,56.6,58.4,58.5,61.3,64.1,67,68.8,71.1,73.5
452041,宮崎県日南市,,52.2,55.7,59.2,62.8,66.3,69.9,73.4,76.9
452050,宮崎県小林市,,86.1,89.1,91.5,91.9,93.7,92.3,93.3,94.2
452068,宮崎県日向市,,81.8,83.3,84.9,86.7,88.4,90.1,90.7,91.5
452076,宮崎県串間市,82.7,88,88.5,87.4,89.8,91.7,93.4,95,96.7
452084,宮崎県西都市,72.4,74.6,76.8,78.9,81.1,83.1,85,85.2,84.8
452092,宮崎県えびの市,,,,,,,,,
453412,宮崎県三股町,,100,100,100,100,100,100,100,100
453617,宮崎県高原町,,100,99.2,96.9,95.7,95.9,96,96.1,89.3
453820,宮崎県国富町,,,,,,,,,
453838,宮崎県綾町,,51.2,54,49.6,52.8,54.7,57.7,58.9,60.9
454010,宮崎県高鍋町,77.3,85.2,87.5,89.3,90.7,92.1,93,37.5,40.2
454028,宮崎県新富町,,97,,,,,,,
454036,宮崎県西米良村,,,,91.9,95.6,0,4.6,8.8,13.7
454044,宮崎県木城町,24.9,30.1,35.3,40.5,42.5,44.9,49.6,53.9,58.2
454052,宮崎県川南町,78.2,48.7,50.3,53,54.9,55,48,51.9,53.6
454061,宮崎県都農町,100,100,100,100,100,97.2,79.3,74,73.3
454214,宮崎県門川町,93,92.4,93.6,96.8,97.7,98.4,98.2,93.9,90.6
454290,宮崎県諸塚村,,54.7,56,45,47.8,50.5,53.3,55.7,58.5
454303,宮崎県椎葉村,90.7,92.3,94,13.1,30.5,21.5,25.3,28.6,32.6
454311,宮崎県美郷町,84.7,84.7,84.7,85.1,81.6,80,80,80.3,80.8
454419,宮崎県高千穂町,99.8,99.7,99.8,27,22,26.3,30.9,35.4,40
454427,宮崎県日之影町,,,,,,,,,
454435,宮崎県五ケ瀬町,87.4,35.6,40.1,44.5,48.3,52,55.8,59.6,63.3
462012,鹿児島県鹿児島市,62,62.4,64.6,64.5,65.7,65.8,62.3,64.9,65
462039,鹿児島県鹿屋市,,,,,,,,,
462047,鹿児島県枕崎市,,,,,,,,,
462063,鹿児島県阿久根市,,,86.5,88.6,91.5,92.1,93.1,94,94.9
462080,鹿児島県出水市,63,54.3,53.3,55.6,55.2,55.6,57.8,60.4,63
462101,鹿児島県指宿市,,100,100,100,100,100,100,100,100
462136,鹿児島県西之表市,11,,,,,,,,
462144,鹿児島県垂水市,,,,,,,,,
462152,鹿児島県薩摩川内市,43.8,47.9,52.1,55.7,59.2,62.8,63.4,66.5,64
462161,鹿児島県日置市,90.3,91.7,93.1,94.5,95.8,97.2,100,100,100
462179,鹿児島県曽於市,74.4,75.9,77,78.1,75.6,76.8,84.3,79.4,80.7
462187,鹿児島県霧島市,70.4,82.2,84.1,85.6,87.1,88.6,89.8,90.1,89.2
462195,鹿児島県いちき串木野市,,60.3,70.8,72.9,68.5,70.7,72.9,75,78.9
462209,鹿児島県南さつま市,,82.8,84.7,86.6,86.6,88.5,92.1,93.4,95.9
462217,鹿児島県志布志市,35.2,37.4,39.6,41.8,44,46.2,48.4,50.6,52.8
462225,鹿児島県奄美市,,65.9,67.3,70.4,67,67.7,68.8,69.9,71.4
462233,鹿児島県南九州市,50.2,39.1,46.3,49.9,53.5,55.8,58.6,62,64.8
462241,鹿児島県伊佐市,82.7,,92,95.7,99.1,78.7,80.1,81.5,
462250,鹿児島県姶良市,66.3,68.6,70,71.5,69.7,71.7,74,100,83.7
463035,鹿児島県三島村,,,,,,,,,
463043,鹿児島県十島村,,,,100,26.4,29.8,33.2,13.8,18.4
463922,鹿児島県さつま町,,,75.1,77.1,79.8,82.6,96.8,99,100
464040,鹿児島県長島町,,44.7,46.9,57,59.1,61,62.9,64.8,66.7
464520,鹿児島県湧水町,,76.1,80.7,83.9,84,86.1,88.4,90.8,90
464686,鹿児島県大崎町,46,50.6,55.2,72.4,75.5,78.4,81.5,84.6,87.8
464821,鹿児島県東串良町,,73.3,71.6,76.6,,77.5,79.4,81.3,85.1
464902,鹿児島県錦江町,,,,,,,,,
464911,鹿児島県南大隅町,,82.4,86.9,89.3,92.3,95,96.4,97.8,99.2
464929,鹿児島県肝付町,,100,100,100,100,100,100,100,100
465011,鹿児島県中種子町,42.6,44.8,44.3,46.4,48.2,49.7,51.5,53.4,55.2
465020,鹿児島県南種子町,,64.9,68.5,73.1,77.8,82.1,86.2,90.7,96
465054,鹿児島県屋久島町,,77.7,78.8,79.9,74.8,76.4,78,79.6,81.2
465232,鹿児島県大和村,,63.7,65.7,67.7,69.7,71.8,73.8,75.8,77.9
465241,鹿児島県宇検村,64.5,66.7,68.9,71.1,71.1,75.5,77.7,79.9,82.1
465259,鹿児島県瀬戸内町,78.2,81,83.3,85.7,88.1,90,92.3,92.3,72.8
465275,鹿児島県龍郷町,85.1,87.5,89.7,91.1,90.8,90.8,93,94.4,95.8
465291,鹿児島県喜界町,79.6,60.1,64.6,74,77.1,80.2,82.9,79.4,88.4
465305,鹿児島県徳之島町,79.7,81.9,86.3,88.5,90.5,92.1,93.6,93.8,94.9
465313,鹿児島県天城町,,83.4,85.5,87.7,89.8,91.8,92.8,94.5,96.1
465321,鹿児島県伊仙町,,88.9,91.1,92.3,91.1,92.2,93.1,94,94.8
465330,鹿児島県和泊町,82.1,85.5,87.5,89.6,89.1,89.3,91,92.5,93.9
465348,鹿児島県知名町,67,27.6,3.9,6.3,8.5,11,13.5,16,18.5
465356,鹿児島県与論町,54.4,56.6,58.8,61,63.2,65.1,67.3,69.5,72
472018,沖縄県那覇市,,31,31.1,31.2,31.4,33.5,33.4,34.1,36.3
472051,沖縄県宜野湾市,35.1,48.8,44.2,46.7,49.2,51.6,53.4,55.7,57.8
472077,沖縄県石垣市,55.5,57.6,59.6,61.7,59.4,61,37.9,40.4,43
472085,沖縄県浦添市,,23.2,24.6,23.7,28,30.3,32.5,34.7,36
472093,沖縄県名護市,,48.1,50.3,41.7,44,40.9,34.5,37.1,39.6
472107,沖縄県糸満市,53.6,,49.6,50.5,44.5,44.9,43.9,44.9,46.8
472115,沖縄県沖縄市,,,,,,31.6,28.6,25.8,28.7
472123,沖縄県豊見城市,21.4,25.9,28.8,31.2,34.1,37.1,40.1,43,45.8
472131,沖縄県うるま市,39.4,41.3,42.9,44.2,40.5,38.1,40.5,42.1,44.6
472140,沖縄県宮古島市,41.2,44.9,50.7,52.4,54.2,56.7,59,61,62.8
472158,沖縄県南城市,23.6,25.8,31,34.2,36.2,32.3,41.1,31,29.1
473014,沖縄県国頭村,,80.2,90.4,16,8.7,12.1,15.5,18.9,22.2
473022,沖縄県大宜味村,,77.4,78.9,81.1,13,16,19.1,22.2,25.2
473031,沖縄県東村,5.7,30.6,34,29.7,33.4,37.8,42.1,46.5,50.2
473065,沖縄県今帰仁村,52.2,53.3,55.4,57.5,20.3,8,11.8,15.6,19.4
473081,沖縄県本部町,,39.7,41.1,43.5,44.7,47.3,47.8,50.4,53
473111,沖縄県恩納村,,36.2,42,44.2,46.4,48.6,50.8,53.1,55.3
473138,沖縄県宜野座村,38.5,42.3,42.5,44.3,46.3,47.5,47.4,49.7,52.2
473146,沖縄県金武町,35.3,34.9,37.8,31.5,33.9,36.2,38.4,40.6,27.6
473154,沖縄県伊江村,14.4,17.1,16.1,20.1,22.5,11.3,14,16.7,18.4
473243,沖縄県読谷村,65,65,64.5,66.6,63.9,64.7,66.6,68.2,70.7
473251,沖縄県嘉手納町,55,23.6,26.6,29.5,31.1,34.2,37.2,40.2,20.4
473260,沖縄県北谷町,27.3,33,21.4,24.1,27.1,27.5,32.8,35,37.9
473278,沖縄県北中城村,25.5,28.5,20.6,22.8,25,27.2,29.4,31.6,33.8
473286,沖縄県中城村,,58.2,60.4,62.6,65.6,68.1,70.9,73.7,76.4
473294,沖縄県西原町,,34.1,32.3,34.8,38.1,37.4,39.5,44.7,46.7
473481,沖縄県与那原町,,25.7,27.5,29.7,32,34.2,36.2,38.4,40.7
473502,沖縄県南風原町,28.7,32.7,36.2,38.2,39.9,42.5,44.7,47.1,48.4
473537,沖縄県渡嘉敷村,74.5,15.1,18.1,5.7,8.6,11.5,14.5,17.4,20.4
473545,沖縄県座間味村,58.1,60.3,62.5,21.5,12.7,15.7,18.8,21.9,25
473553,沖縄県粟国村,0.4,2.8,4.4,6.6,8.8,11,2.2,18.8,21.7
473561,沖縄県渡名喜村,76.3,83.6,85.8,88,90.2,92.4,94.3,96.5,98.8
473570,沖縄県南大東村,57.7,59.9,54,56,56.6,11.8,13.8,16,12.5
473588,沖縄県北大東村,63.8,66,68.2,70.4,26.2,0.1,2.4,4.7,7
473596,沖縄県伊平屋村,,66.6,53.1,55.3,57.8,59.6,62,64.4,66.9
473600,沖縄県伊是名村,38.8,43,45.2,47.1,49.3,51.1,53.4,55.7,58
473618,沖縄県久米島町,,50.2,52.4,54.4,56.1,57.8,49.6,51.8,54
473626,沖縄県八重瀬町,27.8,28.9,31.1,33.3,35.6,37.3,40.1,41.9,44.2
473758,沖縄県多良間村,18,20.2,22.4,23.5,26,28.4,30.8,33.3,35.7
473812,沖縄県竹富町,50.9,63.3,65,64.6,34,15.1,12.8,11.9,12.6
473821,沖縄県与那国町,35.1,41.1,41.1,43.3,54.4,33.8,50.1,52.3,54.5
