団体コード,団体名,2016-03-31,2017-03-31,2018-03-31,2019-03-31,2020-03-31,2021-03-31,2022-03-31,2023-03-31,2024-03-31
011002,北海道札幌市,,55.8,57,56.6,60.9,63.1,65.4,67.5,66.9
012025,北海道函館市,,,,,,,,,
012033,北海道小樽市,,78.5,,,,84.3,85.5,82.8,84.9
012041,北海道旭川市,52.2,54.4,56.6,59.1,61.2,63.7,65.6,67.8,69.6
012050,北海道室蘭市,59.3,62,64.3,64.2,69.5,69.5,71.8,72.8,73.9
012068,北海道釧路市,,69.8,72,74.1,76.2,77.3,79.1,75.4,74.1
012076,北海道帯広市,,50.7,52.8,54.9,56.9,58.7,60.6,62.5,51.8
012084,北海道北見市,43.8,47,49.2,53.4,53.7,55.8,55.6,57,58.2
012092,北海道夕張市,,,,,,,,,
012106,北海道岩見沢市,,51.2,53.5,55.7,57.4,59.6,62.1,67.3,64.3
012114,北海道網走市,,85.3,89.6,90.9,92.3,86.6,87.1,93.3,70.9
012122,北海道留萌市,88.9,71.9,67.7,22.4,25.5,27.8,32.3,35.4,38.4
012131,北海道苫小牧市,77.3,5.1,7.1,9.1,11,13,14.9,15.2,24.9
012149,北海道稚内市,,,,,,,,,
012157,北海道美唄市,,75.4,76.8,78.6,80.4,82.5,84.5,86.8,89.1
012165,北海道芦別市,39.6,41.8,44,46.2,48.4,50.6,52.8,54.9,57.1
012173,北海道江別市,,50.2,51.3,52.3,54.1,56,57.8,59.6,59.6
012181,北海道赤平市,,85.8,,43.8,46.5,49.2,49.2,54.7,57.4
012190,北海道紋別市,36.7,36.7,41.5,37.8,40.1,42.4,45.4,47.3,43.3
012203,北海道士別市,46.4,48.5,50.6,52.7,54.7,56.8,58.9,61,63.1
012211,北海道名寄市,55.7,56,58.4,60.3,62.9,65.5,68.1,70.7,73.3
012220,北海道三笠市,36.7,38.6,42,44.1,44,42.5,44.9,47.4,49.9
012238,北海道根室市,66.5,68.9,71.3,73.7,76.1,78.5,80.9,83.2,79.2
012246,北海道千歳市,100,100,100,100,100,100,69.3,71.4,74
012254,北海道滝川市,,,,,,,,,
012262,北海道砂川市,,71.7,72.9,73.8,74.7,66.7,54.5,56.3,51.4
012271,北海道歌志内市,,56.3,58.6,60.9,63.8,65.7,65.5,67.3,65.5
012289,北海道深川市,,64.7,,,,73.1,76,78,80
012297,北海道富良野市,,,64,66.1,68.2,70.2,72.4,73.3,73.3
012301,北海道登別市,59.3,61.3,60.5,62.4,64.4,66.4,67.7,69.7,55
012319,北海道恵庭市,100,100,70.8,73.8,76.1,75.3,79.6,81.5,85.3
012335,北海道伊達市,51.9,53.4,54.9,56.3,29.3,31.5,31.2,30.5,32.6
012343,北海道北広島市,,,,,,,,,
012351,北海道石狩市,56.6,58.1,59.6,61.1,62.7,62.1,63.7,65.2,66.7
012360,北海道北斗市,,,,,,,,,
013030,北海道当別町,,31.9,34,36.2,38.3,39.9,42.1,44,45.6
013048,北海道新篠津村,,,,,,,,,
013315,北海道松前町,,,93.5,94.3,95.5,95.7,95.9,96,96.2
013323,北海道福島町,96.2,90.4,90.7,43.4,91.3,59.2,60.7,62.4,65.5
013331,北海道知内町,,,,,77.9,79.4,80.9,82.4,83.8
013340,北海道木古内町,,,,,,,,,
013374,北海道七飯町,,44.1,46.4,48.8,51.1,53.4,55.7,58,60.4
013439,北海道鹿部町,,,,,,,,,
013455,北海道森町,70.6,75,77.2,79.4,81.6,83.8,85.9,88.1,90.3
013463,北海道八雲町,53,55.3,60.1,62.4,64.8,67.1,69.4,71.8,74.1
013471,北海道長万部町,,,100,100,100,100,100,100,100
013617,北海道江差町,58.6,71.5,,,,47.1,52.9,53.2,54.9
013625,北海道上ノ国町,100,,39.7,42.5,44.9,47.7,50.4,46.7,48.6
013633,北海道厚沢部町,,,,,,,,,
013641,北海道乙部町,79.5,80.9,82.4,83.8,84.7,86.2,87.8,89.3,0
013676,北海道奥尻町,,,,,,,,100,100
013706,北海道今金町,42.2,66,70,72,74,70.7,72.9,75.1,77.4
013714,北海道せたな町,,54.4,56.4,39.7,41.6,38.6,46,47.7,49.9
013919,北海道島牧村,,38.5,40.2,40.2,26.6,29.1,30.6,32.5,32.5
013927,北海道寿都町,39.3,,,,,,,,
013935,北海道黒松内町,,,,,,,,,
013943,北海道蘭越町,,,,,,,,,
013951,北海道ニセコ町,,,39.6,42.2,43.2,45.9,47.8,49.8,52.5
013960,北海道真狩村,,,,,,60.9,64,66.7,69.4
013978,北海道留寿都村,,,,,,,,,
013986,北海道喜茂別町,,,,,,,,,
013994,北海道京極町,28.9,,,,,,,,
014001,北海道倶知安町,,,,,,,,,
014010,北海道共和町,37.8,,,52.8,55.8,58.8,58.7,61.8,65
014028,北海道岩内町,64.8,,,75,75,78.6,81.1,83.5,84.3
014036,北海道泊村,,7.1,9.4,11.7,14,16.2,18.5,20.8,21.2
014044,北海道神恵内村,,,44,46.2,53.4,56.2,58.8,64.5,63
014052,北海道積丹町,,,47.4,49.4,51.4,53.4,55.4,54.2,58.9
014061,北海道古平町,,,,,,,,,
014079,北海道仁木町,,,,,,,,,
014087,北海道余市町,97.7,,92.4,93,93.6,94.3,94.9,95.5,96.1
014095,北海道赤井川村,,,,33.7,35.7,37.7,40.8,48.1,50.1
014231,北海道南幌町,,,,,,,,,
014249,北海道奈井江町,,,,,,,,,
014257,北海道上砂川町,69.3,72.3,73.5,67,68.4,62.4,55.4,55,57.7
014273,北海道由仁町,39.6,41.8,44,,48.4,,,,
014281,北海道長沼町,,,,,,,,,
014290,北海道栗山町,100,100,100,100,100,100,100,100,100
014303,北海道月形町,,,,,,,,,
014311,北海道浦臼町,,,,,,,,,
014320,北海道新十津川町,33.5,,,,,,,,
014338,北海道妹背牛町,,,,47,49.2,47.5,49.6,51.8,53.9
014346,北海道秩父別町,,73.5,75.5,77.4,79.3,81.3,83.2,84.5,86
014362,北海道雨竜町,,,82.1,80.8,85.5,86.1,91.4,,
014371,北海道北竜町,,60.6,62.4,64.3,66,67.6,68.6,67.3,69.6
014389,北海道沼田町,,,,,,,,,
014524,北海道鷹栖町,94.2,,,,,,,,
014532,北海道東神楽町,45.4,34.9,,56.7,58.7,60.7,62.8,43.2,47
014541,北海道当麻町,38.3,,,62.3,62.3,,,,
014559,北海道比布町,,,,62.3,62.3,,,,
014567,北海道愛別町,47.7,45.9,48.4,51.5,54.4,57.3,60.2,63.1,66
014575,北海道上川町,,,,,,,,,
014583,北海道東川町,,,,,,,,,
014591,北海道美瑛町,29.4,40.4,43.6,45.9,47.9,50,52.1,55,57.4
014605,北海道上富良野町,58.2,,,,,,62.4,50,1
014613,北海道中富良野町,,,,,,,,,
014621,北海道南富良野町,38.3,39.1,36.6,43.4,45.8,48.7,52,55.2,58.5
014630,北海道占冠村,,,,,32,38,40,14.9,16.9
014648,北海道和寒町,66.1,65.1,62,64,66.3,68.7,71.6,74.2,76.8
014656,北海道剣淵町,,,,,,,,,
014681,北海道下川町,,,50.4,53.4,53.1,56.2,59.3,60.4,63.5
014699,北海道美深町,,,,,,,,,
014702,北海道音威子府村,,,,,,,,,
014711,北海道中川町,37.7,67.6,70.4,67.4,71.4,75.4,79.3,83,89.3
014729,北海道幌加内町,,44.6,47.5,50.1,52.7,54.9,56.3,60.3,62.5
014818,北海道増毛町,,100,100,100,100,100,100,17.9,19.4
014826,北海道小平町,,50.7,96.5,93.8,67.5,69.8,72.2,73,75.2
014834,北海道苫前町,,54.1,56,72.1,59.6,61.4,63.2,63.6,65.3
014842,北海道羽幌町,,,,,,,,,
014851,北海道初山別村,,40.3,42.5,42.5,44.8,47,,,
014869,北海道遠別町,,49.8,51.7,53.9,56,56,,,
014877,北海道天塩町,,49.8,51.7,53.9,56,56,60.3,60.3,60.3
015113,北海道猿払村,,,,,,,,,
015121,北海道浜頓別町,,81.3,,,,,,,
015130,北海道中頓別町,,,,,,,,,
015148,北海道枝幸町,,100,100,100,100,88.3,90,91.8,42.5
015164,北海道豊富町,38.6,38.6,43,,,48.8,52.2,54,57.6
015172,北海道礼文町,33,35.2,37.4,39.6,41.2,43.5,45.7,48,50.3
015181,北海道利尻町,43.6,48,50.5,52.9,55.4,57.8,60.3,62.7,65.2
015199,北海道利尻富士町,,,,,,,,61.5,60.1
015202,北海道幌延町,23.1,25,26.9,28.7,30.6,38.7,40.5,42.4,
015431,北海道美幌町,,40,41.8,43.7,45.6,40.8,41,42.8,
015440,北海道津別町,,,,,,,,,
015458,北海道斜里町,79.1,61,81,82.9,84.9,71.2,75.3,77.3,78
015466,北海道清里町,,,,,1.9,3.9,3.9,9.2,10.5
015474,北海道小清水町,,41.8,39.3,39.9,42.4,44.8,46.9,49.5,52.6
015491,北海道訓子府町,,,,,,,,,
015504,北海道置戸町,40.8,41.6,45.5,48,,48.7,56.4,57.9,60.1
015521,北海道佐呂間町,62,64.5,47.7,49.7,51.6,53.6,55.6,57.6,59.6
015555,北海道遠軽町,,61.8,,65.5,67.4,69.2,71.1,72.9,62.7
015598,北海道湧別町,70.1,53.2,45.8,48,57.1,59.1,67.7,70.6,72.1
015601,北海道滝上町,91.3,96,,,,,,,
015610,北海道興部町,,,56,58,60,62,64,75.3,76.8
015628,北海道西興部村,58.8,61.7,64.6,66.1,70.4,67.6,69.7,78.2,80.8
015636,北海道雄武町,,27.4,30,32.6,34.9,37.5,40.2,42.9,45.5
015644,北海道大空町,63,64.6,56,59.7,61.5,63.5,65.3,66.8,68.4
015717,北海道豊浦町,28.4,,,,,,,,
015750,北海道壮瞥町,100,100,100,100,100,100,100,100,100
015784,北海道白老町,20.1,22.3,24.5,26.8,29,31.2,65.6,72.2,53
015814,北海道厚真町,60.7,60.3,62.7,65.1,66.6,68.2,69.7,67.3,72.4
015849,北海道洞爺湖町,,65.4,58.9,69.1,71.3,73.4,75.5,77.2,79
015857,北海道安平町,30.8,47.9,,52.1,54.2,56.4,57.9,60,60.4
015865,北海道むかわ町,,,,,,,79.8,80.9,82
016012,北海道日高町,,51.3,54.9,57.3,59.8,62.3,64.9,67,58.8
016021,北海道平取町,,,,,,68.1,92.5,91.3,90.5
016047,北海道新冠町,79.1,80,82.3,84.6,86.7,88.5,70,50.3,53
016071,北海道浦河町,,85.6,100,100,88.4,80.7,74.1,75.7,77.2
016080,北海道様似町,,77.9,79.9,81.9,83.3,74.7,76.4,72.5,73.4
016098,北海道えりも町,,,,,,,,,
016101,北海道新ひだか町,,,,69.5,70.6,72.2,72.9,72.5,69
016314,北海道音更町,,50.8,51.3,53.7,56.2,58.6,62,64.4,64.5
016322,北海道士幌町,,35.2,37.4,39.6,41.8,,46.2,44.3,48.2
016331,北海道上士幌町,,49.4,,,,,,,
016349,北海道鹿追町,,,,48.6,50.6,52.6,54.6,56.6,58.6
016357,北海道新得町,,89.6,88.1,89.2,92.7,93.8,94.8,95.9,97
016365,北海道清水町,,,,,,,,,
016373,北海道芽室町,100,100,100,100,97.4,97.6,97.7,97.9,98.1
016381,北海道中札内村,,74.3,76.8,79.2,81.7,83,85.5,88.1,83.1
016390,北海道更別村,,,,,,,,,
016411,北海道大樹町,,51,,,63.4,100,100,100,100
016420,北海道広尾町,,36.6,41.1,44.2,48.4,50.1,45.6,42.4,43.8
016438,北海道幕別町,,44.9,47.2,49.1,50.8,54.9,57,54.9,61.1
016446,北海道池田町,70.7,,,,,,,,
016454,北海道豊頃町,,39.1,40.6,60.1,60.5,56.9,46.4,61.1,63.7
016462,北海道本別町,,86.1,68.7,43.2,,46.2,47.8,47.8,52.5
016471,北海道足寄町,,63,64.4,65.7,67,68.4,38.4,39.6,42.1
016489,北海道陸別町,,,,36.7,41,45.3,49,53.1,56.9
016497,北海道浦幌町,,,38.9,41.5,44.2,46.7,49.2,51.8,54.5
016616,北海道釧路町,,,,,,,,,
016624,北海道厚岸町,,39.4,36.2,28.5,30.6,63,63.1,63.1,72.2
016632,北海道浜中町,69.2,,,2,4,47.6,63.1,86.9,88.1
016641,北海道標茶町,,,78.9,82.7,84.7,84.9,87.8,89.8,91.8
016659,北海道弟子屈町,,62.2,64.2,66.1,68.1,70,72.8,72.3,70.7
016675,北海道鶴居村,,,,,,,,,
016683,北海道白糠町,,92.3,72.7,73.6,76,72.8,80,54.5,56.7
016918,北海道別海町,36.6,38.9,41.1,43.3,45.5,47.7,49.9,52.2,49.8
016926,北海道中標津町,,100,100,100,100,100,100,100,100
016934,北海道標津町,100,100,100,100,100,100,100,100,100
016942,北海道羅臼町,62.6,64.4,66.2,68.1,69.9,68.8,70.6,72.4,74.1
022012,青森県青森市,,47.7,43.4,46,48,48.7,48.5,49.8,51.8
022021,青森県弘前市,,65.7,66.5,68.2,70,70.4,69.8,71.6,71.4
022039,青森県八戸市,,59.9,59.3,61.4,60.7,61.7,65,67.1,69.3
022047,青森県黒石市,69.4,62,64,66,68,70,72,74,76
022055,青森県五所川原市,,60.4,62,62.9,64.5,66,67.5,66.4,67.8
022063,青森県十和田市,,,,,,,,,
022071,青森県三沢市,,75.5,67.6,69.1,70.6,72,73.4,74.9,76.4
022080,青森県むつ市,,46.5,100,100,100,100,100,100,100
022098,青森県つがる市,58.5,59.6,62.1,64.1,65.5,66.9,68.5,70.4,73.3
022101,青森県平川市,,,,,,,,,
023019,青森県平内町,,,,,,,,,
023035,青森県今別町,100,,,,,,,,
023043,青森県蓬田村,,,,,,,,,
023078,青森県外ヶ浜町,,21,,63,64.6,66.3,67.9,69.6,71.2
023213,青森県鰺ケ沢町,73.1,47.4,49.4,,,,58.5,57.2,94.5
023230,青森県深浦町,,,,,,,,,
023434,青森県西目屋村,94.1,96.5,98.1,98.2,98.3,98.4,98.5,98.6,98.8
023612,青森県藤崎町,48.1,48.2,50.3,52.3,55.9,58,60,61.9,64
023621,青森県大鰐町,,,,,,,,,
023671,青森県田舎館村,77.1,77.9,,60.1,66.7,67.7,71.9,56,59.2
023817,青森県板柳町,,96.3,99.3,99.3,99.4,99.4,98.5,98.6,98.7
023841,青森県鶴田町,83.2,92.6,93.2,99.4,99.4,99.5,99.6,99.7,99.7
023876,青森県中泊町,,46.7,,,,84.8,37.7,61.6,
024015,青森県野辺地町,66,68,70,72,74,76,78,80,82
024023,青森県七戸町,88.2,66.4,93.4,96,98,99.4,99.5,99.5,99.6
024058,青森県六戸町,60,62,64,66,68,69.7,71.8,63.6,74.7
024066,青森県横浜町,,,,,,,,,
024082,青森県東北町,,,,81.4,73.8,76.4,67,70.3,73.5
024112,青森県六ケ所村,,49.4,51.5,53.5,38.6,41.4,41.4,46.9,49.7
024121,青森県おいらせ町,59.2,63.1,66.2,69.2,72.2,75.2,78.1,81.1,
024236,青森県大間町,,40.5,42.7,44.8,47,49.2,51.3,53.5,26.8
024244,青森県東通村,,,,,,,,,
024252,青森県風間浦村,43.3,,,,,,,,
024261,青森県佐井村,,24,54,56.5,58.9,61.4,63.9,65.8,68.2
024414,青森県三戸町,,,,,,,,,
024422,青森県五戸町,54.3,47.5,49.5,51.5,53.5,55.3,57.3,59.4,61.5
024431,青森県田子町,64.9,100,100,100,100,100,100,71,81
024457,青森県南部町,49.6,51.7,53,64.7,,69,71,72.9,74.7
024465,青森県階上町,,,,,,,,,
024503,青森県新郷村,47.1,55,55.7,57.8,59.8,61.7,61.4,63.4,62.8
032018,岩手県盛岡市,,45.9,46,45.1,46,49.7,51.4,53.8,49.3
032026,岩手県宮古市,46.5,48.9,50.8,52.7,54.9,57.1,59.1,60.9,62.8
032034,岩手県大船渡市,,67.5,70.2,72.9,75.6,78.3,81,,
032051,岩手県花巻市,28.5,37.1,39.2,40.5,42.8,45,42,44.1,42.8
032069,岩手県北上市,,,,,,,,,
032077,岩手県久慈市,,48.9,48.9,,,39.1,40.6,41.8,43.1
032085,岩手県遠野市,,,,,,,,,
032093,岩手県一関市,,62.8,62.7,61.4,61.6,62.9,62.4,58.2,61.1
032107,岩手県陸前高田市,,31.5,16.2,19.8,23.4,26.9,28.9,34,37.4
032115,岩手県釜石市,79.4,80.9,82.4,83.9,87.2,88.8,90.4,91.9,93.5
032131,岩手県二戸市,,43,45.8,48.6,51.7,53.7,55.2,54.9,56.9
032140,岩手県八幡平市,,58.8,60.4,62,63.6,65.2,66.8,70,70
032158,岩手県奥州市,,50.1,49.1,50.7,52.9,53.9,56.2,57.9,57
032166,岩手県滝沢市,68,53,55.1,57.2,59.3,57.4,60,62.7,65.3
033014,岩手県雫石町,,22.6,65.1,70.7,83.7,85,86.3,99.9,88.5
033022,岩手県葛巻町,58.9,60.6,15.5,20.2,18.2,23.3,28.3,20.8,25.3
033031,岩手県岩手町,0,83.3,84.6,85.9,86.1,78.9,85.5,87.6,89.7
033219,岩手県紫波町,,,48.2,50.3,52.5,54.4,55.5,58.5,60.9
033227,岩手県矢巾町,,52,54,,,,,,
033669,岩手県西和賀町,,58.2,60.2,62.3,64.3,58.2,85,83.9,86.1
033812,岩手県金ケ崎町,,,54.2,,,,,,
034029,岩手県平泉町,,44,46,48,50,,,,
034410,岩手県住田町,,84,88.3,92.5,96.7,99.7,92.9,93.2,88.8
034614,岩手県大槌町,,,,,,,,,
034827,岩手県山田町,,48.4,50.6,,,,,,
034835,岩手県岩泉町,42.9,44.8,,48.6,50.5,51.4,53.3,55.2,56.5
034843,岩手県田野畑村,,,,,,,,,
034851,岩手県普代村,,46.4,48.4,50.4,52.4,54.4,56.4,58.4,
035017,岩手県軽米町,,,,,,,,,
035033,岩手県野田村,25.2,29.4,33.6,37.8,42,46.2,50.4,54.6,58.8
035068,岩手県九戸村,,,,,,,,,
035076,岩手県洋野町,,44.3,46.6,48.7,50.9,53.2,55.5,57.8,59.9
035246,岩手県一戸町,,56.6,60.3,64.9,69.5,74.1,74.1,84.9,85
041009,宮城県仙台市,,45.9,48.3,41.9,39,41.8,44.1,46.7,44.9
042021,宮城県石巻市,,41.5,43.8,45.1,49.4,53.7,51.6,56.4,58.6
042030,宮城県塩竈市,,57,60,63,63,69,72,75,78
042056,宮城県気仙沼市,,,,,,70.3,72.8,64,67.1
042064,宮城県白石市,,63.8,62.8,65,67,68.5,67.9,67.8,68.6
042072,宮城県名取市,71.2,72,73.1,72.2,73.5,73.7,75.1,76.3,68.9
042081,宮城県角田市,,89.7,92.2,90.4,96.5,96.9,97.1,97.4,97.7
042099,宮城県多賀城市,,52.8,56.1,59.3,62.4,65,67.6,69.2,71.7
042111,宮城県岩沼市,39.1,39.1,42.2,47,49.5,52.1,54.7,57.2,59.6
042129,宮城県登米市,,83.7,85.7,87.9,68.4,69.9,70.9,72.9,74.4
042137,宮城県栗原市,,58.7,60.8,6.7,2.4,8.9,15.3,21.8,28.3
042145,宮城県東松島市,23,25.8,53,55,57.1,57.9,60.1,62.3,64.4
042153,宮城県大崎市,,,,,,56.4,56.4,60.2,60.4
042161,宮城県富谷市,42.9,35.2,37.4,39.6,41.8,44,46.2,48.4,52.8
043010,宮城県蔵王町,,,,,,,,,
043028,宮城県七ケ宿町,39.3,39.3,42,47.3,50,52.6,55.3,58,60.6
043214,宮城県大河原町,,,,,,,,,
043222,宮城県村田町,70.2,70.8,73,74.7,76.3,78,80.6,82.2,97.4
043231,宮城県柴田町,44.5,48,77,79.5,79.6,81.4,43.4,43.4,56.4
043249,宮城県川崎町,49.4,,,,,,,,
043419,宮城県丸森町,48.3,49.7,,54.6,57.1,60.2,60.7,63.4,65.8
043613,宮城県亘理町,,49.5,49.1,50.5,51.8,65.6,66.9,68.2,69.1
043621,宮城県山元町,90.8,93.6,96.5,98.8,98.9,99.6,99.3,99.4,99.6
044016,宮城県松島町,,,87.5,90.1,92.5,92.4,94.9,96.7,97.5
044041,宮城県七ケ浜町,,,86,100,100,100,100,100,100
044067,宮城県利府町,,,,,,,,,
044211,宮城県大和町,34,40.3,60,63,66,69,72,75,78
044229,宮城県大郷町,75.2,76.7,78.2,79.7,81.2,82.8,84.3,87.3,88.8
044245,宮城県大衡村,51.3,,,59.5,62.4,63.9,54.6,66.5,69.5
044440,宮城県色麻町,,,,,,,,,
044458,宮城県加美町,,58.1,72.2,59.4,61.4,63.4,67,65.6,67.5
045012,宮城県涌谷町,26.8,34,36.9,39.7,42.9,45.6,46.7,50.5,52.9
045055,宮城県美里町,,,,100,100,96.2,96.5,96.7,96.9
045811,宮城県女川町,,,,,,,,,
046060,宮城県南三陸町,,,36.6,39.5,42.7,45.7,48.7,51.6,54.5
052019,秋田県秋田市,61,61.3,64.4,67.9,68.6,67.3,68.6,66.4,68.5
052027,秋田県能代市,35,29.2,31.5,31.7,31.9,35.6,38.1,40.6,41.3
052035,秋田県横手市,,60.6,63,65.1,65.7,65.6,66.3,68.6,70.4
052043,秋田県大館市,,47.9,50.2,52.3,54,55.7,57.1,58.4,59.9
052060,秋田県男鹿市,72.7,,,,66.3,69,71.7,72.9,75.7
052078,秋田県湯沢市,,35.3,61.8,63.5,65.3,64.1,24.2,23.7,23.9
052094,秋田県鹿角市,,45.5,19.6,48.5,48.7,50.8,53,55.2,57.2
052108,秋田県由利本荘市,,61.1,66.7,69.1,71.4,73.4,75.5,71.3,73.3
052116,秋田県潟上市,,46,48,50,52,54,55.6,57.7,59.7
052124,秋田県大仙市,,51.5,52.3,55.8,59.2,62,63.8,67.3,70.7
052132,秋田県北秋田市,,63.5,,,,67.1,,58.6,60.5
052141,秋田県にかほ市,,,,,,,,,
052159,秋田県仙北市,,,,,,,,,
053031,秋田県小坂町,62,63.4,65.2,67.1,68.9,70.7,72.5,74.3,76.2
053279,秋田県上小阿仁村,,59.8,49,51.1,53.2,55.4,57.6,59.7,61.2
053465,秋田県藤里町,43,63,64.6,50.7,52.4,54.2,56,56.9,58.8
053481,秋田県三種町,,,,,,,,,
053490,秋田県八峰町,90.6,97.8,100,100,100,100,100,100,100
053619,秋田県五城目町,,,,,,,,,
053635,秋田県八郎潟町,,,,,,64.6,66.5,68.3,70
053660,秋田県井川町,,41,21.6,24,24.8,26.5,29.2,31.9,41.9
053686,秋田県大潟村,,35.2,37.4,39.6,41.8,43.8,46,48.2,50.5
054348,秋田県美郷町,,,,,,,,,
054631,秋田県羽後町,,,,,,,,,
054640,秋田県東成瀬村,,56.8,60,,,,,,
062014,山形県山形市,36.4,38.6,40.8,43,44.3,45.3,47.3,48.6,50.3
062022,山形県米沢市,97.5,98,98.6,98.8,94.3,95.1,91.2,92.1,93
062031,山形県鶴岡市,35.4,39.6,42,42.8,43.8,47.8,50,52.1,54
062049,山形県酒田市,89.1,91.8,94.5,97.2,99.9,100,100,100,100
062057,山形県新庄市,,,,,,,,,
062065,山形県寒河江市,,,,,,,,,22
062073,山形県上山市,,,,,,,,,
062081,山形県村山市,,73,74,75,75.2,76.3,77.3,77.7,78.7
062090,山形県長井市,,75.3,76.6,78.4,79.7,81.6,83.4,85.3,87.1
062103,山形県天童市,53.3,56.1,59,61.9,64.6,65.4,68.9,71.4,68
062111,山形県東根市,,,,,,,,,
062120,山形県尾花沢市,,,,,,,,,92.9
062138,山形県南陽市,64.5,59.4,49.2,40.2,43.2,49,51.7,56.3,60.4
063011,山形県山辺町,,,,,,,,,
063029,山形県中山町,,,,,,,,,
063215,山形県河北町,,,,,,,,,
063223,山形県西川町,,,,,,,,,
063231,山形県朝日町,,,,,,,,,
063240,山形県大江町,,44,47.7,51.9,56,59.6,63.8,67.8,71.8
063410,山形県大石田町,,,,,,,,,
063614,山形県金山町,75.8,82.5,84.7,86.9,87.5,84.3,85,57.2,52.4
063622,山形県最上町,,,,,,,,,
063631,山形県舟形町,,,,,,,,,
063649,山形県真室川町,,,,,,,,,
063657,山形県大蔵村,,,,,,,,,
063665,山形県鮭川村,81.8,,,,,,,,
063673,山形県戸沢村,,,,,,,,,
063819,山形県高畠町,,,,,,,,,
063827,山形県川西町,,64.4,69,73.6,78.2,75.1,75.1,75.1,82.6
064017,山形県小国町,,,,,,,,,
064025,山形県白鷹町,,,,,,,,,
064033,山形県飯豊町,,,,,,,,,
064262,山形県三川町,,,,,,,,,
064289,山形県庄内町,,,,,,,,,
064611,山形県遊佐町,,,,,,,,,
072010,福島県福島市,,,,62.2,56.6,57.5,54,54.9,59.7
072028,福島県会津若松市,45.2,47,49.5,51.5,53.8,56,58.2,58.9,61.1
072036,福島県郡山市,44.8,50.4,51.4,53.6,55.5,57.7,59.4,61.6,63.9
072044,福島県いわき市,,40.5,39.6,39.7,41.5,43.1,44.9,47.1,53.5
072052,福島県白河市,,,50,52.8,58.5,58.5,61.4,64.2,66.2
072079,福島県須賀川市,77,100,97.1,97.2,97.3,97.3,,,67
072087,福島県喜多方市,,96.1,97.7,99.3,100,,,,
072095,福島県相馬市,,,,,,,49.3,53.2,55.3
072109,福島県二本松市,,62.9,64.7,66.4,68.1,69.9,71.6,73.3,75
072117,福島県田村市,48,50,51.9,55.7,55.7,58,59.9,61.9,64.1
072125,福島県南相馬市,,,53.7,56.1,,,,,
072133,福島県伊達市,,72.7,74.9,77.1,79.3,79.3,83.7,85.9,88.1
072141,福島県本宮市,49,51.3,54.2,57.1,,,,,
073016,福島県桑折町,,52.9,54.1,56.2,58,60.8,63.7,65.5,67.8
073032,福島県国見町,,,,,,47.1,51,54,57
073083,福島県川俣町,,,,,,,,,
073229,福島県大玉村,,,45.2,47.2,40.4,43.3,46.4,49.4,52
073423,福島県鏡石町,,,,,,,,,
073440,福島県天栄村,,,,,,,,,
073644,福島県檜枝岐村,,,31.3,33.3,35.3,37.3,,,
073679,福島県只見町,,,,,,,,,
073687,福島県南会津町,,,44.5,46.5,48.6,51.2,53.4,55.4,
074021,福島県北塩原村,,51.7,54.7,54.9,61,64.1,67.1,70.1,73.2
074055,福島県西会津町,,46.9,49.1,51.3,53.5,51.7,56,58.4,60.7
074071,福島県磐梯町,,77.2,79.2,81.1,83.1,85.1,87,89,90.9
074080,福島県猪苗代町,79,82,85,88,89.8,90.6,91.4,92.2,91.5
074217,福島県会津坂下町,,,,,,,,,
074225,福島県湯川村,,,,,,,,,
074233,福島県柳津町,,,,,,,,,
074446,福島県三島町,,,,,,,61.3,57.7,65.5
074454,福島県金山町,,71,73.9,76.8,79.2,81.5,84.5,87.4,90.4
074462,福島県昭和村,83.4,,,,,,,,
074471,福島県会津美里町,,,,,,,,,
074616,福島県西郷村,,,37.6,39.7,41.7,43.8,45.8,47.9,49.8
074641,福島県泉崎村,,99.8,99.8,99.8,99.8,99.9,79.9,79.8,81.4
074659,福島県中島村,,54,46.2,60.9,63.7,64.2,66.6,69,71.4
074667,福島県矢吹町,,,75.1,80.7,81.5,,,,
074811,福島県棚倉町,,,,,,,,,
074829,福島県矢祭町,,58.1,60.2,12.7,16.4,20.2,24,27.7,31.4
074837,福島県塙町,45.8,48.8,51.8,52.9,56,53.7,56.5,59.5,62.5
074845,福島県鮫川村,,,51.4,,,,,,
075019,福島県石川町,,,64.1,65.9,65,66.9,,,
075027,福島県玉川村,46.2,48.4,48.9,49.4,46.8,50.4,53.3,55.8,46.9
075035,福島県平田村,41.9,63,64.6,65.7,55.5,56.4,58.3,59.6,62.4
075043,福島県浅川町,53.5,53.5,56,58.4,59.7,62.2,64.6,67.1,69.5
075051,福島県古殿町,,,98.7,75.3,73.3,35.2,24,28.1,37.1
075213,福島県三春町,,15.4,17.6,19.7,21.7,23.9,37.8,35.9,41.7
075221,福島県小野町,,,,,,,,,
075418,福島県広野町,58.6,61.3,58.9,61.8,64.5,67.2,69.9,69.8,71.8
075426,福島県楢葉町,,,57.2,59.8,62.4,65,67.6,70.2,72.8
075434,福島県富岡町,,68,48.4,50.4,36.9,38.9,10.4,14.9,18.8
075442,福島県川内村,,,,,,,,,
075451,福島県大熊町,,33.9,35.1,22.2,25.5,25.5,28.8,32.1,35.5
075469,福島県双葉町,,36.3,38.3,40.3,42.3,44,46,48,50
075477,福島県浪江町,,,,,,93.2,94.8,96.5,98.3
075485,福島県葛尾村,,,,55.5,61.1,52.7,55.3,58.1,60.8
075612,福島県新地町,,,,,,32.7,36.9,41.5,46.1
075647,福島県飯舘村,,,,,,,,,
082015,茨城県水戸市,,50.5,49.6,52.2,54,56.3,58.3,60.5,58.3
082023,茨城県日立市,58.6,60.6,62.1,62.2,47.9,50.2,52,53.9,52.1
082031,茨城県土浦市,46.5,48.7,51,52.8,54.6,56.3,57.5,59.3,61.2
082040,茨城県古河市,39.5,67.1,69.1,71.1,64.7,67.3,66.8,66.1,68.5
082058,茨城県石岡市,44.4,46.2,49.3,52.3,55.4,58.4,61.5,64.5,93.8
082074,茨城県結城市,40.5,42.2,44,45.8,47.6,49.4,51.2,61.9,63.4
082082,茨城県龍ケ崎市,49.7,65.4,67.6,68.7,70.7,72.8,74.8,67.9,69.9
082104,茨城県下妻市,47,49.3,51.3,60.7,62,62.5,65.2,67.5,69.6
082112,茨城県常総市,100,90.4,92.1,93.6,93.1,94.8,95.9,97.5,96.2
082121,茨城県常陸太田市,76.2,78.7,81.1,83.6,92.3,93.1,95.2,97.3,26.8
082147,茨城県高萩市,,,,,,,,,
082155,茨城県北茨城市,53.8,53.8,55.9,57.9,59.9,61.9,63.8,65.8,67.7
082163,茨城県笠間市,,,,,,,,,
082171,茨城県取手市,50.6,50.6,51.8,52.2,52.2,54,56.5,59.1,61.7
082198,茨城県牛久市,44.5,46.5,48.8,49.9,52.5,55.2,57.9,60.4,61.4
082201,茨城県つくば市,52.5,54.6,54.6,56.8,59,60.9,62.1,64.4,61.2
082210,茨城県ひたちなか市,,51.7,50.1,54.1,56.5,58.6,60.8,63.2,64.9
082228,茨城県鹿嶋市,78,79.7,47.8,45,47.5,50,52.5,54.4,37.9
082236,茨城県潮来市,44.7,42.2,44.4,46.6,48.8,51,52.9,55.1,54.1
082244,茨城県守谷市,56.3,58.9,60.6,70,71.4,74.1,76.8,79.5,82.2
082252,茨城県常陸大宮市,41.4,,,,,,,,
082261,茨城県那珂市,,,,,,,,,
082279,茨城県筑西市,,48.6,51.7,53.9,56,57.7,57.7,62.1,62.5
082287,茨城県坂東市,,30.1,32.1,32.1,46.6,46.6,48.3,50,51.7
082295,茨城県稲敷市,,29.7,33,36.3,39.6,42.9,46.2,49.5,52.8
082309,茨城県かすみがうら市,,33.5,38.4,40.5,42.5,42.4,44.4,42.4,46.1
082317,茨城県桜川市,48.4,50.5,51,52.9,54.8,56.8,57.7,60.9,62.8
082325,茨城県神栖市,44.8,46.9,49.4,51.8,50.8,53.3,55.8,57.7,60.3
082333,茨城県行方市,98.1,78.5,79.5,80.3,81,81.7,82.5,83.2,83.9
082341,茨城県鉾田市,65.2,70.4,75.7,78.9,81.1,83.8,86.2,88.5,90
082350,茨城県つくばみらい市,,41.3,43,45.2,47.5,49.7,51.9,51.1,53.7
082368,茨城県小美玉市,,,,,,,,,
083020,茨城県茨城町,,,,,,,,,
083097,茨城県大洗町,,,,,,,,,
083101,茨城県城里町,,,,,,,,,
083411,茨城県東海村,33.2,33.8,36.2,38.7,41.2,41.8,44.5,47.2,46.3
083640,茨城県大子町,,51,54,57,60,63,66,64.4,67.4
084425,茨城県美浦村,,48.1,50.1,52.2,54.3,56.4,58.2,56.1,55.1
084433,茨城県阿見町,62,56.2,58.2,60.2,62.2,64.2,65.3,67.4,69.5
084476,茨城県河内町,56.3,61.1,63.1,65.1,66.4,66.6,68.6,70.6,72.7
085219,茨城県八千代町,,,,,,,,,
085421,茨城県五霞町,,,43.5,,,53.4,55.7,60.3,60.3
085464,茨城県境町,,,,,,,,,
085642,茨城県利根町,53.7,60.6,61.2,63.5,65.8,67.6,69.9,72.1,74.2
092011,栃木県宇都宮市,,57,58.9,61.1,63.3,65,65.6,67,69.4
092029,栃木県足利市,,81.3,82.5,84.2,85.3,58.2,55.2,53.1,55.5
092037,栃木県栃木市,,41.4,55,57.4,60.3,62.6,67.2,69.7,71.9
092045,栃木県佐野市,,60.4,68.8,74.6,76.9,77.7,81.1,82.3,83.1
092053,栃木県鹿沼市,28.2,46.3,47.1,27,30,45.6,47.4,52.2,55.5
092061,栃木県日光市,,48.6,51.3,58.4,54.5,57.5,59,62.1,64.7
092088,栃木県小山市,,,,,,,,,
092096,栃木県真岡市,61.9,60.4,62,65.9,61.8,63.9,66,68,71.7
092100,栃木県大田原市,,50,52,54,56,56,60,62,64
092118,栃木県矢板市,58.7,61,63.3,65.6,67.8,70.1,82.2,84.1,55.2
092134,栃木県那須塩原市,,42,45,48,51,54,56.5,59.5,62.5
092142,栃木県さくら市,90.5,97.4,97.3,98.4,99.6,99.7,99.4,99.5,99.5
092151,栃木県那須烏山市,,,,,,,,,
092169,栃木県下野市,,43,55.7,56.2,39.9,40.4,43.3,47.2,49.5
093017,栃木県上三川町,,,,79,80.2,80.5,81.8,82.8,41.9
093424,栃木県益子町,,,39.9,42,44,46.1,48.1,50.2,52.2
093432,栃木県茂木町,,2.7,7.3,11.9,16.5,21.1,25.7,30.3,34.9
093441,栃木県市貝町,,,,,,,,,
093459,栃木県芳賀町,,,,,,,,,
093611,栃木県壬生町,,45.9,47.5,46.6,47.1,50.2,53.3,56.4,49.7
093645,栃木県野木町,98.8,98.7,99.9,100,100,100,100,100,100
093840,栃木県塩谷町,,,,100,100,100,100,100,100
093866,栃木県高根沢町,,,62.3,64.4,66.4,68.4,70.4,72.4,74.4
094072,栃木県那須町,60,,,,,,,,
094111,栃木県那珂川町,45.3,47.3,49.4,50.9,53.2,55.3,57.3,58.6,65.4
102016,群馬県前橋市,,42.7,44.9,47.1,48,50.2,52.4,54.6,56.6
102024,群馬県高崎市,41.5,42.7,45.1,46.1,45.3,47.2,49.5,54,54.7
102032,群馬県桐生市,59.5,64.3,,,,69.5,62.9,64.9,77.2
102041,群馬県伊勢崎市,,51,55.5,57.3,59,61.2,63.5,65.9,65.1
102059,群馬県太田市,47.1,42.2,44.7,46.5,48.8,51.1,53.4,55.6,55.1
102067,群馬県沼田市,,,,,,,,,
102075,群馬県館林市,,57.6,59.9,62.1,64.4,66.6,68.8,72,73.3
102083,群馬県渋川市,55.8,55.2,56.8,55.5,62.3,65.7,67.3,69,70.8
102091,群馬県藤岡市,,55.8,70.5,71.7,73,74.3,75.6,76.8,78.1
102105,群馬県富岡市,,,40.8,43.3,45.7,48.2,50.7,18,21.4
102113,群馬県安中市,38.6,42.6,46.5,50.5,54.4,58,61.4,64.5,67.8
102121,群馬県みどり市,23.1,26.7,59.7,61.5,61.4,65.5,,69,71.7
103446,群馬県榛東村,,,,,,,,,
103454,群馬県吉岡町,49.8,41,43.3,45.7,,50.6,37.6,40.2,43.5
103667,群馬県上野村,21.3,23.1,,,34.2,39.4,,,
103675,群馬県神流町,,100,100,100,100,100,100,100,100
103829,群馬県下仁田町,,,,,,,,,
103837,群馬県南牧村,,3.3,4.1,9.2,14.1,19.2,24.4,32.5,36.9
103845,群馬県甘楽町,78.1,78.4,66,67.7,69.5,71.2,70.7,72,72.2
104213,群馬県中之条町,90.4,61.7,64.4,67.1,71,73.7,76.5,79.2,81.9
104248,群馬県長野原町,,57,,,,64.2,66.4,68.5,89.6
104256,群馬県嬬恋村,44.6,39.8,41.3,43.1,45.5,49.4,50.8,,
104264,群馬県草津町,,,,,,,,,
104281,群馬県高山村,,,,,,,77.9,,
104299,群馬県東吾妻町,56.1,57.9,76,61.5,63.4,63.4,,,
104434,群馬県片品村,,,,,,,,,
104442,群馬県川場村,,,48.4,50.3,46.2,48,62.6,65.4,67.5
104485,群馬県昭和村,,67,73.7,80.4,93.8,100,100,100,100
104493,群馬県みなかみ町,,,60.8,68.8,65.6,67.2,,,
104647,群馬県玉村町,49.7,56.3,54,60.3,62.4,63.3,65.5,65.3,67.5
105210,群馬県板倉町,45.7,46.8,48.9,49.2,52.5,55,57.4,59.8,62.2
105228,群馬県明和町,54.2,55.5,,,,38,,,
105236,群馬県千代田町,56.2,59,61.7,64.5,67.3,70.1,54.6,51.3,
105244,群馬県大泉町,85.7,88.1,90.5,92.6,94.7,96.3,97.4,98.2,98.8
105252,群馬県邑楽町,74.4,77,79.6,82.1,84.3,86.4,88.6,90.7,
111007,埼玉県さいたま市,48.9,50.1,50.1,53.8,54.9,55.9,58,52.7,52.6
112011,埼玉県川越市,52.6,51.9,53.9,54,46.1,48.4,50.6,53.1,55.8
112020,埼玉県熊谷市,,60,61.9,62.6,63.9,66.2,68.5,70.8,72.1
112038,埼玉県川口市,47.4,48.8,48.7,49.2,52.1,53.8,55.4,56.5,58.3
112062,埼玉県行田市,,86.1,87.9,89.7,91.6,93.4,94.2,95.8,96.6
112071,埼玉県秩父市,50.1,52.8,55.6,56.7,59.6,62.5,59.7,60.9,63.8
112089,埼玉県所沢市,49.5,32.2,35.1,37.8,40.3,42.4,45,47.6,49.7
112097,埼玉県飯能市,44,45.9,48.5,50.7,53.3,56,58.6,60.3,63.7
112101,埼玉県加須市,,,,,,,,,
112119,埼玉県本庄市,,71,52.8,56.9,59.2,62.1,62.7,65.9,60.6
112127,埼玉県東松山市,66,68.1,36.9,39.1,41.3,43.2,45.4,46.5,44.1
112143,埼玉県春日部市,51.1,53,54.9,56.8,58.7,60.5,61.3,63.2,65
112151,埼玉県狭山市,,48.1,53.3,55.3,56,57.9,60.3,62.4,61.4
112160,埼玉県羽生市,73,75.3,77.8,80.3,77.6,81.7,80.6,82.8,87.9
112178,埼玉県鴻巣市,47,49,50.9,52.9,47.5,49.4,51.4,53.5,55.5
112186,埼玉県深谷市,49.6,51.6,53,52.6,54.3,56.3,58.3,60.2,68.4
112194,埼玉県上尾市,,48.7,50.2,51.5,53.1,55.1,57.7,41.9,42.1
112216,埼玉県草加市,48.5,50.7,52.4,54,56.2,58.4,58.4,62,60.6
112224,埼玉県越谷市,30.7,32.2,34.2,35.6,37.9,40.4,43.2,45.5,47.8
112232,埼玉県蕨市,62.3,63.7,65.1,66.5,67.8,69,70.4,71.5,72.8
112241,埼玉県戸田市,44.2,46.3,48.4,50.5,48.1,54.9,57,59.1,61.2
112259,埼玉県入間市,51.6,52.5,54.5,56.5,58.4,56.1,58.1,60.1,62.1
112275,埼玉県朝霞市,47.9,49.9,51.9,53.5,55.3,57.4,59.1,61.6,54.7
112283,埼玉県志木市,57.3,59.3,50.5,45.8,48.5,51.3,54.1,55.4,59.6
112291,埼玉県和光市,48.1,50.7,53.3,55.9,58.5,60.5,62.5,64.2,65.7
112305,埼玉県新座市,,47.5,48.3,51.8,35.6,36.5,37.6,31.5,33.7
112313,埼玉県桶川市,59.3,60.9,60.9,63.9,65.4,66.1,67.8,69.3,68.2
112321,埼玉県久喜市,,42.2,43.2,40.6,42.7,44.7,46.7,48.7,50.8
112330,埼玉県北本市,56.8,58.4,63.7,63.8,65.9,68.2,70.5,72.8,75
112348,埼玉県八潮市,,39.6,41.8,44,46.2,42.9,45.1,49,49.5
112356,埼玉県富士見市,,93.8,96,98.2,100,100,100,100,100
112372,埼玉県三郷市,,55,57.6,60.3,62.5,64.6,67,58,54.8
112381,埼玉県蓮田市,,55.8,57.1,58.5,58.5,61.2,62.6,63.9,65.3
112399,埼玉県坂戸市,,,,,,,,,
112402,埼玉県幸手市,83.6,43.1,46.4,49.2,53.2,58.4,61.2,61.1,60.8
112411,埼玉県鶴ケ島市,61.2,70.1,71.9,73.7,75.6,77.4,77.9,79.9,
112429,埼玉県日高市,,,,,,,,,
112437,埼玉県吉川市,80.3,82.8,85.4,87.9,90.5,88.9,90.3,89.4,86.9
112453,埼玉県ふじみ野市,,33.1,33.1,34,36,38,37.7,39.7,41.7
112461,埼玉県白岡市,42.9,47.1,63.7,66,68.2,70.1,72,72.4,74.1
113018,埼玉県伊奈町,75,76.8,79.1,80.9,83.8,86.1,88.5,90.8,93.2
113247,埼玉県三芳町,,,78.3,81.1,83.8,86.5,73.9,77.4,80.2
113263,埼玉県毛呂山町,,61.8,63.8,65.9,66.8,63.4,65.3,67.4,69.4
113271,埼玉県越生町,,,,,,,,,
113417,埼玉県滑川町,,,,,,,,,
113425,埼玉県嵐山町,,,,,,,,,
113433,埼玉県小川町,,,,,,,,,
113468,埼玉県川島町,40,42,44.2,46.4,48.4,50.7,52.7,54.5,56.7
113476,埼玉県吉見町,,,,,,,,,
113484,埼玉県鳩山町,,1.4,0.7,6.5,12.3,28.8,35.8,35.8,35.2
113492,埼玉県ときがわ町,87.1,93.8,100,100,100,100,100,100,100
113611,埼玉県横瀬町,52.6,54.8,57.1,59.3,61.6,63.9,63.9,58.5,61.6
113620,埼玉県皆野町,,,68.3,65.8,68.4,70.1,72.7,75.2,77.3
113638,埼玉県長瀞町,,,,,,,,,
113654,埼玉県小鹿野町,47.4,44.6,46.6,48.3,50.3,52.3,53.9,55.1,57.3
113697,埼玉県東秩父村,,,,,,,,,
113816,埼玉県美里町,,,,,,,,,
113832,埼玉県神川町,30.8,33,33.6,35.7,37.9,40.1,42.3,44.5,46.7
113859,埼玉県上里町,58,60,62,64,66,67,68,70,72
114081,埼玉県寄居町,68,70,72,74,76,78,80,82,84
114421,埼玉県宮代町,60.4,59.4,59.4,61.8,64.2,66.6,63.8,62.7,64.7
114642,埼玉県杉戸町,,42.5,44.5,46.7,48,50.3,52.2,54.4,56.8
114651,埼玉県松伏町,69.2,72.2,73.7,75.6,77.4,79.2,81.1,82.9,84.6
121002,千葉県千葉市,,43.8,46,48.3,51.8,54.7,57.2,59.2,51.9
122025,千葉県銚子市,69.8,66.8,68.9,68.5,70.7,60,56.8,60.2,62.7
122033,千葉県市川市,,,53.6,57,58.8,60.6,61.8,63.9,61.1
122041,千葉県船橋市,36.8,38.6,40.8,43.8,45.8,48,50.3,52.1,54.7
122050,千葉県館山市,91,89.4,88.3,91,93.6,96.3,96.7,97.2,97.6
122068,千葉県木更津市,,63.1,74,77.9,79.5,80.9,82.2,83.4,83.5
122076,千葉県松戸市,57.4,68,59.4,60.6,62.2,64,64.8,66.7,68.6
122084,千葉県野田市,,62.3,63.7,65.3,67.2,69.2,67.2,67.2,68.8
122106,千葉県茂原市,71.8,71.5,73.3,75.4,75.8,77.9,79.5,81.6,83.8
122114,千葉県成田市,,59.4,53.2,56.7,66,69.5,73,76.5,80
122122,千葉県佐倉市,,,,,,,,,
122131,千葉県東金市,71.1,,96.8,94.2,95.7,97.3,100,100,100
122157,千葉県旭市,,,,,,87.9,88.4,89,89.5
122165,千葉県習志野市,,57.9,59,61,62.5,65.9,67.9,69,70.1
122173,千葉県柏市,,56,58,60,62.1,64.3,64.9,67.2,69.5
122181,千葉県勝浦市,68.2,,,,,,,,
122190,千葉県市原市,,61.7,64.1,66.4,67.5,68.1,66.4,68.9,
122203,千葉県流山市,,15.8,18.5,21.2,39.8,42.6,45.6,48.4,51.2
122211,千葉県八千代市,,,,,,,,,
122220,千葉県我孫子市,,48.7,50.7,52.1,54.8,57.4,60,62.5,65.2
122238,千葉県鴨川市,58.2,60,61.8,63.7,66.3,68,62.2,70.7,71.4
122246,千葉県鎌ケ谷市,,74.9,76.6,78.2,79.1,79.4,72.5,73.3,74.5
122254,千葉県君津市,90.9,93.7,97,99.5,99.5,99.6,99.7,99.7,99.8
122262,千葉県富津市,74.2,,,,,,,,
122271,千葉県浦安市,,61.6,64.2,65.3,69.3,48.1,50.2,50.9,53.2
122289,千葉県四街道市,,65.8,67.6,69.4,71.1,67.2,69,70.7,69.2
122297,千葉県袖ケ浦市,,82,83.5,85.1,85.2,86.8,87.8,89.4,91
122301,千葉県八街市,77.5,80.5,79.4,84.4,85.5,44.7,57.1,56.1,58.2
122319,千葉県印西市,60.1,56.3,57.8,52.6,54.5,56.6,59.7,47.3,50
122327,千葉県白井市,,46,48.6,51.1,53.6,56.3,59,61.7,59.8
122335,千葉県富里市,58.4,60.3,62.3,64.1,66.1,68.1,70.1,70.5,72.7
122343,千葉県南房総市,,,,,,,,,
122351,千葉県匝瑳市,,79.7,81.9,89.7,91.4,93.2,94.2,95.9,97
122360,千葉県香取市,56.2,64.6,67.4,68.6,71.4,73.1,47,96.6,97
122378,千葉県山武市,,46.9,49,51,52.1,45.4,47.4,49.2,50.1
122386,千葉県いすみ市,,,,,,,,,
122394,千葉県大網白里市,68.1,,69.9,,,,,,
123226,千葉県酒々井町,,70,80.6,82,83.4,84.8,85.5,86.9,88.3
123293,千葉県栄町,,,,,,,,,
123421,千葉県神崎町,,,,,,,,,
123471,千葉県多古町,,,,,,,,,
123498,千葉県東庄町,65.9,31.6,81.6,83.9,69.9,65.8,76.9,80,82.7
124036,千葉県九十九里町,,,,,,,,,
124095,千葉県芝山町,38.9,38.7,40.7,42.8,,,,,
124109,千葉県横芝光町,71.4,75.6,79.8,84,88.2,92.4,96.6,100,100
124214,千葉県一宮町,,,,,,,,,
124222,千葉県睦沢町,83.6,85.8,88,90.2,92.4,94.6,95.7,99,93.9
124231,千葉県長生村,60.8,64.4,68.1,70.9,73.7,76.4,79.1,81.8,84.5
124249,千葉県白子町,,,,,,,,,
124265,千葉県長柄町,47.1,28.8,31.1,33.4,35.7,38,51.5,53.7,53.6
124273,千葉県長南町,,,,,,,,,
124419,千葉県大多喜町,,,,,,,,,
124435,千葉県御宿町,100,100,100,100,100,100,100,98.2,98.4
124630,千葉県鋸南町,57.9,70.7,56.3,45.7,48.1,53.5,56.7,59.8,63
131016,東京都千代田区,,36.8,36.8,41,43.4,45.5,47.6,49.7,51.8
131024,東京都中央区,,,41.7,43.1,39.3,36.2,39.1,42.1,45
131032,東京都港区,,42.4,43.9,43.8,43.6,51.1,45.5,47.8,48.8
131041,東京都新宿区,53.8,56.5,57.7,58.8,60.2,61.8,63.1,64.7,65.7
131059,東京都文京区,,36.5,38.7,40.5,37.1,39.9,42.6,45.4,39.2
131067,東京都台東区,,,,47.3,48.9,50.8,53,55.1,51
131075,東京都墨田区,40,40.8,42.3,44.3,46.1,48.2,50.3,52.3,54.3
131083,東京都江東区,44.3,48.5,49.7,52.1,54.6,57,59.4,61.6,58.7
131105,東京都目黒区,,30.4,36,46.1,48.1,50.2,52.4,50.9,54.1
131113,東京都大田区,44.2,41,44.9,42.2,42,44.1,45.4,47.3,47.5
131121,東京都世田谷区,,,46,49.1,49.5,51.6,53.6,55.6,55.6
131130,東京都渋谷区,,40.4,35.5,36.7,38.2,35,35.4,38.6,41.7
131148,東京都中野区,51.9,54.2,56.6,59.2,60.9,63.4,63,65.2,67.1
131156,東京都杉並区,47.8,48.4,50.6,52.7,55.3,56.8,58.6,60.4,62.1
131164,東京都豊島区,,,32.6,29.6,28.2,31.1,33.8,36.7,38.2
131172,東京都北区,,47.3,49.1,50.9,53.3,54.4,56.3,53.2,55.6
131181,東京都荒川区,,,63.2,65.3,66.8,68.7,71.1,71.6,76.2
131199,東京都板橋区,45.8,45.8,45,46.9,50.2,52.4,54.5,53.7,35.2
131202,東京都練馬区,43.9,42,45.7,48.1,50.8,52.2,50.7,53.2,55
131211,東京都足立区,50.4,50.9,52.3,54.2,54.8,57.7,59,61,62.3
131229,東京都葛飾区,14.8,19.7,25,27.1,30.5,32.6,32.6,34.7,35.2
131237,東京都江戸川区,73.4,75.8,62.8,64.7,63.8,42.2,44.3,42.5,44.8
132012,東京都八王子市,,44.5,45.5,47.5,49.5,51.8,54.1,56.4,58.6
132021,東京都立川市,,59.1,61.6,63.5,65.2,65.3,63.1,65.7,68
132039,東京都武蔵野市,60.7,52.3,52.1,53.5,55.8,57.1,58.7,61.1,62.7
132047,東京都三鷹市,,35.9,31.1,33.3,35.3,37.3,39.8,41.9,38.4
132055,東京都青梅市,,80,80.8,81.6,84.9,86.3,86.6,87.2,87.8
132063,東京都府中市,,69.2,69.2,70.6,71.9,71.7,69.3,70.1,60
132071,東京都昭島市,,,,,,,,,
132080,東京都調布市,,41.2,44,46.5,49,50.9,53.1,55.7,57.6
132098,東京都町田市,40.6,42.7,43.4,45.6,47.5,49.5,51.8,52.5,54.8
132101,東京都小金井市,,34.7,36,38.2,38.9,41,43.1,45.2,47.1
132110,東京都小平市,,60.4,62.4,82.9,66.5,68.5,66.3,66.3,69.6
132128,東京都日野市,42,44.2,46.4,48.6,50.7,53,55.2,57.4,59.6
132136,東京都東村山市,,,,,,,,,
132144,東京都国分寺市,35.9,38.8,40.9,42.4,44.5,48.4,49.6,51.4,51.8
132152,東京都国立市,58.1,56.1,57.4,59.2,61,68.4,65.4,67.7,69
132187,東京都福生市,41.5,43.5,45.5,47.4,41.2,43.4,45.5,47.5,49.6
132195,東京都狛江市,,46.3,15.2,24.5,21.2,5.3,8.7,12.1,15.5
132209,東京都東大和市,53.1,100,40,41.9,43.9,43.2,45.5,47.8,50.1
132217,東京都清瀬市,38.7,37.4,39.6,42.6,42,44.1,46.2,44.1,46
132225,東京都東久留米市,52.1,43.4,47.6,50.1,52.3,53.9,56.2,58.6,60.1
132233,東京都武蔵村山市,,45.9,47.9,49.8,51.3,52,54.4,57.4,60.3
132241,東京都多摩市,45.7,49,47.6,48.9,48.4,43.3,45.3,47.1,49.1
132250,東京都稲城市,,,,,,,,,0
132276,東京都羽村市,,43.1,45.1,47.1,49.1,51.1,53.1,55.1,57.1
132284,東京都あきる野市,42.7,42.7,47,49.1,51.3,53.4,55.5,57.6,59
132292,東京都西東京市,,29.3,31.8,37,41.2,43.3,45.4,47.6,49.2
133035,東京都瑞穂町,,,,,,,,,
133051,東京都日の出町,,59.4,62.8,66.3,71.7,75.3,77,80.2,82.6
133078,東京都檜原村,,,,,,51.2,55.8,73.6,60
133086,東京都奥多摩町,,,,,,,,,
133612,東京都大島町,,68.5,40.5,,,47.3,8.7,13.2,15.8
133621,東京都利島村,,71.4,74.8,78.2,76.4,80.7,84.9,89.2,93.4
133639,東京都新島村,,,72.1,74.1,29.6,29.6,31.6,35.9,38.6
133647,東京都神津島村,,,,,,,,,
133817,東京都三宅村,,,,,76,76.6,77.9,82.5,84.6
133825,東京都御蔵島村,,24.2,,,,,,,
134015,東京都八丈町,,,39.4,42.1,44.4,48.6,50.8,55.4,57.1
134210,東京都小笠原村,,,,,,18,,,
141003,神奈川県横浜市,,45.9,47.5,49.3,50.6,52.4,54.5,56.5,57.5
141305,神奈川県川崎市,36.6,35.1,37,38.2,40.8,41.6,40.7,42,50.7
141500,神奈川県相模原市,49.6,51.8,53.9,56,58.5,60.6,62.6,64.6,66.6
142018,神奈川県横須賀市,,50.2,52.2,54.2,56.2,58.1,59.4,61.3,63.2
142034,神奈川県平塚市,,50.1,50.9,53.1,55.2,57.2,59.1,60.9,62.7
142042,神奈川県鎌倉市,53.4,49.7,50.2,50.8,53.8,56,58.1,60.3,62.4
142051,神奈川県藤沢市,48.8,46.7,48.4,50.1,49.3,50.9,54,55.3,57.1
142069,神奈川県小田原市,,28.3,30.7,32.8,35.5,37.4,40.3,42.5,45
142077,神奈川県茅ヶ崎市,48.3,50.6,52.2,55.2,57.2,56.1,58.7,61,63.8
142085,神奈川県逗子市,50.6,57,59,60.9,62.4,64.6,67.1,69.6,70.9
142107,神奈川県三浦市,63.8,68.7,70.9,74,75.6,77.7,77.7,81.8,83.9
142115,神奈川県秦野市,29.2,,,,85.8,87,89.3,91.5,84.5
142123,神奈川県厚木市,,,,,,,,,
142131,神奈川県大和市,,,,,36,64.3,66.3,66.2,68.6
142140,神奈川県伊勢原市,63.6,63.9,66.6,69.3,72,74.7,77.4,79.8,82.3
142158,神奈川県海老名市,49.4,51.6,40,39.6,42.5,45.4,48.2,51.1,54
142166,神奈川県座間市,,54.4,56.1,57.7,59.4,61.1,62.7,63.5,62.4
142174,神奈川県南足柄市,,,54.4,56.4,58.4,60.4,62.4,64.5,65.8
142182,神奈川県綾瀬市,47.5,,,,,,,,
143014,神奈川県葉山町,,,,,,,,,
143219,神奈川県寒川町,,,,,,,,,
143413,神奈川県大磯町,74.1,76.3,78.5,80.7,82.9,85.1,87.3,89.5,91.7
143421,神奈川県二宮町,,,,,,,,,
143618,神奈川県中井町,,,,,,,,,
143626,神奈川県大井町,,,,,,,,,
143634,神奈川県松田町,,,,,,,,,
143642,神奈川県山北町,,75.2,99,99.1,99.2,99.2,99.3,99.4,99.4
143669,神奈川県開成町,,,,,,,,,
143821,神奈川県箱根町,65.3,66.8,68.9,71,73.1,75.1,77.2,77.4,74.8
143839,神奈川県真鶴町,65.2,67.2,69.1,70.4,72.4,74.3,76.3,78.2,76.3
143847,神奈川県湯河原町,,,,,,,,,
144011,神奈川県愛川町,80.3,81.7,84,85.3,86.6,87.9,89.1,90.4,91.7
144029,神奈川県清川村,,,,,,,,,
151009,新潟県新潟市,48.6,51,53.3,55.3,57.6,60.3,62.3,59.5,61.3
152021,新潟県長岡市,,,,,,,,,
152048,新潟県三条市,,,,,,,,,
152056,新潟県柏崎市,55.3,57.2,58.7,60.3,62,63.8,65.5,65.8,67.8
152064,新潟県新発田市,,53.1,51.4,52.2,56,58.3,60.4,68.4,64.6
152081,新潟県小千谷市,64.9,69.7,90.1,89.6,90.4,90.3,89.6,82.8,74.2
152099,新潟県加茂市,,,,,,,,,
152102,新潟県十日町市,,75.1,77.4,79.7,61.3,27.9,31.1,34.4,36.3
152111,新潟県見附市,,,,,,,,,
152129,新潟県村上市,,63.3,65.6,67.8,57.5,60.3,60,61.7,61.5
152137,新潟県燕市,,,69.1,71.7,74.9,73.6,75.9,77.9,68.4
152161,新潟県糸魚川市,,100,21.5,32.4,50.4,40.5,42,44.2,48.3
152170,新潟県妙高市,70.1,,,,,70.5,72.1,73.8,71.2
152188,新潟県五泉市,,42.1,42.5,45.4,47.9,50.8,53.2,56.2,58.5
152226,新潟県上越市,36.2,29.8,45.3,34.6,36.9,39.3,44.8,47.1,49.7
152234,新潟県阿賀野市,30.3,40.5,42.7,45.1,47.4,51.4,53,54.2,57.3
152242,新潟県佐渡市,,38.3,38.3,39.2,41.1,41.8,45.4,,
152251,新潟県魚沼市,47.2,54.3,56.5,58.7,60.8,62.5,63.6,62.7,65.1
152269,新潟県南魚沼市,17,20.1,22.8,25.4,28,30.6,33.2,35.5,35.8
152277,新潟県胎内市,,60.6,63.4,66.8,69,70.2,72.8,75.4,78
153079,新潟県聖籠町,60.7,62.9,,,,,,,
153427,新潟県弥彦村,56.9,60.9,70.7,72.7,74.2,76.2,78.2,79.1,81
153613,新潟県田上町,,,82.4,83.9,85.5,87.3,89,90.7,92.4
153851,新潟県阿賀町,32.2,34,41.2,46.7,53.2,55.7,59.3,62.2,61.9
154059,新潟県出雲崎町,39.3,,8.3,4.2,8.5,12.8,17,21.3,25.6
154610,新潟県湯沢町,,,,,,,,,
154822,新潟県津南町,64.3,45.4,48.1,48.1,53.5,56.3,56.3,61.7,64.4
155047,新潟県刈羽村,,,,,,,,,
155811,新潟県関川村,,,,,,,,,
155861,新潟県粟島浦村,,73.6,,,,,,9.2,13.8
162019,富山県富山市,,42.9,45.1,47.2,47.2,51.2,53.6,54.1,55.3
162027,富山県高岡市,36.7,39,41.9,41.1,40.6,40.9,42.3,49.2,52.8
162043,富山県魚津市,72.3,76.4,80.3,83.9,86.9,89.5,92.1,93,95.4
162051,富山県氷見市,,81.1,83.2,,,,86.8,87.5,88.3
162060,富山県滑川市,65.6,64.9,68,70.6,72.7,75.4,77.3,79.6,82
162078,富山県黒部市,,48.2,50.6,62.8,85.9,88.1,90.3,89.3,91.7
162086,富山県砺波市,32.6,29.1,31.3,32.8,35.2,48.9,51.8,54.5,56.5
162094,富山県小矢部市,,35.6,41.4,41.9,44.8,47,49.9,52.8,55.5
162108,富山県南砺市,23.4,25.6,27.7,29.9,31.8,38.3,36.3,38.3,40.5
162116,富山県射水市,,78.3,80.8,83.4,,,,,
163210,富山県舟橋村,25.4,29.5,,,,,,,
163228,富山県上市町,75.2,79.5,82.1,86.4,89.3,90,88.5,88.7,
163236,富山県立山町,,,,,,,,,
163422,富山県入善町,59.2,62.4,63.8,64.4,65.7,67.1,68.3,68.4,69.7
163431,富山県朝日町,,,,,63.9,65.9,67.9,69.9,71.9
172014,石川県金沢市,,,,65.2,66.9,67.9,68.8,70.9,72.7
172022,石川県七尾市,,,,68.2,68.8,70.5,71.9,73.4,75
172031,石川県小松市,,51.3,54.4,44.4,39.7,43.7,36.2,36.9,44.7
172049,石川県輪島市,,41.5,,,,,,76.7,79.3
172057,石川県珠洲市,41.6,44,45.3,47.6,48.3,50.8,53.3,53.5,56.1
172065,石川県加賀市,,69.6,71.8,74.1,76.4,78.6,80.9,83.2,85.4
172073,石川県羽咋市,67.6,70.4,71.6,70.5,73.2,74.5,77.4,80.1,81.4
172090,石川県かほく市,53.1,54,55.9,59,58.4,51.3,53.2,55.6,57.2
172103,石川県白山市,,53.9,30.7,42.3,44.5,46.9,49.2,51.6,53.9
172111,石川県能美市,44.3,47.1,49.6,53.4,54.8,57.5,52.3,54.8,55.5
172120,石川県野々市市,,70,72,74,76,73.4,74.2,75.7,79.2
173240,石川県川北町,,77,79.2,81.4,83.6,85.8,88,90.2,92.4
173614,石川県津幡町,,,,,,,,,
173657,石川県内灘町,,,,,,,,,
173843,石川県志賀町,25.7,28.6,31.5,34.5,37.2,40.1,42.8,45.8,48.8
173860,石川県宝達志水町,,54.7,56.8,59,60.9,63.1,65.2,61.4,61.5
174076,石川県中能登町,,57.2,59.1,,68.5,71,73.6,76.2,78.7
174611,石川県穴水町,,83.8,92.9,20,,,,,
174637,石川県能登町,,33.6,66.1,81.5,70.9,70.9,73.4,75.7,77.9
182010,福井県福井市,,,66.7,72.6,73.3,74,75.1,76.4,76.8
182028,福井県敦賀市,57.7,59.7,63,65.7,68.3,73.1,75.8,78,80.7
182044,福井県小浜市,,43.8,44.9,46.6,48.1,49.8,49.8,51.6,
182052,福井県大野市,,,,,,,,,
182061,福井県勝山市,,,,,,,,,
182079,福井県鯖江市,,56.7,54.5,,,,,,
182087,福井県あわら市,,41.7,43.5,46.8,49.9,53.2,56.3,59.2,61.9
182095,福井県越前市,50.6,53.3,56.9,58.8,61.5,64.3,63.7,66.5,69.4
182109,福井県坂井市,,,,,,,,,
183229,福井県永平寺町,51.3,51,53.1,53.9,55.8,57.8,60.1,60.4,59.2
183822,福井県池田町,46.7,59.9,62.1,64.2,66.3,68.3,70.2,72,73.5
184047,福井県南越前町,,38.2,43.5,45.7,47.9,49.6,49.6,53.6,55.8
184233,福井県越前町,,42.8,53.7,55.7,57.7,61.3,61.1,63.1,65
184420,福井県美浜町,,,7.5,13.6,18.1,22.6,27.2,51.4,54.5
184811,福井県高浜町,31,59.2,59.4,52.9,55.1,57.3,59.5,61.7,63.9
184837,福井県おおい町,,62.4,65.1,,,,,,78.6
185019,福井県若狭町,,40.5,55.3,55.3,55.7,60.5,63.1,62.9,68.7
192015,山梨県甲府市,47.6,49.5,51.6,51,55.5,57.6,59.9,62.2,64.1
192023,山梨県富士吉田市,32.3,34.1,34.1,38.2,40.7,43.2,44.5,48.2,52
192040,山梨県都留市,68,34,36,38,40.1,42,44,46,48
192058,山梨県山梨市,45.5,47.5,49.5,49.6,51.3,53.6,55.8,57.7,47.6
192066,山梨県大月市,,43,44,46,48,50,52,54,56
192074,山梨県韮崎市,48.5,60.8,63,65.2,67.3,69.3,85.2,87,82.1
192082,山梨県南アルプス市,55,56.2,58.4,60.5,62.7,64.9,66.6,68.8,71
192091,山梨県北杜市,,34.3,36.6,37.7,38.9,40.3,43.3,46.2,45.9
192104,山梨県甲斐市,,,88.1,52,54,,,,
192112,山梨県笛吹市,,42.7,42.5,44.6,44.2,42.1,46.2,45.8,47.8
192121,山梨県上野原市,83.7,85.8,15.6,18.5,20.5,22.6,24.6,26.6,28.5
192139,山梨県甲州市,25.9,28.3,30.3,32.1,33.5,35.4,37.6,39.2,41
192147,山梨県中央市,44.6,46.7,48.4,49.9,48.6,50.8,53.1,55.3,57.5
193461,山梨県市川三郷町,,,,,,,,,
193640,山梨県早川町,,46.3,48.5,50.7,53,55.2,56,58.3,61.8
193658,山梨県身延町,,66,69,72,75,78,81,84,87
193666,山梨県南部町,,52.2,53.7,55.9,59.1,61.4,63.8,66.1,68.5
193682,山梨県富士川町,57,45,,,,,,,
193844,山梨県昭和町,,68.6,69.8,69.5,74,75.8,78,80.2,82.4
194221,山梨県道志村,53.9,56.6,59.4,62,65.8,59.9,62.5,65.1,67.8
194239,山梨県西桂町,,39.3,41.3,43.2,46.4,48.4,50.4,52.4,54.4
194247,山梨県忍野村,70.9,70.3,72.3,74.3,76.3,78.3,80.3,82.3,84.3
194255,山梨県山中湖村,70,72,74,76,78,80,82,84,87.4
194298,山梨県鳴沢村,82,84,83.2,85.2,87.2,89.3,91.3,93.3,95.4
194301,山梨県富士河口湖町,31.3,34.7,36.7,40,41.1,43.9,46.6,49.1,51.6
194425,山梨県小菅村,37.2,41.6,41.6,43.8,46,47.7,54.2,55.2,53
194433,山梨県丹波山村,19.8,,26.4,28.6,30.8,33,35.2,37.4,39.6
202011,長野県長野市,60.2,62.1,64.1,65.7,65.1,66.1,67.8,67.7,69.7
202029,長野県松本市,46,53.4,52.5,54.6,58,58.4,60.6,62.7,65
202037,長野県上田市,,,60,59.6,62.3,67.6,66.6,69,71.1
202045,長野県岡谷市,,93.4,86.3,84.4,83.1,87.4,84.6,85.3,85.9
202053,長野県飯田市,,53.7,55.8,51.2,53.1,55,55.7,56.6,58.6
202061,長野県諏訪市,55,57.3,58.8,61.1,62.4,64.3,66.7,66.9,68.8
202070,長野県須坂市,,53.2,55.3,57.4,59.5,58.3,60,62.2,63.9
202088,長野県小諸市,,78.6,81.9,81.3,85.7,87.8,88.9,90.4,91.8
202096,長野県伊那市,55.7,57.3,59.2,61,63.5,64.8,67.4,69.9,72.4
202100,長野県駒ケ根市,,82.3,84.4,84.2,73.9,76,78,80,82.1
202118,長野県中野市,,66.6,69.1,70,72.3,75.6,76.4,80.4,78.8
202126,長野県大町市,,,,,,,,,
202134,長野県飯山市,,16.2,18.2,20.3,22.3,24.3,26.4,28.4,30.4
202142,長野県茅野市,40.8,35.4,37.6,39.7,41.8,44.8,46,48,50.2
202151,長野県塩尻市,57.8,62.5,65.4,68.2,53,55.9,58.7,61.5,64.4
202177,長野県佐久市,33.3,33.3,33.7,38.7,39.2,40.8,43,44.3,46.6
202185,長野県千曲市,58.1,60.2,62.2,64.3,66.4,68.4,74.8,76.8,78.6
202193,長野県東御市,43,39.1,77.9,85,82.1,84.3,83.7,46.1,42.6
202207,長野県安曇野市,,46.9,49.4,52.5,53.4,55.6,57.2,60.5,61.7
203033,長野県小海町,,63.3,65.6,64.2,64.2,68.4,69.5,72.5,73.2
203041,長野県川上村,,,41.6,42.3,44.5,46.4,55,57.3,59.7
203050,長野県南牧村,48.4,47.1,48.5,51.4,53.6,56.5,59.4,62.1,65
203068,長野県南相木村,61.9,57.5,60.6,63.6,62.6,63.3,66.8,66.8,73
203076,長野県北相木村,48.4,49.9,52.1,54.4,56.8,59,60.7,62.9,65.2
203092,長野県佐久穂町,,52.4,41.2,41.2,45.2,47.2,49.2,51.2,55.2
203211,長野県軽井沢町,26.5,28.5,29.8,32.1,35.8,38.2,40.5,40.3,37.7
203238,長野県御代田町,35.8,37.8,,,,46.7,48.8,51,51.5
203246,長野県立科町,68.2,69.6,70.7,72.1,81.4,83.2,85.4,87.6,89.9
203491,長野県青木村,,36.9,14.8,17.3,19.8,22.3,24.7,27.2,29.7
203505,長野県長和町,,64.2,82.5,76.3,78.2,73.8,75.5,76.3,78.8
203611,長野県下諏訪町,,,,,,,,,
203629,長野県富士見町,36.1,39.5,42.9,46.3,49.6,51.8,54.2,55.6,58.6
203637,長野県原村,,41.4,44,46.3,49,51.8,54.5,57.3,60
203823,長野県辰野町,39.4,42.5,45.6,48.6,51.7,54.8,57.9,60.9,64
203831,長野県箕輪町,62,63.4,64.7,65.8,67.2,66.4,67.9,69.5,71.2
203840,長野県飯島町,51.6,54.3,57,53.9,57.3,60.7,64.1,67.4,70.8
203858,長野県南箕輪村,60.2,62.2,66.1,69.3,75.6,75,77.6,78.3,81.5
203866,長野県中川村,53.5,47.7,33.2,52.1,53.3,55.7,54.6,57.2,59.7
203882,長野県宮田村,52.8,57.5,59.8,62.2,62.2,64.5,66.8,69.2,71.5
204021,長野県松川町,74.5,71.4,73.8,75.5,77.1,80.7,82.1,83,81.9
204030,長野県高森町,,47.5,49.5,51.5,53.3,55,57.1,59.1,61.1
204048,長野県阿南町,39.1,35.9,38.7,40.7,43.5,41.3,41.5,44.5,47.5
204072,長野県阿智村,,39.1,41.9,38.9,39.7,42.7,43.6,46,47.6
204099,長野県平谷村,,,,,,,,,
204102,長野県根羽村,,,,,,,,,
204111,長野県下條村,38.2,40,42.5,43.4,44.5,47.3,49.5,51.7,52.8
204129,長野県売木村,,55.6,62.6,66.3,69.9,73.7,77.5,81.3,85
204137,長野県天龍村,59.8,61.4,63.5,65.6,67.7,69.9,72,74.2,75.7
204145,長野県泰阜村,,48.6,51.8,55.1,58.3,66,48.1,56.2,58.9
204153,長野県喬木村,,31,33.2,35,36.9,36.2,38.6,39.8,40.8
204161,長野県豊丘村,,46.3,48.6,50.8,53.1,54.7,57,52.1,53.9
204170,長野県大鹿村,,23.1,26.4,30.4,33.4,36.7,42,41,37.1
204226,長野県上松町,,67.5,70.2,65.2,67.6,70.4,73.1,67,29.7
204234,長野県南木曽町,,84.5,87.6,68.2,65.4,69.1,66.6,72.5,24.3
204251,長野県木祖村,,79.3,81.7,84.1,86.4,50.7,52.9,55.7,44.3
204293,長野県王滝村,,,,,,,,,0
204307,長野県大桑村,57.2,59.9,61.5,65.5,66.5,69.6,70.9,73.5,47.4
204323,長野県木曽町,,51.6,53.7,57,59.2,61.9,62.8,65.2,33.9
204463,長野県麻績村,55,57.4,60,62.5,65,66,61.9,64.4,64.2
204480,長野県生坂村,,,,52.1,49.3,38.4,41.2,44.1,46.9
204501,長野県山形村,,,,,,,,,
204510,長野県朝日村,,,,,,,,,
204528,長野県筑北村,,58.5,59.5,61.8,65,68.1,70.4,73.3,76.3
204811,長野県池田町,,28.7,60.2,62.4,64.6,66.8,69.1,71.3,73.5
204820,長野県松川村,,48,50.4,52.7,54.9,57.4,59.8,62.2,64.6
204854,長野県白馬村,,74,76,78.1,80.2,82.3,84.4,86.4,88.3
204862,長野県小谷村,,41.6,43.6,45.7,47.5,48.6,50.7,52.8,54.8
205214,長野県坂城町,,,,,,,96.5,96.6,96.8
205419,長野県小布施町,43.1,51.1,53.5,55.9,58.2,60,59.1,61.6,63.8
205435,長野県高山村,,32.3,34.4,36.5,38,40.1,41.9,44.7,45.1
205613,長野県山ノ内町,37.3,38.3,40.1,42.2,44.3,56.9,52.6,54.7,56.8
205621,長野県木島平村,,57.3,60,62.7,65.4,68.1,70.8,73.5,76.2
205630,長野県野沢温泉村,50,54,56,59.9,61.7,63.5,65.4,67.2,69
205834,長野県信濃町,,,,,,,,,
205885,長野県小川村,,45.1,47.6,45.6,48.2,50.6,53.2,55.1,57.7
205907,長野県飯綱町,50.8,52.9,54.8,56.7,58.8,60.2,62.6,64.6,65.2
206024,長野県栄村,,62.7,65,59.6,61.3,63.8,66.5,69.2,71.9
212016,岐阜県岐阜市,80.4,81.6,83.2,84.9,84.5,84.4,84,84.5,67.2
212024,岐阜県大垣市,,50.9,53.2,55.2,57.4,59.7,61.8,61.4,62.2
212032,岐阜県高山市,50.8,52.3,53.8,55.4,57.2,59.2,61.1,63.2,65.2
212041,岐阜県多治見市,49.7,61.7,62.5,61.6,62.3,63.1,62.8,61.8,51.3
212059,岐阜県関市,55.5,58.1,59.3,60.5,62.4,56.2,58.3,60,61.8
212067,岐阜県中津川市,60.2,63.7,66.2,69.6,73.4,78.5,78.4,81.2,82.8
212075,岐阜県美濃市,51.9,51.9,72.2,71.9,74.3,18.7,19.3,22.5,25
212083,岐阜県瑞浪市,,75.3,76.6,76.6,79.2,80.4,81.7,83,73.7
212091,岐阜県羽島市,,80.9,81.9,82.8,83.8,84.9,86,87.1,88
212105,岐阜県恵那市,,46.1,48.3,51,52.1,58.9,53.8,56.3,58.7
212113,岐阜県美濃加茂市,,,,57.3,59.5,61.2,63.3,65,67.1
212121,岐阜県土岐市,49.3,48.7,54,55.1,55.7,57.7,59.5,61.3,61.2
212130,岐阜県各務原市,60,62.3,64.4,65.4,66.9,66,66.6,70.5,71.9
212148,岐阜県可児市,52.3,60,,65.4,67.7,69.7,74,74.4,75.6
212156,岐阜県山県市,58.2,53.1,57,62.7,60.3,65.8,62.2,60.4,76
212164,岐阜県瑞穂市,,72,74.5,76.9,79.3,81.6,84.1,86.5,89
212172,岐阜県飛騨市,62.2,64.6,67,69.5,15.9,16.5,20.2,24,27.8
212181,岐阜県本巣市,47.2,49.2,50.9,52.7,54.8,56.8,58.9,60.7,62.8
212199,岐阜県郡上市,,72,74,76,78,80,82,86,83.9
212202,岐阜県下呂市,42.6,52.2,54.6,56.9,59.3,61.7,64,66.3,65.2
212211,岐阜県海津市,48.9,50.2,51,54.6,54.4,55.3,57.7,55.5,57.5
213021,岐阜県岐南町,,46.2,44.7,47.2,49.7,52.2,54.7,57.2,59.7
213039,岐阜県笠松町,51.8,69.4,71.3,72.6,74.4,76.3,78.2,80.1,82
213411,岐阜県養老町,56.6,57.9,52.6,61.7,63.7,65.2,66.7,69.3,71.4
213616,岐阜県垂井町,73,71.7,64.6,64.7,73.5,75.5,75.3,76.4,78.1
213624,岐阜県関ケ原町,,,,,,,,,
213811,岐阜県神戸町,41.8,40.5,45.6,45.6,45.8,50.7,53.3,54.6,55.9
213829,岐阜県輪之内町,56.8,59.4,59.4,63.9,65.7,68.2,70.6,71.9,73.3
213837,岐阜県安八町,,,,,75.3,75.8,78.7,79,82.1
214019,岐阜県揖斐川町,23.8,26.1,28.4,30.7,32.9,35.2,35.1,37.4,42
214035,岐阜県大野町,45,47.3,47.5,51.8,54.1,56.3,58.6,60.8,63.1
214043,岐阜県池田町,52.8,58.9,61.9,64.9,67.9,70.9,72.9,75.2,78.3
214213,岐阜県北方町,37.8,41.1,42.6,44.9,47.2,49.5,51.8,49.5,51.7
215015,岐阜県坂祝町,,39.9,41.1,42.5,38.3,41.1,44.3,47.1,45.1
215023,岐阜県富加町,,,,,,,,,
215031,岐阜県川辺町,49.2,0,5.2,10.3,15.3,20.3,25.4,32.6,30.4
215040,岐阜県七宗町,47.6,48.9,50.8,52.8,49.9,52.1,52.6,54.9,57.2
215058,岐阜県八百津町,54.1,56.2,58.3,60.4,62.4,64.6,60.4,62.7,65.1
215066,岐阜県白川町,,,48.5,51.4,54,49.5,59.7,63.3,65.2
215074,岐阜県東白川村,48.4,,52.1,54.1,56.2,58.1,58,60,62.2
215210,岐阜県御嵩町,53,57.4,57.4,61.9,66.3,75.1,79.5,84,88.4
216046,岐阜県白川村,64.4,67,69.5,,0,2.2,4.4,27.2,29.5
221007,静岡県静岡市,43.5,45.1,46.9,51.3,54.8,57.2,60,62.2,64.5
221309,静岡県浜松市,58.1,53.5,53.5,58.7,60.6,61.6,63.5,55.3,
222038,静岡県沼津市,,36.8,39.1,41.2,42.9,45,47.1,49,50.9
222054,静岡県熱海市,,77,79.2,81.4,83.6,85.6,89.6,91.2,92.8
222062,静岡県三島市,52.5,54.3,56.8,59.7,62.4,65.1,67.3,69.4,69.6
222071,静岡県富士宮市,,41.9,44.3,46.6,48.9,51.3,53.6,55.9,53.8
222089,静岡県伊東市,57.3,44,40.8,43.1,45.2,47.2,49.3,51,47.9
222097,静岡県島田市,48.5,52.1,55.6,58.8,61.7,63.6,75.6,69.9,72.2
222101,静岡県富士市,,52.2,55,57,56.8,59.2,61.4,63.4,65.3
222119,静岡県磐田市,67.5,76.6,79.7,82,84.3,86.5,88.4,89,91.1
222127,静岡県焼津市,,37,39,41.3,40.1,42.1,44.3,46.5,48
222135,静岡県掛川市,,69.1,70.7,72.2,73,73.5,75.1,76.5,78
222143,静岡県藤枝市,67.9,73.2,75.3,77.5,79.6,78,55.9,57.5,60.2
222151,静岡県御殿場市,,,,,,,,,
222160,静岡県袋井市,,63.3,70.1,72.1,70.3,71.7,73.8,72.6,73.8
222194,静岡県下田市,42.1,50.4,53.7,,,,,,
222208,静岡県裾野市,,,,,,,,,
222216,静岡県湖西市,56.6,60.4,63,65.6,67.8,70.1,72.2,73.7,76.1
222224,静岡県伊豆市,74.6,76.6,78.5,79.5,80.4,81.3,82.3,83.2,84.1
222232,静岡県御前崎市,,,,,,,,,
222241,静岡県菊川市,54,57.4,60.8,59,44.8,73.8,76.9,79.9,82.9
222259,静岡県伊豆の国市,,61.2,64.4,67.6,70.7,73.9,77.1,80.2,83.4
222267,静岡県牧之原市,,,,74.3,73.8,75.6,43.8,46.8,48.4
223018,静岡県東伊豆町,,,,,,,,,
223026,静岡県河津町,,64,66.1,68.1,70.2,72.3,74.4,76.5,78.6
223042,静岡県南伊豆町,97.1,,,,,,,,
223051,静岡県松崎町,,64,66,68,70,72,74,74.8,76.8
223069,静岡県西伊豆町,,,31.6,,,,,,
223255,静岡県函南町,75.4,,,,,,,,
223417,静岡県清水町,,41,42.8,45.4,48,50.7,53.4,55.9,58.3
223425,静岡県長泉町,53.1,55.1,55.4,57,55.3,55.9,58.4,60.3,62.3
223441,静岡県小山町,,,,,,,,,
224243,静岡県吉田町,,30.6,31.6,30.7,33,35.4,37.8,40.2,42.6
224294,静岡県川根本町,,56.9,56.2,58.9,61.6,64,67.6,74.2,76
224618,静岡県森町,,,52.3,54.5,56.6,58.5,60.4,62.5,64.6
231002,愛知県名古屋市,73,72.9,69.6,72.1,68.2,68,67.9,69.8,
232017,愛知県豊橋市,54.8,59.7,61.5,62.8,64.4,66.1,67.9,69.7,73.4
232025,愛知県岡崎市,,58.5,52.3,50.3,52.1,53.4,55.2,58.1,59.9
232033,愛知県一宮市,31.9,47.2,49.4,51.5,50.5,52.6,55.1,56.9,59.1
232041,愛知県瀬戸市,,69.2,68.8,70.5,72.2,73.1,74,70.4,71.3
232050,愛知県半田市,,64.2,65.9,67.6,69.3,71,72.7,74.4,76.1
232068,愛知県春日井市,,68.3,70.2,69.1,69.3,68.1,69,70.1,71.6
232076,愛知県豊川市,,40.6,42.7,44.8,46.9,49,51.1,53.1,55.2
232084,愛知県津島市,,70.1,71.8,73.8,75.9,77.9,79.1,81.1,81.8
232092,愛知県碧南市,,,,,,,,,
232106,愛知県刈谷市,44.2,43.9,46.4,43.8,45.3,48.1,49.2,50.3,52.1
232114,愛知県豊田市,44.7,46.7,48.7,50.7,52.7,54.7,56.7,58.7,60.7
232122,愛知県安城市,57.7,57.8,61.3,63.5,66.5,68.8,70.1,66.8,69.5
232131,愛知県西尾市,41.9,43.7,46.1,48.3,50.3,52.8,54.3,55.5,57.8
232149,愛知県蒲郡市,,77.1,79.1,79.6,78.9,79.2,77.9,75.7,74.9
232157,愛知県犬山市,80.5,82.3,84.2,86.9,87.6,86.5,86.5,88.7,90.1
232165,愛知県常滑市,,,,,,,,,
232173,愛知県江南市,75.3,77,79.2,81.4,81.4,85.7,87.5,89.1,90.7
232190,愛知県小牧市,44.4,48.3,50.4,30.8,33.1,35.5,37.8,32.8,35.4
232203,愛知県稲沢市,34.6,36.5,38.5,40.3,40.6,42.6,44.8,45.3,47.5
232211,愛知県新城市,,53.5,56.4,57.6,61.7,64,66.3,68.4,68.8
232220,愛知県東海市,83.5,85.9,,,,,,,
232238,愛知県大府市,,42.1,44.5,46.4,48.7,35.3,38.3,41.4,44
232246,愛知県知多市,63.2,64.4,66.6,67.7,66.6,68.8,70.9,70.7,73.6
232254,愛知県知立市,,49.6,49.6,29.5,24.5,28.7,32.9,37.1,41.3
232262,愛知県尾張旭市,,,,,,,,,
232271,愛知県高浜市,,47.2,49.8,52.4,54.4,57.7,60.3,60.7,62.5
232289,愛知県岩倉市,,,,,,,,,
232297,愛知県豊明市,,83.2,85,87.2,89.5,91.7,93.8,90.7,91.4
232301,愛知県日進市,31.5,34,35.7,38,40.6,43.2,44.6,46,48.6
232319,愛知県田原市,,,,,,,,,
232327,愛知県愛西市,,49.4,50.4,51.7,53.6,52.9,54.5,44.4,46.8
232335,愛知県清須市,74.8,75.4,75.4,84.1,53.2,55.9,57.1,54.2,64.1
232343,愛知県北名古屋市,,,,,,,,,
232351,愛知県弥富市,35.8,40.4,42.6,44.9,47.1,49.3,51.1,53.3,55.6
232360,愛知県みよし市,,81.9,83.1,,,,79.7,80.8,82.7
232378,愛知県あま市,,50.6,52.5,54.5,56.5,54.9,59,61.2,63.2
232386,愛知県長久手市,29.4,30.8,33,35.2,37.4,39.3,41.5,43.7,46
233021,愛知県東郷町,,,,,,,,,
233421,愛知県豊山町,,,,,,,,,
233617,愛知県大口町,,82.5,,89.1,92.4,95.7,99,100,100
233625,愛知県扶桑町,33.8,35.8,37.8,,40.9,43.5,45.4,47.5,49.5
234249,愛知県大治町,,,,,,,,,
234257,愛知県蟹江町,64.6,66.7,68.7,59.4,62.1,64.9,67.6,60.3,63.1
234273,愛知県飛島村,,,,,,,,,
234419,愛知県阿久比町,,,,,,,,,
234427,愛知県東浦町,,,,,,,,,
234451,愛知県南知多町,,,,,,,,,
234460,愛知県美浜町,,46.3,45.7,47.9,50,52.1,54.3,56.4,58.6
234478,愛知県武豊町,58.8,67.1,71,73.6,76.2,73,75.5,77.4,74.7
235016,愛知県幸田町,,51.1,53.4,55.7,57.7,49.5,51.7,54.1,56.3
235610,愛知県設楽町,,,,,,59,61.2,63.4,64.9
235628,愛知県東栄町,,,,,,,,,
235636,愛知県豊根村,,,,,,,,,
242012,三重県津市,,52.4,54.4,56.4,59.3,61.5,64.2,66.6,69.1
242021,三重県四日市市,84.4,85.5,86.8,40.7,35.8,37.5,39.4,35.6,34.3
242039,三重県伊勢市,47.9,50.9,52.1,55.6,58.2,53.2,56.6,57.7,55.9
242047,三重県松阪市,,,72.7,74.8,76.5,76.3,72.6,70.7,72.6
242055,三重県桑名市,59.3,61.5,63.6,65.7,67.8,69.7,67,65.8,68.2
242071,三重県鈴鹿市,,,,,,,,,
242080,三重県名張市,,65,59.1,61,65.5,62.4,64.2,65.6,
242098,三重県尾鷲市,,62.8,65.3,68.4,70.6,71.9,75.1,77.3,80.1
242101,三重県亀山市,,76.1,78.7,78.7,78.7,78.7,84.2,79,89.9
242110,三重県鳥羽市,52.9,65.8,59.8,,,,,,
242128,三重県熊野市,,,,,,,,63.4,70.6
242144,三重県いなべ市,,56.4,45.1,34.2,38.7,41.4,45.3,43.4,42.1
242152,三重県志摩市,,9,12,15,18,21,24,27,30
242161,三重県伊賀市,37.2,39.1,41.5,43.9,46.4,48.9,49.9,52.3,55
243035,三重県木曽岬町,,89,91.3,93.7,95.8,96.8,88.2,88.4,88.9
243248,三重県東員町,53.3,53.4,49.3,51.7,50.5,49.3,52.1,54.8,53.8
243418,三重県菰野町,,,44,47.6,51.3,54.9,58.5,62.2,
243434,三重県朝日町,41.2,41.2,47.2,49.2,51.2,53.2,55.2,57.2,59.2
243442,三重県川越町,56.7,57.5,48,51,54,57,60,63,66
244414,三重県多気町,,,,,,,53.3,55.9,58.5
244422,三重県明和町,,,,,,,61,72.6,74.7
244431,三重県大台町,,,,,,,,,
244619,三重県玉城町,,42.5,40.8,43.2,47.8,50.2,52.5,51.1,53.7
244708,三重県度会町,48.1,50.4,52.7,55,57.3,59.6,61.9,64.1,66.3
244716,三重県大紀町,,,,,,76.7,80.6,83.6,85.6
244724,三重県南伊勢町,,47.3,49.5,69.4,70.9,73.2,75.5,77.8,79.6
245437,三重県紀北町,63.4,65.6,67.6,67.6,68.6,69.5,75.3,91.9,92.3
245615,三重県御浜町,,,47,21.1,53.5,55.3,55.2,57.3,
245623,三重県紀宝町,,,,,,,,56.6,
252018,滋賀県大津市,,50.3,51.7,54.5,56.9,59.2,61.2,63.5,63.5
252026,滋賀県彦根市,,,,,,,,,
252034,滋賀県長浜市,52.6,54.9,55.3,57.4,59.4,59.5,60.8,62,63.5
252042,滋賀県近江八幡市,,,,,,,,,
252069,滋賀県草津市,,43.1,45.3,49.1,50.2,53,55.6,58.7,61.5
252077,滋賀県守山市,45.2,47.4,49.5,51.7,51.7,53.9,56,58,60.1
252085,滋賀県栗東市,57.5,48.5,47.5,50.3,50.8,52.6,55,56.7,58.6
252093,滋賀県甲賀市,64.2,66.2,68.7,71.3,73.8,76.2,76.4,78.1,79.8
252107,滋賀県野洲市,,22.9,26.6,30.3,33.9,37.6,41.3,45,48.6
252115,滋賀県湖南市,36.2,40,43.2,46.3,49.3,38.9,42.1,45.1,48.1
252123,滋賀県高島市,49.8,52.5,54.8,56.2,56.7,59.5,61.6,62.4,61.3
252131,滋賀県東近江市,,64,,,,,,,
252140,滋賀県米原市,18.1,20,22.5,27.5,29.9,32.4,31,29.2,32.2
253839,滋賀県日野町,,32.8,39.5,42.4,45.3,48.2,50.8,53.7,56.4
253847,滋賀県竜王町,,,,,,,,,
254258,滋賀県愛荘町,,,49.3,51.2,45.8,50.8,52.9,53.5,55.8
254410,滋賀県豊郷町,23,,42.2,45.2,48.3,51.1,54.2,57.4,60.2
254428,滋賀県甲良町,,35.7,,,,42.9,45.1,47.6,49.6
254436,滋賀県多賀町,36.7,,53.7,55.2,53.7,55.2,55.8,57.1,58.9
261009,京都府京都市,,,48.7,50.8,53.4,54.9,56,57.4,59.5
262013,京都府福知山市,53.6,33.8,35.4,38.7,41.9,51.2,48.3,51.5,54.3
262021,京都府舞鶴市,,56.3,54.1,57.2,56.2,60.3,62.2,64.2,66.3
262030,京都府綾部市,64,77.2,79.2,81.1,83.1,84.5,86,86.4,87.9
262048,京都府宇治市,,57.1,43.1,45.3,47.5,49.7,51.9,54.1,56.3
262056,京都府宮津市,,72.4,74.3,76.3,78,80,82,84,
262064,京都府亀岡市,58.4,66.4,54.5,56.5,58.5,60.5,62.5,64.4,66.1
262072,京都府城陽市,47.3,50.2,52.5,50.8,53.3,55.8,62.6,61.8,64.2
262081,京都府向日市,,62.2,62.2,66.6,68.3,70.5,72.7,74.9,76.4
262099,京都府長岡京市,81.8,83.9,86,88.1,90.2,91.2,91.9,92.6,82
262102,京都府八幡市,18.3,25.8,25.8,29.2,33,36.7,40.8,,
262111,京都府京田辺市,39.4,43.2,45.5,47.9,45.8,48.2,50.2,60.4,62.9
262129,京都府京丹後市,98.7,99.1,99.5,99.9,100,100,100,100,100
262137,京都府南丹市,51.7,56.3,58.4,59.7,78.4,62.3,64.3,66.3,64.4
262145,京都府木津川市,,69.7,61.6,61.9,54,55.7,59.3,61.7,65.6
263036,京都府大山崎町,83.7,85.7,87.6,89.5,91.4,62.9,65,61.8,69.4
263222,京都府久御山町,68.2,70.4,72.6,74.8,77,81.4,81.4,85.8,85.8
263435,京都府井手町,47,49,49.9,52.1,59.2,59.6,61.3,63.4,65.4
263443,京都府宇治田原町,58.6,82.5,84.6,86.6,88.6,90.6,92.6,94.5,96.4
263648,京都府笠置町,94.6,62.9,45.6,48.3,50.8,53.3,55.8,58.3,58.3
263656,京都府和束町,,70.4,72.2,74,75.9,77.2,80.5,82,83.6
263664,京都府精華町,48,44.1,44.8,47.1,48.6,51.2,52.2,54.3,56.3
263672,京都府南山城村,,,,,,,,,
264075,京都府京丹波町,,,,,,,,,
264636,京都府伊根町,66,67.1,69.8,72.4,75,77.7,80.3,82.9,85.6
264652,京都府与謝野町,63.4,68.5,70.8,68.7,73.2,75.5,77.8,77.6,79.5
271004,大阪府大阪市,47.7,49.7,51.2,53.3,54.5,56.5,58.5,60.4,62.3
271403,大阪府堺市,28.8,30.9,33.1,32.8,34.4,36.6,38.5,38.7,40.9
272027,大阪府岸和田市,,38,40,42,44,46,48,50,52
272035,大阪府豊中市,,50.4,52.3,51.1,49.6,51.7,53.2,54.1,55.6
272043,大阪府池田市,,68.6,71,73.2,74.3,75.6,76.8,78.1,79.4
272051,大阪府吹田市,36.3,34.8,36.9,36.7,38.7,40.6,42.5,44.5,46.3
272060,大阪府泉大津市,,,,,,,,,
272078,大阪府高槻市,,,,,,63,64.1,64.9,68.7
272086,大阪府貝塚市,,88.8,100,100,100,100,100,100,100
272094,大阪府守口市,94.1,96.3,98.6,99.6,97.9,40.7,42.8,44.4,46.6
272108,大阪府枚方市,48.4,64.2,66.4,46.1,48.9,49.9,52.3,54.2,55.6
272116,大阪府茨木市,,58,53.4,55.4,57.5,58.6,60.2,62.3,64
272124,大阪府八尾市,,52.3,54.4,55.8,56.4,59.9,61.8,63.9,65.7
272132,大阪府泉佐野市,,79.2,58,48.1,51,53.9,56.9,54,56.4
272141,大阪府富田林市,45.6,47.5,49.8,54.6,56.2,58.4,60.7,63,56.8
272159,大阪府寝屋川市,81.5,82.8,84.9,87.5,88,88.3,92.2,69,69.8
272167,大阪府河内長野市,,,,,,,,,
272175,大阪府松原市,,72.7,74.5,73.7,75.4,77.3,67.1,69.2,70.6
272183,大阪府大東市,49.5,51.7,52.3,54.6,57.6,60.1,62.9,63.9,66.3
272191,大阪府和泉市,,70.4,69.9,73.2,75.3,77.5,79.5,81.4,83.2
272205,大阪府箕面市,,58.5,,,,,,,
272213,大阪府柏原市,39,65.4,67.2,69.8,71.6,73.3,74.6,76.4,67.7
272221,大阪府羽曳野市,49.1,71.4,73.2,75,76.8,78.6,80.4,82.2,84
272230,大阪府門真市,41.8,45.2,48,43.5,45.8,48,50,52.1,54.2
272248,大阪府摂津市,,34.5,36.9,39,41.3,48.3,49,51.7,48.2
272256,大阪府高石市,60.6,45.2,48,67,69,71,72.5,74.6,66.1
272264,大阪府藤井寺市,76.2,78.2,,81.7,74,77.1,80.1,83.1,86.1
272272,大阪府東大阪市,,32.6,32.8,34.8,36.8,38.6,40.6,36,37.4
272281,大阪府泉南市,,57,58.6,60.1,61.5,63.2,64.8,66.3,62.9
272299,大阪府四條畷市,17.1,13.3,28.7,34.4,38,41.7,45.1,48.6,52.1
272302,大阪府交野市,48.9,50.9,52.9,54.9,49.2,57.4,57.6,59.8,61.4
272311,大阪府大阪狭山市,,76.9,78,80.6,82.8,84.9,87.1,89.3,91.4
272329,大阪府阪南市,,79.1,81.7,83.9,86.2,89.8,92.2,94.5,94.4
273015,大阪府島本町,60.2,,100,100,100,100,100,100,
273210,大阪府豊能町,,61.3,72.2,,71.5,65,72.3,69.4,71.6
273228,大阪府能勢町,,68.5,62.1,64.3,66.4,68.5,70.7,72.8,74.9
273414,大阪府忠岡町,,,,,,,,,
273619,大阪府熊取町,,80.3,82,83.4,85.2,76.7,54.5,57,62.4
273627,大阪府田尻町,,61.9,62.7,64,62.5,64.8,65.8,67.3,67.5
273660,大阪府岬町,97.6,97.8,98.1,98.4,98.9,98.2,97.9,98.1,97.7
273813,大阪府太子町,61.1,64.2,67.3,69.8,73,75.8,79,79.4,82.7
273821,大阪府河南町,,,,66.3,68.6,70.9,73.3,75.6,77.9
273830,大阪府千早赤阪村,,,,,85.8,89.3,92.6,95.8,98.4
281000,兵庫県神戸市,47,49.1,41.7,44,46.1,49.6,50.1,51.4,53.3
282014,兵庫県姫路市,40.1,40,36.1,33.8,35.9,38.4,40.5,43.1,45.7
282022,兵庫県尼崎市,70.7,64.5,66.9,75.6,77.7,78.7,73.2,82.2,78.9
282031,兵庫県明石市,40.8,41.2,42.7,46.8,43.8,45.8,47.8,49.1,50.9
282049,兵庫県西宮市,49.3,50.3,52.5,54.6,55,56,58.5,60.3,62.7
282057,兵庫県洲本市,,26.4,65.1,67.3,26.4,25.6,28.7,31.7,34.8
282065,兵庫県芦屋市,,88.7,89.3,88,88.7,89.4,90,90.7,92.1
282073,兵庫県伊丹市,31.8,37.3,39.1,41.2,42.4,44.9,47.4,45.4,48.1
282081,兵庫県相生市,,66,68,70,71.2,73.1,72.9,74.6,76.7
282090,兵庫県豊岡市,,70.7,72.8,71.9,73.4,74.3,75.8,77.3,78.8
282103,兵庫県加古川市,23.5,25.9,28.2,27.6,30.1,32.5,34.9,26.8,29.2
282120,兵庫県赤穂市,,86.4,88.2,90.4,92.3,94.2,95.8,96.7,97.6
282138,兵庫県西脇市,,79.3,79.5,83.5,83.1,84.8,86.1,87.1,88.2
282146,兵庫県宝塚市,,55,56.4,57.8,61.3,62.5,64.8,66.1,65.7
282154,兵庫県三木市,37.4,42.5,37.6,40.8,45.4,46.5,48.6,51.2,53.8
282162,兵庫県高砂市,,215.4,23.6,25.5,27.6,29.6,31.6,33.6,35.6
282171,兵庫県川西市,66.8,69.1,71.4,71.3,73.6,76.3,78.5,80.4,81.8
282189,兵庫県小野市,,,75.9,78.3,80.4,82.4,80.4,82,84.1
282197,兵庫県三田市,,,,,,,,,
282201,兵庫県加西市,46.8,46.8,49.1,51.3,53.6,55.8,58.1,60.2,62.4
282219,兵庫県丹波篠山市,,56,58.3,60.1,60.4,61.8,56.4,58.1,60.4
282219,兵庫県丹波篠山市,,56,58.3,60.1,60.4,61.8,56.4,58.1,60.4
282219,兵庫県篠山市,,56,58.3,60.1,60.4,61.8,56.4,58.1,60.4
282219,兵庫県篠山市,,56,58.3,60.1,60.4,61.8,56.4,58.1,60.4
282227,兵庫県養父市,,58.3,60.3,62.3,64.3,66.3,68,69.2,71.4
282235,兵庫県丹波市,59.3,61.7,61.7,64,69.4,71.7,74,77.5,79.9
282243,兵庫県南あわじ市,52,55.6,59.2,62.8,66.4,,73.5,,
282251,兵庫県朝来市,,54,68.1,70.1,73.5,75.4,77.4,79.3,81.1
282260,兵庫県淡路市,,58.8,,,,,,,
282278,兵庫県宍粟市,68.2,66,68.4,70.9,73.4,75.9,78.4,80.9,83.3
282286,兵庫県加東市,55.8,57.7,55.3,59.7,48.4,51.1,52.4,53.9,54.7
282294,兵庫県たつの市,,92.6,94,95.2,96,97,98,98.8,52.2
283011,兵庫県猪名川町,,40.6,42.7,45.2,47.3,49.4,51.5,53.6,55.6
283657,兵庫県多可町,,61.6,64.2,74.7,77.3,76.8,78.6,88.4,91.8
283819,兵庫県稲美町,,63.8,63.2,65.5,68,,73.8,71.8,73.3
283827,兵庫県播磨町,,,,53.5,55.6,58.4,60.3,62.8,64.5
284424,兵庫県市川町,,84.1,70.4,72.4,74.5,76.5,78.6,80.6,82.6
284432,兵庫県福崎町,,56.9,58.9,60.9,63,65,67,68.7,
284467,兵庫県神河町,,,,,,,0,,
284645,兵庫県太子町,,64.8,37.8,20.1,6.7,9.6,13,16.5,20.2
284815,兵庫県上郡町,,100,100,100,100,100,100,100,94.9
285013,兵庫県佐用町,,84.7,86.7,88.8,90.8,0,2.4,4.9,7.3
285854,兵庫県香美町,70.7,72.9,73.2,74.6,76,83.1,74.7,80.3,75.6
285862,兵庫県新温泉町,,,,,77.9,79.9,81.9,82.8,84.9
292010,奈良県奈良市,52.3,54.4,57.9,60,62,64.4,54.5,56.2,58.4
292028,奈良県大和高田市,,83.5,85.9,87.9,90,91.9,93.7,95.5,94
292036,奈良県大和郡山市,,57.3,59.3,61.3,62.1,69.2,75.2,71.9,70
292044,奈良県天理市,57.3,64.3,66.4,68.5,66.6,67.3,69.4,71.6,73.1
292052,奈良県橿原市,56.6,54.6,56,58.4,60.6,62.9,64.9,58.3,51
292061,奈良県桜井市,,74.4,76.2,78,79.7,81,82.7,84.4,85.8
292079,奈良県五條市,67,71.1,72.8,74.9,44.3,47.2,51.4,54.5,57.8
292087,奈良県御所市,65.5,68.7,72.4,67.3,70.8,60.6,64.1,67.6,44.6
292095,奈良県生駒市,,,,,,,,,
292109,奈良県香芝市,,38,40.1,42.2,44.1,45.8,46.5,48.7,50.4
292117,奈良県葛城市,,80,82.1,53.4,57.2,59.8,40.9,42.6,28.5
292125,奈良県宇陀市,,78,80.3,82.6,,,46.6,49,55.9
293229,奈良県山添村,,,,,,,,,
293423,奈良県平群町,63.5,57.9,60.6,63.3,66,68.7,71.4,74,76.1
293431,奈良県三郷町,67.8,67.3,69.8,71.7,68.6,71.4,74.1,76.4,79.2
293440,奈良県斑鳩町,,,,,,,,,
293458,奈良県安堵町,,,,,,,,100,100
293610,奈良県川西町,39.9,41.8,45,48.3,43.4,47,50.5,54,55.8
293628,奈良県三宅町,73.3,91.5,93.2,94.3,95.1,95.8,96.6,97.4,98.2
293636,奈良県田原本町,,65.5,,90.6,91.6,92.6,93.7,94.7,
293857,奈良県曽爾村,,57.9,61.4,62.2,62.9,64.6,66.8,68.3,69.7
293865,奈良県御杖村,,42.8,46.2,49.7,51.6,54.2,55.7,29.5,52.6
294012,奈良県高取町,,,69.2,76.3,77.6,79.2,80.7,82.3,80.7
294021,奈良県明日香村,,,,,,,,,
294241,奈良県上牧町,92.5,95.2,86.5,87.9,88.8,89.5,90.2,90.8,91.4
294250,奈良県王寺町,63.1,65.1,67.2,69.3,71.3,73.4,74.9,59.7,43
294268,奈良県広陵町,38.2,40.8,41.2,45,47.2,48.8,51,49.9,52.4
294276,奈良県河合町,,46.5,42.3,44.4,46.5,48.7,50.8,52.9,56.7
294411,奈良県吉野町,84,85.4,79.9,71.7,73.6,75.1,75.7,75.8,77.2
294420,奈良県大淀町,,43.2,45.4,47.6,49.8,52,54.2,60.4,62.8
294438,奈良県下市町,84.2,87.2,90.2,90.6,92.8,92.6,93.6,94.7,95.7
294446,奈良県黒滝村,,,,,,,,,
294462,奈良県天川村,,,,,,0,1.7,3.4,5.2
294471,奈良県野迫川村,,40,,,,,,,
294497,奈良県十津川村,,36.7,34.8,33.8,35.5,38.6,41.7,44.5,47.6
294501,奈良県下北山村,,,,,,,,,
294519,奈良県上北山村,,,,,,,,,
294527,奈良県川上村,,75.2,77.5,79.7,81.6,83.4,85.2,87.1,88.7
294535,奈良県東吉野村,,,,,,100,100,100,26.7
302015,和歌山県和歌山市,64,64.6,64.2,65.8,56.2,53.5,56.2,58.3,60
302023,和歌山県海南市,63.1,65.3,67.5,69.7,71.9,74,76.3,78.5,80.5
302031,和歌山県橋本市,56,69.7,72,76.6,76.6,58.9,51.1,51.5,49.3
302040,和歌山県有田市,,56,52.8,53.1,55.4,58.6,60.6,62.6,64.5
302058,和歌山県御坊市,68,70,58.2,59.8,60.3,63,64.5,66.7,69
302066,和歌山県田辺市,45.5,47,49.3,52.9,55.3,57.7,60.4,61.9,64.4
302074,和歌山県新宮市,71.7,73.7,73,73.6,69.2,71.2,73.1,74.7,76.6
302082,和歌山県紀の川市,72.3,69.8,73.3,66.5,65.1,68.1,71,73.9,76.8
302091,和歌山県岩出市,,,,,,,,,
303046,和歌山県紀美野町,,,,,,,,,
303411,和歌山県かつらぎ町,56.6,53.7,57.9,60,61.9,64.8,68.2,,
303437,和歌山県九度山町,82.8,66,100,100,100,100,100,100,100
303445,和歌山県高野町,66.1,66.1,71.9,75,78,81,84,87,90
303615,和歌山県湯浅町,40,42,44,46,48,50,52,11.9,14.4
303623,和歌山県広川町,55.7,48.3,48.3,48.3,53.8,56.6,59.3,61.1,62.4
303666,和歌山県有田川町,,67.3,66.8,70.2,70.3,73.3,76.3,79.4,82.4
303810,和歌山県美浜町,57.1,58.1,50.9,52.8,54.5,56.4,58.3,60.3,61.7
303828,和歌山県日高町,62.1,56.8,52,53.8,55.3,57.1,58.9,60.6,62.3
303836,和歌山県由良町,62.1,60.7,59,88.2,62.3,65,67.4,69.7,72.2
303909,和歌山県印南町,66.5,67,67.2,90.3,92.2,74,74.6,76.1,23.3
303917,和歌山県みなべ町,62.6,67.9,67.9,65.1,68.7,70.3,72.3,74.4,76.4
303925,和歌山県日高川町,70.2,63,52.6,54.3,56.3,57.7,59.5,61.3,63
304018,和歌山県白浜町,60.9,65.8,67.5,74.9,76.6,78.5,80.2,81.8,83.4
304042,和歌山県上富田町,,73,74.9,76.9,78.8,80.7,82.5,83.9,85.1
304069,和歌山県すさみ町,,,69.6,72.2,74.7,77.3,79.5,81.6,83.5
304212,和歌山県那智勝浦町,59,55.1,25.1,29.7,33.8,35.9,37.9,39.9,42
304221,和歌山県太地町,,,,,,,,,
304247,和歌山県古座川町,,36,100,100,100,100,100,100,100
304271,和歌山県北山村,42,44,,48,50,52,54,49.1,51.5
304280,和歌山県串本町,,82,81.4,78.6,80.8,84.1,55.5,57.7,59.8
312011,鳥取県鳥取市,49.4,46.3,48.4,52.8,54.9,54.8,57.2,59.2,62.8
312029,鳥取県米子市,41.9,55.9,58.3,,62.2,67.3,67.1,69.2,71.3
312037,鳥取県倉吉市,53.1,55.1,57.1,59.1,61.1,63.1,65.1,67.1,
312045,鳥取県境港市,,,80.6,,87.2,,,,
313025,鳥取県岩美町,,84.2,86.4,88.7,90.9,93.2,95.4,97.7,99.9
313254,鳥取県若桜町,,65.1,68.6,69.3,71.6,66.5,68.8,71,73.4
313289,鳥取県智頭町,,36.8,54.2,42.1,66.8,68.7,68.7,72.5,74.4
313297,鳥取県八頭町,,,,,,,,,
313645,鳥取県三朝町,,65.5,,,,,,,
313700,鳥取県湯梨浜町,48.3,52.3,55,56.9,58.1,60.1,61.7,63.5,65.5
313718,鳥取県琴浦町,78.4,79.3,80.4,81.9,84.1,86.4,88.7,91,94.7
313726,鳥取県北栄町,,,,,,,,,
313840,鳥取県日吉津村,,49.1,46.2,50.4,54.5,56.6,58.7,61.3,63.4
313866,鳥取県大山町,,55.8,57.9,59.3,60.8,62.2,59.5,60.7,84.4
313891,鳥取県南部町,,55.8,72.1,73.9,75.7,77.5,79.2,80.7,80.3
313904,鳥取県伯耆町,,60.4,63.8,67.1,70.4,73.7,77,80.4,83.7
314013,鳥取県日南町,31.7,35.8,46.1,48.7,46.8,50,52,54.1,57.6
314021,鳥取県日野町,,100,100,100,100,100,100,100,100
314030,鳥取県江府町,,,,,,,,,
322016,島根県松江市,77.8,79.6,80.9,76.4,79.5,81.2,83,83.2,84.4
322024,島根県浜田市,57,57.1,61.3,72.1,74.5,76.9,77.3,79.6,81.6
322032,島根県出雲市,48.7,49.9,53.2,54.4,56.2,61.2,63.1,65.2,67.2
322041,島根県益田市,56.8,55,57.1,59.4,61.2,62.6,64.4,66.7,68
322059,島根県大田市,,76.3,77.9,77.6,79.8,79.7,81.9,83.5,85.7
322067,島根県安来市,53.4,58.9,59.5,65.1,87.6,88.9,90.2,91.4,92.4
322075,島根県江津市,55.9,58.9,60.9,63.5,66.1,68.8,74.1,73.7,73.6
322091,島根県雲南市,,,28.6,31.2,33.7,36.3,38.9,41.4,44
323438,島根県奥出雲町,,,,,,,,,
323861,島根県飯南町,41.8,,50.6,53.1,55.7,58.3,60.8,63.4,66
324418,島根県川本町,56.1,50,52,,,58,60,62,64
324485,島根県美郷町,38.7,42.3,45.7,49.3,51.7,54.8,57.9,61,49.3
324493,島根県邑南町,47.8,47.8,52,57,57.3,60.9,62.8,64.7,66.6
325015,島根県津和野町,34.6,23.8,27,29.4,,54.3,56.3,58.3,60.3
325058,島根県吉賀町,,,43.4,52.1,44.6,49.8,52.2,55.2,58
325252,島根県海士町,,65.1,52.1,45.5,50.7,55.9,58.7,52.5,55.9
325261,島根県西ノ島町,41.4,46,45.6,47.8,50.1,50.5,52.4,54.5,54.7
325279,島根県知夫村,,,,,,,,,
325287,島根県隠岐の島町,,50.9,52.1,54.6,56.9,59.1,60.6,62.6,64.1
331007,岡山県岡山市,47.8,50,53.4,53.9,56,56.7,60.6,60.8,61.3
332020,岡山県倉敷市,62.6,64.4,66.5,68.5,70.5,69.7,71.6,64.8,64.9
332038,岡山県津山市,,31.1,33.3,35.5,37.5,46.2,41.9,44,46.2
332046,岡山県玉野市,66.2,,,,,,,,
332054,岡山県笠岡市,,59.6,42.9,44.5,46.7,48.9,51.1,53.3,55.6
332071,岡山県井原市,37.4,40.2,42.9,45.6,53.8,50.4,53,54.6,55.3
332089,岡山県総社市,,48,49.9,49.9,55.1,61.3,63.8,66.2,68.7
332097,岡山県高梁市,,69.8,,,23.8,27.2,31,34.2,37.9
332101,岡山県新見市,,36.4,38.2,39.7,42,43.7,45.9,44.4,47.1
332119,岡山県備前市,,48.5,49.5,47.5,49.2,51.7,54.2,56.7,59.2
332127,岡山県瀬戸内市,,96.3,96.5,54.5,56.5,58.5,60.6,58.5,60.9
332135,岡山県赤磐市,40.2,38.8,41.1,19.7,23.2,26.6,30,33.4,36.9
332143,岡山県真庭市,,,,,,,,,
332151,岡山県美作市,,71,74.4,76.2,77.9,80,81.8,83.6,85.1
332160,岡山県浅口市,53.9,58,60.1,62.4,64.4,64.6,66.7,68.8,71
333468,岡山県和気町,77,75.4,,100,100,83.8,86.3,88.8,91.1
334235,岡山県早島町,33.5,40.2,46.9,53.6,60.3,67,73.7,80.4,87.1
334456,岡山県里庄町,,,,,,,,,
334618,岡山県矢掛町,96.5,96.7,96.8,,91,91.9,93.1,94.5,95.7
335860,岡山県新庄村,,,,,,,,,
336068,岡山県鏡野町,,,,51.5,49.5,49.1,51.6,54.1,56.4
336220,岡山県勝央町,,76,78,80,82,84,86,88,90
336238,岡山県奈義町,,51.8,,,,,,,
336432,岡山県西粟倉村,,,,74.6,76.5,,,,
336637,岡山県久米南町,,,,,,,,,
336661,岡山県美咲町,,43,45,47.1,50.1,52.1,54.2,56.2,58.2
336815,岡山県吉備中央町,60.1,64.4,64.4,66.5,68,70.2,72.4,74.6,76.7
341002,広島県広島市,55.2,57.2,59.3,60.8,46.8,48.1,36,31.1,
342025,広島県呉市,,68.3,69.8,72.3,74.9,77.1,79.4,81.3,83.1
342033,広島県竹原市,62.2,55.2,61,62.3,71.3,72.8,67.4,69.5,71.6
342041,広島県三原市,36.9,70.7,72.1,74.4,80.2,85.5,86.6,88.3,89.9
342050,広島県尾道市,49.4,64,50.2,52.4,55.1,57.8,60.4,63,64.3
342076,広島県福山市,,84.2,85.8,86.9,87.9,89.5,91,92.3,96
342084,広島県府中市,79.7,51.6,53.5,82.3,83.9,85.2,86.8,88.2,89.9
342092,広島県三次市,,50.3,49.1,49.8,58.3,59.3,60.9,62.9,65
342106,広島県庄原市,58.5,58.5,61.6,63.1,66.1,69,71.9,74.8,77.4
342114,広島県大竹市,57.8,60.6,61.9,64,65.5,67.6,69.8,71.9,
342122,広島県東広島市,,72.3,73.2,67.5,69.5,66.5,64.7,58.2,60.1
342131,広島県廿日市市,,71.2,73.7,76.1,78.6,81.1,83.6,85.3,86.4
342149,広島県安芸高田市,65.3,67.7,66.2,68.4,69.6,71.7,73.9,74.3,76.7
342157,広島県江田島市,,,69.6,71.9,74.1,69.9,72.4,75,77.5
343021,広島県府中町,,,,56.7,59.4,62.1,64.8,67.5,
343048,広島県海田町,24.2,23.9,27.2,29.7,32.2,34.8,37.2,39.6,42.1
343072,広島県熊野町,,,,,,,,,
343099,広島県坂町,,,,,,,,,
343684,広島県安芸太田町,41.5,43.6,40.1,42.1,44,46,47.5,49.5,51.5
343692,広島県北広島町,51.2,56.5,53.9,55.6,54.7,55.9,57.8,59.7,61.5
344311,広島県大崎上島町,34.3,37.6,40.9,44.2,47.4,49.5,53.9,57.2,60.4
344621,広島県世羅町,39.7,41.5,48.1,50.2,52.2,55.1,57.1,59.2,61.2
345458,広島県神石高原町,60.9,63,64.9,66.6,68.4,69.5,70.8,70.8,72.8
352012,山口県下関市,,56.9,59.2,60.5,62.9,66.7,66.9,71.4,75.3
352021,山口県宇部市,71,74.8,79,81,82.7,84.3,85.8,87.8,89.4
352039,山口県山口市,65,65.1,3.7,6,8.4,10.7,13.1,15.4,17.8
352047,山口県萩市,37.5,39.6,41.8,44,45.4,46.7,48.9,51.1,53.2
352063,山口県防府市,,58.5,71.2,73.2,69.7,71.6,73.6,69.8,71.8
352071,山口県下松市,,,,,,,,,
352080,山口県岩国市,,49.6,51.8,53.8,54.2,56.4,58,62,61.2
352101,山口県光市,55.9,57.4,59.2,60.7,62.2,63.7,66,62.9,64.5
352110,山口県長門市,50.4,54.6,58.8,,,,,,
352128,山口県柳井市,61.8,64.2,65.9,67.6,70.5,72.3,74,75.8,77
352136,山口県美祢市,,87,62.7,65.6,67.4,69.6,71.8,74,75.4
352152,山口県周南市,35.8,38.8,41,43.8,76.5,74.9,77.1,77.5,77.6
352161,山口県山陽小野田市,70,65.3,62.8,65.1,67.4,69.7,71.8,73.7,74.9
353051,山口県周防大島町,44.6,46.7,48.8,50.9,53.1,55.2,57.3,59.4,61.5
353213,山口県和木町,34,34.9,34.5,41.5,43.7,45,46.2,48.4,50.6
353418,山口県上関町,,,,,,,,,
353434,山口県田布施町,66.8,68.9,71,73.1,75.2,77.3,79.4,81.5,83.6
353442,山口県平生町,53.9,55.8,57.2,59,60.8,62.7,62.5,63.4,64.8
355020,山口県阿武町,65,34.6,37,33.6,36.5,39.4,48.2,50.9,53.2
362018,徳島県徳島市,71.8,74,76.1,78,79.8,81.4,83,84.3,85.8
362026,徳島県鳴門市,80.2,72.6,68.1,70.2,60.4,62.6,64.8,67,67.5
362034,徳島県小松島市,83,85.1,87.1,88.3,89.4,72.8,73.4,74.2,75.5
362042,徳島県阿南市,72.4,74.6,76.9,78.8,80.6,79.8,80.4,82.2,83.8
362051,徳島県吉野川市,62.9,72.6,74.5,73.6,73.4,76.2,74.4,76.3,78
362069,徳島県阿波市,67.9,70,71.8,73.6,76.4,78.4,80.4,82.3,84.3
362077,徳島県美馬市,57.1,56.4,57.3,54.2,56.3,58.4,60.4,61.7,63.8
362085,徳島県三好市,60.5,60.6,66,67.7,69.9,71.5,73.2,74.1,75.8
363014,徳島県勝浦町,95.8,100,100,98.3,98.3,98.3,98.4,98.4,98.4
363022,徳島県上勝町,58.7,61.2,55.9,59.4,62.9,66.4,69.9,73.1,76.6
363219,徳島県佐那河内村,,,,,,,,,
363413,徳島県石井町,94.7,95,96.2,95.5,95.8,96.1,96.4,96.7,97
363421,徳島県神山町,35.5,37.5,39.1,41.2,42.8,44.3,46.3,47,48.7
363685,徳島県那賀町,61.1,63.4,64.9,67,72,74.1,76.1,78,78.7
363839,徳島県牟岐町,56.6,59.4,62.2,64.9,67.7,70.5,70.5,73.2,78.8
363871,徳島県美波町,51.3,53.5,54.3,56.6,58.8,60.9,63.2,65.4,67.6
363880,徳島県海陽町,61.6,60,62.5,63.9,66.5,68.7,71.2,73.5,75.5
364011,徳島県松茂町,67.5,36.1,38.1,40.1,42.1,44.1,48.1,50.2,49.1
364029,徳島県北島町,66.1,66.2,68.7,70.4,70.6,72.2,73.2,74.7,76.1
364037,徳島県藍住町,89.9,90.5,89.6,90.8,92.8,86.4,88.3,89.8,91.3
364045,徳島県板野町,78.6,80.2,80.4,80.5,81.4,82.2,80.4,81.4,81.8
364053,徳島県上板町,95.7,97.9,98,98.2,98.3,98.5,98.6,98.7,98.9
364681,徳島県つるぎ町,61.3,61.6,63.7,65.7,67.7,69.7,71.7,73.8,75.8
364894,徳島県東みよし町,65.5,67.8,70.4,72.1,72.2,74.9,77.6,80.3,82.9
372013,香川県高松市,,59.6,40.7,53.9,54.1,56.1,58.3,45.1,48
372021,香川県丸亀市,79,81.3,83.6,85.9,88.2,89.7,96.3,87,88.4
372030,香川県坂出市,63.4,62.5,64.3,66.3,68.1,70.1,72.1,74.1,76.1
372048,香川県善通寺市,46.8,48.9,47.9,49.9,51.9,53.9,55.9,57.9,59.9
372056,香川県観音寺市,58.2,60.4,61.4,61.7,63.8,65.8,63.9,65.9,67.9
372064,香川県さぬき市,,44.1,49.1,52.2,54.3,56.5,58.7,60.8,63
372072,香川県東かがわ市,62.4,69.9,64.1,77.2,67.6,69.9,72.1,74.3,76.4
372081,香川県三豊市,63.2,65.9,56.3,59,61.6,58.5,61.4,64.2,67.1
373222,香川県土庄町,,70,72.1,77.1,78.9,80.8,82.6,77.4,78.9
373249,香川県小豆島町,,48.2,33.8,35.8,38,40.1,42.3,44.2,45.9
373419,香川県三木町,,43.8,46.4,48.9,51.3,53.5,55,56.6,54.6
373648,香川県直島町,,,,,,,,,
373869,香川県宇多津町,,,,,,,,,
373877,香川県綾川町,100,,,,,,,,
374032,香川県琴平町,71,73.3,75.1,77.5,79.8,82.1,84.1,86.4,88.8
374041,香川県多度津町,66.8,68.3,70.5,61.9,64,65.4,67.1,68.2,69.9
374067,香川県まんのう町,46,48,50,52,54,56,55.2,57.5,58.3
382019,愛媛県松山市,,64.9,63.7,65.3,68.1,69.8,70.9,72.1,72.8
382027,愛媛県今治市,,53,55.2,57.2,58.2,54.3,56.3,58.5,60.3
382035,愛媛県宇和島市,77.5,85.4,86.9,87.9,89,88,89.1,90.2,91.3
382043,愛媛県八幡浜市,59.2,61.6,63.1,64.6,66.6,68.6,74,76,78
382051,愛媛県新居浜市,,43.2,45.3,47,48.8,49.9,49.9,52.1,54.3
382060,愛媛県西条市,82.2,82.2,83.9,85.7,76.5,78.5,80.2,81.8,81.6
382078,愛媛県大洲市,,49,51.2,53.3,55.7,57.4,59.6,60.8,63.2
382108,愛媛県伊予市,74.5,65.7,68,65.8,68.1,29.9,33.8,37.5,41.8
382132,愛媛県四国中央市,54.1,55.9,54.8,56.9,59.1,61.2,63.3,65.4,67.4
382141,愛媛県西予市,46.2,82.5,83.9,85.4,86.7,88.1,86.9,97.2,97.7
382159,愛媛県東温市,67.8,69.3,71.2,73.1,75.1,77.1,79.4,81.4,82.8
383562,愛媛県上島町,47.9,36.2,56.2,58.6,57.2,59.3,60.6,63.5,66.5
383864,愛媛県久万高原町,78.6,81,80.7,82.6,84.5,85.2,80.9,82.9,84.9
384011,愛媛県松前町,43.2,45.9,25.9,,,,,,
384020,愛媛県砥部町,59.8,61.1,62.4,54.7,56.9,59,61,58.3,59.7
384224,愛媛県内子町,,41.7,44.5,60.7,62.2,64.7,67.3,72.2,74.8
384429,愛媛県伊方町,41,43,45,47.3,49.6,51.5,53.9,56.2,48.9
384844,愛媛県松野町,65.2,68.8,70.8,74.1,77.8,81.5,81.7,85.2,85.9
384887,愛媛県鬼北町,44.2,46.2,48.2,42.2,44.7,55.2,57.5,59.8,61.9
385069,愛媛県愛南町,30,32.2,34.4,36.9,38.8,41,43.1,47.6,49.7
392014,高知県高知市,,44.1,46.2,49.3,46.8,48.6,50.7,52.6,54.6
392022,高知県室戸市,55.4,47.4,52.3,54.7,73.6,75.7,77.2,60,62.2
392031,高知県安芸市,,,,,,,,,
392049,高知県南国市,57.2,69.1,70,67.9,69.2,70.5,71.8,71.8,74.5
392057,高知県土佐市,52.3,54.1,49.2,51.2,53.1,49.8,57,58.9,60.9
392065,高知県須崎市,59,61.3,63.6,67.2,69.1,71,71.5,73.5,75.5
392081,高知県宿毛市,40.8,95.5,97.1,97.1,98.3,98.9,82.6,83.4,84.7
392090,高知県土佐清水市,50.8,56.4,53.5,69.7,70.5,70,71.4,64.9,65.4
392103,高知県四万十市,62.6,61.8,64.4,66.8,69.2,71.6,74.1,76.5,78.8
392111,高知県香南市,67.4,69.9,,,,,68.4,69.9,71.3
392120,高知県香美市,35.6,46,46.5,48.5,51,48.4,50.8,53.2,55.6
393011,高知県東洋町,,51.9,54.1,56.3,58.5,58.5,62.9,60.7,65.3
393029,高知県奈半利町,57.9,61.9,61.9,63.9,65.8,67.8,69.7,67.3,69.2
393037,高知県田野町,75.9,80,80,81.2,82,82.8,84.8,86.9,92.5
393045,高知県安田町,51.3,53.4,55.5,56.7,58.8,59.5,61.6,63.7,63.5
393053,高知県北川村,63,,,,,,,18.4,23
393061,高知県馬路村,37,70.2,74.5,79,52.6,54.8,48,49.5,87.1
393070,高知県芸西村,62.9,,,,,,,,66.3
393410,高知県本山町,,,,,,100,100,100,100
393444,高知県大豊町,,,,,,,,,
393631,高知県土佐町,71.3,,,,,,,,
393649,高知県大川村,34.6,,38,,,,,,
393860,高知県いの町,80.3,82.7,83.1,84.5,82.8,83.6,84.4,85.2,86
393878,高知県仁淀川町,33.2,39.5,42.3,47.4,49.9,52.4,54.9,43.5,46
394017,高知県中土佐町,100,100,100,100,100,100,99.8,99.7,95
394025,高知県佐川町,56.4,56.4,58.4,60.4,62.4,64.4,66.5,68.5,69.1
394033,高知県越知町,,59.2,61.4,63.5,65.4,67.3,68.6,68.6,64.4
394050,高知県梼原町,41.4,44.5,17.9,20.8,23.4,24.3,27,29.7,32.4
394106,高知県日高村,47.1,49.8,68.5,70.2,71.4,66.4,66.6,68.9,69.8
394114,高知県津野町,57.2,50.2,46.2,48.3,50.5,48.7,54.7,56.8,58.9
394122,高知県四万十町,54,56.7,59.5,61.7,62.6,65.7,68.7,71.6,72
394246,高知県大月町,73.4,58.3,60.8,23.6,26.2,29,32.9,37,40.6
394271,高知県三原村,73.9,80.5,73.2,75.2,77.3,79.3,81.4,83.4,85.4
394289,高知県黒潮町,55.5,61.1,62.7,64.3,65.9,67.5,69.1,69.6,71
401005,福岡県北九州市,,44.5,46.5,34.8,37.3,39,40,41.8,45
401307,福岡県福岡市,67.6,69.8,69.3,70.9,71.9,73.2,72.1,73.1,66.9
402028,福岡県大牟田市,,,,,,,,,
402036,福岡県久留米市,,76.6,78.5,65.6,69.4,71.3,73.4,77.1,71.3
402044,福岡県直方市,,,,74.2,83.6,66.6,61.5,64,66.6
402052,福岡県飯塚市,,,,,,,30.2,41.9,43.8
402061,福岡県田川市,73.2,75.5,68.3,72.3,74.8,77.3,79.5,81.4,83.3
402079,福岡県柳川市,,,,,,,,,
402109,福岡県八女市,53.1,55.3,57.4,59.7,61.7,63.6,51.3,54.4,54.3
402117,福岡県筑後市,,,62,64.2,66.4,68.6,70.7,72.9,75.1
402125,福岡県大川市,42.3,47.6,48.8,49.7,50.9,52.9,34.7,31.5,34.6
402141,福岡県豊前市,69.4,71,,,,,,,
402150,福岡県中間市,10.8,13.5,,,,,79.8,82.1,74.1
402168,福岡県小郡市,80,,,,,,,,
402176,福岡県筑紫野市,54.7,57,59.2,62.6,64.1,66.4,68.7,53.2,53.9
402184,福岡県春日市,74.2,76.2,78.3,80.4,82.4,84.4,86.4,88.4,90.5
402192,福岡県大野城市,,,38.3,40.5,41.3,41.8,44.1,,
402206,福岡県宗像市,,42.3,44.4,46.4,48.5,50.6,52.5,54.6,56.2
402214,福岡県太宰府市,76.1,76.9,78.8,80.1,81.3,81.6,83.1,84.6,84.3
402231,福岡県古賀市,52.9,55.2,56.3,77.5,79.7,81.5,70.7,72.8,74
402249,福岡県福津市,71.5,65.9,67.8,69.9,71.8,73.7,75.6,77.5,79.4
402257,福岡県うきは市,93.3,94,96,98,100,100,100,100,100
402265,福岡県宮若市,90.5,92.7,93.2,95,96.8,96.4,91.8,82.2,74.9
402273,福岡県嘉麻市,71.6,73.3,73.3,75,76.7,78.5,79.5,80.4,81.7
402281,福岡県朝倉市,53.4,57.4,48.3,50.9,51.6,53.5,51.1,53.8,56.4
402290,福岡県みやま市,98.7,98.9,99.1,99.3,,,,,
402303,福岡県糸島市,,77,79.2,69.4,72.3,74.6,77.5,80.4,83.3
402311,福岡県那珂川市,,,,,,,,,
402311,福岡県那珂川市,,,,,,,,,
402311,福岡県那珂川町,,,,,,,,,
402311,福岡県那珂川町,,,,,,,,,
403415,福岡県宇美町,77.4,,,,,,,,
403423,福岡県篠栗町,,,,,,,,,
403431,福岡県志免町,66.2,68.2,70.2,72.1,74.1,76.1,78,80,81.9
403440,福岡県須恵町,,,,,,,,,
403458,福岡県新宮町,,,,,,,,,
403482,福岡県久山町,52.8,56.1,59.4,62.7,66,69.3,72.6,75.9,79.2
403491,福岡県粕屋町,63.6,65,67,72.2,74,70.4,72.7,74.9,77.1
403814,福岡県芦屋町,,76.2,77.1,37.1,39.1,41.1,43.1,45.1,47.1
403822,福岡県水巻町,66.4,68.6,61.4,83,72,73.6,75.5,77.3,83.3
403831,福岡県岡垣町,,,,,,,,,
403849,福岡県遠賀町,61.5,60.6,55.9,57.6,59.2,60.9,62.6,50.4,
404012,福岡県小竹町,,,,,,,,,
404021,福岡県鞍手町,86,88,90,92,94,88.1,90.8,93.4,94.2
404217,福岡県桂川町,95.5,97,98.1,96.3,96.5,96.7,96.4,96.4,96.1
404471,福岡県筑前町,59.8,61.7,64,66.3,68.5,70.5,72.3,74.6,77
404489,福岡県東峰村,,,,,,,,,
405035,福岡県大刀洗町,,,,,,,,,
405221,福岡県大木町,,,,,,,,,
405442,福岡県広川町,,,,,,,,,
406015,福岡県香春町,55.5,53.6,55.8,57.8,60,62.2,72.3,74.8,76.1
406023,福岡県添田町,,40.2,41.1,43.1,45.4,50.1,53.2,55.6,58
406040,福岡県糸田町,47.8,50.4,53,55.6,58.2,60.8,63.1,65.4,
406058,福岡県川崎町,5.4,8.2,11.1,13.9,,19.6,22.5,25.3,28.2
406082,福岡県大任町,100,100,100,100,100,100,100,100,100
406091,福岡県赤村,,31.9,34.1,36.4,38.5,40.7,43,45.3,47.5
406104,福岡県福智町,75.2,77.9,80.6,78.8,83,80.1,82.4,83.2,84.7
406210,福岡県苅田町,,,,,,,,,
406252,福岡県みやこ町,,41.8,44,46.2,48.4,50.7,52.8,55,57.3
406422,福岡県吉富町,41.6,41.5,46,37.7,50.6,52.8,55.1,,
406465,福岡県上毛町,,,,,,,,,
406473,福岡県築上町,48.6,51.1,53.7,55.6,57.9,60.7,62.8,65,67.2
412015,佐賀県佐賀市,,62.9,65.1,67.3,69,71.1,73.1,75.1,77.1
412023,佐賀県唐津市,57.6,44.6,46.8,49.1,51.3,56.2,58.1,54.1,54.1
412031,佐賀県鳥栖市,,,,,,,,,
412040,佐賀県多久市,79.9,81.5,83.8,85.9,88,90.2,92.3,94.5,98.7
412058,佐賀県伊万里市,72.1,74.3,76.2,77.9,79.6,81.4,83.1,84.8,86.5
412066,佐賀県武雄市,35.7,37.7,39.7,41.7,43.7,45.7,47.7,49.7,51.7
412074,佐賀県鹿島市,41.3,33.9,26.2,32.8,28.3,25,23.9,27.5,31
412082,佐賀県小城市,,,,,,,,,
412091,佐賀県嬉野市,,71.1,73.3,75.2,77.3,79.6,81.8,84,85.2
412104,佐賀県神埼市,,,,,,,,,
413275,佐賀県吉野ヶ里町,,,,,,,,,
413411,佐賀県基山町,,,,,,,,,
413453,佐賀県上峰町,,78.8,81,82.2,81.4,83.6,,,
413461,佐賀県みやき町,50.9,53,55.1,55.9,57.4,52.9,55,55.4,58.1
413879,佐賀県玄海町,29.3,31.5,16.4,18.3,21.4,24.5,27.7,30.8,33.8
414018,佐賀県有田町,,,,,,,,,
414239,佐賀県大町町,,,,,,,,,
414247,佐賀県江北町,57.1,66.3,68.8,71.3,73.9,76.4,79,81.5,84.1
414255,佐賀県白石町,88,90.2,92.4,94.6,96.8,98.4,99.5,99.5,99.5
414417,佐賀県太良町,,,,,,,,,
422011,長崎県長崎市,,58.6,61.2,64.1,65.3,68.1,66.8,,
422029,長崎県佐世保市,,16.8,34.7,36.6,38.5,40.5,42.5,48.1,51.7
422037,長崎県島原市,47.1,51.2,53.5,57.1,58.3,60.6,61.6,63.9,65.5
422045,長崎県諫早市,,,,,,,,,
422053,長崎県大村市,,76.8,78.6,94,97.2,100,100,100,100
422070,長崎県平戸市,42.9,51,49.8,51.9,54.1,56.3,59.1,60.4,63.5
422088,長崎県松浦市,,68.2,70.3,72.4,74.5,6.5,9.7,12.9,16.1
422096,長崎県対馬市,,43.1,45,46.1,46.9,49,51.1,53.2,56.4
422100,長崎県壱岐市,,48.5,51.9,53.4,55.7,58,60.3,60.1,64.3
422118,長崎県五島市,,42.7,44,,,,,,
422126,長崎県西海市,,54.2,57,59.1,61.1,61.5,62.9,70.7,66.1
422134,長崎県雲仙市,49.8,,,,,,,,
422142,長崎県南島原市,56.1,58.3,60.5,62.8,65.1,65.5,68,66.1,68.8
423076,長崎県長与町,45,48,51,54,57,60,63,66,69
423084,長崎県時津町,,42.6,45.4,39.8,36.9,38.7,43.5,46.8,50.1
423211,長崎県東彼杵町,,,,,,,,,
423220,長崎県川棚町,55,57.2,59.4,61.6,,66,66.5,62.8,65.3
423238,長崎県波佐見町,,,,,,,,,
423831,長崎県小値賀町,64.9,66.3,67.8,61.3,59.6,61.7,63.5,65.5,67.6
423912,長崎県佐々町,,,,,,,,,
424111,長崎県新上五島町,,38.3,40,41.8,40.6,39,40.2,42.1,44.4
431001,熊本県熊本市,71.5,73.1,75,76.2,77.1,67.6,66.7,67,70.7
432024,熊本県八代市,,52.7,55.1,55.5,47.4,49.9,55.6,58.3,60.9
432032,熊本県人吉市,86.8,,,,,,,,
432041,熊本県荒尾市,51.2,50.9,52.4,54.3,56.4,61.8,63.8,65.8,67.9
432059,熊本県水俣市,47.2,51.9,32.2,33.4,35.7,37.9,40.2,44.4,44.6
432067,熊本県玉名市,41.5,43.5,45.5,47.7,45.4,45.6,48.5,51.3,54.1
432083,熊本県山鹿市,57.1,59.2,60.4,63,64.2,66.2,68.1,70,71.9
432105,熊本県菊池市,,40.1,42.6,45.2,48.8,51.3,55.8,57.8,59.7
432113,熊本県宇土市,84.5,86.3,57.7,60,62,64.4,66.8,69.1,70.6
432121,熊本県上天草市,,71.5,73.5,75.5,77.6,79.6,81.6,83.6,85.6
432130,熊本県宇城市,36.7,52.7,47.9,41.6,32.3,34.5,55.5,57.7,60
432148,熊本県阿蘇市,75.5,70.8,73.3,82,83.6,84.5,86.8,89,89
432156,熊本県天草市,,52.5,54.4,56.4,58.3,59.2,60.3,61.9,63.8
432164,熊本県合志市,58.8,61.5,64.2,66.9,69.4,72.2,74.9,77.6,79.8
433489,熊本県美里町,58,59.5,61.8,63,65.4,67.9,70.3,72.2,73.9
433641,熊本県玉東町,,,,66.8,68.7,70.7,62.1,64.8,67.5
433675,熊本県南関町,35.4,37.4,39.3,41.1,46,48,48.6,50.8,52.9
433683,熊本県長洲町,67.4,69,71.9,73.9,75.3,77.5,79.7,81.9,81.5
433691,熊本県和水町,48.7,50.8,53,52.2,54.2,51.9,54,56.1,58.2
434035,熊本県大津町,44.5,53.7,55.6,57.5,57.7,60.7,63,63.3,65.7
434043,熊本県菊陽町,,48.1,50.5,53,52.1,54.6,57,50.9,52.9
434230,熊本県南小国町,46.1,49.2,52.3,55.5,58.6,61.7,64.8,67.9,71
434248,熊本県小国町,,25.2,29.7,37.4,41.7,45.9,50.1,54.4,58.6
434256,熊本県産山村,77.2,78.8,80.4,82,83.6,85.1,86.7,87.7,89.1
434281,熊本県高森町,,100,100,100,100,100,100,100,90.5
434329,熊本県西原村,44.6,47.2,51.2,57.6,59.8,55.9,58.6,61.3,64
434337,熊本県南阿蘇村,,52.3,54.5,56.8,58.4,59.5,60.7,62.6,64.7
434418,熊本県御船町,100,91.2,100,100,100,100,99.6,99.6,99.7
434426,熊本県嘉島町,79.6,81.2,83,84.2,81.1,82.9,82.9,84.9,86.5
434434,熊本県益城町,,19.1,21.1,23.2,61.6,63.6,65.8,68,70.2
434442,熊本県甲佐町,,,67.4,45.3,45.9,48.8,45.6,48.7,52.7
434477,熊本県山都町,54.5,56.8,58.9,67.3,69.1,68.1,69.5,71.2,73.4
434680,熊本県氷川町,50.1,57.1,57.7,59.5,61,62.9,64.8,66.5,68.4
434825,熊本県芦北町,,,91.1,91.9,92.7,86.1,87.6,88.3,89.8
434841,熊本県津奈木町,73.9,100,100,100,100,100,100,100,100
435015,熊本県錦町,32.4,,,,,,,,
435058,熊本県多良木町,49.8,99.8,99.9,99.9,100,100,100,100,100
435066,熊本県湯前町,55.7,54.5,56.2,61.6,59.7,61.4,63.1,64.9,66.6
435074,熊本県水上村,49.6,51.6,55.9,58,61.2,63,64.5,66.3,68.1
435104,熊本県相良村,,100,96.6,96.7,96.8,96.9,97,85.8,86.7
435112,熊本県五木村,,100,100,100,100,100,100,100,100
435121,熊本県山江村,,,,,,,,,
435139,熊本県球磨村,,45,47.6,50.8,53.1,55.6,61,62,64.2
435147,熊本県あさぎり町,38.3,40.3,40.7,37.1,38.7,36.8,39.4,42.1,44.4
435317,熊本県苓北町,,,,68.2,70.8,73.5,76.2,78.9,81.5
442011,大分県大分市,75,75.9,77.4,64,63.3,64.1,66.1,70,71.9
442020,大分県別府市,83.6,,88.1,89.6,89.8,61.1,58.7,62.8,63.8
442038,大分県中津市,58.6,60.7,36.6,38.9,36.2,37.7,31.6,34.9,38
442046,大分県日田市,,62.1,64.8,67.4,61.1,59.4,58.2,61.1,54.2
442054,大分県佐伯市,48.9,51.1,53.1,49.1,50.8,52.9,54.8,56.5,58.9
442062,大分県臼杵市,54.2,70.5,69.6,71.7,72.8,74.2,76.2,76.3,78.9
442071,大分県津久見市,65.2,81.4,69.6,71.8,74,93.6,95.8,98,99.2
442089,大分県竹田市,55.2,53.3,58.8,67.5,67.6,69.9,72.2,74.1,76.1
442097,大分県豊後高田市,55,57.2,59.9,62.5,65.1,66.3,65.2,68,70.7
442101,大分県杵築市,77.8,78.4,79.7,80.2,81.4,44.4,46.5,48.7,49.4
442119,大分県宇佐市,14.2,54.6,59.6,61.3,63,64.8,66.6,68.4,68.1
442127,大分県豊後大野市,52.7,55.4,58.2,62.2,63.9,66.3,68.1,59.9,50.6
442135,大分県由布市,39.3,41.4,43.6,45.7,47.8,50,52.1,52.4,54.6
442143,大分県国東市,59,80.5,68.9,68.9,70.6,72.2,73.1,74.7,73.1
443221,大分県姫島村,58.2,,46.7,65.5,67.2,69,70.8,72.6,71.5
443417,大分県日出町,100,100,100,100,100,100,100,95.3,43.2
444618,大分県九重町,60,62,64,66,68,70,72,74,73.1
444626,大分県玖珠町,82.9,74.5,82.8,84.5,86.2,87.9,88.2,89.8,92.2
452017,宮崎県宮崎市,40.6,42.4,44.1,45.2,48.1,46.5,48.9,49.1,49.6
452025,宮崎県都城市,50.8,52.8,54.7,64.2,66,60.2,69.4,71.1,72.9
452033,宮崎県延岡市,56.8,58.7,60.3,62.1,63.2,42.8,42.8,45.6,42.7
452041,宮崎県日南市,,,,,,,,,
452050,宮崎県小林市,,51.2,49.5,52.1,58.6,60.9,62.9,65.2,66.4
452068,宮崎県日向市,,65.1,67.9,70.8,74.9,77.7,80.5,67.5,84.9
452076,宮崎県串間市,20.8,19.6,21.6,23.6,25.5,27.5,29.6,31.6,33.5
452084,宮崎県西都市,44.8,47.1,49.3,51.6,53.8,55.9,54.9,57,59.1
452092,宮崎県えびの市,,35.6,37.8,40,42.3,48.3,46.7,52.7,54.9
453412,宮崎県三股町,,59.5,62.9,66.3,66,67.5,69.1,72.6,76.4
453617,宮崎県高原町,,59.5,65.3,67.3,68.6,68.5,70.4,72.2,73.3
453820,宮崎県国富町,,,86.5,88.6,90.6,92.7,94.7,96.8,97
453838,宮崎県綾町,,53.4,55.7,57.7,59.5,61.2,63.2,65.2,67.1
454010,宮崎県高鍋町,59.8,63.7,61.5,62.8,64.3,65.4,66,67.6,63.8
454028,宮崎県新富町,,83.5,85.7,87.5,89.3,91.1,91.9,93.9,96
454036,宮崎県西米良村,,47.1,49.8,95.6,95.6,98.3,,,
454044,宮崎県木城町,46.3,48.8,25.4,24.6,28.7,33.1,36.2,40.6,45.2
454052,宮崎県川南町,81.5,80.9,82.8,84.8,86.7,88.6,90.5,7.6,9.7
454061,宮崎県都農町,46.1,48.3,50.1,52.2,53.9,34.2,36.9,37.7,35.1
454214,宮崎県門川町,38.2,40.2,41.4,43.3,44.9,45.7,47.1,48.9,50.5
454290,宮崎県諸塚村,,66,62,60.1,62.6,65,67.4,68.5,71.1
454303,宮崎県椎葉村,57.5,19.2,12.4,16.1,19.7,23.3,26.9,30.5,34.2
454311,宮崎県美郷町,80.4,83.1,71,73.9,76.3,78.7,81.1,83.3,84.9
454419,宮崎県高千穂町,29.7,35.7,39.3,42.6,46,49.5,52.9,56.4,60
454427,宮崎県日之影町,100,53.4,55.6,55.2,57.4,59.4,61.6,57.6,59.2
454435,宮崎県五ケ瀬町,54.1,60.3,44.9,47.1,48.1,50.4,52.6,54.8,55.4
462012,鹿児島県鹿児島市,49.9,48.5,49.3,50.4,48.8,50.3,52,53.8,54.4
462039,鹿児島県鹿屋市,,,,,,,,,
462047,鹿児島県枕崎市,69.6,72.4,75.2,78.1,80.9,83.7,85.3,88.2,90.4
462063,鹿児島県阿久根市,,,100,100,100,30.2,30.2,40.4,45.5
462080,鹿児島県出水市,79.5,81.5,82.2,84.2,86.2,90.5,87.8,89.8,91.2
462101,鹿児島県指宿市,,78.3,79.8,89.5,91.1,72.6,74.1,75.5,76.9
462136,鹿児島県西之表市,77.7,78.5,80.8,83.2,85.5,81.4,83.6,82.2,84.4
462144,鹿児島県垂水市,76.3,75.3,76.2,77.1,78.3,79.1,80,80.8,81.7
462152,鹿児島県薩摩川内市,26.2,36.4,39.7,43,46.3,49.4,48.5,50.9,52.6
462161,鹿児島県日置市,60.4,62.1,64.1,66.1,69.6,69,70.4,72.2,73
462179,鹿児島県曽於市,42.1,44.1,46.1,47.9,49.9,51.8,53.8,55.9,57.9
462187,鹿児島県霧島市,61.4,63.5,64.9,62.9,65,66.6,63,61.4,58.1
462195,鹿児島県いちき串木野市,,39.2,,,,,,,
462209,鹿児島県南さつま市,,49.9,52.2,63.5,63.5,65.8,68.3,70.2,73.5
462217,鹿児島県志布志市,86.4,88.5,84.1,86.3,87,88.6,89.6,90.5,91.5
462225,鹿児島県奄美市,,93.3,93.7,89.8,89.7,88.7,89.3,89.8,90.2
462233,鹿児島県南九州市,79.5,79.5,83.8,85.9,87.6,88.9,90.2,91.5,92.8
462241,鹿児島県伊佐市,,,55.2,57.5,60.1,62.9,65.1,67.2,
462250,鹿児島県姶良市,82.8,85,87.2,89.4,90.7,91.8,93.1,94.1,95
463035,鹿児島県三島村,100,100,100,100,100,100,99.6,99.7,99.7
463043,鹿児島県十島村,,41,20,36.3,38.9,40.9,43.4,46.4,43.8
463922,鹿児島県さつま町,,,80,82,84,86,88,90,92
464040,鹿児島県長島町,,49.5,51.4,53.2,53.7,55.7,56.6,58.7,60.7
464520,鹿児島県湧水町,,,,,,,,,
464686,鹿児島県大崎町,67.6,69.6,71.6,63,65.6,65.6,68.1,70.7,73.2
464821,鹿児島県東串良町,,82,84.4,86.5,,89.9,90.5,91.1,92.3
464902,鹿児島県錦江町,,,,,,,,,
464911,鹿児島県南大隅町,,48.7,50.7,53.7,55.8,57.9,60.1,62.2,64.3
464929,鹿児島県肝付町,93.2,93.8,96.5,54.3,55.3,48.9,52,54.1,57.3
465011,鹿児島県中種子町,68.3,77,79.2,43.6,45.8,48,50.2,49.7,52
465020,鹿児島県南種子町,,,,,,,,,
465054,鹿児島県屋久島町,,,,,,,,,
465232,鹿児島県大和村,,55.4,68.2,71.3,74.3,68.3,70.7,72.8,74.9
465241,鹿児島県宇検村,42.9,45.1,47.3,49.5,49.5,53.9,55.1,58.3,60.5
465259,鹿児島県瀬戸内町,77,,83.7,85.9,88.1,90.3,65.3,67.4,69.7
465275,鹿児島県龍郷町,60,,,,,50.8,,,
465291,鹿児島県喜界町,37.2,39.1,42.2,48.2,53.2,64.7,62.1,64.8,64.9
465305,鹿児島県徳之島町,,,,,,,,,
465313,鹿児島県天城町,,77.2,79.4,81.6,83.8,86,88.2,90.4,92.6
465321,鹿児島県伊仙町,,32.3,40,42,43.9,45.8,47.8,49.7,51.6
465330,鹿児島県和泊町,,,,,,,,,
465348,鹿児島県知名町,84.7,86.4,87.7,89,90.2,91.4,92.6,93.8,95
465356,鹿児島県与論町,47.1,49.5,51.7,53.8,56,55.8,58,58.4,60.7
472018,沖縄県那覇市,,44.4,46.1,49.3,51.5,52.9,54,57.4,59.6
472051,沖縄県宜野湾市,31.5,40.1,42.9,45.6,48.4,51.1,53.9,56.6,59.4
472077,沖縄県石垣市,68.6,71.2,73.5,75.1,77.4,79.7,81.6,83.9,85.4
472085,沖縄県浦添市,,24.2,26.5,26.2,30.9,32.6,34.4,39.1,49.5
472093,沖縄県名護市,,,,,,,,,
472107,沖縄県糸満市,,,73.2,75.9,78.6,81.3,84,86.6,89.3
472115,沖縄県沖縄市,,,,,,50,52.2,54.5,56.8
472123,沖縄県豊見城市,34.5,,,,,,,,
472131,沖縄県うるま市,,,,,,,,,
472140,沖縄県宮古島市,56.9,54.1,67.3,69.8,71,73,66.6,68.8,69.2
472158,沖縄県南城市,51.8,53.8,55.9,57.9,59.8,61.8,73.3,75.2,76.8
473014,沖縄県国頭村,,76,85.8,88,90.2,92.4,87.5,89.7,86.9
473022,沖縄県大宜味村,,,,,31,33,35,37,38.9
473031,沖縄県東村,,83.6,85.8,88,90.2,92.4,,,
473065,沖縄県今帰仁村,,,,,,,,,
473081,沖縄県本部町,,,,,,,,,
473111,沖縄県恩納村,,,,,,,,,
473138,沖縄県宜野座村,40.8,,,,,,,,
473146,沖縄県金武町,4.4,,,,,,,,
473154,沖縄県伊江村,18,20,22,24,26,28,27.5,29.7,32.3
473243,沖縄県読谷村,,,41.1,40.6,,,,43.3,33.4
473251,沖縄県嘉手納町,,,,,,,,,53.8
473260,沖縄県北谷町,91.1,96.7,66.1,55.7,69.5,64.6,72.2,73.8,75.4
473278,沖縄県北中城村,32.6,36.3,29.1,31.7,34.3,36.9,39.5,42.1,44.7
473286,沖縄県中城村,,85.8,88,90.2,92.4,67.7,70.1,72.5,62
473294,沖縄県西原町,,55.4,35.1,37.3,,,,,
473481,沖縄県与那原町,,43.3,46.7,,,,,,
473502,沖縄県南風原町,,39.2,23.5,26.8,30.2,33.5,36.9,40.3,43.6
473537,沖縄県渡嘉敷村,46,49.5,51.8,54.2,56.5,58.8,57.9,60.3,62.6
473545,沖縄県座間味村,,,,,,,,,
473553,沖縄県粟国村,,,,,,,,,
473561,沖縄県渡名喜村,,,0,2.2,4.4,6.6,12.6,15.7,18.9
473570,沖縄県南大東村,44,36.7,39.2,20.8,23.6,26.6,29.7,32.7,35.7
473588,沖縄県北大東村,2.2,4.4,6.6,8.8,14.5,18.6,22.7,23.2,27.5
473596,沖縄県伊平屋村,,31.4,34.2,27.9,41.1,44.3,45.5,48.4,45.8
473600,沖縄県伊是名村,,74,76,78,80,82,84,86,88
473618,沖縄県久米島町,,67.4,69.3,69.3,73.2,75.1,74.2,76.4,78.5
473626,沖縄県八重瀬町,77,41.4,43.4,45.4,47.5,49.4,51.5,53.5,55.6
473758,沖縄県多良間村,58.6,60.8,63,65.2,67.4,69.6,71.8,74,76.2
473812,沖縄県竹富町,,39.4,41.6,43.9,34.7,13.1,30.3,37.2,33.5
473821,沖縄県与那国町,3,9,8,10,12,14,52.3,54.4,56.5
