団体コード,団体名,2016-03-31,2017-03-31,2018-03-31,2019-03-31,2020-03-31,2021-03-31,2022-03-31,2023-03-31,2024-03-31
011002,北海道札幌市,,50.7,51.6,52.2,56.9,57.2,59.3,61.1,64.4
012025,北海道函館市,,67.6,66.7,66.9,65.4,66.8,72.9,66.5,74.7
012033,北海道小樽市,,70.3,,,,70.6,63.7,64.4,67.7
012041,北海道旭川市,77.5,78.2,79.1,79.9,80.7,81,83.4,82.8,25.8
012050,北海道室蘭市,90.5,91.1,91,90.9,89.6,89.7,90.1,89.8,90.3
012068,北海道釧路市,,49.6,50.9,52.2,53.5,54.8,56.1,57.4,58.3
012076,北海道帯広市,,51.4,53.5,55.6,57.5,59.5,61.5,63.4,65.4
012084,北海道北見市,37.3,41.6,43.8,44.5,43.2,13,16.8,20.8,23.8
012092,北海道夕張市,,79.5,81.3,83,84.7,86.4,88.1,89.8,91.5
012106,北海道岩見沢市,,47.7,49.6,51.7,53.7,55.7,15,11.7,13.7
012114,北海道網走市,,100,100,100,100,100,100,100,100
012122,北海道留萌市,91,88.5,89.3,90,90.6,91.3,92.2,90.2,91.1
012131,北海道苫小牧市,64.5,66.5,68.5,70.5,72.5,74.5,76.4,78.2,83.7
012149,北海道稚内市,,97.6,99.3,99.3,99.4,98,98.2,98.4,98.6
012157,北海道美唄市,,82.8,84,86,88,88.1,81.9,78.9,76.9
012165,北海道芦別市,44,46,48,50,52,54,54.4,56.6,58.8
012173,北海道江別市,,62.5,64.5,66.4,65.6,67.1,68.7,70.3,71.9
012181,北海道赤平市,62.6,71.6,73.7,60.4,62.6,64.8,64.8,69.1,71.3
012190,北海道紋別市,99.5,99.3,99.3,99.4,99,99.6,99.3,85.1,76.5
012203,北海道士別市,99.6,99.7,99.7,99.7,93.5,43.7,35.3,36.7,38.1
012211,北海道名寄市,83,84.4,86.4,88.4,89.4,90.4,91.3,92.3,93.3
012220,北海道三笠市,91.1,91.8,93.2,93.9,94.7,95.4,95.9,95,69.5
012238,北海道根室市,84,86,88,90,92,94,96,98,9.3
012246,北海道千歳市,70.6,82.8,84.8,49.1,46.3,47.4,83,85.6,88
012254,北海道滝川市,,,43.8,52.3,48,50,52,54,56
012262,北海道砂川市,86.6,88.7,90.5,92.5,94.5,96.6,0,4.4,8.9
012271,北海道歌志内市,63.7,67.9,70.1,71,72.8,73.8,73.8,74.7,73.8
012289,北海道深川市,,94.1,,,,95.6,95.2,24.9,1.9
012297,北海道富良野市,,,96.4,98,85.9,81.3,78.4,79.6,76.2
012301,北海道登別市,88.8,90.1,88.8,90.1,91.2,92.2,93.1,94.3,94.1
012319,北海道恵庭市,57.5,58.8,56.8,63.6,65.6,67.1,67.8,69.2,71.9
012335,北海道伊達市,79.2,81.4,83.5,84.6,86,79.9,82,84.4,86.6
012343,北海道北広島市,,80.5,8.6,11.5,16.1,20,25.2,29.7,21.7
012351,北海道石狩市,41.7,43.4,45.4,47.1,48.8,50.7,51.8,53.3,55.3
012360,北海道北斗市,68.1,67.8,69.9,72.1,74.3,76.5,78.7,80.9,82.6
013030,北海道当別町,,90,92,94,95.9,88.8,89.9,91,91.4
013048,北海道新篠津村,40.5,43.2,45,47.7,50.5,53.3,56.1,49.9,53.2
013315,北海道松前町,100,,96.6,96.8,96.9,97.1,97.2,97.4,97.5
013323,北海道福島町,41.6,43.6,36.7,39.1,52,53.7,52.3,57.9,60
013331,北海道知内町,,,,,68.7,73.2,77.7,81,85.6
013340,北海道木古内町,89.1,88.6,73.5,76.2,79,79.8,80.5,81.2,55.7
013374,北海道七飯町,,59.1,61.1,63.2,65.2,67.3,69.4,71.4,73.5
013439,北海道鹿部町,,65.1,67.4,69.6,71.9,55.8,58.6,79.1,12.2
013455,北海道森町,77.5,80.8,80.6,81.9,83.3,84.7,85.6,86.4,87.3
013463,北海道八雲町,62.1,65,66.8,65.1,67.3,69.6,71.8,73.8,67.2
013471,北海道長万部町,34,36,37.8,39.9,41.9,43.9,45.9,47.9,50
013617,北海道江差町,44,46,,,,51.7,57.5,57.8,59.6
013625,北海道上ノ国町,66,,49.3,50.6,53.4,37,41.7,46.5,50.6
013633,北海道厚沢部町,77.6,55.9,55.9,59.8,61.8,63.9,66,67.5,69.6
013641,北海道乙部町,65.3,67.6,69.9,68.4,70.6,73.5,49.1,51.7,53.9
013676,北海道奥尻町,,90.5,93.5,93.8,89,89.5,90.4,89.3,89.3
013706,北海道今金町,98,96,96.4,96.7,96.9,99.3,99.6,99.8,100
013714,北海道せたな町,,47,47.2,48.1,46,48.5,51.1,53.7,56.4
013919,北海道島牧村,,66.9,68.2,59.4,60.3,61.1,62,100,100
013927,北海道寿都町,84,86,88,90,92,94,96,98,100
013935,北海道黒松内町,28.6,29.8,,36,39.1,42.1,45.2,45.2,51.4
013943,北海道蘭越町,61.3,61.7,65.3,63.2,63,65.5,67.9,70.4,72.9
013951,北海道ニセコ町,97.2,98.4,100,100,60.2,61,23.7,25.4,14.3
013960,北海道真狩村,60.9,,,,,67.2,70,71.9,73.8
013978,北海道留寿都村,,,,,,,,,
013986,北海道喜茂別町,,94.6,95.1,95.6,95.6,96.2,96.4,96.8,97.4
013994,北海道京極町,86.2,45.7,90.2,92.2,92.4,92.5,92.7,92.9,93.1
014001,北海道倶知安町,99.5,99.5,,99.6,99.7,20,18.7,8.3,13
014010,北海道共和町,55.8,,,59.7,61.8,63.4,64.9,66.5,69.7
014028,北海道岩内町,2.6,,,10.2,10.2,12.9,15.6,18.2,20.9
014036,北海道泊村,,40,42.3,44.5,46.8,49,51.3,53.5,55.7
014044,北海道神恵内村,,,96,98,46.1,50.2,92.8,79.8,94
014052,北海道積丹町,,,85.6,84.9,86.8,89.3,91.8,94.3,95.1
014061,北海道古平町,82.8,83.5,84.2,84.9,,86.2,21.9,3.6,7.4
014079,北海道仁木町,32,40.6,40.6,42.5,44.5,46,47.1,45.2,47.4
014087,北海道余市町,82.2,,89.9,91.9,93.9,95.9,96.7,96.9,97.3
014095,北海道赤井川村,,64.2,66.2,67.8,69.8,71.9,74,76.1,78.1
014231,北海道南幌町,,61.1,63.3,59.7,60.7,34.5,38.9,43.4,47.8
014249,北海道奈井江町,88,,,92,92.4,96,98,100,98.5
014257,北海道上砂川町,62.5,65.7,67.3,68.8,66.4,67.8,17.3,21,25.1
014273,北海道由仁町,64,66,68,,71.9,74,78,78,80
014281,北海道長沼町,51.7,51.7,,58.5,60,61.4,62.9,64.3,61.5
014290,北海道栗山町,48.5,50,49,51,53.3,52.5,54.1,59.2,61.5
014303,北海道月形町,,83,84.7,87.6,90.5,92.5,94.6,96.6,96.6
014311,北海道浦臼町,,,,95.8,95.4,88.9,87.5,88.8,88.6
014320,北海道新十津川町,85.9,92,91.9,93.6,95.7,6.6,1.9,4,6.1
014338,北海道妹背牛町,60,62,63.2,64.4,66.5,68.6,61.3,63.9,66.5
014346,北海道秩父別町,,67.4,68.9,70.4,70.4,72,73.1,74.2,75.4
014362,北海道雨竜町,,62.4,100,8.2,9.8,11.8,13.6,17.1,19.2
014371,北海道北竜町,,54.9,57.1,58.6,60.1,61.6,63.1,64.5,62.9
014389,北海道沼田町,34,36,36.3,37.8,64.1,37.8,43.8,45.8,47.8
014524,北海道鷹栖町,76.8,78.7,79.7,81.5,82.2,83.5,85.3,85.8,83.2
014532,北海道東神楽町,52.2,53.6,,56.4,58.6,57.6,45.3,8.5,4.6
014541,北海道当麻町,80.7,86,32.4,5.2,8.7,12.2,16.4,20.6,20.6
014559,北海道比布町,,86,100,100,8.7,100,99.1,100,100
014567,北海道愛別町,100,100,100,99.7,99.7,99.7,96.9,97.1,97.3
014575,北海道上川町,80.5,62.8,,77.1,79.3,81.6,79.8,79,74.6
014583,北海道東川町,,,,,,78,80,82,84
014591,北海道美瑛町,31.7,45.9,47.9,49.8,52,54.1,56.1,58.2,60.2
014605,北海道上富良野町,96,97.8,98.7,99.6,98.9,99,98.9,99,97.9
014613,北海道中富良野町,,66,68,70,72,74,76,75.3,71.9
014621,北海道南富良野町,80.2,83.3,84.4,85.5,86.3,87.2,88.1,88.6,89.5
014630,北海道占冠村,88.7,91.2,,,87.1,97.5,98.5,88,88.9
014648,北海道和寒町,69.8,71.2,73.2,75.3,77.3,79.4,81.5,83.5,85.6
014656,北海道剣淵町,70.3,72.3,74,76,77.2,77.2,79.4,80,82.2
014681,北海道下川町,,,86,88,87.2,88.6,90.8,92.4,94.8
014699,北海道美深町,,66,68,70,72,74,74,78,80
014702,北海道音威子府村,,,76,78,80,82,83,85.2,87.4
014711,北海道中川町,94.5,92.1,93,92.7,95,95.6,96.2,96.4,95.6
014729,北海道幌加内町,,75.6,77.1,78.6,80.2,81.7,83.2,84.7,86.2
014818,北海道増毛町,,93.9,95.9,97.9,99.9,99.9,99.9,100,100
014826,北海道小平町,,77.3,80.6,82.5,84.4,86.4,32.3,33.9,35.5
014834,北海道苫前町,,70.9,72.8,74.6,76.5,39.1,41.7,42.3,46.8
014842,北海道羽幌町,,,,96.3,98.1,100,100,92.7,92.4
014851,北海道初山別村,94,91.8,98.3,98.3,98.4,98.5,93.1,94.2,94.2
014869,北海道遠別町,67.5,77.7,72.5,75,83.1,80,82.5,85,87.5
014877,北海道天塩町,,77.7,79.6,81.3,83.1,83.1,85.1,78.5,78.5
015113,北海道猿払村,46,49.4,51.5,53.4,54.9,57.7,56,56.9,56.9
015121,北海道浜頓別町,,28.9,,,,,,,
015130,北海道中頓別町,,26,26,28,15.9,15.8,18,19.8,22.4
015148,北海道枝幸町,,55.3,57.8,59.8,52.6,42.4,45.9,49.4,52.7
015164,北海道豊富町,94,94,98,,,100,99.1,100,100
015172,北海道礼文町,55.3,57.3,52.1,53.5,55.3,56.8,52.8,53.7,57.1
015181,北海道利尻町,54.7,58.7,60.7,62.8,64.8,66.8,68.8,70.9,72.9
015199,北海道利尻富士町,,,,,,,,48,50
015202,北海道幌延町,48.9,51,46.1,48.3,50.4,52.4,52.8,56.6,
015431,北海道美幌町,,50.4,51.8,53.2,54.6,55.9,2.4,6.2,5.3
015440,北海道津別町,94.3,95,95.7,96.2,97,22.5,4,8.2,11.3
015458,北海道斜里町,93.4,89,91,89.7,90.3,60.8,61.7,62.7,63
015466,北海道清里町,,46.2,,,76.5,72,96,82.9,73.1
015474,北海道小清水町,,100,100,100,100,100,100,10.4,2.9
015491,北海道訓子府町,29.8,29.1,32.8,34.8,36.9,38.9,41,43,44.9
015504,北海道置戸町,77.5,79.6,81.8,83.9,,85.1,85.5,86.3,87
015521,北海道佐呂間町,60,76.1,77.6,79.1,80.6,82.2,83.7,84,85.5
015555,北海道遠軽町,,66.3,,70.8,72,73.6,75.3,76.9,78.1
015598,北海道湧別町,64.6,69.7,71,73,75,77.1,79.1,81,83
015601,北海道滝上町,54.7,52.7,54.5,51.8,54.9,53.5,55.5,56.4,68
015610,北海道興部町,,84,90.1,91.5,92,92,94,98,100
015628,北海道西興部村,67.5,69.4,70,72,74,76,78,80,82
015636,北海道雄武町,,46.2,47.9,49.8,46,48.3,46.8,49.2,51.3
015644,北海道大空町,63.3,65,66.8,67.4,69.6,65.5,67.8,64.6,49
015717,北海道豊浦町,76,80,82,84,86,87.9,89.9,91.9,93.9
015750,北海道壮瞥町,17.1,17.1,19.3,21.4,23.6,25.7,27.8,30,32.1
015784,北海道白老町,99,99.5,99.8,99.8,98.9,98.1,100,100,100
015814,北海道厚真町,71.8,94.4,95.1,95.9,96.6,97.1,99.6,97.9,98.2
015849,北海道洞爺湖町,,28.4,30.5,32.5,34.5,36.6,38.6,38.7,39.6
015857,北海道安平町,48.2,92.8,,45.8,47,40.7,42.8,44.9,47
015865,北海道むかわ町,,,,,,,81,82.6,84.6
016012,北海道日高町,,79.7,81,82.9,84.7,86.6,88.4,90.3,90.9
016021,北海道平取町,77.1,94.1,39.1,41.1,43.2,94.3,93.1,93.9,94.6
016047,北海道新冠町,34,36,38,40,42,44,46,48,50
016071,北海道浦河町,,74.9,76.3,79.1,79.1,80.4,81.8,83.2,84.5
016080,北海道様似町,,62.1,57.3,59.2,61.1,62.9,64.9,66.8,68.3
016098,北海道えりも町,,42,44,46,48,50,52,54,56
016101,北海道新ひだか町,,,,80,25,67.3,39.1,41.4,43.8
016314,北海道音更町,,79.1,81,82.9,76.9,25.7,28.8,27.6,31.2
016322,北海道士幌町,,66,56.2,59.1,62.1,,67.9,75.3,67.6
016331,北海道上士幌町,,69.7,68.4,72.4,74.5,77.8,79,81.3,83.3
016349,北海道鹿追町,,50,,54.1,56.1,58.1,60.1,62.1,64.1
016357,北海道新得町,,94.4,96.3,98.1,99.9,99.9,100,100,100
016365,北海道清水町,,67.8,69.3,67.3,60.7,63.8,66.8,67.5,70.8
016373,北海道芽室町,95.5,97,98.5,100,78,0,2.1,6.1,10.2
016381,北海道中札内村,,96,98,100,100,14.4,4.5,9,13.9
016390,北海道更別村,,68.6,95,96.6,73.8,80,75,77.1,79.2
016411,北海道大樹町,84,85.5,,,92,92.4,94.1,49.5,19.3
016420,北海道広尾町,,68,70,72.2,74,76,77.6,52.5,77.2
016438,北海道幕別町,,35.8,56.1,54.3,57.3,64.6,68.3,64.6,75.6
016446,北海道池田町,93.9,46.3,49.9,53.5,56.8,60.5,64.2,71.5,75
016454,北海道豊頃町,22,71.5,73.6,70,72.1,82,27.6,78.2,80.3
016462,北海道本別町,,86,88,90,,94,96.1,96.1,100
016471,北海道足寄町,,31.5,35.1,38.7,41,44.2,47.8,50.9,54.4
016489,北海道陸別町,54.2,56.2,58.2,60.1,62.1,64.1,63.1,61.4,57.5
016497,北海道浦幌町,,,27.7,29.7,31.6,33.6,35.3,37,38.6
016616,北海道釧路町,,,,,,59.8,59.3,61.7,62.5
016624,北海道厚岸町,,55.1,57.1,57.7,60.4,59.5,59.5,59.5,52.6
016632,北海道浜中町,83,85.1,87.1,88.2,83.6,83.7,10.6,78.6,80.5
016641,北海道標茶町,,,94.1,96.1,98,100,100,100,100
016659,北海道弟子屈町,,79.6,81.5,80.3,82.2,84.2,84.9,88.1,86.1
016675,北海道鶴居村,,50.7,52.7,54.7,56.7,58.7,50.2,52.9,55
016683,北海道白糠町,,64.2,66.2,68.2,68.9,68.4,72.1,73.6,75.7
016918,北海道別海町,38.3,40.4,42.5,44.6,46.8,48.8,46.1,48,48.7
016926,北海道中標津町,,68.5,70.1,72.2,74.1,76.3,78.5,80.7,82.9
016934,北海道標津町,74,76,78,80,82,33.8,36.8,39.8,42
016942,北海道羅臼町,50,52,54,56,58,58.5,59.6,61.8,63.7
022012,青森県青森市,,82.9,59.5,58.2,37,28.3,30.6,32.9,34.9
022021,青森県弘前市,,33.1,29.8,33,36.2,39.4,42.2,45.4,48.6
022039,青森県八戸市,,52.7,53.6,51.2,51.7,53.5,52.8,57.3,58.6
022047,青森県黒石市,85.7,87.3,68.6,72.1,74,74.6,75.2,75.7,76.3
022055,青森県五所川原市,,92.6,94.4,19.3,22.8,14.8,18.4,22.1,25.8
022063,青森県十和田市,68.2,87.1,89.3,94.8,13.1,16.6,16.6,18.8,21
022071,青森県三沢市,,82.7,84.4,86.2,88,89.8,89.9,89.5,89.7
022080,青森県むつ市,,56.9,59.8,62.7,46.5,49.3,52.7,56,56.9
022098,青森県つがる市,57.1,58.8,60.3,62.2,62.5,64.5,66.6,68.7,70.7
022101,青森県平川市,,50.6,55.6,,,67.9,70.2,1.8,12.1
023019,青森県平内町,,98.2,100,100,100,99.7,99.7,99.7,99.7
023035,青森県今別町,51.2,68.8,68.8,71.7,74.4,29.4,31,37.3,36.9
023043,青森県蓬田村,100,100,100,100,100,100,100,100,100
023078,青森県外ヶ浜町,,45.1,43.8,43.9,45.9,47.8,49.8,50.4,52.6
023213,青森県鰺ケ沢町,65.6,86.1,88.4,,,34.1,36.6,38.6,40.1
023230,青森県深浦町,61.7,63.6,65.4,67.3,62.9,65.5,67.5,65.8,67.3
023434,青森県西目屋村,81.7,81.8,83.9,87.7,92.4,95.9,92.9,93.2,94.4
023612,青森県藤崎町,57.9,66.3,68.4,46.3,52.5,52.2,55.6,59.1,62.7
023621,青森県大鰐町,,83.4,88.4,91.7,95,97.7,97.3,97.4,97.6
023671,青森県田舎館村,63.2,65.7,,39.3,75.3,78,78.5,79.7,80.8
023817,青森県板柳町,82,84,86,88,90,92,94,96,98
023841,青森県鶴田町,46.1,47.2,49.6,52,54.3,56.6,59,60.9,62.8
023876,青森県中泊町,,5.4,,,,15.7,19.9,22.4,
024015,青森県野辺地町,75.4,98.3,96.7,97,97.2,97.4,97.6,96,97.7
024023,青森県七戸町,92.1,92.4,86,74.5,76,77.5,81.9,81.3,82.3
024058,青森県六戸町,75.2,76.7,78.2,76.3,78,73.5,77.1,82.2,73.8
024066,青森県横浜町,63.1,66.9,70.8,72.5,65.6,69.2,71.8,76.4,77.5
024082,青森県東北町,,87.4,89,90.5,92.1,82.1,84,86.3,85.9
024112,青森県六ケ所村,,100,100,100,100,100,100,100,100
024121,青森県おいらせ町,82.4,87,89.4,91.7,94,96.4,96.2,97.2,
024236,青森県大間町,,100,100,100,100,10.2,12.8,15.5,18.1
024244,青森県東通村,55.2,57.2,59.2,61.2,63.2,65.2,66,68,70
024252,青森県風間浦村,96.7,97.4,98,98.7,99.4,100,100,100,100
024261,青森県佐井村,,73.2,73.2,74.9,76.6,79.4,83.4,72.9,72.7
024414,青森県三戸町,38.8,41.1,43.3,45.4,47.8,49.8,52.1,54.4,56.5
024422,青森県五戸町,57,64,65.9,68.5,70.5,72.8,75,75.8,77.1
024431,青森県田子町,77.1,95.3,75.3,78,79.8,81,82.3,72.7,74
024457,青森県南部町,58.8,60.8,62.9,65.2,,62.5,64.5,50.4,53
024465,青森県階上町,53.7,59,61.7,63.8,65.9,59.7,62.3,65.4,68.3
024503,青森県新郷村,68.1,71.5,73.4,83.3,78.7,81.9,84,69,70.9
032018,岩手県盛岡市,,54.1,55.8,56.7,57.7,59.5,61.3,63.1,64.4
032026,岩手県宮古市,79,78.7,80.4,11.9,14.4,16.3,18.9,21.2,21.4
032034,岩手県大船渡市,,78,75.3,77.3,79.3,82.9,82.1,,
032051,岩手県花巻市,50.6,53.2,55.5,56.9,58.8,60.8,63.2,65.2,67.2
032069,岩手県北上市,59.4,59,60.2,63.3,66.5,70.7,69.3,72,74.6
032077,岩手県久慈市,,64.5,64.5,,,45.3,42.8,44.9,46.7
032085,岩手県遠野市,75.3,,17.2,19.2,20.9,22.9,24.9,26.9,28.8
032093,岩手県一関市,,64.3,66.4,68.2,70.2,72,73.9,75.4,76.7
032107,岩手県陸前高田市,,16.3,19.4,22.8,26.2,6.5,3.5,7,10.5
032115,岩手県釜石市,55.3,57.2,59,60.9,63,64.9,66.4,68.3,70
032131,岩手県二戸市,,56.1,54.6,60,63.2,67,70.2,74.1,76.8
032140,岩手県八幡平市,,45.6,47.7,49.7,54.3,56,57.6,60.9,49.8
032158,岩手県奥州市,,53.7,51.5,52.8,54.6,55.3,57.6,59.7,61.3
032166,岩手県滝沢市,49.5,50.2,54.6,56.4,59.3,61.5,63.7,66,67.6
033014,岩手県雫石町,,74.8,76.8,77.4,79.2,82.1,84.2,83,77.1
033022,岩手県葛巻町,81.8,83.7,85.6,87.2,88,90.1,92,5.1,4
033031,岩手県岩手町,76,66.2,68.3,70.8,72.4,74.7,72.5,74.2,76
033219,岩手県紫波町,,2,8.1,10,12,13.9,14.1,16,18
033227,岩手県矢巾町,,66.2,70,68,70,69.1,68.9,71.3,73.7
033669,岩手県西和賀町,,83.9,85.9,87.9,89,88.3,91.2,86,57.6
033812,岩手県金ケ崎町,,44,44,51.9,53.6,55.3,56.6,58.4,60
034029,岩手県平泉町,,60.5,62.7,64.9,67,69.1,71.2,73.4,75.6
034410,岩手県住田町,,6.6,10.8,15,19.2,23.4,25.2,29.4,33.6
034614,岩手県大槌町,,,,,,,,21.1,24.3
034827,岩手県山田町,,70.5,72.7,73.7,75.8,77.7,80,85,83.9
034835,岩手県岩泉町,68.8,65.4,,68.5,69,56.6,58.5,60.1,62
034843,岩手県田野畑村,95.4,84.7,86.1,87.4,88.8,90.2,91.5,91.9,92.3
034851,岩手県普代村,,37.7,39.8,41.8,43.9,46,48.1,50.2,
035017,岩手県軽米町,70.1,44.8,49.6,54.4,59.2,64.1,65.1,68.9,72.8
035033,岩手県野田村,62,64,66,68,70,59.7,62.4,65.1,67.9
035068,岩手県九戸村,,67.9,70.8,72.7,73.3,74.9,70.1,74.4,78.8
035076,岩手県洋野町,,49,51.1,53.1,55.2,57.2,59.3,61.2,62.7
035246,岩手県一戸町,,74.6,76.5,78.5,80.5,82.6,78.3,79.3,78.8
041009,宮城県仙台市,,58.8,59.3,61.1,62.2,63.7,65.1,66.4,64.5
042021,宮城県石巻市,,30,32,31.1,32.7,33.6,35.5,33.6,35.7
042030,宮城県塩竈市,,84.3,84.4,74.7,74,68.9,71,72,71.9
042056,宮城県気仙沼市,,,,,,82.3,83.4,84.5,85.6
042064,宮城県白石市,,29.2,31.6,34,36.5,38.8,40.7,42.8,44.9
042072,宮城県名取市,78.8,67.3,69.2,71.2,72.7,74.7,76.7,79.1,80.7
042081,宮城県角田市,,78.5,79.1,80.2,81.6,82.9,81.2,84.7,82.5
042099,宮城県多賀城市,,75.3,76.2,77.5,79,80.3,81.4,82.5,47
042111,宮城県岩沼市,79.4,79.4,83.6,87.6,89.7,91.5,93.3,95,96.6
042129,宮城県登米市,,53.8,55.7,57.8,59.9,62.1,64.2,66.2,68.1
042137,宮城県栗原市,,37.4,39.9,40.9,40.8,43.2,45.5,47.9,50.3
042145,宮城県東松島市,75.6,77.8,80,76,80,77.4,79.2,79.3,79.8
042153,宮城県大崎市,,,,,,54.7,62.8,34.5,33.8
042161,宮城県富谷市,27.2,40.5,31.1,33,35,37,39,41,45.1
043010,宮城県蔵王町,79.2,81.2,83.1,85,87,88.9,90.8,92.7,94.7
043028,宮城県七ケ宿町,85.1,63.5,82.5,87.2,87,89.1,91.2,93.3,85.3
043214,宮城県大河原町,62,64,66,68,70,72,74,76,78
043222,宮城県村田町,70.2,72.3,74.3,76.4,78.4,80.4,81.8,82.9,84.1
043231,宮城県柴田町,78.9,82.2,81.8,77.1,75.8,77.2,22.1,22.1,28.2
043249,宮城県川崎町,41.6,44.2,46.9,49.6,52.2,52.3,54.3,56.3,58.4
043419,宮城県丸森町,56.9,59.3,61.7,64.1,66.5,68,70.3,66.4,51.7
043613,宮城県亘理町,,35.1,35.7,36.3,1.7,2.7,2.1,9.6,13.2
043621,宮城県山元町,98.4,98.6,86.1,17.3,14.9,19.6,22,24.3,26.6
044016,宮城県松島町,,,10.8,13.5,16.2,18.9,21.4,24.2,26.9
044041,宮城県七ケ浜町,99.7,99.8,99.8,99.8,98.8,98,98.1,96.6,97.2
044067,宮城県利府町,,28.7,30.7,32.7,34.7,36.7,38.4,40.3,42.3
044211,宮城県大和町,20.3,21.6,16.8,18.5,19.9,22.6,24.5,26.8,29.1
044229,宮城県大郷町,73.7,75.8,77.7,79.5,81.4,83.3,85.1,88.9,90.7
044245,宮城県大衡村,66,,70,70.8,73.2,70.4,69.9,75.5,80.7
044440,宮城県色麻町,,,,,79.8,81.9,84,85.9,85.7
044458,宮城県加美町,,85.5,84.7,87.5,89,90.4,91.2,92.2,93.1
045012,宮城県涌谷町,50.2,68.4,69.9,71.4,73.6,74.7,76.2,77.6,77.6
045055,宮城県美里町,,,,73.5,75.5,72.2,74.4,76.6,78.2
045811,宮城県女川町,,,,,0,2.7,5.4,8.1,10.8
046060,宮城県南三陸町,,,1.4,1.9,4.5,6.8,8.3,10.3,11.8
052019,秋田県秋田市,39.5,14.9,13.1,19.9,23.1,26.8,28,31.7,35.4
052027,秋田県能代市,61.9,31.3,30.6,30.8,29.1,31.7,34.8,37.8,40.9
052035,秋田県横手市,,49.2,47.9,50,52.5,47,48,48.9,50.5
052043,秋田県大館市,,52.1,52.5,54.1,55.8,22.5,22.1,25.2,28.7
052060,秋田県男鹿市,64.4,,,,71.7,73.1,64.8,59.6,61.2
052078,秋田県湯沢市,,46.3,48.4,50.6,52.9,54.8,56.5,56,22.9
052094,秋田県鹿角市,,61.4,63.3,65.3,60.6,62.5,64.2,63.1,65.2
052108,秋田県由利本荘市,,49.2,48.9,51.1,52.7,51.8,53.9,52.8,55.7
052116,秋田県潟上市,17.5,23.7,21,23.6,26.1,28.7,31.3,33.9,38
052124,秋田県大仙市,54.5,59.1,58,59.6,60.9,62.6,64.1,66.5,68.4
052132,秋田県北秋田市,,47.9,,,,49.2,,56.1,58.5
052141,秋田県にかほ市,,49.4,56.6,58.6,60.5,62.5,57.9,66.4,60.4
052159,秋田県仙北市,,88.6,89.3,89,90.3,25.1,27.1,28.1,29.8
053031,秋田県小坂町,37.2,38.8,40.9,43,45.1,47.2,49.3,50.6,52.7
053279,秋田県上小阿仁村,,88,90,92,94,94.4,96.4,98.5,98.7
053465,秋田県藤里町,91.9,92.7,92.8,93.2,93.6,93.9,94,94,94.3
053481,秋田県三種町,76.3,53.3,54.6,56.5,45.3,47.2,46.5,48.8,49.7
053490,秋田県八峰町,25.2,29.4,33.6,37.8,42,46.2,50.4,54.6,58.8
053619,秋田県五城目町,64,66,68,70,72,74,76,78,80
053635,秋田県八郎潟町,,,,,,100,0,3.3,3.7
053660,秋田県井川町,,60.7,56.8,47.7,49.6,47.8,51.7,50.4,53.1
053686,秋田県大潟村,92,96,96.9,93.7,93.6,93.6,93.2,90.5,90.7
054348,秋田県美郷町,49.9,51.8,53.9,55.9,57.9,59.9,61.9,63.9,65.9
054631,秋田県羽後町,55.7,57.7,59.7,61.7,63.7,65.7,65.2,67.1,61.7
054640,秋田県東成瀬村,40.6,44.1,44.5,46.7,49,51.5,53.9,56.1,58.4
062014,山形県山形市,34,35.4,37.5,39.6,41.2,42.6,43.6,45,46.3
062022,山形県米沢市,87.9,89.5,91.5,93.2,95,96.1,39.1,7.5,11.7
062031,山形県鶴岡市,63.2,62.5,64.4,59.8,63,55.5,56.4,62.1,63.9
062049,山形県酒田市,16.5,17.7,15.5,17.9,20.9,22.8,25.3,27.7,30.9
062057,山形県新庄市,72.6,37.4,40.1,42.8,34.6,31.5,36,38.4,41.6
062065,山形県寒河江市,,,,,,,,,99.8
062073,山形県上山市,78.2,79.9,42.3,47.3,49.8,56.5,55.1,57.6,60.4
062081,山形県村山市,,71.7,73.5,75.5,77.5,79.5,81.4,83.4,85.4
062090,山形県長井市,,92.1,93.5,90.3,91.5,4.5,7.9,11.6,12.8
062103,山形県天童市,49,50.4,52.9,55.8,57.8,60.3,63.2,65,66.7
062111,山形県東根市,53.7,55.7,57.8,59.9,60.3,62.4,64.5,66.1,67.8
062120,山形県尾花沢市,,,,,,,,,10
062138,山形県南陽市,89,94.4,96.1,97.8,98.6,97.5,97.5,97.7,75.5
063011,山形県山辺町,,40.3,42.6,44.8,47,48.5,50.7,50.2,52.6
063029,山形県中山町,,,,,,89.2,89,90,91
063215,山形県河北町,96.6,97.1,96.9,97,97.1,97.3,22.4,3.1,6.2
063223,山形県西川町,46.7,48.8,50.9,52.9,52.9,57.1,59.1,61.2,62.2
063231,山形県朝日町,46.9,90,43.2,28.9,31.3,52.8,45.8,47.3,37.7
063240,山形県大江町,,92.7,79.2,75.6,77.2,66,67.7,68.1,70.2
063410,山形県大石田町,,,,,,68,70,72,74
063614,山形県金山町,68.5,62.3,62.7,64.4,72.9,73.9,76.8,74.5,74.9
063622,山形県最上町,,50.7,54.2,57.6,61.1,65.1,67.8,70.5,73.2
063631,山形県舟形町,94,96,98,99.9,81.7,83.3,85,86.4,87.1
063649,山形県真室川町,,,,,,,,,
063657,山形県大蔵村,94.6,99.2,99.3,99.5,99.6,99.7,99.9,100,99.8
063665,山形県鮭川村,32.9,36.6,39.6,41.5,41.9,43.6,45.4,47,48.8
063673,山形県戸沢村,,64.2,65.5,67.1,69,59.2,61.2,60.7,60.7
063819,山形県高畠町,81.3,82.8,85.9,89,87.8,86.7,88.4,77.8,80.7
063827,山形県川西町,,99.8,99.8,99.9,99.9,99.9,25.9,25.9,10.9
064017,山形県小国町,57.8,57.8,57.8,58.8,68.4,69.9,71.9,68,70.2
064025,山形県白鷹町,91.7,92.1,100,100,0,4.2,8.4,12.6,16.8
064033,山形県飯豊町,62.8,64.6,64.6,67,71.7,73.7,68.2,71.1,83.2
064262,山形県三川町,60.5,60.3,61.8,65.1,67.4,70.9,71.3,73.6,75.9
064289,山形県庄内町,,81.9,83.4,78.1,40.3,25.4,29.4,29.2,20.6
064611,山形県遊佐町,60.7,61.7,62.6,63.6,64.6,65.5,4.5,7.8,11.2
072010,福島県福島市,,,,25.8,27.8,29.7,31.6,32.9,32.4
072028,福島県会津若松市,66.5,67.6,68.2,69.4,70.8,72.2,72.2,71.5,72.8
072036,福島県郡山市,57.8,46.1,59.8,61.4,63,64.5,65.1,66.6,68.2
072044,福島県いわき市,,71.3,55.8,73.6,74.3,75.3,77.3,79.3,79.9
072052,福島県白河市,,,56.6,58.9,62.1,63.3,65.4,67.1,68.9
072079,福島県須賀川市,57.6,7.2,8.6,10.6,12.7,14.7,16.2,19.6,21.6
072087,福島県喜多方市,,16.5,12.9,15.3,17.2,19,21.6,24.2,26.8
072095,福島県相馬市,,,19.8,22.4,24.9,27.5,15.1,18,20.7
072109,福島県二本松市,,48.4,50.3,52.2,54.1,55.9,57.8,59.4,60.6
072117,福島県田村市,27.5,29.5,31,34.9,34.9,39.6,42.2,43.5,45.4
072125,福島県南相馬市,,,54.8,55.2,,,,,
072133,福島県伊達市,,50.4,50,29.3,31.8,34.6,37.1,38.3,44.9
072141,福島県本宮市,56,57.9,60.9,62.9,68.7,68.1,69,66.9,73.1
073016,福島県桑折町,,83.7,74.5,77.9,79.7,0,2.1,4.3,6.4
073032,福島県国見町,,,,,,12,14,16,18
073083,福島県川俣町,,4.3,6.5,10,14,17.7,21.2,24.9,28.5
073229,福島県大玉村,,,100,100,99.5,99.4,99.5,99.6,99.4
073423,福島県鏡石町,89.1,75.8,80.3,81.7,86,87,89,90.8,92.3
073440,福島県天栄村,,,,,,51.5,51.1,47.8,58
073644,福島県檜枝岐村,,,70.5,72.5,0,0.1,,,
073679,福島県只見町,,64,63.1,61.8,60,62.1,66.7,67.6,69.7
073687,福島県南会津町,,,30.1,32.4,35.6,38.7,41.8,43.5,
074021,福島県北塩原村,66.2,52.5,58,71.3,74,81.5,83.5,85.5,87.5
074055,福島県西会津町,,96.2,96.8,9.4,13.9,41.2,44,52.9,54.8
074071,福島県磐梯町,,60.2,56.6,58.4,55.7,63.4,58.3,55.5,57.8
074080,福島県猪苗代町,57.2,54.9,57.4,59.9,62.4,64.9,67.4,69.9,72.4
074217,福島県会津坂下町,,72.3,73.2,73.1,73.1,73.4,74.5,75.2,74.9
074225,福島県湯川村,,,,,,,,,
074233,福島県柳津町,,,,52.3,55.2,58.1,62,64.8,67.7
074446,福島県三島町,,,,,,,54,56.1,58.5
074454,福島県金山町,,90.1,92.1,94.6,95.3,94.6,94.3,94.7,95.1
074462,福島県昭和村,67.3,,,,,98.2,98.4,92.9,84.4
074471,福島県会津美里町,,,,,,,,,
074616,福島県西郷村,,,88.7,90.6,91,92.9,94.1,96,97.9
074641,福島県泉崎村,,3.7,7.5,10.9,14.5,17.8,21.6,25.6,29.4
074659,福島県中島村,,72.5,76.6,78,80.2,82.9,82.7,86.1,86.7
074667,福島県矢吹町,,,71.8,70.7,75.2,76.9,78.5,80.2,81.3
074811,福島県棚倉町,55.1,68,69.9,71.7,73.7,75.2,72.5,73,75.7
074829,福島県矢祭町,,95.1,95.4,64,65.5,67,68.6,66.9,69.3
074837,福島県塙町,80.9,91,92.7,89.1,83.1,81.6,75.8,77,78.1
074845,福島県鮫川村,,,35.4,33.1,35.4,37.7,40.1,41.6,43.9
075019,福島県石川町,,,2,6.5,9.8,13.1,16.3,19.8,19.8
075027,福島県玉川村,85.4,86.4,86,85.6,89.5,83.8,80.8,81.4,83.1
075035,福島県平田村,30.1,31.4,34,43,50.8,52.6,57,61.3,73.5
075043,福島県浅川町,87.4,87.4,87.9,87.3,89.1,77.2,92,92.2,91
075051,福島県古殿町,,,55.5,58.2,60.7,63.3,65,67,69.2
075213,福島県三春町,,100,99.6,99.6,99.6,28.6,2.7,5.3,8.2
075221,福島県小野町,,78.5,79.3,80.1,80.7,89.1,89.8,91.1,66.7
075418,福島県広野町,62.2,66.9,68.3,65.3,69.5,68,69.5,71.6,73.3
075426,福島県楢葉町,,,76.5,77.9,80.1,82.1,78.4,79.8,81.7
075434,福島県富岡町,,48,50,52,54,56,57.9,59.3,61.4
075442,福島県川内村,,89.1,,,,96,96.8,97.5,98.3
075451,福島県大熊町,,52.1,77.7,31.7,34.1,34.1,36.5,38.8,41.2
075469,福島県双葉町,,64.3,66.6,68.2,71.1,74,76,0,5.4
075477,福島県浪江町,,,,,,52,54.7,56.7,58.7
075485,福島県葛尾村,,,,76,78,80,82.1,84.1,86
075612,福島県新地町,,,,,,60.7,61.1,62.6,64.2
075647,福島県飯舘村,,,,,,46.6,48.2,49.6,51.3
082015,茨城県水戸市,,73.3,75.3,9,11,13,15,17,19
082023,茨城県日立市,79.6,81.1,7.2,9.3,12.9,16.5,20.1,23.3,26.9
082031,茨城県土浦市,5.2,12.7,17.3,22.4,27,31.7,36,40.6,45.1
082040,茨城県古河市,46.4,47.3,49.3,51.4,53.2,55,55.5,54.4,54.7
082058,茨城県石岡市,42,45.3,47.4,12.9,14.3,17.9,21.1,24.7,27.8
082074,茨城県結城市,67.9,69.1,68.3,73.9,75.9,11.3,15.4,19.4,23.4
082082,茨城県龍ケ崎市,68.5,59.6,61,63.6,66.4,69.7,73,75.4,72.7
082104,茨城県下妻市,82.8,81.6,82,84.1,85.5,86.6,87.9,21.9,5
082112,茨城県常総市,21,25.9,28.1,30.4,33.3,35.4,37.3,39.8,42.2
082121,茨城県常陸太田市,45.9,47.9,50,52.1,49.9,51.9,53.8,56.5,58.1
082147,茨城県高萩市,30.7,26.8,3,5.8,9.5,13.3,17,20.7,24.4
082155,茨城県北茨城市,48.3,52.2,51.6,54,55.7,56.2,56.9,59.4,63.2
082163,茨城県笠間市,,51.8,53.9,49.2,47.4,43.6,45.8,48.3,50.7
082171,茨城県取手市,39.4,42.8,45,47.5,49.7,49.6,51.5,53.3,55.7
082198,茨城県牛久市,72.4,59.9,63.6,66.4,69.3,72.5,75.6,76,81.6
082201,茨城県つくば市,17.5,19.5,21.5,23.5,22.7,24.9,27.1,29.4,31.6
082210,茨城県ひたちなか市,,72.5,61.4,59.3,62,61.3,66.9,68.5,70.1
082228,茨城県鹿嶋市,45.6,48.1,50.5,52.8,55.1,53.8,56.3,56.1,58.3
082236,茨城県潮来市,81.5,82.8,82.1,75.6,69.6,71.3,73.1,74.9,76.9
082244,茨城県守谷市,45.6,53.4,55.4,57.4,59.4,52,52.7,55,57.8
082252,茨城県常陸大宮市,54.1,55.7,56.4,57.6,57.1,58.9,60.7,62.5,64.3
082261,茨城県那珂市,52,53.9,55.7,57.3,59.3,61,62.1,64.3,66.1
082279,茨城県筑西市,,44.2,46.6,51.4,47,50.9,48.7,46.4,48.4
082287,茨城県坂東市,,8.4,11.8,11.8,19.1,19.1,22.8,26.5,30.2
082295,茨城県稲敷市,,16.1,16.9,12.6,15.6,14.2,17.2,20.3,23.3
082309,茨城県かすみがうら市,,48.3,55.6,58.7,60,64.6,66.2,66.7,72.8
082317,茨城県桜川市,79,80.6,82,83.3,84.9,86.5,88,89.7,91
082325,茨城県神栖市,78.6,79.7,65,67.4,45.9,38.3,40.7,43.1,46.8
082333,茨城県行方市,61.2,63,65,67.1,68.7,70.8,72.7,74.8,76.6
082341,茨城県鉾田市,66,52,71.4,57.4,59.4,61.5,63.6,65.7,67.7
082350,茨城県つくばみらい市,,41.4,37.1,41,44.6,48.4,46.4,50.3,54.2
082368,茨城県小美玉市,67.4,62.3,65,63.1,65.1,67.2,69.2,71.3,73.4
083020,茨城県茨城町,49.1,51.9,54,55.6,57.8,59.8,61.7,63,58.1
083097,茨城県大洗町,8.1,10.1,12.1,14.1,16.1,18.2,20.2,21.9,24
083101,茨城県城里町,13,14.9,6,8,10,12,14,16,18
083411,茨城県東海村,40.2,39,39.3,41.3,43.1,40.1,42.6,45.1,47.4
083640,茨城県大子町,,92.2,92.6,93,93.4,93.8,94.2,21,24.8
084425,茨城県美浦村,,48.2,51.4,54.6,57.9,60.9,64.3,67.3,70.5
084433,茨城県阿見町,63.8,49.1,51.9,54.4,57.2,59.4,62,63.8,65.4
084476,茨城県河内町,72.7,69.2,71.3,73.7,76.1,77.5,77.1,77.9,79.5
085219,茨城県八千代町,27,29.8,32.6,35.4,37.7,40.6,43,44.9,47.8
085421,茨城県五霞町,,,86.2,,,92.5,93.2,94.3,94.3
085464,茨城県境町,24,30.8,33,35,36.9,38.8,40.7,42.7,44.6
085642,茨城県利根町,54.2,50,55.7,57.8,60,61.9,63.7,66,68.3
092011,栃木県宇都宮市,,52.8,54.4,56.2,57.5,59.4,62.6,65.3,67.6
092029,栃木県足利市,,85.5,87.4,89.4,91.2,92.9,94.6,96.3,98.1
092037,栃木県栃木市,,64,23.6,25.6,28.7,29.3,30.9,30.9,34.8
092045,栃木県佐野市,,14.7,19.9,18.5,21.9,25.2,27.6,30.8,34.1
092053,栃木県鹿沼市,74.1,75.7,76.3,71.6,73.4,90.6,14.1,11.3,11.7
092061,栃木県日光市,,68.4,58.7,26.3,21.2,14.2,16.6,19.1,21.6
092088,栃木県小山市,,69.2,90.3,91.2,91.6,68.8,18.3,21.8,17.4
092096,栃木県真岡市,86,85.3,86,86,85.9,10.4,3.6,7.1,10.7
092100,栃木県大田原市,,30,32.3,10.3,13.7,15.7,20.8,23.4,25.9
092118,栃木県矢板市,86.2,85.8,86.7,87.5,88.4,89.2,90.1,90.9,90.2
092134,栃木県那須塩原市,,59.5,61.2,63.1,65.1,67,68.9,70.4,72.4
092142,栃木県さくら市,59.7,60.3,52.3,54.6,56.8,58.3,58.3,60,61.7
092151,栃木県那須烏山市,,,,78.6,80.9,83.3,85.6,87.9,91.9
092169,栃木県下野市,,3.6,19.7,19.2,16.1,19.7,23.2,26.8,30.3
093017,栃木県上三川町,,,,25.4,22.1,74,64.7,66.6,57.9
093424,栃木県益子町,95.1,,94.4,89.2,87.7,90.1,88.6,84.9,86.8
093432,栃木県茂木町,90.4,89.7,92.1,94.1,96.1,88.4,73.1,73.8,74.4
093441,栃木県市貝町,,,39.1,42.9,45.1,47,49.1,51.1,53.2
093459,栃木県芳賀町,,,,65.7,67.8,69.8,71.3,73.4,75.4
093611,栃木県壬生町,34.5,80.6,81.7,84.2,86,86.5,15,18.8,10.8
093645,栃木県野木町,83.1,86.4,87.8,88.8,89.8,90.8,91.8,92.8,93.8
093840,栃木県塩谷町,,,,67.3,68.9,79.2,69.6,71.2,4.8
093866,栃木県高根沢町,,,87.1,88.3,89.6,90.8,92,93.1,94.4
094072,栃木県那須町,42.3,,66.6,68.6,70.6,74.6,76,77.6,79.2
094111,栃木県那珂川町,90.7,91.7,4.1,4.2,6.3,8.5,10.7,12.8,15
102016,群馬県前橋市,,68.7,69,70.9,72.9,74.8,76.9,78.7,79.9
102024,群馬県高崎市,38.6,40.6,42.6,44.5,46.4,48.4,50.4,52.7,54.6
102032,群馬県桐生市,74,76.5,,,,86.2,85.7,85.1,77.1
102041,群馬県伊勢崎市,,54.7,64.1,67.9,68.9,68.5,69.3,69.3,69.4
102059,群馬県太田市,39.5,41.4,43.4,45,47,48.8,50.5,52.5,52.7
102067,群馬県沼田市,77.8,79.5,80.9,82,19.8,21,25.8,29.5,30.8
102075,群馬県館林市,,70.8,72.7,74.4,76,77.9,70.9,70.1,72.2
102083,群馬県渋川市,62.1,62.3,64.2,64,66.7,68.1,70,71.9,73.9
102091,群馬県藤岡市,,65.1,79.1,78.5,80,81.4,82.8,84.3,85.7
102105,群馬県富岡市,89.8,,0.8,3.4,6.7,10,13.4,16.8,20.1
102113,群馬県安中市,54.6,56.2,57.8,59.3,60.6,62,63.5,64.8,64.4
102121,群馬県みどり市,53.9,55.9,57.5,67.3,67.4,70.9,,73.9,74.9
103446,群馬県榛東村,,19,21.7,24.4,27.1,29.8,32.5,35.2,37.9
103454,群馬県吉岡町,56.3,57.3,54.3,54.9,,56.7,57.8,59.9,61.4
103667,群馬県上野村,100,100,,,87.1,93.8,,,
103675,群馬県神流町,,41.8,44.8,47.9,52,54.7,56.1,58.7,61.6
103829,群馬県下仁田町,49.8,50.2,52.5,54.9,57.2,59.6,61.8,63.7,66
103837,群馬県南牧村,68.9,69.1,70.9,72.4,73.8,75.2,76.6,78.1,74.2
103845,群馬県甘楽町,77.4,79.4,81.3,83.2,84.5,85.8,87.1,88.4,90
104213,群馬県中之条町,76.7,74.6,80.4,82.4,83,85,87,89,91
104248,群馬県長野原町,,94.5,,,,6.9,10.3,13.8,17.2
104256,群馬県嬬恋村,72.5,78.1,80,82,83.7,85.7,88.2,,
104264,群馬県草津町,,55.6,57.1,59.1,61.2,63.1,64.8,65,67.2
104281,群馬県高山村,,,,,,93.6,95.9,,
104299,群馬県東吾妻町,69.8,70.9,72,38.8,41.2,41.2,,,
104434,群馬県片品村,,76,80,80,84.3,88,86,82.2,85.2
104442,群馬県川場村,,,96.7,98.9,98.7,99.9,100,100,15.8
104485,群馬県昭和村,76.2,79,81,83.2,87.7,89.8,90.8,5.4,8.5
104493,群馬県みなかみ町,79.6,79.2,79.8,81.7,83.6,85.1,86.3,88,89.5
104647,群馬県玉村町,60,64,68.8,70.3,72.4,74.6,48,51.7,55.4
105210,群馬県板倉町,85.4,86.5,87.5,16.1,3.8,7.5,11.3,15.1,18.9
105228,群馬県明和町,23.7,36.6,,,,44.4,,,
105236,群馬県千代田町,66.7,68.6,70.6,72.5,74.3,76.2,78,76.7,
105244,群馬県大泉町,82.5,84,85.6,87.5,89.4,91.3,93.2,95.1,96.9
105252,群馬県邑楽町,27.7,31,34,43.8,46.7,49.1,52.4,54.9,
111007,埼玉県さいたま市,52.5,52.9,54.7,40.6,43.4,46.6,46.1,48.4,50.5
112011,埼玉県川越市,29.5,24.2,26.5,28.6,30.5,32.4,34,29.6,32.5
112020,埼玉県熊谷市,,51.3,53.7,56.3,58.7,61.1,63.4,65.6,67.5
112038,埼玉県川口市,49.8,48.9,50.8,52.6,26.5,28.7,28.8,31.8,34.1
112062,埼玉県行田市,,85.1,87,89,90.8,84.9,85.8,85.9,86.9
112071,埼玉県秩父市,70.9,45.4,43.1,45.7,47.4,49.9,52.7,55.4,57.6
112089,埼玉県所沢市,71.5,72.8,70.1,69.1,70.8,71.4,73.1,72.3,74.1
112097,埼玉県飯能市,61.8,56.7,58.7,61.9,63.9,66,67.6,69.5,70.8
112101,埼玉県加須市,67.2,62,55.4,57.4,59.5,61.6,61.6,65.2,67.1
112119,埼玉県本庄市,,41.3,42.3,44.7,47.1,48.1,50.7,53.4,51.9
112127,埼玉県東松山市,76.4,78.4,62.2,64.3,66.5,65.1,66.8,68.6,70.4
112143,埼玉県春日部市,52.1,57.1,59.1,60.6,61.8,63.9,63.8,65.8,37.8
112151,埼玉県狭山市,,61.4,63.4,64.7,57,59.1,59.8,59.6,61.6
112160,埼玉県羽生市,81.1,71.1,72.8,74.3,76,76.7,77.9,79.5,81.3
112178,埼玉県鴻巣市,46,39.6,41.6,43.6,45.7,47.7,46.4,44.7,47
112186,埼玉県深谷市,86.1,85.6,87,88.2,25.3,20.3,9.7,11.8,13.9
112194,埼玉県上尾市,,49.7,51.4,53.4,55.1,57.1,59.5,61.6,63
112216,埼玉県草加市,24.6,25.4,27.8,30.2,26.8,29.3,29.2,7.2,11.3
112224,埼玉県越谷市,56.5,58.1,60.5,63.5,64.7,33.8,35.2,16.7,14.9
112232,埼玉県蕨市,91.9,92.6,93.3,94,94.6,95.3,,,0
112241,埼玉県戸田市,41.3,43.5,45.5,46.9,48.9,52.8,54.1,55.5,56.9
112259,埼玉県入間市,69.9,68.8,69,71.1,73.3,75.2,76.9,78.5,79.2
112275,埼玉県朝霞市,73.5,75.5,39.5,41.5,42.9,45.2,46.8,48.7,50.7
112283,埼玉県志木市,87.8,89.6,91.6,92.6,94.7,66.2,69.4,0.9,2.9
112291,埼玉県和光市,56.1,58,59.9,58.3,60.1,62,62.2,63.6,63.9
112305,埼玉県新座市,,59.9,15.7,17.8,13.5,15.2,17.1,19.3,15.3
112313,埼玉県桶川市,26,29.4,29.4,4.4,6.7,10.1,12.9,15.8,18.7
112321,埼玉県久喜市,,65.9,67.3,69.2,70.9,72.9,74.8,76.7,78.5
112330,埼玉県北本市,2.7,5.4,8.1,10.8,13.5,16.2,18.9,21.7,24.4
112348,埼玉県八潮市,,68.6,70.9,73.2,75.5,76.8,79.2,80.8,11
112356,埼玉県富士見市,,85.1,83.6,85.8,88,84.1,86.2,88.2,89.2
112372,埼玉県三郷市,,62.1,62.3,62.8,60.7,62.7,60.5,54.4,55.6
112381,埼玉県蓮田市,,59,61.1,62.7,54,57.7,41.8,43.3,45.3
112399,埼玉県坂戸市,64.7,65.3,60.6,61.4,65.1,68.8,72.1,75.5,78.9
112402,埼玉県幸手市,76.6,85.6,86.3,74.8,77.2,58.5,56.9,58.4,60
112411,埼玉県鶴ケ島市,53.2,55,57.1,59.1,59.8,61.8,62.7,65,
112429,埼玉県日高市,,58.3,58.9,60.4,62.5,64.8,67.1,69.4,71.7
112437,埼玉県吉川市,75.7,78.2,80.6,5.3,10.1,16,20.6,25.4,29.9
112453,埼玉県ふじみ野市,,31.1,33.7,36.3,38.9,41.6,44.2,44.5,47.1
112461,埼玉県白岡市,46,50,52,54,56,58,60,62.4,61.8
113018,埼玉県伊奈町,73.7,75.7,77.7,79.7,81.7,83.7,85.7,87.7,88.9
113247,埼玉県三芳町,,,49,51,52.9,45.9,47.5,49.1,60.4
113263,埼玉県毛呂山町,,58.9,58.1,60.6,63.5,64.3,66.5,68.7,68.8
113271,埼玉県越生町,,59.9,61.9,63.3,64.7,66.1,69.9,69.6,71.1
113417,埼玉県滑川町,,61.6,63.6,65.5,67.3,69.2,71,72.8,73.5
113425,埼玉県嵐山町,,,,46.8,48.9,51,53.2,55.3,57.4
113433,埼玉県小川町,70.1,72.1,74.1,77.2,70.3,72.2,74.5,77.4,79.7
113468,埼玉県川島町,0,4.3,8.6,12.8,17.1,21.4,25.8,30.3,34.4
113476,埼玉県吉見町,61.3,61.2,61.5,63.8,66.1,66.7,72.5,56.6,59.1
113484,埼玉県鳩山町,,68.2,70.2,72.2,74.1,76.1,78.1,78.1,82.1
113492,埼玉県ときがわ町,53.3,54.9,57,59,61,62.8,63.7,65.6,67.3
113611,埼玉県横瀬町,66.4,68.5,70.6,72.6,74,76.7,51.7,75,59.9
113620,埼玉県皆野町,,,54.1,56.9,59.4,61.3,63.7,66,67.9
113638,埼玉県長瀞町,,39.9,42.2,44.5,45.9,45.9,48.5,50.5,52.7
113654,埼玉県小鹿野町,84.7,73.4,66.1,86.9,86.4,84.5,84.2,13,86.2
113697,埼玉県東秩父村,76.1,78.3,62,63.5,82.9,67.6,86.2,86.9,87.6
113816,埼玉県美里町,,62,63.4,65.3,54.1,57.3,60.8,64.2,67.7
113832,埼玉県神川町,70.2,71.9,73.8,29.4,16.6,19.8,23.1,26.3,25.1
113859,埼玉県上里町,37.8,40.5,43.2,45.9,48.6,49.9,51.3,54,56.7
114081,埼玉県寄居町,44.3,46.4,47.3,49.1,51.2,52.9,55.1,57.3,59.6
114421,埼玉県宮代町,26.8,52.1,50.1,53.5,58,63.5,67.7,61.2,66
114642,埼玉県杉戸町,,54.2,57.1,69.3,72.2,60.7,63.1,66.3,54
114651,埼玉県松伏町,70.9,72.9,74.9,76.9,78.9,80.9,82.6,72.5,74.4
121002,千葉県千葉市,,55.2,56.6,58.4,59.2,60.7,62.6,34.5,39.5
122025,千葉県銚子市,83.1,83.1,85,86.9,88.7,90.4,92.3,86.6,88.4
122033,千葉県市川市,,,12.1,14.2,16.5,5.7,8.2,11.1,13.8
122041,千葉県船橋市,51,53,55.5,58.3,60.8,63.6,66.4,68.6,71.5
122050,千葉県館山市,60.3,62.1,55,55.7,58.6,58.6,59.2,62.8,66.4
122068,千葉県木更津市,,88,90.1,91.7,93.7,91.3,92.5,93.7,94.4
122076,千葉県松戸市,77.9,78,79.2,80.1,82.2,82.9,78.8,80.3,81.6
122084,千葉県野田市,,47.6,49.7,51.4,53.5,55.4,57.3,59.3,59.9
122106,千葉県茂原市,38,40,41.4,43.4,45.4,47.3,49.3,51.3,53.3
122114,千葉県成田市,,64.4,66.7,69,71.2,73.5,75.8,77.8,79.8
122122,千葉県佐倉市,,44.1,47.5,49.3,51.5,54.3,56.7,59.5,62
122131,千葉県東金市,68.6,,69.9,71.1,72.4,73.7,74.9,75.4,76.8
122157,千葉県旭市,75,76.7,77.1,80.1,81.8,32.6,29.3,32,34.9
122165,千葉県習志野市,,89.7,24.6,27.6,30.7,21,24.1,26.5,31.2
122173,千葉県柏市,,59.8,61.7,57.9,56.2,58.2,59.7,61.4,63.8
122181,千葉県勝浦市,45.4,,,48.1,,,,62.4,64.1
122190,千葉県市原市,,75.3,56.8,34.9,36.4,37.5,39.1,40.7,
122203,千葉県流山市,,49.8,51,54.2,56.6,49.8,60.7,63.3,62.9
122211,千葉県八千代市,,,,,,37,39,39.5,36.7
122220,千葉県我孫子市,,46.5,51.1,53.1,55.3,61.5,63.7,65.7,67.5
122238,千葉県鴨川市,52.3,54.4,56.8,59.1,61.5,63.8,66.1,67.8,70
122246,千葉県鎌ケ谷市,,78.6,45.9,48,50,50.7,51.7,54,56.1
122254,千葉県君津市,77,79.1,81.2,83.3,85.4,87,89.1,91.1,93.2
122262,千葉県富津市,50,49.1,51.2,53.2,55.2,57,59.1,61.1,62.9
122271,千葉県浦安市,,0,2,4,6,8,10.1,12.1,14.1
122289,千葉県四街道市,,67.3,67.2,69.2,71.2,72.2,73.5,74.1,76.8
122297,千葉県袖ケ浦市,76,77.5,79.1,81,82.7,84.6,85.7,32.5,27.3
122301,千葉県八街市,59.1,61.2,63.2,65.3,65.2,47.3,49.8,45.9,46.8
122319,千葉県印西市,49.5,52.3,55,57.8,60.1,62,60.2,62.6,64.2
122327,千葉県白井市,,36.5,18.8,20.8,22.7,24.7,26.5,28.6,30.6
122335,千葉県富里市,35,46.6,48.3,47.7,50.4,53.1,57.6,60.2,62.9
122343,千葉県南房総市,56.2,64.6,66.9,69.2,71.4,73.7,75.9,78,80.2
122351,千葉県匝瑳市,,74.8,75.2,76.6,78.9,81.4,83.8,85.9,88
122360,千葉県香取市,29.4,40.7,42.6,44.7,46.7,48.7,50.4,52.5,55.2
122378,千葉県山武市,,56.7,51.4,51.9,55.8,57.4,59.5,58,60.4
122386,千葉県いすみ市,75.3,77.2,76.6,73.2,75.1,77.1,75.7,77.1,70.8
122394,千葉県大網白里市,85.5,86,86.5,86.8,87.1,87.5,86.9,87.5,88
123226,千葉県酒々井町,,56.1,57.8,59.1,60.5,49.4,46.2,48.4,50.1
123293,千葉県栄町,,66.5,67.5,68.5,70.3,72.1,73.5,75.4,76.5
123421,千葉県神崎町,69,71.3,72.8,74.9,71.8,71.6,74,76.5,78.5
123471,千葉県多古町,,74.8,75.4,77.1,78.8,79.6,81.6,83.6,85.6
123498,千葉県東庄町,27.5,28.4,36.1,38.2,38.3,30.6,36.1,38.4,38.3
124036,千葉県九十九里町,91.7,92.4,87.5,88.7,89.5,88.2,91.9,88.9,89.9
124095,千葉県芝山町,58.6,58.8,61.1,64.3,66.5,68.1,65.9,71.4,76.4
124109,千葉県横芝光町,83.6,85.5,87.4,90.9,90,80.9,81.5,83.2,85.4
124214,千葉県一宮町,10.8,20.4,14.7,18.7,20.3,23.9,27.1,23.9,32.7
124222,千葉県睦沢町,38.4,39.9,43.3,45.9,45.7,48.5,50.9,51.9,54.3
124231,千葉県長生村,46.9,58.8,61.3,62.8,67.1,68.6,65.1,73.2,75.2
124249,千葉県白子町,,73.6,74.5,76.5,78.4,80.2,81.7,83.4,85.6
124265,千葉県長柄町,33.3,33.3,35,37.1,39.3,41.4,43.5,45.6,47.7
124273,千葉県長南町,,88,90,92,93.8,95.8,97.9,16.9,18.5
124419,千葉県大多喜町,34.5,36.4,38.3,40.2,42.1,44,46.2,48.1,
124435,千葉県御宿町,44.1,46.1,48.1,50.1,52.1,54.1,56.1,58,60
124630,千葉県鋸南町,75.1,77.6,78,79.4,80.9,82.2,79.3,72.6,70.8
131016,東京都千代田区,,20.9,23.5,26,28.6,31.1,33.5,36.1,37.7
131024,東京都中央区,,,55.3,57.4,59.2,60.8,62.4,65.1,54.7
131032,東京都港区,,42.6,45.1,38.1,41.2,44.3,47.4,50.2,53.3
131041,東京都新宿区,47.7,48.4,49.9,51.6,52.4,53.9,55.2,55,57.1
131059,東京都文京区,,41.3,42.9,44.7,46.1,47.4,47.7,50.1,51.7
131067,東京都台東区,,,,65.9,74,74.7,65.5,67.6,69.2
131075,東京都墨田区,50.6,52.4,54.3,56.2,57.4,58.9,60.9,62.9,64.7
131083,東京都江東区,43.1,35.9,38.3,40.3,42.1,45.3,47.8,49,51.5
131105,東京都目黒区,,81.2,81.9,81.7,80.7,69.6,59.5,61.8,62.6
131113,東京都大田区,34.6,36.7,41.1,37,38.9,40.6,42.2,42.7,43.4
131121,東京都世田谷区,,,75.8,67.9,63.8,42.5,43,44.4,44.4
131130,東京都渋谷区,,30.9,32.8,11.6,12.3,15.1,18.6,21.8,24.9
131148,東京都中野区,72.1,72.2,69,71.2,70,73.8,75.8,77.2,78.3
131156,東京都杉並区,47.2,51,47.5,49.1,50.9,53.1,55.5,57.7,59.6
131164,東京都豊島区,,,10.3,13,15.3,18.2,20.4,20.4,22
131172,東京都北区,,56.7,57,58.6,60.2,61.9,63.5,65.1,65.3
131181,東京都荒川区,,,71.2,69.4,62.6,56.4,54.9,54.6,57.3
131199,東京都板橋区,40.5,44.2,42.3,44.2,46.2,48.2,50.2,52.1,54.1
131202,東京都練馬区,51,46.9,48,50.1,51.6,53.9,55.7,58.1,59.9
131211,東京都足立区,44.6,45.9,47.8,49,49.2,52.8,53.3,54.7,56.4
131229,東京都葛飾区,53,67.1,67.2,67.9,61.8,62.6,45,45.7,36.1
131237,東京都江戸川区,65.5,65,65.9,67.8,68.4,69.9,70.6,70.9,73
132012,東京都八王子市,,56.7,59.7,62.3,65.1,67.8,70.5,72.7,73.6
132021,東京都立川市,,14,16,18,20,24,24,26.3,28.2
132039,東京都武蔵野市,58.6,60.6,57.7,59.6,61.6,61.9,60.8,62.8,64.9
132047,東京都三鷹市,,48.6,50,49.6,51.1,52.9,54.2,55.2,56.3
132055,東京都青梅市,,23.9,27.4,30.8,34.4,37.9,41.3,44.6,47.9
132063,東京都府中市,,79.9,81.1,81.8,82.9,82.7,84.2,85.3,44.6
132071,東京都昭島市,41.4,43.1,44.5,46.3,47.8,49.8,51.8,53.9,51.6
132080,東京都調布市,,88.3,90.4,92.6,92.7,58.3,57.4,58.7,58.8
132098,東京都町田市,22.2,22.5,24.4,26.7,28.7,31.1,32.2,34.9,37.3
132101,東京都小金井市,,100,100,100,100,100,100,100,100
132110,東京都小平市,,68.6,70.6,72.8,74.5,76.4,78.3,80.3,82.2
132128,東京都日野市,75.6,77.5,79.3,75.7,68.4,37.5,41.1,42.3,45.7
132136,東京都東村山市,,,71.6,45.3,46.8,50,51.9,52.8,54
132144,東京都国分寺市,63.3,65.3,59.7,52.2,54.8,57.4,60,62.6,65.1
132152,東京都国立市,75.8,77.5,66,68.7,70.8,73.7,76.3,73.3,75.7
132187,東京都福生市,16,18,20,22,24,26,28,29.5,31.5
132195,東京都狛江市,,50.2,52.2,54.3,56.3,58.3,60.2,62.2,64.1
132209,東京都東大和市,66.1,61.3,63.4,65.3,65.4,67.6,69.8,64,66.4
132217,東京都清瀬市,74.7,74.1,76.1,78.7,80,20.8,6.9,9.2,11.5
132225,東京都東久留米市,38.9,40.6,42,43.1,44.6,45.3,48.2,50.9,52
132233,東京都武蔵村山市,,79.4,80.8,82.2,82.4,84,85.2,86.8,86.2
132241,東京都多摩市,67.7,69.4,71.5,73.1,69.1,70.4,71.1,73.1,74.5
132250,東京都稲城市,70,66.5,66,68.3,69.5,61,64,67,69.6
132276,東京都羽村市,,49.8,52.1,54.3,56.6,58,60.2,62.5,64.7
132284,東京都あきる野市,36.1,36.1,40.1,42.1,44.1,46.1,42.6,44.6,48.5
132292,東京都西東京市,,62.3,63.3,59.9,55.8,57.4,53.6,54.8,56.9
133035,東京都瑞穂町,66.5,0,0,8.4,12.6,0,2.1,4.1,6.2
133051,東京都日の出町,,55.7,57.5,59.1,59.8,61.6,59.4,58.7,60.4
133078,東京都檜原村,,,,,,46,50.6,48.7,59.1
133086,東京都奥多摩町,50.1,52.3,52.4,54.6,56.7,58.8,61,61,65.3
133612,東京都大島町,,62.5,68,,,60.7,9.3,39.7,62.9
133621,東京都利島村,,100,76.4,77.3,29.3,24.2,30.9,35.3,45.3
133639,東京都新島村,,,99.8,99.9,99.9,100,100,100,100
133647,東京都神津島村,,53.8,55.3,56,57.2,58.4,59.6,60.9,42.4
133817,東京都三宅村,,,,,52,74.6,73.8,58,58
133825,東京都御蔵島村,,78,78,82,84,86,88,90,92
134015,東京都八丈町,,,15.4,17.3,19.1,21,19.1,20.8,22.8
134210,東京都小笠原村,,,,,,49.3,63.2,64.6,62.4
141003,神奈川県横浜市,,39.2,40.9,42.8,39.7,26.8,29.4,33.6,36.2
141305,神奈川県川崎市,47.9,49.3,50.8,52.8,54.7,56,57.1,58.9,34.7
141500,神奈川県相模原市,55.3,57.2,59,58.9,61.4,63,64.5,66,67.3
142018,神奈川県横須賀市,,66.2,67.9,69,70.9,72.6,74.4,74.2,75
142034,神奈川県平塚市,,92.1,52.1,54,18.9,20.9,23.4,24.1,27.6
142042,神奈川県鎌倉市,69.9,72.9,74.7,76.2,77.4,78.5,79.6,80,81
142051,神奈川県藤沢市,47.1,51.1,17.6,20.8,20.9,23.2,24.7,28,31.5
142069,神奈川県小田原市,76.5,50.3,51.9,53.7,63.2,54.4,67.4,58.2,71.5
142077,神奈川県茅ヶ崎市,29.7,31.4,33.4,19.2,20.5,21.7,23.9,26.1,28.3
142085,神奈川県逗子市,62,62.1,63.3,65.4,67.5,68.2,69.1,69,70.5
142107,神奈川県三浦市,77.7,81.6,83.1,84.5,85.9,90,88.7,88.9,88.2
142115,神奈川県秦野市,30,,,,61,62.3,64.6,66.6,66.7
142123,神奈川県厚木市,90.2,92.3,94.3,96.4,98.2,100,100,100,100
142131,神奈川県大和市,,,,,60.8,62.8,65.8,67.7,70.7
142140,神奈川県伊勢原市,72.6,73.3,73.1,74.4,76.7,78.6,80.9,82.8,81.8
142158,神奈川県海老名市,53,56.1,55,54.1,55.2,57.6,59.7,61.5,63.2
142166,神奈川県座間市,,42.2,44.2,46.2,48.2,50.2,52.2,54.2,56.2
142174,神奈川県南足柄市,,,63.2,65.3,67.3,69.4,71.4,73.4,75.5
142182,神奈川県綾瀬市,39.1,41.1,43.1,44.9,46.9,52,50.6,51.9,52.9
143014,神奈川県葉山町,,,,,,57.3,59.3,61.3,62.7
143219,神奈川県寒川町,96.8,79.2,81.3,86,87.8,89.6,91.3,93.1,94.6
143413,神奈川県大磯町,86.5,88.8,90.6,91.9,93.5,95.8,93.4,93.9,94.1
143421,神奈川県二宮町,70.4,74.9,76.5,78.6,80.6,82.6,83.2,84.1,86.3
143618,神奈川県中井町,,,,77.8,79.5,81.4,81.3,80.7,82.6
143626,神奈川県大井町,,66.4,68.5,70.6,72.6,74.6,76.5,78.5,80.4
143634,神奈川県松田町,,23.9,24.8,28.1,30.2,32.2,34.2,36.1,40.1
143642,神奈川県山北町,36.9,37.4,40.7,45.2,47.1,49.1,50.9,53,55.1
143669,神奈川県開成町,82.2,84.8,87.1,89.2,17.4,19.1,20.3,22.2,24.2
143821,神奈川県箱根町,42.4,43.8,45.9,47.9,50,48.4,50.4,51.7,53
143839,神奈川県真鶴町,90.4,92.3,94.1,94.7,96.5,98.2,100,97.4,97.6
143847,神奈川県湯河原町,,70.8,72.1,72.7,74.1,75.5,76.9,78.3,79.7
144011,神奈川県愛川町,60.2,63.8,70,71.4,73,74.7,76.4,78.1,79.7
144029,神奈川県清川村,,67.3,70,71.9,73.9,74.2,76.2,78.2,80.2
151009,新潟県新潟市,71.6,71.6,69,70.4,67.2,66.4,53.9,55.3,56.2
152021,新潟県長岡市,33.1,34.7,36.4,38.1,39.8,32.3,42.3,35.6,35.6
152048,新潟県三条市,,,,,,,,,
152056,新潟県柏崎市,63,65.4,68.1,70.1,72.6,24,26.4,29.8,33.3
152064,新潟県新発田市,,15.3,18.3,21.2,24.4,27.5,29.4,32.6,35.8
152081,新潟県小千谷市,41.6,43.7,44.6,46.6,48.6,50.3,51.5,52.6,53.8
152099,新潟県加茂市,,,,,,56.9,59.1,60.6,62.1
152102,新潟県十日町市,,62.2,63.9,60.4,62.2,63.3,64.8,66.6,66.5
152111,新潟県見附市,,,,,64.6,66.9,68.2,70.6,72.9
152129,新潟県村上市,,68.3,70.2,72.1,68.9,71.1,72.8,74.7,76.3
152137,新潟県燕市,,,10.4,12.5,14.6,16.7,18.8,20.9,23
152161,新潟県糸魚川市,,44.3,46.5,48.6,50.7,52.7,54.8,56,57.9
152170,新潟県妙高市,26.8,,,,,36.8,39,38.3,40.7
152188,新潟県五泉市,,47.6,51.6,54.1,56.7,57.8,60.5,63.1,65.6
152226,新潟県上越市,55.3,61.7,57.3,64.3,67.7,65.7,64.7,68.4,70.9
152234,新潟県阿賀野市,53.6,59.3,58.4,60.2,61.5,63.6,65.3,66.6,67.9
152242,新潟県佐渡市,,54.3,54.3,54.8,37,42.5,43.7,,
152251,新潟県魚沼市,57.7,63.3,64.3,63.5,37.4,39.2,42.2,41.8,44.9
152269,新潟県南魚沼市,67.3,68.5,71,72.7,73.9,75.4,76.6,76.9,75.7
152277,新潟県胎内市,,75.1,78.1,79.5,81.3,82.8,84.2,86.1,87.6
153079,新潟県聖籠町,48.5,51.2,53.9,60,62.4,64.9,66.6,63.6,65.6
153427,新潟県弥彦村,55.9,57.5,59,60.5,60.7,62.4,63.9,65.2,66.9
153613,新潟県田上町,59.5,64.4,65.9,67.4,68.8,70.2,71.6,73.1,74.6
153851,新潟県阿賀町,51.7,51.7,55.4,55,59,60.9,62.8,64.6,64.5
154059,新潟県出雲崎町,35.2,34.8,54.4,43.5,45.6,47.1,49.1,51.2,53.2
154610,新潟県湯沢町,,67.6,67.9,69,71.2,73.3,73.2,74.1,75
154822,新潟県津南町,69.3,71.3,73.3,73.3,77.3,78.5,78.1,77.2,76.6
155047,新潟県刈羽村,,,,,,,,,
155811,新潟県関川村,,66.8,69,71.2,73.2,75.3,81.4,81.4,81.6
155861,新潟県粟島浦村,,88.7,,,,,,96,98.3
162019,富山県富山市,,54.6,57.1,59.2,59.1,63.1,64.4,64,64.3
162027,富山県高岡市,50.4,58.1,46.2,48.1,49.4,49.1,55.4,57.4,61.7
162043,富山県魚津市,90.5,91.6,92.8,93.2,94.3,94.2,92.2,90.9,90.8
162051,富山県氷見市,,66.9,68.3,,,,55.9,58.3,60.6
162060,富山県滑川市,74.9,75.6,75.9,76.5,77.2,77.6,78.4,78.9,79.5
162078,富山県黒部市,,2.2,4.4,6.9,9.2,11.4,13.7,13.6,17.5
162086,富山県砺波市,83.6,51.2,58.7,82.8,83.9,77.9,80.2,80.9,82.5
162094,富山県小矢部市,,71.5,73.7,74.5,75.3,76.2,76.9,77.2,77.7
162108,富山県南砺市,69.4,71.3,71.2,73,71.7,64.3,72,74,75.2
162116,富山県射水市,,7.7,11.3,14.8,18.3,21.8,25.2,28.8,32.3
163210,富山県舟橋村,55.6,75.5,,,,80.9,,83.5,85.9
163228,富山県上市町,91.1,91.7,84.1,85.4,86.8,88.2,89.6,91,
163236,富山県立山町,75.5,73.4,72.6,75.3,78,80.7,83.3,86,86.7
163422,富山県入善町,44.5,48.8,52.9,55.9,60.2,64.2,68.3,71.9,75.5
163431,富山県朝日町,58,59.8,61.8,65.9,65.9,69.4,71.4,72.6,71.5
172014,石川県金沢市,,,,49.7,26.8,28.7,30.7,32.8,34.8
172022,石川県七尾市,,73.7,,65.7,67.1,68.4,70.5,71.7,76.4
172031,石川県小松市,,58.5,60.6,60.4,62.5,64.7,66.9,69,71.1
172049,石川県輪島市,,86.5,,,,,,40.9,43.8
172057,石川県珠洲市,84.7,83.5,84.1,86.2,88.4,90.3,92.6,94.6,96.2
172065,石川県加賀市,,79.8,81.1,82.7,83.5,85,76.1,77.9,79.6
172073,石川県羽咋市,67.9,69.8,68.5,69.8,72.1,72.7,72.8,70.6,72.6
172090,石川県かほく市,50.4,54.1,57.4,60.7,64.4,66.7,67.8,71.3,73.5
172103,石川県白山市,,48,38,40,42.1,43.6,45.4,47.4,49.5
172111,石川県能美市,41.4,45.6,37.8,39.9,42,44.1,45.1,46.9,48.8
172120,石川県野々市市,,42.8,46.3,49.9,53.3,54.8,56.4,57.6,59
173240,石川県川北町,,58,60,62,64,66,68,70,72
173614,石川県津幡町,66.1,68.6,70.8,73.1,75.4,15.1,17.2,19.4,21.6
173657,石川県内灘町,,36,38,40,41.9,43.9,45.8,47.9,49.8
173843,石川県志賀町,44.4,45.6,47.3,49.5,51.4,53.6,55.7,57.9,59.4
173860,石川県宝達志水町,,62.2,64.4,66.6,68.8,71.1,73.2,75.4,76.3
174076,石川県中能登町,,75.1,79.1,,81.1,64.8,66.4,68,69.6
174611,石川県穴水町,,88.7,90,86.9,85.8,87.3,39.1,41.4,41.4
174637,石川県能登町,,90.5,80,87.2,3.3,6.3,9.7,13.2,15.9
182010,福井県福井市,,,52.1,64.9,67.9,68.6,71.7,74.8,77.1
182028,福井県敦賀市,59.9,61.9,63.8,65,57.7,60.8,4.1,7.6,8.6
182044,福井県小浜市,,66.8,68.3,61.7,61.7,62.3,63.2,65.6,
182052,福井県大野市,,11.4,14.1,16.8,19.6,20.4,23.1,20.6,23.4
182061,福井県勝山市,,57.9,59,60.8,65.7,65.4,66.5,68,69.1
182079,福井県鯖江市,,73.6,75.2,75.2,74.3,75.2,76.6,77.6,79.5
182087,福井県あわら市,,40.8,37.5,39.2,40.9,42.2,44.1,44.3,46.1
182095,福井県越前市,87.2,75.6,74.4,4.7,1.3,4,6.6,9.2,11.8
182109,福井県坂井市,,73.3,66.5,67.1,68,28.5,32,35.7,39.5
183229,福井県永平寺町,60.3,61.2,63.8,66,66,63.7,69.8,67.4,69
183822,福井県池田町,80.8,80.3,82.4,84.5,86.6,88.7,90.8,93,95.1
184047,福井県南越前町,,70.4,80.5,54.6,74.2,76.7,76.7,69.9,78.5
184233,福井県越前町,,42.2,44.4,46.6,48.8,27.5,23,25.3,27.5
184420,福井県美浜町,,,51.3,53.6,53.5,56.1,58.7,52.4,55.9
184811,福井県高浜町,89.3,0,30.2,31.7,33.2,34.7,36.2,37.7,39.2
184837,福井県おおい町,,65.6,67.6,,,,,,72.7
185019,福井県若狭町,,72.2,76.2,76.2,78.2,80.1,82,82.8,84.1
192015,山梨県甲府市,15.9,17.9,19.9,19.9,24,26,27.9,29.9,32
192023,山梨県富士吉田市,56.1,54.2,53.1,54.4,55.9,56.8,58.3,58.5,59.6
192040,山梨県都留市,87.6,94,84.4,98.1,99.6,99.7,99.7,99.8,99.8
192058,山梨県山梨市,76.8,75.1,77.3,72.2,74.9,77.4,79.3,81.2,73.3
192066,山梨県大月市,,75.1,82.9,84.1,85.5,86.6,87.8,89,90.1
192074,山梨県韮崎市,48.1,49.3,61.4,61,61.2,61.1,64,66.5,69.4
192082,山梨県南アルプス市,48.6,67.9,59.7,39,41.8,55.9,58.1,67.6,52.1
192091,山梨県北杜市,,69.8,69.8,73,71.5,74.6,76.3,77.9,79.3
192104,山梨県甲斐市,,44.1,46.2,49.9,51.7,56.6,55.3,56.4,55.5
192112,山梨県笛吹市,70.1,66.2,62.1,61.7,64,59.7,64.8,63.7,65.4
192121,山梨県上野原市,50.5,53.7,55.8,57.7,61.7,63.1,64.2,65.3,66.4
192139,山梨県甲州市,25.7,28.6,30.6,32.7,34.7,36.3,38.2,39.5,41.5
192147,山梨県中央市,66.9,66.1,68.3,67.1,27.4,30.8,34.2,36.7,40.1
193461,山梨県市川三郷町,38.3,40.3,42.3,44.3,46.3,48,48.2,49,51.3
193640,山梨県早川町,,2.8,5.5,8.3,11.1,13.9,16.6,19.4,22.2
193658,山梨県身延町,,62.9,65,66.9,68.7,70.6,72.6,74.5,75.9
193666,山梨県南部町,,36.5,38.5,40.6,42.6,44.7,46.8,48.1,50.2
193682,山梨県富士川町,80.7,79.2,84.3,86,86,87.4,88.7,90.1,91.4
193844,山梨県昭和町,,71,72.6,72,75.9,77.5,79.5,81.5,82.5
194221,山梨県道志村,52.9,54.7,52.8,54.8,56.6,58.6,60.5,60.8,62.9
194239,山梨県西桂町,,90,92,94,96,98,100,100,100
194247,山梨県忍野村,54.1,67.2,69.2,71.6,73.5,75.2,77,78.7,80.5
194255,山梨県山中湖村,43.5,45.5,47.5,49.5,51.5,53.5,55.5,57.5,59.5
194298,山梨県鳴沢村,71.1,72.3,56.5,58.1,59.8,61.4,62.8,64.4,66
194301,山梨県富士河口湖町,25.2,27.2,29.2,28.4,30.2,32.4,34.3,37,39.4
194425,山梨県小菅村,4.2,12.6,12.5,16.8,21,24.9,37.8,41.5,37.4
194433,山梨県丹波山村,86,,79.2,81.2,83.2,85.2,87.2,7.2,9
202011,長野県長野市,38.5,40,35.6,38.2,39.3,40.5,43.3,45.6,48.1
202029,長野県松本市,68.5,70.6,81.5,82.6,84,85,85.9,86.9,87.7
202037,長野県上田市,,,66.2,65,66.7,40.5,36.8,36.9,37.8
202045,長野県岡谷市,,65.5,67.3,69.3,71.3,73.5,75.5,77.5,77.7
202053,長野県飯田市,,30.2,32.2,35.5,38.7,41.5,42.6,45.7,48.6
202061,長野県諏訪市,81,83,84.9,86.9,88,88.8,89.7,87.9,82.9
202070,長野県須坂市,,75.1,56,59.5,63,64.6,54.8,58.9,61.7
202088,長野県小諸市,,3.9,7.7,7.7,15.4,19.3,23.2,27.1,31
202096,長野県伊那市,49.3,51.1,52.8,54.7,56.6,56.6,59.6,60.7,63.2
202100,長野県駒ケ根市,,84.5,88.5,90.1,91.7,93,92.6,90.7,90
202118,長野県中野市,,42.4,44.2,7.4,7.8,11.2,31.2,18.7,21.6
202126,長野県大町市,72.8,74.9,76.9,78.9,80.9,83,83.5,87,89.1
202134,長野県飯山市,,64,66,68,70,72,74,76,78
202142,長野県茅野市,53,49.9,50.1,51.6,54,55.6,57.9,59.9,59.5
202151,長野県塩尻市,54.4,56.4,58.4,60.4,60.6,62.8,64.9,67,64.6
202177,長野県佐久市,66.1,66.1,66.1,65.9,59.5,62.9,65.1,67.3,69.5
202185,長野県千曲市,78,79.9,81.7,83.5,15.6,12.3,18.7,22.7,24.7
202193,長野県東御市,34.6,34.9,36.9,40.6,40.6,42.6,44.4,53.1,53.5
202207,長野県安曇野市,,9,11.3,13,14.9,15.9,18,20.2,22.3
203033,長野県小海町,,28,30,32,32,36,38,40,42.1
203041,長野県川上村,,74.9,74.9,76.7,50.2,52.1,54,23.2,21.3
203050,長野県南牧村,60,66.9,69.1,71.3,73.3,72,73.5,74.8,75
203068,長野県南相木村,44.3,46.3,48.3,50.3,52.3,54,56.1,56.1,60
203076,長野県北相木村,68.4,49.8,52.6,55.6,60.7,61.4,64.4,66,69
203092,長野県佐久穂町,,86.4,87.8,89.3,90.7,31.3,44.6,21.6,17.1
203211,長野県軽井沢町,74.9,73.4,35.9,21.1,67.9,70.1,70.3,72.4,74.6
203238,長野県御代田町,62.1,64.4,,,,16.2,19.2,21.9,18.5
203246,長野県立科町,66,67.4,69.9,76.9,51.5,51.8,53.1,53.5,55.7
203491,長野県青木村,,36,38.5,40.5,42.6,44.6,46.6,48.6,47.2
203505,長野県長和町,,3.7,34.7,35.7,37.7,39.4,41.6,43.7,43.7
203611,長野県下諏訪町,40.9,42.2,44.8,47.5,50.1,52.6,54.4,56.2,57.9
203629,長野県富士見町,52,54,56,58,60,62,64,69.6,67.3
203637,長野県原村,,58.9,60.9,62.3,64.2,66.2,67.5,68.4,69.9
203823,長野県辰野町,73,74.2,76.3,78.3,80.3,82.4,84.5,86.7,88.8
203831,長野県箕輪町,69.9,71.7,73.4,75,76.8,78.7,80.5,82.3,84.2
203840,長野県飯島町,38.2,41,43.6,46.3,49.1,51.9,54.8,57.6,60.4
203858,長野県南箕輪村,60.1,58.6,63.5,59.1,68,69,70,73,75.8
203866,長野県中川村,68.4,78.3,70.7,71,68.1,58.8,62,65.1,68.3
203882,長野県宮田村,74.8,81.5,83,81.7,81.7,83.4,85.1,86.8,88.5
204021,長野県松川町,64,65.6,67.6,69.8,72,74.2,76.5,78.4,79.9
204030,長野県高森町,,81,82.9,84.6,85.3,86.9,86.8,88.8,89.3
204048,長野県阿南町,57.1,59.5,61.6,62.7,51.3,64.7,68.8,71,72.9
204072,長野県阿智村,,55.5,57.5,58.9,54.6,54.7,54.8,52.5,53.8
204099,長野県平谷村,,30.2,32.2,34.3,36.3,38.3,40.3,42.3,44.3
204102,長野県根羽村,,93.4,91.3,59,61.9,63.7,65.4,67.1,68.8
204111,長野県下條村,87.8,78,83.4,88.7,89.8,90.7,85.8,87,88.9
204129,長野県売木村,,92,94,93.3,93.6,86.9,87.8,88.4,89.3
204137,長野県天龍村,67.1,69,71,72.6,72.6,76.6,78.6,81,81.8
204145,長野県泰阜村,,85.2,87.1,89.8,91.9,92.9,92.7,94,93.6
204153,長野県喬木村,,76.5,77.4,78.2,75.1,55.9,57.4,59.6,61.2
204161,長野県豊丘村,,39,40.5,42.5,44.7,44.6,45,46.9,49.2
204170,長野県大鹿村,,62.9,65,67.1,69.1,65.2,72.5,60.3,63.2
204226,長野県上松町,,99.2,99.3,99.4,99.4,11,13.1,15.3,7.4
204234,長野県南木曽町,,68.1,70,71.9,73.6,75.5,77.1,71.6,74.3
204251,長野県木祖村,62,63.7,65.8,67.8,69.8,71.4,73.5,75.5,77.6
204293,長野県王滝村,85.7,87.2,89.4,90.9,92.4,90.7,93,94.7,96.3
204307,長野県大桑村,96.2,97,97.6,98.2,98.8,99.3,8.5,11.8,4.2
204323,長野県木曽町,83.6,76.1,74.4,71.7,70.1,30,30.1,34.2,31.2
204463,長野県麻績村,44.1,45.9,46.4,47.8,50.9,52.4,54.7,56.9,59.4
204480,長野県生坂村,,31.6,31.6,47.5,48.8,50.5,53.7,55.1,58.4
204501,長野県山形村,59.7,62,62,63.8,63,65.8,66.6,68.9,71.1
204510,長野県朝日村,99.1,99.6,99.7,5,10.1,15.2,20.3,25.4,30.5
204528,長野県筑北村,,49,51.8,57.2,59.4,61.8,64.3,67.1,69.4
204811,長野県池田町,73.7,81.3,81.6,88.3,87.6,83.8,86,87.4,88.8
204820,長野県松川村,,97.6,98.2,96.8,80.1,79.5,80.4,81.8,83.2
204854,長野県白馬村,72,65.9,68,69.6,71.4,73.2,71.7,73.8,74.9
204862,長野県小谷村,,37.4,38.3,40.4,38.2,40.3,41.6,42.5,42.5
205214,長野県坂城町,,66,68,70,72,74,77.4,77.2,78.7
205419,長野県小布施町,73.6,75.6,77.5,79.5,81.3,80.1,81.2,80.7,81.8
205435,長野県高山村,,66.6,66.4,68.6,59.9,59.1,62,60.8,63.7
205613,長野県山ノ内町,65.2,59.3,58,60.6,62.1,64.1,65.7,60.8,61.1
205621,長野県木島平村,100,95.2,95.5,100,14,16,18.5,8.1,10.8
205630,長野県野沢温泉村,54,58,57.9,59.9,61.9,62.2,64.3,66.3,68.3
205834,長野県信濃町,63.8,66.8,66.8,66.8,77.9,93.2,93.2,95.4,97.7
205885,長野県小川村,58,60.1,62.1,64.1,66.1,68,70,71.9,73.7
205907,長野県飯綱町,78.1,80.3,85.3,87.4,86,47.2,47.7,35.3,38.1
206024,長野県栄村,,41.8,44.2,46.6,48.9,50.4,51.9,53.5,55
212016,岐阜県岐阜市,91.9,91.3,91.8,91.7,91.3,18.6,21.5,24.6,18.5
212024,岐阜県大垣市,,81.6,72.1,73,25.8,15.4,18.9,22.6,26.2
212032,岐阜県高山市,45,42.6,42.3,44.5,46.2,48.5,50.9,53,54.8
212041,岐阜県多治見市,23.8,45.4,47.3,49.2,51.2,52.4,53.9,53.7,56.2
212059,岐阜県関市,44.4,46.5,47.9,49.7,51.9,52.6,54,54.5,56.6
212067,岐阜県中津川市,73.7,75,59.8,61.6,63.5,65.3,67.2,69.1,70.5
212075,岐阜県美濃市,59.8,59.8,63.2,64.1,64.8,63.5,66.5,69.7,75.9
212083,岐阜県瑞浪市,55.3,66.1,51.7,51.7,57.2,59.9,54.7,48.2,50.8
212091,岐阜県羽島市,,91.1,91.1,94.4,95.7,95.9,18.3,21.2,24.2
212105,岐阜県恵那市,,76,77.8,80.1,82.3,84.4,73,87.6,88.9
212113,岐阜県美濃加茂市,,,,81.1,81.5,80.2,81.6,79.4,81.8
212121,岐阜県土岐市,95.7,96.5,98.7,28.3,5.8,9.6,13.4,17.1,21
212130,岐阜県各務原市,69.4,70.7,72.8,72.8,75.1,77.7,51.5,45.1,45
212148,岐阜県可児市,34.6,39.8,,39.2,40.7,40.6,41.6,50,48.2
212156,岐阜県山県市,43.3,45,47.1,49.3,50.5,52.3,47.7,52.1,56.9
212164,岐阜県瑞穂市,,88.4,89,89.2,89.7,89.8,90.2,89.7,89.4
212172,岐阜県飛騨市,48.1,50.2,50.8,52.7,54.5,56.1,58.2,60.4,61.3
212181,岐阜県本巣市,66.2,63.5,65.6,67.6,69.5,71.4,73.2,73.2,29.9
212199,岐阜県郡上市,,67.8,69.8,69.7,71.9,74.2,74.6,77.9,79.5
212202,岐阜県下呂市,58.6,69.8,60.9,54.2,55,57.1,59.1,61.1,72.6
212211,岐阜県海津市,42.1,45,32.8,35.8,39.3,42.7,45.5,48.4,52
213021,岐阜県岐南町,,2,5.1,7.6,10.2,12.1,15,17.9,20.7
213039,岐阜県笠松町,87.2,96.9,98.9,98.9,99,99,99.1,99.2,99.2
213411,岐阜県養老町,38.1,41.7,39.2,30.5,31.9,32.9,26.4,30.5,34.6
213616,岐阜県垂井町,95.7,99.4,99.5,40,0,34,35.4,36.7,38.1
213624,岐阜県関ケ原町,21.4,25.6,27.6,29.5,31.6,33.7,35.8,37.9,40
213811,岐阜県神戸町,59.3,61,64.5,99.4,92.7,67.6,69.5,71.9,74.4
213829,岐阜県輪之内町,43.9,45,45,49.4,51.7,53.9,56,58,60.3
213837,岐阜県安八町,,55.3,,,51.9,67.1,68.5,69.9,52.7
214019,岐阜県揖斐川町,38.9,41.4,41.5,44.1,46.6,43.8,46.4,48.6,53.8
214035,岐阜県大野町,59.5,62.5,62.9,55.2,57.7,60.5,63.4,64.1,63.9
214043,岐阜県池田町,58,61.4,63.1,65.2,67.2,69.2,71,72.1,74.2
214213,岐阜県北方町,84,0,2,4,6.1,8.1,10.1,12.1,14.2
215015,岐阜県坂祝町,,46,48.8,51.9,55.7,58.4,57.2,57.5,56.8
215023,岐阜県富加町,75.9,77.7,78.8,80.7,80.8,82.7,83.5,86,87.9
215031,岐阜県川辺町,56.7,57.2,51.3,54.2,55.8,58.2,61,59.5,62
215040,岐阜県七宗町,68.3,70,65.3,66.4,67.3,68.7,69.7,71.1,72.6
215058,岐阜県八百津町,85.2,79.8,80.7,81.6,82.4,83.4,91.7,87.5,79.3
215066,岐阜県白川町,,,90.4,90.9,91.2,90.3,91.9,90.1,88
215074,岐阜県東白川村,70.9,,76.4,78.2,80,81.6,60.4,84.9,86.7
215210,岐阜県御嵩町,85.1,87.6,87.6,88.3,88.8,90,90.5,90.9,91.2
216046,岐阜県白川村,98,73.9,99.7,99.9,100,100,100,57.4,58.8
221007,静岡県静岡市,87.4,58,54.8,65.4,68.4,70.4,71.9,70.1,73.2
221309,静岡県浜松市,45.1,46,46,53.1,55.2,57.5,59.4,60.9,
222038,静岡県沼津市,,97.6,99.6,94.3,94.2,94.3,94.4,94,93.2
222054,静岡県熱海市,,37.7,40.3,41.6,39.5,37.4,40.1,42.7,45.4
222062,静岡県三島市,73.3,74.5,75.7,76.9,78.1,79.3,80.5,81.7,82.8
222071,静岡県富士宮市,,50.4,52.4,53,53.2,53.7,52.3,53.2,56
222089,静岡県伊東市,60.6,62.1,63.2,64.5,66.1,66.8,66.6,68.2,58.4
222097,静岡県島田市,73.3,74,75.3,66.2,67.8,65.3,67.1,69.1,19.1
222101,静岡県富士市,,57.6,59.4,61.5,63.4,65.1,66.2,66.9,68.3
222119,静岡県磐田市,40.9,48.2,52.9,55,56.9,59,57.1,58.7,59.7
222127,静岡県焼津市,,60.4,62.2,64.1,66.2,68.1,14.3,18,16
222135,静岡県掛川市,,49.2,50.9,53,54.9,57.8,58.4,59.9,61.7
222143,静岡県藤枝市,69.7,72.4,74.5,76.1,77.2,78.8,80.3,82.2,82.9
222151,静岡県御殿場市,37.5,25.4,27.6,30.1,31.9,34.2,38,40.4,42.4
222160,静岡県袋井市,,68.8,64.3,66.7,68.8,68.4,71.1,74,73
222194,静岡県下田市,97.2,97.3,97.6,97.8,98.1,98.4,98.6,95.1,95.5
222208,静岡県裾野市,45.6,47.7,47.7,48.3,50.9,51.1,53.4,52.5,54.1
222216,静岡県湖西市,82,84.9,86.5,88.4,90.3,92.1,92.4,94.4,87.4
222224,静岡県伊豆市,56.8,58.7,59.7,61.8,63.8,62.4,69.1,70.4,70.7
222232,静岡県御前崎市,71.9,56.6,58.9,56.3,60.7,56.7,59.4,60,63.9
222241,静岡県菊川市,73.1,71.6,73.8,77.5,68.6,69.6,71.2,73.1,76.3
222259,静岡県伊豆の国市,,72.8,76.7,79.8,82.7,85.3,86.9,88.8,90.1
222267,静岡県牧之原市,,,,56.8,58.9,61.1,63.2,65.3,66.2
223018,静岡県東伊豆町,60.9,63.1,65.4,67.6,69.5,71.8,73.9,75.6,77.6
223026,静岡県河津町,,39.8,40.6,42.3,47.2,49.3,46.1,48.7,51
223042,静岡県南伊豆町,13.8,,13.5,17,19.9,22.7,23.5,26.6,29.8
223051,静岡県松崎町,,74,76,78,80,82,84,86,88
223069,静岡県西伊豆町,,,48.2,50.1,51.4,53.2,55.1,57,59
223255,静岡県函南町,23.5,,25.5,27.6,29.8,31.9,34.1,36.3,38.4
223417,静岡県清水町,61.7,63,65.3,67.6,69.4,71.6,73.7,76,77.9
223425,静岡県長泉町,50.8,50.9,51.3,45.5,47.1,50,52.8,55.4,57.7
223441,静岡県小山町,,68.2,70.2,72.2,73.6,75.6,77.6,80.1,82.1
224243,静岡県吉田町,,43.8,46,47.9,49.9,51.9,53.8,55.7,56.3
224294,静岡県川根本町,,42.9,44.9,47.2,49.6,51.9,54.3,55.9,57.8
224618,静岡県森町,,,94.4,94.8,95.2,94.6,95,95.4,95.8
231002,愛知県名古屋市,58.2,60.1,64.5,65.1,66.9,69.1,68.4,66.2,
232017,愛知県豊橋市,50.1,50.7,52.5,54.9,57,58.9,60.8,63,65.5
232025,愛知県岡崎市,,42,42,43.6,45.8,48.1,49.9,52.1,53.6
232033,愛知県一宮市,9.4,18.4,21.1,23.5,28.1,31.8,35.4,38.8,42.6
232041,愛知県瀬戸市,,27.1,29.2,31.2,33,34.8,36.7,36.7,38.9
232050,愛知県半田市,,6.2,8.9,11.6,14.3,17.6,19.7,22.3,25
232068,愛知県春日井市,,54.3,55.3,55.9,57,58.5,56.9,58.9,60.9
232076,愛知県豊川市,,66.8,68.1,69.5,64.5,65.7,66.6,67.9,69.1
232084,愛知県津島市,,61.3,63.2,65.2,67.1,69,71,67.9,70.3
232092,愛知県碧南市,50.8,53.4,54.9,56.5,57.8,59.3,60.8,62.3,63.8
232106,愛知県刈谷市,11.5,20.6,24.7,28.2,31.6,32.7,36.3,39.7,42.5
232114,愛知県豊田市,67.2,69.4,71.5,71.1,75.7,77.8,79.4,81,82
232122,愛知県安城市,70.9,69.8,70.6,72.4,73.9,74.8,76.1,77.1,78.6
232131,愛知県西尾市,33.8,35.8,29.8,31.8,33.7,30.6,32.6,34.7,36.8
232149,愛知県蒲郡市,,67.8,69.3,71,70.5,70.7,75.2,76.9,77.3
232157,愛知県犬山市,23.6,26.2,28.9,31.4,34,36.5,33.1,38.5,39.1
232165,愛知県常滑市,,90.5,91.2,93.5,95.8,97.4,97.5,27.6,12.1
232173,愛知県江南市,53.5,55.4,57,59,59.8,64.5,61.7,64,65.6
232190,愛知県小牧市,20.9,26,28.6,31.2,33.8,36.5,39.1,41.7,44.4
232203,愛知県稲沢市,74.2,72.6,74,74.8,73.7,39.7,42.3,43.8,45.8
232211,愛知県新城市,,52.4,57.6,25.7,29.5,32,36.3,40.7,45.3
232220,愛知県東海市,59.6,60.8,62.4,63.7,64.9,65.3,67.2,69.3,71.3
232238,愛知県大府市,,31.9,33.8,35.7,37.8,39.6,40.6,42.1,44.5
232246,愛知県知多市,82.7,85.1,78,80.5,83.1,85,86.8,88.6,90.2
232254,愛知県知立市,,64.8,66.8,69.4,71.7,72.5,74.8,75.7,78.3
232262,愛知県尾張旭市,,49.9,51.9,53.8,55.8,57.5,59.1,60.8,62.4
232271,愛知県高浜市,,56.4,58.6,60.8,42.3,44.4,46.7,59.6,61.3
232289,愛知県岩倉市,,34.9,37,38.8,40.7,42.4,44.2,46.1,47.9
232297,愛知県豊明市,,53.9,56.2,58,60.3,62.6,64.9,63.6,64.8
232301,愛知県日進市,77.5,79.2,79.5,79.3,81,82.8,78,80.3,82.6
232319,愛知県田原市,63,64.7,64.7,67.1,69.5,71.9,74.1,76,77.5
232327,愛知県愛西市,,27.9,25.4,27.7,30.3,32.8,35.4,38,40.4
232335,愛知県清須市,68.5,17.7,19.4,21.9,24.5,26.5,27.2,40,40.1
232343,愛知県北名古屋市,,44.2,41.2,42.8,44.8,46.8,48.8,50.9,52.9
232351,愛知県弥富市,74.2,68.5,56.8,58.7,9.8,12.6,14.8,16.9,19.1
232360,愛知県みよし市,,10.4,12.4,,,,25.7,27,29.2
232378,愛知県あま市,,71.2,72.3,74.3,76.1,78.1,80.1,15,18.5
232386,愛知県長久手市,67.3,61,63.2,65.3,67,66,68.8,69.1,70.8
233021,愛知県東郷町,69.9,64,66.2,68.3,69.9,72,73.3,72.7,66.7
233421,愛知県豊山町,40,43.8,41.8,46.4,46.1,44.7,44.5,43.7,45.1
233617,愛知県大口町,,81.9,,48.9,52.5,55.9,58.9,62.5,65.4
233625,愛知県扶桑町,75.6,76.2,76.7,,75.7,76.6,76.2,74.2,70.8
234249,愛知県大治町,,64.4,66.4,68.5,67,69,68.4,70.6,73
234257,愛知県蟹江町,64.8,63.8,66.7,69.7,72.7,73.2,75.1,78.2,81.4
234273,愛知県飛島村,,71.2,71.2,73.2,75,42,44.5,47.4,49.4
234419,愛知県阿久比町,0,1.9,4.2,6.5,8.8,11.1,13.4,15.6,17.9
234427,愛知県東浦町,,84.7,85.7,87.9,88.5,89.2,89.8,84.7,85.1
234451,愛知県南知多町,,91.7,94.1,95.5,95.6,,95.5,92.6,92.2
234460,愛知県美浜町,,100,100,100,100,100,100,100,100
234478,愛知県武豊町,62,63.3,65,66.9,68.4,70.1,71.8,73.8,74.8
235016,愛知県幸田町,,,60.7,59.8,60,60.4,58,57.8,60.6
235610,愛知県設楽町,,,,,,64.6,41.8,44.1,46.7
235628,愛知県東栄町,,,,,,99.4,99.5,99.6,99.7
235636,愛知県豊根村,,79.9,81.9,75.6,78,79.6,78.4,80.2,77.4
242012,三重県津市,,54.2,55.6,57.4,60.3,55.4,57,59.2,61.2
242021,三重県四日市市,55.7,57.7,59.2,60.1,61.7,61,61.6,61.4,63.7
242039,三重県伊勢市,68.8,69.9,71.6,52.6,54.9,57.2,59.3,61.2,62.8
242047,三重県松阪市,,66.7,67.2,67.9,65.6,66.8,67.8,68.1,62.9
242055,三重県桑名市,64.9,67,68.8,69.5,71.4,72.7,74.8,76.4,78.1
242071,三重県鈴鹿市,,28.3,30.2,32.2,34,35.9,37.8,38.9,40.7
242080,三重県名張市,,58.9,62.5,64.5,66.6,66.1,68.3,70.6,
242098,三重県尾鷲市,,68.6,70.1,71.8,73.4,28.4,30.3,32.1,31.4
242101,三重県亀山市,,70.8,72.1,72.2,72.2,72.2,73,90.8,92.3
242110,三重県鳥羽市,69.5,76.4,42.2,74.7,75.5,79,80.7,82.4,68.1
242128,三重県熊野市,,,,,,,,73.3,80
242144,三重県いなべ市,,74.1,76.1,78.6,19.1,23.8,27.7,31.7,35.9
242152,三重県志摩市,,22.2,24.3,26.5,29.3,30.8,32.9,35.2,35.7
242161,三重県伊賀市,85.8,86.6,87.6,32,34.9,35.4,38.5,38.1,31.7
243035,三重県木曽岬町,,3.3,4.8,6.9,9.1,11.3,12,15.6,17.8
243248,三重県東員町,64.5,64.5,66.9,69.7,66.2,61.3,64.4,67.5,70.6
243418,三重県菰野町,31.3,33.4,32.6,33.9,35.9,37.7,39.7,41.4,
243434,三重県朝日町,80.1,82.4,83.3,84.4,85.3,86.2,87.2,88.1,89.3
243442,三重県川越町,28.7,31.7,35,38.2,41.5,42.3,44.4,46.6,49.2
244414,三重県多気町,56.8,59.2,61.6,63.9,66.2,68.5,70.3,72.7,63.2
244422,三重県明和町,89.8,90.5,89.1,91.9,91,91.9,92.4,84.2,91.6
244431,三重県大台町,46.9,50,52.5,55,57.5,59.9,62.3,64.8,67.2
244619,三重県玉城町,64,66.6,63.8,66.7,72.3,74.9,77.4,79.7,81.3
244708,三重県度会町,28.2,30.2,32.2,34.3,36.3,38.3,40.3,42.3,44.3
244716,三重県大紀町,,43.7,45.1,,,47,47.7,48.8,54.1
244724,三重県南伊勢町,,53.4,55.2,57,58.9,60.8,62.5,64.5,65.3
245437,三重県紀北町,56.1,55.5,58.3,58.4,61.1,62.5,66.9,71.7,74.3
245615,三重県御浜町,34.7,38.7,38.7,40.5,41.6,43.4,45.8,47.3,
245623,三重県紀宝町,60,50.8,39.6,60.2,43.6,45.6,47.6,71.9,49.5
252018,滋賀県大津市,,64.8,65.9,69.5,71.2,72.9,71.7,72.2,73.5
252026,滋賀県彦根市,,,,,,,,,
252034,滋賀県長浜市,34.7,36.8,39,41.1,43,45.1,43.2,45.4,47.5
252042,滋賀県近江八幡市,,85.7,86.9,89,91.1,91.4,92.6,90.9,90.2
252069,滋賀県草津市,,47.1,49.1,51.2,53.2,55.2,57.2,59.2,61.2
252077,滋賀県守山市,79.1,80.1,81.3,82.4,83.6,84.9,86.1,87.3,17.1
252085,滋賀県栗東市,82.2,84.2,85.2,87.1,88.6,90.6,90.8,91.4,92.7
252093,滋賀県甲賀市,61.2,25.7,27.6,29.9,30.7,30.6,32.8,35.4,38.2
252107,滋賀県野洲市,,67.8,69.3,68.5,70.9,62,65.5,68.9,72.4
252115,滋賀県湖南市,75.6,67.8,70,72.1,72.6,74.2,76,76,78.2
252123,滋賀県高島市,64.4,65.4,62.3,62.8,62.7,64.7,66.5,68.5,67.9
252131,滋賀県東近江市,,41.1,,,,,,,
252140,滋賀県米原市,78.1,79.7,81.2,82.7,84.1,28.4,31.1,32.7,35.8
253839,滋賀県日野町,,58.5,61.5,63.8,65.9,68.2,70.5,72.8,74.9
253847,滋賀県竜王町,66.1,68.1,70,72,71.8,73.8,75.8,77.8,66.1
254258,滋賀県愛荘町,,,69.4,71.5,72.5,74.2,76.2,78,79
254410,滋賀県豊郷町,47.4,,50.9,53,55.1,57.1,10.1,4.1,8.2
254428,滋賀県甲良町,,95.4,,,,89.7,84.6,79.4,78.7
254436,滋賀県多賀町,65.4,,68.9,71.1,73.3,75.5,77.3,77.2,79.6
261009,京都府京都市,,,55.3,57.2,41.8,50.4,48.9,45,40.6
262013,京都府福知山市,59.2,54,55,57.2,59.3,61.5,63.1,65.4,64.1
262021,京都府舞鶴市,,57.8,57.2,58.2,59.7,64.6,63.5,65.7,68.2
262030,京都府綾部市,37.8,51.7,54.3,56.9,59.5,62.1,64.3,64.7,67.1
262048,京都府宇治市,,57.8,14.9,16.9,19,21,23.1,25.1,27.2
262056,京都府宮津市,92.2,93.6,95.1,96.6,98.1,98.6,98.7,99.1,
262064,京都府亀岡市,50.2,50.2,52.2,57.2,59.2,65.2,67.2,69.2,67.7
262072,京都府城陽市,81,83.7,42.9,44.8,44.5,44.9,46.8,48.4,49.9
262081,京都府向日市,,72.1,72.1,76.4,78.3,80.4,25.7,27.6,29.4
262099,京都府長岡京市,84.4,86.2,87.8,89.5,90.5,92.2,93.4,92.4,89.2
262102,京都府八幡市,73.7,74.7,74.7,76.9,79.2,70.4,72.7,,
262111,京都府京田辺市,58.4,60.4,61.2,63.2,65.3,67.4,69.5,70.5,72.6
262129,京都府京丹後市,48.4,50.4,51.7,55.1,49.3,51.1,55.9,57.5,59
262137,京都府南丹市,64,72,67,68.9,64.9,66.9,74.4,75.6,56.9
262145,京都府木津川市,,26.9,27.6,29.6,31.3,32.6,34.7,36,37.3
263036,京都府大山崎町,40.5,42,44.1,45.9,48,50.1,52.2,52.7,50.4
263222,京都府久御山町,35.4,37.4,39.4,41.4,43.5,47.5,47.5,51.7,51.7
263435,京都府井手町,78.9,80.9,82.9,84.9,87.2,86.6,72.7,70.8,0.2
263443,京都府宇治田原町,83.7,97.9,98.1,98.3,98.5,0,2.1,4.3,6.4
263648,京都府笠置町,63.4,65.4,64.7,66.7,68.7,70.7,45,48.2,48.2
263656,京都府和束町,,70.8,72.9,75,58.4,63,67.5,72,74.4
263664,京都府精華町,56.6,57.1,58.3,59.6,60.9,62.3,63,64,64.6
263672,京都府南山城村,77.7,78.8,79.9,81,82.1,82.5,83.3,84.1,85.1
264075,京都府京丹波町,,85.4,85.6,86.8,87.9,83.6,21.3,24.5,27.8
264636,京都府伊根町,45.4,49.5,53.7,57.8,61.9,66.1,70.2,69.4,73.7
264652,京都府与謝野町,43.6,54,47.2,74.7,65.3,66.8,68.2,69.5,70.9
271004,大阪府大阪市,47,49,51.1,53.2,55,56.5,58.1,60.1,62.2
271403,大阪府堺市,39.7,41.5,41.9,44,45.1,48.3,50.4,52.6,54.8
272027,大阪府岸和田市,,52.4,54.3,56.1,58,59.8,61.1,62.3,63.7
272035,大阪府豊中市,,56,56.1,56.8,59,59.7,57.1,55.3,57.3
272043,大阪府池田市,,73.3,69.4,72.3,75.1,77.7,80.6,83.8,86.5
272051,大阪府吹田市,53.8,54.1,50.3,52.3,54.1,56,58,61.1,54.7
272060,大阪府泉大津市,,64.3,68.6,70.7,72.6,75.1,76.3,78.2,80.4
272078,大阪府高槻市,,,,,,56.2,56.3,57,59.4
272086,大阪府貝塚市,,79.7,77.4,78.5,79.6,81.1,82.2,7.4,11.7
272094,大阪府守口市,94.6,3.9,7.4,11,14.3,17.8,19.7,19.7,24.5
272108,大阪府枚方市,57.2,75.7,77.6,77,78.5,80.1,81.4,78.4,70.4
272116,大阪府茨木市,,61.2,63,64.9,66.5,68.2,69.8,71,72.2
272124,大阪府八尾市,,43.7,45.9,48,49.9,51.9,54.1,56.2,58.3
272132,大阪府泉佐野市,,65,66.9,68.9,70.5,70,78.1,79.8,80.8
272141,大阪府富田林市,69.3,71.3,73.2,75.1,76.9,79,80.4,79.9,80.1
272159,大阪府寝屋川市,68.5,63.9,65.4,68.3,68.6,69.9,70.8,55,56.7
272167,大阪府河内長野市,56.6,58.7,60.7,62.7,64.7,66.8,67,68,70.1
272175,大阪府松原市,,44.4,46.2,47.8,49.8,51.9,54,56,58
272183,大阪府大東市,80.9,82.1,83.5,84.8,86,87.3,88.6,89.9,91.1
272191,大阪府和泉市,,78.4,79.7,81.1,82.4,69.8,28.9,13.9,16.6
272205,大阪府箕面市,,74.5,,,,,,,
272213,大阪府柏原市,50.8,84.4,85.8,86.7,88,86.7,7.8,10,12.1
272221,大阪府羽曳野市,51.9,51.9,53.9,55.9,58,60,62,64,65.9
272230,大阪府門真市,83.1,84.2,86.2,88.2,90.2,92.2,94.2,90.6,91.5
272248,大阪府摂津市,,57.3,59.1,61,63.5,65.3,67,68.8,70.6
272256,大阪府高石市,87.1,84.2,86.2,90.8,92,93.2,76.8,78.7,75.5
272264,大阪府藤井寺市,44.8,46.9,,48.4,69.6,67.6,69.2,70.8,72.4
272272,大阪府東大阪市,,42.2,45.5,48.9,49.5,49.9,52.4,54.6,56.3
272281,大阪府泉南市,,73.4,73.6,74.4,75.6,77.5,77.3,82.7,82.5
272299,大阪府四條畷市,50.2,57,63.4,65.6,68,70.2,67,69.2,71.7
272302,大阪府交野市,86.1,87.9,90,91.9,93.9,94.8,94.8,95,95.3
272311,大阪府大阪狭山市,,76.6,78.7,80.7,82.8,84.9,86.8,88.9,89.5
272329,大阪府阪南市,,80.7,82.8,84.8,86.7,66.7,68.4,70.1,72.2
273015,大阪府島本町,61,63,65,67,69,70.7,73,74.7,72.7
273210,大阪府豊能町,,72.2,74.1,,78.3,72.6,77.1,75.2,77.6
273228,大阪府能勢町,,80.1,84.7,86.7,87,46.4,48.6,36.2,37
273414,大阪府忠岡町,48.8,47,71.9,58.5,75.4,77.2,79,80.7,77.8
273619,大阪府熊取町,,58.9,60.7,61.1,62.8,64.2,65.5,68.9,69.4
273627,大阪府田尻町,,79.5,80.8,82.1,83,63.5,45.8,47.9,48.1
273660,大阪府岬町,97.8,98.1,98.2,98.3,98.6,96.5,96.9,97.1,97.3
273813,大阪府太子町,65.7,66.7,67.6,68.8,70.1,68.5,66.3,68.2,70.1
273821,大阪府河南町,,46.1,,47.2,49.8,52.4,54.6,57.1,59
273830,大阪府千早赤阪村,54.7,100,100,100,100,100,99.6,87.4,3.1
281000,兵庫県神戸市,59.8,61.4,61.6,60.1,55.3,51.9,51.5,47.6,52.4
282014,兵庫県姫路市,59.2,61.2,63,65.4,67.6,69.3,65.7,68.2,70.8
282022,兵庫県尼崎市,77.5,75.2,61.3,61.9,59.3,65.3,57,62.2,65.5
282031,兵庫県明石市,66.9,60.3,61.6,63.7,65.1,67.4,69.4,71.3,72.7
282049,兵庫県西宮市,76.2,78.1,80,78.8,80.7,82.8,56.7,58.5,60.2
282057,兵庫県洲本市,,25.9,19.4,22.5,25.9,29.4,32.9,35.9,39.4
282065,兵庫県芦屋市,,52.1,51.3,51.3,53.5,55.8,57.1,59.5,61.5
282073,兵庫県伊丹市,71.6,72.9,75.7,78.6,81.4,84.2,86.9,36.6,40.6
282081,兵庫県相生市,,31.8,27.2,31.9,36.6,41.3,45.5,50.3,53.4
282090,兵庫県豊岡市,24.4,31.8,34.1,40.4,42.6,42.2,47.3,49.1,52.8
282103,兵庫県加古川市,48,50,52,54,56.1,58,59.8,60.9,60.9
282120,兵庫県赤穂市,,94.4,93.7,94.4,95.1,96,74,75.8,78.8
282138,兵庫県西脇市,,97.5,99.4,99.5,99.5,99.6,0,4.7,9.4
282146,兵庫県宝塚市,,66,65.8,67.7,69.6,71.8,74.7,63.9,65
282154,兵庫県三木市,43.9,45.8,47.8,49.1,53.7,55.7,57.6,59.6,59.6
282162,兵庫県高砂市,,56.5,58.8,57.7,57.5,59.9,17.3,14.1,22.6
282171,兵庫県川西市,49.9,51.9,53.9,55.9,57.9,52,56.5,58.3,56.3
282189,兵庫県小野市,,85.8,82.7,84,18.5,21.6,7.9,11.9,15.9
282197,兵庫県三田市,12,14.1,16.2,18.5,20.7,23,25.2,27.5,
282201,兵庫県加西市,55.9,55.9,57.8,59.8,61.7,63.6,65.6,67.5,69.4
282219,兵庫県丹波篠山市,,56.5,57.6,59.9,63.7,65.9,65.5,67.8,69.6
282219,兵庫県丹波篠山市,,56.5,57.6,59.9,63.7,65.9,65.5,67.8,69.6
282219,兵庫県篠山市,,56.5,57.6,59.9,63.7,65.9,65.5,67.8,69.6
282219,兵庫県篠山市,,56.5,57.6,59.9,63.7,65.9,65.5,67.8,69.6
282227,兵庫県養父市,,61.4,63.4,65.4,67.4,68.1,67.1,65.6,64.9
282235,兵庫県丹波市,45.6,47.8,47.8,50.9,53.1,53.8,55.8,57.8,60
282243,兵庫県南あわじ市,11.9,14.5,16.5,19.4,22.2,,27.6,,
282251,兵庫県朝来市,,32.6,35.3,38,40.7,42.3,44.9,47.7,50.3
282260,兵庫県淡路市,,47.3,54.8,42.8,42.6,44.4,41.4,43.3,45.4
282278,兵庫県宍粟市,46.7,49.1,51.5,53.8,43.5,44.6,47.7,50.5,47.7
282286,兵庫県加東市,40,38.4,38.3,43.6,35.6,39,38.8,42.2,47
282294,兵庫県たつの市,,69,70.9,72.8,74.7,73.5,31.5,32.4,35.5
283011,兵庫県猪名川町,,68.4,62.9,52.7,55.7,58,60.7,63,65.8
283657,兵庫県多可町,,59,48.5,20.5,24.9,28.2,28.5,26.8,30.4
283819,兵庫県稲美町,,48.4,43.3,45.3,47.3,,47.5,61.1,60.6
283827,兵庫県播磨町,,,,66.7,70.3,73.7,74.3,76.6,77
284424,兵庫県市川町,,85.7,60.7,66.9,69.2,71.8,74.4,76.9,79.5
284432,兵庫県福崎町,,78.6,75.7,78,79.8,82.1,84.4,86.7,
284467,兵庫県神河町,56.2,58.9,61.6,64.3,67.2,69,70.5,72,74.9
284645,兵庫県太子町,,11.6,7,9.7,12.4,15.1,15,17,19
284815,兵庫県上郡町,,65.2,67.1,69,71,72.9,74.2,64.2,72.3
285013,兵庫県佐用町,,52.1,54.1,56.1,57.1,52,54.3,56.2,58.2
285854,兵庫県香美町,43.2,49.9,45.4,48.1,50.1,52,55.2,44.7,44.6
285862,兵庫県新温泉町,,,,,72.2,74.2,75.2,74.3,78.9
292010,奈良県奈良市,55.4,56.7,60,62.5,64.9,42.9,44.1,56.7,59
292028,奈良県大和高田市,,96.7,97,97.3,97.5,97.7,3.3,7,10.6
292036,奈良県大和郡山市,,76.4,77.8,79.1,80,78.3,26.5,12.4,9.3
292044,奈良県天理市,64.9,66.8,68.6,70.5,69.1,71.1,73,74.5,76.4
292052,奈良県橿原市,91.5,93.1,16.5,17.9,20.3,22.8,25.2,27.7,30
292061,奈良県桜井市,,52.5,54.2,92.8,94,94.4,5.3,9.1,13.2
292079,奈良県五條市,80.7,83.4,84.6,85.8,87,88.4,27.7,31.1,34.2
292087,奈良県御所市,61.7,62.8,64,64.6,66,62.4,56.9,58.5,59.3
292095,奈良県生駒市,,45.4,61.1,63.4,65.7,68,67.6,69.7,68.3
292109,奈良県香芝市,,79.8,81.4,83.5,85.7,87.7,89.8,89.7,86.3
292117,奈良県葛城市,,67.9,69.8,45.7,47.9,50,51.9,46.1,48.7
292125,奈良県宇陀市,,41.3,42.9,44.2,,,50.7,52.7,51.5
293229,奈良県山添村,,64.4,22.9,24.2,28.1,29.8,33.2,33.9,24.8
293423,奈良県平群町,74.7,76.6,81.4,81.4,73,74.8,76.5,78.2,80.3
293431,奈良県三郷町,94.2,98,99.8,99.4,81.6,82.5,83.3,84.4,85.3
293440,奈良県斑鳩町,60.3,63,63,65.1,67.1,69.1,70.6,72.8,73.2
293458,奈良県安堵町,,42.1,49.8,51.2,52.7,48.8,,59.5,61.5
293610,奈良県川西町,56.8,58.5,60.7,62.8,64.8,66.9,63.2,60.6,63.4
293628,奈良県三宅町,76.9,80.2,82.1,72.9,57.4,63.1,65,67,69
293636,奈良県田原本町,,49.9,,48.8,50.8,52.8,54.5,56.6,
293857,奈良県曽爾村,,98.2,99.3,99.6,99.9,94.8,82.8,83.5,84
293865,奈良県御杖村,,61,62.8,71.3,74.2,69.6,77.3,74.9,81
294012,奈良県高取町,,,64.3,60.3,75.6,77.7,79.3,80.6,82.6
294021,奈良県明日香村,,85.6,87,87,87.8,87.8,88.7,88.8,22.4
294241,奈良県上牧町,56.7,59.5,58.8,60.4,63.1,65.8,67.5,70.2,75
294250,奈良県王寺町,74.9,76.9,78.9,80.9,82.9,84.9,85.2,83.6,83.7
294268,奈良県広陵町,88.3,60.1,61.4,63.3,65.3,67.2,68.6,61.2,62.3
294276,奈良県河合町,,84.7,86.7,88.6,90.6,92.5,94.4,96.2,98.1
294411,奈良県吉野町,99.9,100,98.5,98.6,98.7,98,98.2,98.4,98.4
294420,奈良県大淀町,,32.2,34.3,36.3,38.3,40.3,41.9,44,44.3
294438,奈良県下市町,85.5,87.3,89.2,90.8,92.8,92.4,83.1,85.5,87.9
294446,奈良県黒滝村,,80.1,82.1,74.5,76.4,72.1,83,85.2,87.4
294462,奈良県天川村,,78.5,80.2,81.2,83,84.6,86.3,87.9,89.6
294471,奈良県野迫川村,,100,100,100,100,100,100,100,100
294497,奈良県十津川村,,97.8,98,98.1,97.9,98.1,58.3,59,56
294501,奈良県下北山村,88.3,89.2,90.2,91.1,92.1,93.1,93.8,94.6,95.4
294519,奈良県上北山村,84,86,88,90,92,94,96,94.9,97
294527,奈良県川上村,65.1,68.2,68.5,70.3,72.3,74.1,75.8,76.7,79.2
294535,奈良県東吉野村,56.6,58.4,,,,52.8,54.4,56.3,56.9
302015,和歌山県和歌山市,57.9,70.8,68.9,71,73.4,75.5,76.3,78.4,79.9
302023,和歌山県海南市,38.1,41.1,9.4,14.1,18.8,23.5,26.2,31.4,34.8
302031,和歌山県橋本市,69.7,72.7,74.6,78.7,78.7,80.3,81.4,82.5,83.6
302040,和歌山県有田市,,58,59.9,62.1,64.3,66.4,59.8,58.1,60.5
302058,和歌山県御坊市,83.9,85.9,87.9,89.9,91.9,93.9,95.5,97.5,0
302066,和歌山県田辺市,54,56,58,60,62,63.8,65.3,66.9,28.3
302074,和歌山県新宮市,47.5,0.1,4,7.7,11.5,15.4,19.2,23,25.2
302082,和歌山県紀の川市,36.4,38.8,35.5,24.7,26.8,28.8,30,31.9,34.2
302091,和歌山県岩出市,,69.5,61.9,63,64,65.8,66.7,62.6,62
303046,和歌山県紀美野町,,,63.3,64.5,65.3,,,,
303411,和歌山県かつらぎ町,84.4,86,85,86.2,87.6,86.6,91.6,,
303437,和歌山県九度山町,78.7,77.5,81.5,82.5,83.4,84.2,85.3,85.9,86.5
303445,和歌山県高野町,83.4,84,84.7,85.3,86,86,87.3,87,88
303615,和歌山県湯浅町,2.7,5.4,8.1,10.8,13.5,16.2,18.9,21.6,24.3
303623,和歌山県広川町,36.6,42.5,42.5,42.5,46.6,48.3,50.5,52.6,54.6
303666,和歌山県有田川町,,40,42,44,46.1,43.3,44.5,43,45.7
303810,和歌山県美浜町,68.2,51.2,53.2,55.2,56.8,58.8,60.8,58.6,61
303828,和歌山県日高町,55.2,57.2,52.5,54.8,57.1,60.9,63.2,65.4,63.5
303836,和歌山県由良町,52.6,52.8,52.4,52.1,54.5,56.9,59.3,61.6,64
303909,和歌山県印南町,89.1,18.8,20.5,22.2,6,8,10,12,14
303917,和歌山県みなべ町,59.3,68.9,66.8,66.1,66.4,72.5,74.9,77.2,79.5
303925,和歌山県日高川町,70.3,63.5,64.2,57,58.2,45.8,47.2,48.8,51.4
304018,和歌山県白浜町,85.1,78,80.6,91.1,91.4,91.8,91.6,92.1,92.4
304042,和歌山県上富田町,,75.9,62.4,65.4,72.9,70.8,69.5,72.7,74.8
304069,和歌山県すさみ町,,47,58.2,60.7,63.2,65.7,68.2,70.7,73.2
304212,和歌山県那智勝浦町,87.4,89.2,91.9,91.9,85.9,87.8,89.1,89.2,89.8
304221,和歌山県太地町,88.5,88.5,89.2,89.8,90.5,90.5,91,90.2,91.1
304247,和歌山県古座川町,,95.6,97.7,97.8,97.9,98,98.1,98.3,98.3
304271,和歌山県北山村,100,100,,100,100,100,100,84.1,85.8
304280,和歌山県串本町,,65.7,67.2,68.9,70.5,72.1,0,3.5,7
312011,鳥取県鳥取市,61.9,60.2,60.7,65.8,29.8,31.2,31,35.3,35.4
312029,鳥取県米子市,69.2,72.6,74.2,,77.5,75.8,77.5,77.6,68.1
312037,鳥取県倉吉市,81.5,82.6,79.3,80.7,56.4,58.4,60.7,63,
312045,鳥取県境港市,,,82.2,,82.3,,,,
313025,鳥取県岩美町,,62.4,63.7,63.7,66.3,67.5,68.8,70.1,68.5
313254,鳥取県若桜町,,93.6,93.8,79,80.3,81.4,82.4,83.4,84.4
313289,鳥取県智頭町,,82.2,82.1,84.1,86,88,89.9,91.9,94
313297,鳥取県八頭町,,61,63,67.1,68.6,70.1,71.6,73.2,74.7
313645,鳥取県三朝町,,77.6,,81.9,83.9,85.8,87.6,89.5,90.5
313700,鳥取県湯梨浜町,47.7,52.2,55.1,55.2,61.4,63.7,60,61.6,62.5
313718,鳥取県琴浦町,14.3,18.3,20.3,22.4,24.4,26.5,28.5,30.5,32.9
313726,鳥取県北栄町,,78.4,73.2,69.1,63.1,66.6,69.5,72.5,75.4
313840,鳥取県日吉津村,,56.6,54.5,56.6,62.9,64.8,66.6,68.5,70.4
313866,鳥取県大山町,,50.5,61.8,60.3,62.4,59,56.5,67.3,68.5
313891,鳥取県南部町,,39.2,56.7,59.3,61.8,60.9,62.5,64.8,67.5
313904,鳥取県伯耆町,,53.6,53.7,55.3,42.5,45,48.7,51.1,53.6
314013,鳥取県日南町,45.7,51.3,54.3,57.6,60.8,63.8,60.2,63.9,67.2
314021,鳥取県日野町,42.3,46,48,50,45.7,44.4,47,49.9,51.6
314030,鳥取県江府町,100,100,100,100,100,0,4.8,9.5,9.5
322016,島根県松江市,66.3,67.9,67.4,69.2,70.8,72.5,74.1,74.4,75.9
322024,島根県浜田市,70.2,72.2,73,74.9,76.6,72.2,73.6,75.5,77.3
322032,島根県出雲市,35.5,37.9,40,39.6,42,44.1,46.3,48.3,45.6
322041,島根県益田市,61.2,63.5,62.2,64.6,65.6,64.8,64.2,67.5,68.6
322059,島根県大田市,,68.8,70.7,70.7,72.7,74.7,76.7,80.2,80.5
322067,島根県安来市,68.2,68,13,14.7,18.1,21.4,24.8,28,31.2
322075,島根県江津市,88.6,62.9,60.3,62.5,64.2,66.4,18.2,18.2,18.9
322091,島根県雲南市,,,25.3,29.1,35.5,39.2,39,43.2,47.4
323438,島根県奥出雲町,66.9,68.5,22.2,25.5,30.3,33.8,35.2,37.1,39.2
323861,島根県飯南町,60.5,0,3.8,6.4,9.1,11.3,14,16.7,19.4
324418,島根県川本町,0,5.5,11,22,35.3,27.5,33,37.5,41.6
324485,島根県美郷町,29.5,31.5,33.5,35.6,36.5,38.8,41,43.2,45.5
324493,島根県邑南町,42,42,60.1,62.1,63.8,65.9,68,69,71.8
325015,島根県津和野町,82,59.6,60.3,85.7,,7.7,8.5,10.1,8.7
325058,島根県吉賀町,,,58.1,69.1,77.4,71.5,73.9,76.2,78.2
325252,島根県海士町,,83.2,88.7,90.8,92.5,90.7,97.2,97.2,97.2
325261,島根県西ノ島町,71.5,74.9,76.9,77.6,81,5.8,4,8.1,12.2
325279,島根県知夫村,,53.8,31.8,59.6,60.1,59.4,61.1,62.9,65.6
325287,島根県隠岐の島町,,76.5,78.3,80.1,65.2,18,18.7,21.4,24
331007,岡山県岡山市,53.5,48.9,50.6,50.7,52.1,52.1,46.8,48.7,51
332020,岡山県倉敷市,67.4,69.4,71.4,73.4,75.4,74.4,76.3,78.1,79.9
332038,岡山県津山市,,67.4,69.2,69.8,72.7,74.7,76.9,78.8,81.2
332046,岡山県玉野市,96,98,100,99.9,99.9,100,99.9,99.9,99.9
332054,岡山県笠岡市,,75,72.2,69.8,71.4,73,74,70.7,72.5
332071,岡山県井原市,36,37.8,39.5,39.5,42.5,39.6,41.6,44.1,50.7
332089,岡山県総社市,87.1,88.8,90.6,90.6,93.3,93.1,85.2,86.2,87
332097,岡山県高梁市,,16.6,,,22.5,22.6,25.3,22.9,25.5
332101,岡山県新見市,,45.4,21.6,21.8,27.6,30.6,33.7,36.8,39.9
332119,岡山県備前市,,85.5,94.4,89,35.8,24,27.3,30.7,34.1
332127,岡山県瀬戸内市,,46.8,52.6,54.6,55.7,58.2,47.3,46.8,52.1
332135,岡山県赤磐市,67.3,69.5,71.6,73.7,75.7,77.8,79.9,81.4,83.6
332143,岡山県真庭市,,25.4,25.3,27.6,30.6,34.2,35.5,34.3,41.6
332151,岡山県美作市,,59.6,60.4,62.4,64.4,66.2,68.2,70.2,72.2
332160,岡山県浅口市,50.9,55,56.4,57.4,57.9,59.3,61.4,63.3,45.6
333468,岡山県和気町,53.5,50.6,,100,100,55.1,55.6,55.9,58
334235,岡山県早島町,63,65.2,67.5,69.3,59.2,58.3,61.2,64.1,67
334456,岡山県里庄町,80.4,82,82,84.3,86.5,88.3,84.4,86.3,87
334618,岡山県矢掛町,58.4,60.4,61.5,,63.1,64.2,66,68.9,71.1
335860,岡山県新庄村,,73.5,81.9,98,100,,100,28.2,16.9
336068,岡山県鏡野町,,,,55.3,44.3,46.6,48.9,51.3,53.7
336220,岡山県勝央町,62,53.3,55.2,57.1,59.2,61.4,63.4,65.4,67.4
336238,岡山県奈義町,,67.9,72,73.9,73.9,77.9,78.4,80.4,82.4
336432,岡山県西粟倉村,95,95.4,95.7,96,96.4,,,,
336637,岡山県久米南町,80.9,82.9,84.8,86.9,89,84.6,83.5,86.1,20.1
336661,岡山県美咲町,58.6,69.7,71.6,73.5,75.5,77.4,79.4,81.3,83.3
336815,岡山県吉備中央町,62.8,65.1,65.6,67.6,69.6,71.4,73.4,74.3,75.3
341002,広島県広島市,51.8,53.2,55.1,56.1,58.8,60.3,62.3,63.7,
342025,広島県呉市,,15.2,17.4,20.2,21.9,24.7,27.5,30.3,33
342033,広島県竹原市,92.8,86.3,75.9,67.5,74.5,78.2,75.6,79.1,80.5
342041,広島県三原市,77.5,68.9,80.6,79.4,22.7,25.1,27.1,29.4,31.5
342050,広島県尾道市,83.3,84.4,83,79.6,26.1,10.3,13.7,17,20.4
342076,広島県福山市,,43.6,46.4,47.1,49.9,52.2,54.9,56.2,56.9
342084,広島県府中市,76.7,79.6,80.1,81.9,83.8,85.1,85.9,88,81.8
342092,広島県三次市,,42.3,44.1,46.2,48.2,45.1,46.8,45.2,47.3
342106,広島県庄原市,36.8,36.8,38.9,41,41.5,43.7,45.7,47.7,49.4
342114,広島県大竹市,73.1,73.2,75.2,77.2,79.2,48,50.9,53.7,
342122,広島県東広島市,,32.3,34.6,36.7,38.8,40.7,41.7,43.9,46.2
342131,広島県廿日市市,,58.2,55.4,40.8,43.3,45.9,48.4,51,49.7
342149,広島県安芸高田市,46.2,48.2,49.8,46.3,51.5,53.6,55.5,56.2,58.7
342157,広島県江田島市,,,49,52.4,54.9,58.6,61.7,58.3,58.6
343021,広島県府中町,,55.9,53.2,64.6,61.1,64.5,68.3,72,
343048,広島県海田町,69.9,69.9,76.7,78.9,81.1,83.3,85.4,87.6,15.1
343072,広島県熊野町,,30.5,32.5,34.5,36.6,38.6,40.4,41.8,43.9
343099,広島県坂町,61,62.2,63.7,65.3,66.8,68.3,69.8,71.4,72.9
343684,広島県安芸太田町,65.9,76.4,78,79.5,81.2,82.8,84.5,86.1,87.8
343692,広島県北広島町,44.7,48.6,50.6,52.7,54.7,56.7,58.4,60.4,62.4
344311,広島県大崎上島町,71.8,70.9,73.1,75.3,77.4,94,78,79.8,81.7
344621,広島県世羅町,45.7,47.8,48.7,50.6,52.7,54.7,56.4,57.8,58.8
345458,広島県神石高原町,65.9,66.4,70.1,68.7,74.4,75.9,30.6,30.6,40.4
352012,山口県下関市,,34.5,36.7,29.1,25.9,28.1,30.5,29.8,32.2
352021,山口県宇部市,63.6,69.7,72.5,74.7,74.9,76.2,77.5,10.8,12.4
352039,山口県山口市,76.9,75,62.8,66.1,63.7,59.7,58,53.6,58.9
352047,山口県萩市,69.4,71.3,72.4,74.2,76,76.6,78.6,80.5,82.3
352063,山口県防府市,,80.5,96.2,96.6,96.9,97.2,89.8,97.4,96.7
352071,山口県下松市,63.7,65.6,67.3,68.1,69.9,71.7,73.5,75.3,77.4
352080,山口県岩国市,,32.4,33.2,35,37,29.4,28.2,31.7,31.6
352101,山口県光市,81.7,83.5,80.2,82.1,81.2,82.2,83.3,84.3,65.6
352110,山口県長門市,53.5,54.9,56.7,54.8,56.4,24.8,26.8,26.9,28.9
352128,山口県柳井市,65.2,62.3,68.5,70.5,72.4,74.2,76,77.4,78.8
352136,山口県美祢市,,84.6,85.1,86,86.7,87.6,87.9,88.6,27.1
352152,山口県周南市,82,81.7,82.7,4.4,7.4,19.3,22.9,26.5,30
352161,山口県山陽小野田市,35.1,37.2,39.3,41.4,43.5,45.3,46.8,48.3,28.3
353051,山口県周防大島町,36.8,38.9,43.2,43.7,45.9,48,50.2,53.2,54.5
353213,山口県和木町,80.6,82.5,84.4,86.4,88.3,89.5,91.1,91.1,92.8
353418,山口県上関町,76.9,78.5,80,81.5,81.5,90.6,9.6,8.3,12.9
353434,山口県田布施町,91.8,93.8,95.7,63,65.4,63.7,58.1,58.1,58.1
353442,山口県平生町,83.4,84.5,85.5,86.2,87.4,88.5,86.7,35.1,39.2
355020,山口県阿武町,59,59.8,60.3,62.5,63.6,64.7,65.9,63.9,65.4
362018,徳島県徳島市,74.7,76.5,79,81.5,78.6,81.2,82.4,83.6,84.7
362026,徳島県鳴門市,80.5,82.1,83.4,84.7,86.1,86.7,88.1,88.8,21.5
362034,徳島県小松島市,80.4,82.3,54.1,55.2,56.2,57,58.1,57.3,58.5
362042,徳島県阿南市,25.3,16.9,15.9,17.8,19.7,21.5,23.4,25.2,27.1
362051,徳島県吉野川市,32.2,42.9,36.1,38.3,40.5,42.8,44.9,47.2,49.4
362069,徳島県阿波市,2.2,4.3,6.2,8.2,10.3,12.3,14.4,16.4,18.5
362077,徳島県美馬市,43.2,45.2,39.8,31.6,34.2,36.7,38,50.9,52.7
362085,徳島県三好市,73.1,77,78.8,76.9,79,81.1,65.8,64.7,67.4
363014,徳島県勝浦町,90.6,92.5,94.3,96.2,98.1,92.3,63.1,64.6,66.2
363022,徳島県上勝町,62,59.6,61.9,62.8,65.3,67.8,70.3,72.6,74.9
363219,徳島県佐那河内村,92.7,94.5,96.4,98.2,83.2,83.7,18.3,20.5,22.7
363413,徳島県石井町,7.8,10.5,13.1,15.3,17.9,20.4,23,25.7,28.4
363421,徳島県神山町,40.4,43.3,45.3,46.7,47.5,48.3,49.7,51.1,52.7
363685,徳島県那賀町,31.9,25.7,20.3,18,19.6,19.7,22.8,25.8,28.5
363839,徳島県牟岐町,80,82,84.1,86.1,88.1,90.1,90.1,92,96
363871,徳島県美波町,59.8,61.8,65.5,67.5,69.1,71.1,72.3,72.3,74.4
363880,徳島県海陽町,54.3,46.2,48.2,49.9,47.2,50.3,52.6,55.7,57.8
364011,徳島県松茂町,64.9,12.9,15.1,17.4,19.4,18.3,20.4,22.9,25.5
364029,徳島県北島町,63.6,65.7,67.7,69.8,71.6,70.7,72.8,74.9,80.1
364037,徳島県藍住町,36,37.8,39.8,41.8,44,45.9,46.6,47.1,46.9
364045,徳島県板野町,4,6,8,10,12,14,16,18,20
364053,徳島県上板町,64,68,70,72,74,76,78,73.8,82
364681,徳島県つるぎ町,64.5,51.8,43.2,45.9,48.7,51.1,53.6,55.8,58
364894,徳島県東みよし町,56.8,58.7,61.3,63.9,54.5,54.4,56.7,58.9,60.3
372013,香川県高松市,,66.3,40.3,46.8,49.5,52.2,54.9,57.6,60.2
372021,香川県丸亀市,82.9,84.2,82.9,72.6,74.1,25,13.7,12.1,14.4
372030,香川県坂出市,75.6,76.8,75.3,74.6,75.8,15.4,15.8,22.6,26.1
372048,香川県善通寺市,62.5,70.4,78.2,86.1,84.3,91.2,90.7,10.4,9.4
372056,香川県観音寺市,26.4,27.7,29.6,31.5,33.5,35.5,37.5,39.7,40.5
372064,香川県さぬき市,,51.2,57.9,59.6,41.1,43.2,45.4,38.4,40.6
372072,香川県東かがわ市,32.3,32.4,34.2,22.3,25.5,27.9,30.3,32.7,35.2
372081,香川県三豊市,48.4,49.8,47.9,51,51.3,50.9,52.7,54.4,56.2
373222,香川県土庄町,,90.1,91.8,93.8,95.8,97.8,14,15.7,17.5
373249,香川県小豆島町,,44.8,37.1,35.8,33.3,35.3,34.2,37.3,39.4
373419,香川県三木町,,41.8,43.7,45.8,47.9,49.7,51.2,53.4,50.3
373648,香川県直島町,62.1,64.2,66.2,68.2,70.1,71.9,73.8,75.4,77.3
373869,香川県宇多津町,70.3,45.6,25.8,24.7,25.1,27.3,29.5,31.7,34
373877,香川県綾川町,63.1,61,63,65,67.1,67.6,69.5,71.6,72.6
374032,香川県琴平町,84.9,86.9,88.5,85.7,87.5,89.3,91.1,88.7,89.5
374041,香川県多度津町,90.7,92.4,94.1,95.9,97.7,99.5,15.5,17.3,19.9
374067,香川県まんのう町,43.8,43.5,39.2,41.2,42.9,44.9,46,46,46.3
382019,愛媛県松山市,,74.5,75.1,77.1,79,81,82.9,84.8,83.4
382027,愛媛県今治市,,64.3,66.1,67.5,69.5,71.4,72.5,73.7,74.7
382035,愛媛県宇和島市,68.8,68.6,67.3,69.2,70.4,64.7,37.1,29.5,31.5
382043,愛媛県八幡浜市,52.4,54.2,56.1,57.6,59.3,44.5,47.1,50.4,54
382051,愛媛県新居浜市,,48.5,72.3,73.8,73.9,76.1,73.4,75.2,73.6
382060,愛媛県西条市,46.3,45.5,48,50.3,52.8,55.2,58.4,60.6,62.8
382078,愛媛県大洲市,,64.4,66.1,67.8,70.7,71.8,73.9,75.6,66.4
382108,愛媛県伊予市,42.4,38.3,11.8,14.5,17.4,20.9,23.7,26.4,29
382132,愛媛県四国中央市,79.5,81.4,69.7,59.3,16.8,20.4,24,27.7,31.2
382141,愛媛県西予市,50.4,47.1,48.4,49.1,38.5,40.6,36.4,30.8,32.7
382159,愛媛県東温市,37.6,37.9,40,42,40.7,42.7,46.1,47.7,49.5
383562,愛媛県上島町,46.2,47.7,43,45,46.9,49,51.6,62.5,65.9
383864,愛媛県久万高原町,71.4,73.1,73.1,74.8,69.4,70.9,71.9,73.4,74.8
384011,愛媛県松前町,34,36,38,38.6,40.9,43.1,45.4,47.6,48.2
384020,愛媛県砥部町,50.5,51.9,52.6,54.8,55.5,57.5,59,60.9,63.4
384224,愛媛県内子町,68,70.3,72.9,75.3,84,86,88,83.3,85.2
384429,愛媛県伊方町,38.2,40,39.6,41.4,43.3,44.9,46.5,48.2,49.4
384844,愛媛県松野町,95,95.5,96,96.5,95.5,96.1,0.3,2.6,5.5
384887,愛媛県鬼北町,18.3,21,22.2,24.4,25.5,27.3,31.1,31,34.9
385069,愛媛県愛南町,31.9,22.7,26,29.2,32.2,35.3,38.4,41.6,44.9
392014,高知県高知市,,56.4,56,58.1,11.7,15.2,18.9,22.9,22.1
392022,高知県室戸市,65.5,67.9,68.7,70.6,71.6,73,74.8,76.8,78.5
392031,高知県安芸市,62,75.2,77.1,79.1,81,83,84.9,86.9,12.2
392049,高知県南国市,81.8,86,87.9,89.9,92.1,96,97.9,97.6,97.8
392057,高知県土佐市,53.2,55.3,59.1,36.5,36.7,40.4,44,10.8,6
392065,高知県須崎市,40.3,42.7,45.2,47.7,49.4,51.1,52.8,51.8,54.8
392081,高知県宿毛市,86.8,85.6,79.6,73,74,75.7,5.3,6.9,9
392090,高知県土佐清水市,84,86,58.3,60.2,62.3,63.7,65.2,67.3,69.1
392103,高知県四万十市,16.4,20.6,24.3,28,31.7,35.5,39.2,42.9,46.7
392111,高知県香南市,72.4,74.5,75.6,76.9,33.9,34.4,10.1,12.1,16
392120,高知県香美市,36.8,15.3,17.7,20.1,21.4,23.4,25,26.1,28.2
393011,高知県東洋町,,64,66,68,70,69.4,74,74,76.5
393029,高知県奈半利町,59.9,63.9,63.9,65.9,67.9,69.9,71.9,73.9,75.9
393037,高知県田野町,66.9,75,75,76.9,78.7,78.6,80.7,78.1,86.5
393045,高知県安田町,78,79.8,80.9,83.1,85,0,2.1,4.3,6.4
393053,高知県北川村,41.4,80.4,49.2,88,88.7,89.4,89.8,90.5,91.1
393061,高知県馬路村,62.4,63.4,62.5,64.9,65.8,66.7,68.4,64.9,66.6
393070,高知県芸西村,56.7,61.6,68.8,70.5,73.2,73.5,75.1,68.3,67.7
393410,高知県本山町,93.8,92.3,,,,96.9,97.4,97.9,98.4
393444,高知県大豊町,96,97.3,99.3,0,42.4,43.9,46.1,48.3,50.4
393631,高知県土佐町,47.2,52,54.6,57.2,59.6,61.8,48.9,65.3,65.6
393649,高知県大川村,21,79,29.4,33.6,37.8,37.8,46.2,,
393860,高知県いの町,17.8,19.8,19.8,20.9,23,25.1,27.1,29.2,31.1
393878,高知県仁淀川町,94.2,93.4,28.7,31,32.8,34.4,36,25.3,27
394017,高知県中土佐町,51,53.1,60.6,62.8,65,8.2,11.5,14.9,18.1
394025,高知県佐川町,69.8,69.8,71.4,73.5,75.7,77.8,56,58.1,60.2
394033,高知県越知町,64,63.3,66.1,68.5,71,72,71.3,71.3,71.1
394050,高知県梼原町,18,20,22,23.9,25.9,26.9,28.9,30.9,32.9
394106,高知県日高村,75.6,77,77.1,78.2,79.1,91.2,12.6,2,4.1
394114,高知県津野町,44.1,46.1,48.2,50.2,52.1,53.8,27.7,30.4,33.1
394122,高知県四万十町,14.9,18.3,21.6,24.9,28.2,32,34.5,37.8,40.8
394246,高知県大月町,64.8,71,72.9,74.8,76.8,80.2,80.2,75.6,77.5
394271,高知県三原村,77.1,80.9,82.6,84.6,86.5,88.4,90.3,92.3,93.7
394289,高知県黒潮町,79.4,82.5,5.4,8.6,12.3,17.2,21.4,25.4,29.4
401005,福岡県北九州市,,60.4,61.1,62.5,63.9,65.5,67,68.3,69.7
401307,福岡県福岡市,62.4,63.9,65.6,66.5,67.8,69.2,60.9,61.2,59.7
402028,福岡県大牟田市,77.6,78.7,78.1,79.3,79.1,80.3,77.5,79.2,81
402036,福岡県久留米市,,45.9,47.9,49.2,50.7,49.8,52.2,56.5,58.9
402044,福岡県直方市,,53.4,55.4,57.5,59.5,47.9,50.7,53.6,56.3
402052,福岡県飯塚市,,,,,,,24.7,28,36.3
402061,福岡県田川市,89.4,90,90,90.3,90.8,91.3,91.7,92.2,91.8
402079,福岡県柳川市,79.5,81.5,81.6,82.5,75,76.5,79.1,78.1,78.6
402109,福岡県八女市,52,54,56,59,60.9,62.8,65.1,66.8,68.5
402117,福岡県筑後市,75.9,76.3,76.9,75.4,67.6,69.1,68.7,69.6,69.2
402125,福岡県大川市,90.2,92.1,93.9,95.6,96.3,82.6,73.8,71.4,70.2
402141,福岡県豊前市,80.4,82.3,,,,,,,
402150,福岡県中間市,85.2,83.8,,,,,71.6,73.2,81.2
402168,福岡県小郡市,78.5,69.4,71.1,72.5,74,75.4,76.3,77.5,78.5
402176,福岡県筑紫野市,84.2,85.6,86.1,0.2,3.1,5.8,5.8,11.3,14.1
402184,福岡県春日市,46,48,49.2,51.2,53.2,55.2,57.2,59.3,61.3
402192,福岡県大野城市,,70.9,68.8,69.1,69.9,73.5,72.6,74.2,71.1
402206,福岡県宗像市,,46.4,48.6,49,49.7,51.6,52.8,52.8,45.2
402214,福岡県太宰府市,57.8,59.9,62.1,66.2,66.2,66.2,68.6,70.8,72.6
402231,福岡県古賀市,47.4,49.4,50.5,52.2,52.6,53,53.7,51.7,53.6
402249,福岡県福津市,75,48.9,44.7,46.6,40.8,52,54.8,55.5,58
402257,福岡県うきは市,50.9,52.3,54.2,56.2,58,59.7,60.9,63.4,65
402265,福岡県宮若市,75.1,77.3,84,85.1,16.9,4.8,7.9,11.8,15.7
402273,福岡県嘉麻市,83.6,83.9,83.9,84.9,30,20.4,18.6,22,25.5
402281,福岡県朝倉市,65.6,67.7,70.7,72.6,74.2,76.1,77.7,79.3,80.9
402290,福岡県みやま市,46.4,48.4,50.2,51.6,53.6,55.3,57.2,59,60.9
402303,福岡県糸島市,,68.7,69.5,68.8,71,72.8,74.6,75.2,21.1
402311,福岡県那珂川市,75.3,77.5,80.3,75.7,66.1,67.4,66.6,68.6,70.4
402311,福岡県那珂川市,75.3,77.5,80.3,75.7,66.1,67.4,66.6,68.6,70.4
402311,福岡県那珂川町,75.3,77.5,80.3,75.7,66.1,67.4,66.6,68.6,70.4
402311,福岡県那珂川町,75.3,77.5,80.3,75.7,66.1,67.4,66.6,68.6,70.4
403415,福岡県宇美町,80.9,,82.7,84.5,88.1,63.7,58.3,60.7,66.2
403423,福岡県篠栗町,56.4,56.4,58.2,60.3,62.3,64,64.2,61.6,63.9
403431,福岡県志免町,68,70.5,72.4,73.9,69.4,71.7,73.9,76.3,78.5
403440,福岡県須恵町,,53.5,55.5,55.7,51.6,54,55.6,55.9,57.3
403458,福岡県新宮町,,67.7,61.4,64.1,66.9,69.5,72.1,74.8,78.1
403482,福岡県久山町,89.7,87.8,89.6,90.5,92.3,93,92.9,92.9,91.4
403491,福岡県粕屋町,58,60.5,63.6,65.8,68.1,70.3,72.2,73.1,74.9
403814,福岡県芦屋町,,57.1,58.6,60.7,60,61.4,63.3,64.8,65.1
403822,福岡県水巻町,60.1,61.4,53.7,56.5,58.3,61,63.5,65.6,67.1
403831,福岡県岡垣町,58.2,59.2,62.9,63.5,64.9,67.2,64.7,67.1,69.5
403849,福岡県遠賀町,70.2,70.7,72.6,73.9,75.8,77.2,79.2,80.5,82
404012,福岡県小竹町,,74.2,76.3,77.8,75.5,4,7.8,11.7,15.5
404021,福岡県鞍手町,75.7,77.7,79.7,81.8,83.8,85.9,87.9,90,91.4
404217,福岡県桂川町,51.5,53.6,55.5,57.6,59.7,61.8,63.6,63.9,64.9
404471,福岡県筑前町,58.5,60.6,62.9,64.9,66.8,67.5,68.4,70.5,72.5
404489,福岡県東峰村,,,,,,,,42,46.4
405035,福岡県大刀洗町,54.3,56.1,60.9,63.8,66.7,69.7,72.6,73.3,76.1
405221,福岡県大木町,69.4,68.7,70.3,72.3,74.3,77.2,79.1,80.6,82.6
405442,福岡県広川町,,83,86.9,88.7,90.5,90.1,90.7,0.2,3.6
406015,福岡県香春町,62.9,64.8,66.9,68.9,71.9,74,71.7,74,74.7
406023,福岡県添田町,,82,83,83.6,85.1,86.1,86.1,88.5,90.8
406040,福岡県糸田町,34.5,36.5,38.6,40.6,42.6,44.6,46.7,48.7,
406058,福岡県川崎町,30,32,34,36,,40,42,44,46
406082,福岡県大任町,32.3,34.3,38.1,40.1,42,43.9,45.9,49.7,49.7
406091,福岡県赤村,55.7,60.2,59.3,61.8,64.4,66.9,69.5,69.5,68.3
406104,福岡県福智町,36.9,39.4,41.5,43.6,47.4,49.6,51.8,53.3,55
406210,福岡県苅田町,70.5,73.1,75.5,78,80.2,82.1,84.1,84.7,85.3
406252,福岡県みやこ町,,57.8,59.4,60.7,55.2,57.3,59.5,61.6,63.7
406422,福岡県吉富町,62,57.4,38.6,35.6,37.4,39.4,42.1,,
406465,福岡県上毛町,,,55.2,57.3,59.3,61.4,63.4,65.4,
406473,福岡県築上町,46.2,47.8,49.5,51.1,52.8,16.7,10.6,13,16.9
412015,佐賀県佐賀市,,64,50.8,53.2,55.6,55.5,55.4,57.9,53.3
412023,佐賀県唐津市,62.9,62.9,64.6,66.4,68.2,65.7,65.2,67,68.5
412031,佐賀県鳥栖市,82.4,87.4,89.3,90.5,91.2,91.9,92.4,11.5,6
412040,佐賀県多久市,81.5,78.1,79.2,81.6,83.8,85.8,87.9,90,92.8
412058,佐賀県伊万里市,99.9,99.7,99.7,99.7,99.8,99.8,99.8,99.8,99.8
412066,佐賀県武雄市,98,64.6,39.3,2,4,6,8,10,12
412074,佐賀県鹿島市,73.2,47.9,50.2,51.8,54,56.2,58.4,60.6,62.8
412082,佐賀県小城市,26.5,29.9,33.4,36.8,40.2,44.5,48.1,51.7,54.7
412091,佐賀県嬉野市,,69.8,71,72.3,73.4,74.2,75.4,76.7,76.4
412104,佐賀県神埼市,,55,57,59,59.2,19.5,11.3,15,19.1
413275,佐賀県吉野ヶ里町,56.9,58.5,60.8,63,65.3,67.6,67.8,70.1,71.4
413411,佐賀県基山町,52.9,55,56.1,57.5,60.6,62.4,63.3,64.4,66.8
413453,佐賀県上峰町,46.3,56.5,58.1,60.4,62.4,64.1,65.5,66.3,54.4
413461,佐賀県みやき町,52.6,39,38.8,40.5,42.2,40.7,42.5,43.2,46
413879,佐賀県玄海町,64,66,76.7,77.5,70.1,71.9,73.4,75.1,77.2
414018,佐賀県有田町,23.8,22.8,24.8,28.8,31.2,31.2,33.6,36,38.3
414239,佐賀県大町町,66.5,67.6,70.6,73.7,76.7,79.7,82.7,86,88.9
414247,佐賀県江北町,66.3,68.5,68.5,71.8,74,76.2,78.4,80.6,82.8
414255,佐賀県白石町,20.8,24.2,27.7,31.3,34.7,38.3,41.8,45.3,46.5
414417,佐賀県太良町,52.6,54.6,58,60.4,62.8,65.2,67.6,70,72.9
422011,長崎県長崎市,,71.2,72.6,75,76.2,79.5,78,78.3,80.1
422029,長崎県佐世保市,,56.3,49.4,51.5,53,52.3,56.1,54.4,56.6
422037,長崎県島原市,79.8,82.8,77.1,73.4,10.9,12.2,15.2,18.8,22.4
422045,長崎県諫早市,,36,38,40.1,42.1,43.1,47,48.3,51
422053,長崎県大村市,,81.6,83.4,79.5,81.2,82.9,84.6,86.3,88
422070,長崎県平戸市,46.3,47.1,48.4,50.8,51.6,53.8,58.8,60.7,58.3
422088,長崎県松浦市,,73.5,74.5,75.9,77.5,74.7,75.9,77.4,79.4
422096,長崎県対馬市,,49.1,52.5,53.3,56.4,58.7,61.7,62.9,65.3
422100,長崎県壱岐市,,65.8,54.5,44.5,32.4,34.7,37.3,37.2,42.2
422118,長崎県五島市,,69.4,69.7,71.3,35.7,39.2,30.5,31.6,24.7
422126,長崎県西海市,,75.2,77.2,78.8,80.6,82.1,81.9,83,82.2
422134,長崎県雲仙市,67.3,,,,,53.5,54.9,56.8,59.6
422142,長崎県南島原市,62.6,64.1,60,61.9,63.8,64.1,65.9,65.4,67.3
423076,長崎県長与町,54,56,57.8,59.5,61.2,63.5,65.8,68,70.3
423084,長崎県時津町,,48.6,50.6,52.6,54.6,56.6,58.6,59.8,62
423211,長崎県東彼杵町,76.9,79.2,80.2,77.9,80.1,76.1,77.8,75.5,75.8
423220,長崎県川棚町,93.1,94.2,95.1,96.3,,0.3,0.2,3.6,7
423238,長崎県波佐見町,71.3,89.6,90.5,91.4,92.2,93.1,93.9,94.8,95.6
423831,長崎県小値賀町,62.2,64,65.8,67.6,69.4,70.8,72.6,74.4,76.2
423912,長崎県佐々町,,73.1,77.8,80.3,81.4,82.6,83.7,88.4,89.4
424111,長崎県新上五島町,,66.5,68.5,70.5,70.5,63,69,60.2,62
431001,熊本県熊本市,58.3,59.5,59.4,61.2,63.3,62.3,64.2,63.8,65.7
432024,熊本県八代市,,73.6,76.2,77.1,74.7,76.4,18.9,21.7,24.4
432032,熊本県人吉市,93.5,93.8,93.6,82.4,65.8,68.1,7.1,9.1,5.3
432041,熊本県荒尾市,33.3,38.3,40.2,41.9,41.9,46.8,68.8,69.1,70.5
432059,熊本県水俣市,93.2,94.3,92.4,92.9,91.2,92,0.1,2.8,5.8
432067,熊本県玉名市,19.1,20.6,22.5,21.5,19.2,20.4,22.3,24.3,25.3
432083,熊本県山鹿市,21.8,24.1,26.6,29,31.4,33.4,35.8,38.3,40.9
432105,熊本県菊池市,,64.6,34.2,37.3,35,46.3,42.7,44.6,46.4
432113,熊本県宇土市,95.1,82.7,69.5,70.9,72.4,73.8,75.1,7.9,8.8
432121,熊本県上天草市,,49.6,61.9,55.4,57.5,59.4,68.4,70.2,72.1
432130,熊本県宇城市,40.5,42.6,44.6,45,46.8,48.5,48.8,39.9,42.8
432148,熊本県阿蘇市,68.7,70.7,72.7,74.7,57.5,60,61.6,64.2,64.2
432156,熊本県天草市,,49.5,51.4,53.8,17.8,21,24.2,27.2,30.3
432164,熊本県合志市,56.8,58.7,45,46.5,47.3,49.7,43.2,45.4,47.8
433489,熊本県美里町,37.7,39.1,41.4,43.5,43.9,46.3,48.7,46.8,49
433641,熊本県玉東町,96.2,97.2,97.7,76.3,77.6,80.5,80.2,98.6,98.8
433675,熊本県南関町,91.4,91.8,92,88.7,88.9,78.4,6.8,12.7,18.5
433683,熊本県長洲町,76.5,78.3,79.6,81.5,77.6,79.5,81.4,83.2,85.1
433691,熊本県和水町,62.9,64.4,65.8,67.2,68.6,68.7,69.7,61.4,63.4
434035,熊本県大津町,65.7,67.7,38,40.7,43.4,46.2,2,4.3,4.6
434043,熊本県菊陽町,,72.2,74.5,76.6,74.2,76.7,34.5,34.1,35.5
434230,熊本県南小国町,24,4.7,8.9,13.1,17.3,21.4,21.7,25.4,29.5
434248,熊本県小国町,,38.4,37.2,39.8,30.3,32.2,33,35.6,38.2
434256,熊本県産山村,78.5,80.5,60.1,80.5,82.3,84.5,86.6,88.9,85.4
434281,熊本県高森町,67.7,69.6,70.8,72.4,74.3,75.3,73,74.2,54.9
434329,熊本県西原村,58,59.9,61.9,63.6,63.5,65.6,67.6,57.1,59.7
434337,熊本県南阿蘇村,,40.5,42.5,44.5,45.3,35.3,37.7,40.1,40.9
434418,熊本県御船町,60.6,59.9,60.1,62.8,65.1,60.4,61.4,55.8,58.4
434426,熊本県嘉島町,36.9,38.9,40.9,42.9,44.9,46.9,48.8,44.7,46.7
434434,熊本県益城町,,74,86.7,,,,,0,3.2
434442,熊本県甲佐町,20,22.9,25,33.5,35,33.8,35.6,37.6,39.6
434477,熊本県山都町,14.5,16.5,18.6,19.7,21.1,21.7,24,26.4,28.9
434680,熊本県氷川町,38.4,40.7,36.3,26.5,30,34,38.2,42.3,46.4
434825,熊本県芦北町,,79.6,78.6,79.1,86,81.8,78,78.9,80.4
434841,熊本県津奈木町,64.7,65.6,63,64.7,65.1,65.3,63,63.7,66.6
435015,熊本県錦町,43.4,44,45.4,48.4,51.3,54.2,52.2,55.7,57.9
435058,熊本県多良木町,56.9,57,61.3,60.1,62.1,64.1,57.5,59.7,62.3
435066,熊本県湯前町,83.7,85.4,87.3,89.4,86.1,86.7,84,84.4,84
435074,熊本県水上村,66.8,71.4,40,41.2,42.5,44.6,44.2,46.4,46.3
435104,熊本県相良村,76,75.8,77.7,79.7,81.6,82.1,82.9,85.1,77.5
435112,熊本県五木村,,63,66.9,69.9,73.1,77.4,81.7,86,69.3
435121,熊本県山江村,51.7,64.7,66.9,66.9,69.1,60.2,63.1,65.8,
435139,熊本県球磨村,23.9,9.3,13,18.5,21.8,25.7,29.7,33,30.8
435147,熊本県あさぎり町,50.2,46.4,45.8,47.9,47.9,59,56.3,59,61.8
435317,熊本県苓北町,,,,43.7,46,48.2,50.5,51.5,52.1
442011,大分県大分市,56.4,57.5,54.1,53.5,56.4,57.9,59.6,61.4,63.2
442020,大分県別府市,61.9,,64.8,64.4,61.9,64.2,66.5,68.7,70.8
442038,大分県中津市,64.4,65.9,67.3,68.4,70.3,72.4,74.3,75.6,76.2
442046,大分県日田市,,57.8,59.8,59.2,60.6,56.9,60.7,61.9,63.5
442054,大分県佐伯市,39.3,41.2,43.1,41.6,43.7,43.1,45.1,44.8,47
442062,大分県臼杵市,79.9,77.3,68.8,71,60.6,57.4,58.6,62,65.4
442071,大分県津久見市,91.7,91.7,93.3,94.1,94.4,95.8,96.4,97,97.5
442089,大分県竹田市,45,43.1,45.8,49.7,50.1,51.8,52.8,54.3,56.4
442097,大分県豊後高田市,26.7,14.4,19.1,21.2,23.4,25.7,24.2,26.2,28.4
442101,大分県杵築市,51.8,53.8,54.4,56.3,58.7,58.5,61.2,63,62.3
442119,大分県宇佐市,71.5,73.5,72.4,73.7,24.3,11.4,8.6,11.4,14.5
442127,大分県豊後大野市,34.8,36.6,38.4,39.1,36,21.4,22.3,20.6,23.1
442135,大分県由布市,39.7,39.7,41.7,44,40.9,25.8,28.7,31.2,34.3
442143,大分県国東市,35.9,31.6,26.1,26.1,27.9,30.6,33.2,35.5,38.2
443221,大分県姫島村,30.9,27.1,24.3,61.9,64.7,67.4,69,70.6,72
443417,大分県日出町,67,61.6,63.3,65.8,68.4,69.4,71.4,72.8,73.2
444618,大分県九重町,40,42,43.9,45.8,47.8,49,51.2,53,54.5
444626,大分県玖珠町,62.9,65,67,69,71.1,73.1,73.2,75.5,79.2
452017,宮崎県宮崎市,61.9,62.2,66.9,68.7,69,69.7,68.4,68.7,70
452025,宮崎県都城市,67.1,69,70.9,71.8,74.2,76.1,78,79.6,80.4
452033,宮崎県延岡市,26.6,24.1,26.1,28.2,29.9,32,34,36.1,37.8
452041,宮崎県日南市,,78.5,79.7,80.9,80.9,83.4,72.8,74.8,18.4
452050,宮崎県小林市,,29.8,23.2,25.4,25.9,28.7,31.4,34.2,37
452068,宮崎県日向市,,89,25.9,14.1,17.4,20.7,24,27.3,30.6
452076,宮崎県串間市,75.6,80.7,82,83.7,85.2,87,88.7,90.5,92.1
452084,宮崎県西都市,84.4,85.9,86.9,84.3,85.5,82.5,7.7,10.8,14.5
452092,宮崎県えびの市,,82.3,82.8,84.8,86.7,86.3,89.2,90.3,92.3
453412,宮崎県三股町,,73,74.2,76.8,78,78.9,71.7,78.8,78.8
453617,宮崎県高原町,,79.5,82.1,83.9,85.5,86.8,88.3,90.2,92
453820,宮崎県国富町,86.2,88.4,96,96.3,96.5,96.8,97.1,94.5,94.8
453838,宮崎県綾町,,74.2,76.2,78,79.9,81.9,83.9,85.5,87.5
454010,宮崎県高鍋町,48.4,35.3,40.6,43.2,46.2,49,51.7,54.6,57.5
454028,宮崎県新富町,,47,49.7,52.4,55.1,56.1,58.1,49.9,60.2
454036,宮崎県西米良村,,98,,0,2.7,5.4,8.1,10.8,13.5
454044,宮崎県木城町,51.7,50.4,51.2,53.2,55.3,57.4,59.4,61.5,63.5
454052,宮崎県川南町,43.5,68.8,70.9,73.2,75.1,75.3,77.5,77.1,77.6
454061,宮崎県都農町,62.9,64.2,65.4,66.6,68,69.2,70.5,71.8,73.1
454214,宮崎県門川町,95.8,97.5,99.3,96.6,96.8,91.1,17.3,19.6,21.9
454290,宮崎県諸塚村,,60,62,64,66,68,70,71.9,73.9
454303,宮崎県椎葉村,8,10,12,15,17.2,19.3,21.4,23.5,25.6
454311,宮崎県美郷町,57.1,48,34.4,36.6,39,41.3,43.5,45.7,47.9
454419,宮崎県高千穂町,69.4,72,71.2,72.4,73.7,73.1,74.9,75.4,77.2
454427,宮崎県日之影町,91.9,92.5,93,93.6,94.2,94.8,2,4.1,6.2
454435,宮崎県五ケ瀬町,88.7,90.7,92.6,94.4,96.1,98.1,25.7,27.3,27.7
462012,鹿児島県鹿児島市,52,49.7,49,50.1,52.1,54.1,56.1,58.3,60.4
462039,鹿児島県鹿屋市,,54.5,56.5,58.2,60.3,62.3,64.4,66.3,68.3
462047,鹿児島県枕崎市,93.3,74,71.8,69.1,70.2,70.8,71.1,69.8,70.9
462063,鹿児島県阿久根市,,,71.7,73.6,75.8,70.5,69.7,71.9,74.2
462080,鹿児島県出水市,92,12.8,15.5,18.8,18.9,19.5,17.5,21.7,25.8
462101,鹿児島県指宿市,,88.8,64.6,67,69.5,72,56.4,58.8,61.3
462136,鹿児島県西之表市,38.1,36.4,38.4,40.3,42.2,47.5,49.7,51.5,52.7
462144,鹿児島県垂水市,85.5,86,87,88.1,89.2,89.8,90.4,90.3,89.4
462152,鹿児島県薩摩川内市,44.9,48.8,46.2,47.4,49.5,51.8,54.5,57.2,53.7
462161,鹿児島県日置市,72.2,65.3,67,52.7,59.7,59,61.2,58.8,52.9
462179,鹿児島県曽於市,80.1,81.8,83.1,84.4,80.6,77.5,77.6,46.4,48
462187,鹿児島県霧島市,43.9,30,31.3,35.3,37.2,36,38.5,40.5,40.4
462195,鹿児島県いちき串木野市,,66,72.3,74.1,76.1,78.1,80.1,81.4,82.6
462209,鹿児島県南さつま市,,74.8,76.5,47.6,47.6,49.9,52.3,52.2,50.4
462217,鹿児島県志布志市,70.7,74,75.2,75.6,77.4,76.7,78.3,79.6,79.8
462225,鹿児島県奄美市,,54.2,55.3,23,6.3,8.8,9.7,12.5,15.3
462233,鹿児島県南九州市,67.3,67.4,70.5,71.6,72.7,71.6,72.5,72.8,74
462241,鹿児島県伊佐市,79.2,,81.2,82.6,83.5,85.2,86.1,87.6,
462250,鹿児島県姶良市,72.8,74,68.1,69.3,70.5,70.4,64.4,65.7,20.2
463035,鹿児島県三島村,96,100,96.8,96.9,97.1,97.3,97.4,97.6,97.8
463043,鹿児島県十島村,,48.5,46,81.2,59.4,58,48.9,49.1,51.1
463922,鹿児島県さつま町,,,33.1,35.5,37.8,40.1,42.8,44.7,46.5
464040,鹿児島県長島町,,68.4,70.3,72.2,73.3,62.9,60.7,61.6,63.7
464520,鹿児島県湧水町,,52.6,56.9,53.9,56.4,57.1,55.4,57.6,59.4
464686,鹿児島県大崎町,75.8,77,78.7,80.6,62.4,65.2,68,70.7,73.5
464821,鹿児島県東串良町,,59.3,61.9,64.4,,67.7,70.4,73.1,47.8
464902,鹿児島県錦江町,57.7,57.7,60.7,62.7,64.7,66.7,68.7,70.7,72.8
464911,鹿児島県南大隅町,,49.8,38.1,40.5,42.5,11.6,12,13.4,16.7
464929,鹿児島県肝付町,61.2,61,41.7,38.5,39.9,40.6,40.9,43,45.2
465011,鹿児島県中種子町,83,84.9,80.1,81,81.9,82.8,83.6,81,81.8
465020,鹿児島県南種子町,,78.6,76.3,77.6,78.9,80.3,81.2,82.9,86.5
465054,鹿児島県屋久島町,,73,75.4,28.7,32.2,36.1,39.3,31.1,28.2
465232,鹿児島県大和村,,82.9,84.7,86.4,88.1,38.4,40.5,42.7,44.3
465241,鹿児島県宇検村,65.9,67.7,69.6,71.4,71.4,75,76.9,78.7,80.4
465259,鹿児島県瀬戸内町,52,54.5,56,58,60,62,58.2,60.8,63.3
465275,鹿児島県龍郷町,58,60,62,64,66,68,74.3,65.5,67.4
465291,鹿児島県喜界町,21.2,24.2,24.2,31.8,32.8,33.4,35.8,39.2,39.7
465305,鹿児島県徳之島町,82.8,84.8,88.8,90.8,92.7,94.6,96.6,97.1,21.4
465313,鹿児島県天城町,,23.9,25.3,28.6,31.7,35.1,38.4,41.8,45.2
465321,鹿児島県伊仙町,,94.1,85,87.1,85.2,86.8,88.5,90.2,91.9
465330,鹿児島県和泊町,95.7,96.7,97.2,0,2,4,6,8,10
465348,鹿児島県知名町,96.8,88.9,90.5,91.7,92.9,92.2,93.1,93.9,17.3
465356,鹿児島県与論町,93.9,95.9,96.2,96.5,25.8,2.7,4.9,7,9.2
472018,沖縄県那覇市,,20.9,23.1,24.4,26.3,27.6,29.2,30.3,32.2
472051,沖縄県宜野湾市,57.8,67.7,69.4,71,72.6,47.8,50.4,53.1,55.8
472077,沖縄県石垣市,82.9,78.4,80.4,82.4,84.4,85.4,8.9,11.9,14.8
472085,沖縄県浦添市,,36.8,38.6,38.6,41.5,43.4,44.5,47.5,49.7
472093,沖縄県名護市,,52.7,54.8,57.1,56.9,59.1,61.8,48,49.6
472107,沖縄県糸満市,28,,32,33.7,35.6,37.5,39.6,41.5,43.5
472115,沖縄県沖縄市,,,,,,54.9,57,52.3,52.4
472123,沖縄県豊見城市,42.5,44.5,46.6,0,3.4,6.9,10.3,13.8,17.2
472131,沖縄県うるま市,28.5,31.3,34.1,34.8,35.1,38.1,40.7,43.2,46
472140,沖縄県宮古島市,45.9,47.7,61.2,63.1,64.6,21.8,24.2,23.9,26.6
472158,沖縄県南城市,35.2,37.2,39.2,0,1.9,4.5,7.2,9.8,12.5
473014,沖縄県国頭村,,79,80.1,81.2,82.3,15.9,5,7,9.1
473022,沖縄県大宜味村,,84.1,85.9,87.7,88.3,89.2,77.3,5.6,8.1
473031,沖縄県東村,24,26,27.9,29.7,31.7,33.7,35.7,37.7,39.6
473065,沖縄県今帰仁村,95.3,96.1,96.9,92.4,94,95.6,97.2,17.6,5
473081,沖縄県本部町,,7.3,11,14.7,18,21.7,25.3,29,32.6
473111,沖縄県恩納村,,32.9,35.1,37.3,39.4,41.5,43.6,45.3,47.2
473138,沖縄県宜野座村,38,41.9,43.6,45.8,47.7,49.9,41.2,44.3,44
473146,沖縄県金武町,70.8,70.2,72.2,74.2,76.2,68.7,68.6,70.5,72.6
473154,沖縄県伊江村,66,67.3,69.3,71.3,73.3,75.3,77.3,79.3,81.3
473243,沖縄県読谷村,39.4,39.1,41.1,43.3,45.4,47.4,49,51.1,53.7
473251,沖縄県嘉手納町,61.2,58.5,59.8,62.1,63.2,65.9,68.8,70.9,73
473260,沖縄県北谷町,36,36.3,39.4,42,42.7,44.9,47.1,48.3,50.4
473278,沖縄県北中城村,65.3,67,60.7,62.7,64.7,66.7,44.1,46.1,50.1
473286,沖縄県中城村,,83,84.3,85.5,86.8,24.5,4,8,11.9
473294,沖縄県西原町,,2.2,6.6,8.8,11,13.2,15.4,21.4,19.8
473481,沖縄県与那原町,,74.8,77.1,79.2,81.3,,0,2,4
473502,沖縄県南風原町,36.8,58.7,60.4,61.1,63,64.4,65.7,59.3,61.1
473537,沖縄県渡嘉敷村,10.2,17.1,20.6,24,27.4,30.9,34.3,37.7,41.1
473545,沖縄県座間味村,0,2.7,5.4,8.1,10.8,13.5,16.2,18.9,21.6
473553,沖縄県粟国村,76.7,77.4,81.1,83.1,85.1,87.1,89.1,26.5,29.2
473561,沖縄県渡名喜村,50,54,56,58,60,62,64,66,68
473570,沖縄県南大東村,31,32.3,34.4,34.6,37.9,40.4,42.9,45.3,47.8
473588,沖縄県北大東村,21.7,27.8,28,30,37.5,39.9,42.4,44.8,47.3
473596,沖縄県伊平屋村,,57,62.7,64.8,64.3,66.7,69.1,71.6,73.9
473600,沖縄県伊是名村,86.4,51.3,92.5,94.8,97.1,97.8,98.2,98.7,24
473618,沖縄県久米島町,61.2,65,67.1,67.1,71.6,73.8,49.7,51.7,53.7
473626,沖縄県八重瀬町,0,2,4,6,8,10,12,14,16
473758,沖縄県多良間村,46,47.5,49.6,51.7,60.4,67.6,74.3,77.6,80.3
473812,沖縄県竹富町,76,73.1,72.9,75.2,80.4,78.9,81,4.3,7.5
473821,沖縄県与那国町,90,72.9,76,98,100,100,100,100,100
