団体コード,団体名,2016-03-31,2017-03-31,2018-03-31,2019-03-31,2020-03-31,2021-03-31,2022-03-31,2023-03-31,2024-03-31
011002,北海道札幌市,,80.6,79.4,77.5,73.8,74,72.6,73.3,71.4
012025,北海道函館市,,72.1,74.5,77.1,79,81.4,82.8,82.8,82.8
012033,北海道小樽市,,100,,,,100,100,100,31.7
012041,北海道旭川市,50.8,53.1,55.4,56.8,59,63.8,63.6,65.9,67.7
012050,北海道室蘭市,79.7,83.8,86.3,88,97.4,100,,,
012068,北海道釧路市,,59,61.3,62.7,64.8,66.7,69.2,71.3,72.9
012076,北海道帯広市,,,,,,,,,
012084,北海道北見市,62.7,60.4,51.2,46.1,49.4,52,67.6,70,72.4
012092,北海道夕張市,,,,,,,,,
012106,北海道岩見沢市,,84.4,82.9,63.2,65.4,67.6,69.8,82.8,70.3
012114,北海道網走市,,93.2,96.9,97.7,98.5,80.5,99.2,100,100
012122,北海道留萌市,59.5,68.1,71.2,74.3,77.5,80.6,81.5,84.4,83.7
012131,北海道苫小牧市,67.8,71.9,76.2,80.3,84.3,86.9,91.6,92.4,80.2
012149,北海道稚内市,,60,61.9,63.7,65.9,67.7,69.5,69.1,58.2
012157,北海道美唄市,,,93,94.5,96.1,100,100,100,100
012165,北海道芦別市,48.4,50.6,52.8,55,57.2,59.4,61.6,62.7,64.3
012173,北海道江別市,,66.2,68.8,71.3,73.9,76.3,78.4,78.7,79.9
012181,北海道赤平市,84.9,91.8,93.5,94.9,96.6,96.9,96.9,97.3,97.5
012190,北海道紋別市,33.8,31.7,67.4,40.7,44,33.9,36.3,33,30.8
012203,北海道士別市,30.9,34.9,38.9,42.9,18.5,19.4,24,28.6,33.2
012211,北海道名寄市,89.5,93.8,95.2,96.4,97.9,99.3,100,100,100
012220,北海道三笠市,100,100,100,91.2,91.4,87.9,90.8,90.4,86.4
012238,北海道根室市,70.2,72.9,75.6,78.3,81,83.7,86.4,89.1,91.8
012246,北海道千歳市,41.2,38.7,44.2,47.3,50.5,53.2,73.5,60.5,57.7
012254,北海道滝川市,,,74.5,76.6,78.7,80.9,83,85.1,87.2
012262,北海道砂川市,,,,,,,,,
012271,北海道歌志内市,84.7,84.7,87.2,89.7,94.7,97.2,97.2,98.6,97.2
012289,北海道深川市,,64,,,,72,74,76,78
012297,北海道富良野市,,,76.5,77.7,78.8,77.4,77.7,79.2,79.2
012301,北海道登別市,79.9,81.4,46.9,48.3,51.8,54.7,54.8,57.9,61
012319,北海道恵庭市,100,100,100,,,,,,
012335,北海道伊達市,23.7,28.6,33.4,38.3,43.2,48,51,55.6,60.2
012343,北海道北広島市,,56,55.2,40,44.1,47.7,10.6,12.9,60.3
012351,北海道石狩市,28.6,30.8,33.1,35.4,37.7,40,42.3,21,22.3
012360,北海道北斗市,33.3,36,38.8,41.5,44.3,47,49.6,52.2,54.8
013030,北海道当別町,,,,,,,,,
013048,北海道新篠津村,,,,,,,,,
013315,北海道松前町,,,,,,,,,
013323,北海道福島町,,,,,,,,,
013331,北海道知内町,,,,,,,,,
013340,北海道木古内町,,,,,,,,,
013374,北海道七飯町,,,,48.2,,,,,
013439,北海道鹿部町,,,,,,,,,97.7
013455,北海道森町,100,100,100,100,,,,,
013463,北海道八雲町,100,100,100,100,100,73.8,75.5,77.3,79.1
013471,北海道長万部町,,,,,,,,,
013617,北海道江差町,97.9,98.3,,,,71.2,73.5,77.5,79.6
013625,北海道上ノ国町,100,,100,100,100,100,100,93.2,93.5
013633,北海道厚沢部町,,,,,,,,,
013641,北海道乙部町,,,,,,,,,
013676,北海道奥尻町,,,,,,,,,
013706,北海道今金町,10.1,,,,,,,,
013714,北海道せたな町,,95.5,100,100,100,100,100,100,100
013919,北海道島牧村,,100,100,79.3,80,80.6,98,100,100
013927,北海道寿都町,,,,,,,,,
013935,北海道黒松内町,83.6,76.6,,92.8,96.3,96.5,96.7,96.7,97.1
013943,北海道蘭越町,,,,,,,,,
013951,北海道ニセコ町,,,,,,,,,
013960,北海道真狩村,,,,,,,,,
013978,北海道留寿都村,,,,,,,,,
013986,北海道喜茂別町,,,,,,,,,
013994,北海道京極町,,,,,,,,,
014001,北海道倶知安町,68.2,70.4,,18.5,77,79.2,81.4,83.6,85.8
014010,北海道共和町,,,,,,,,,
014028,北海道岩内町,,,,,,,,,
014036,北海道泊村,,,,,,,,,
014044,北海道神恵内村,,,,,,,,,
014052,北海道積丹町,,,,,,,,,
014061,北海道古平町,,,,,,,,,
014079,北海道仁木町,,100,100,100,100,97.1,97.3,97.6,7.3
014087,北海道余市町,84.7,,96.2,96.4,96.7,96.9,97.2,97.4,97.7
014095,北海道赤井川村,,,,,,,,,
014231,北海道南幌町,,,,,,,,,
014249,北海道奈井江町,100,,,100,100,100,100,100,100
014257,北海道上砂川町,50,52.5,54.5,10.8,12.1,16.4,19.2,22.3,25.4
014273,北海道由仁町,,,,,,,,,
014281,北海道長沼町,,,,0,2.2,4.4,6.7,8.9,11.2
014290,北海道栗山町,56.3,59.4,62.5,65.5,68.6,69.6,70.9,74.1,75.4
014303,北海道月形町,,,,,,,,,
014311,北海道浦臼町,,,,,,,,,
014320,北海道新十津川町,46.2,50.6,52.8,52.3,54.5,56.7,58.9,61.1,63.3
014338,北海道妹背牛町,,,,,,,,,
014346,北海道秩父別町,,,,,,,,,
014362,北海道雨竜町,,,,,,,,,
014371,北海道北竜町,,,,,,,,,
014389,北海道沼田町,,20.2,20.2,23.4,15.4,13.2,19.8,22,24.2
014524,北海道鷹栖町,91.9,93.1,94.2,95.4,96.6,97.7,98.9,100,100
014532,北海道東神楽町,,,,,,,,,
014541,北海道当麻町,,,,,6.6,,,,
014559,北海道比布町,,100,100,100,6.6,100,100,100,100
014567,北海道愛別町,,,,,,,,,
014575,北海道上川町,,,,,,,,,
014583,北海道東川町,,,,,,,,,
014591,北海道美瑛町,100,100,100,100,53.7,54.8,55.8,69.1,69.9
014605,北海道上富良野町,100,100,100,100,100,100,96.9,92.9,93.3
014613,北海道中富良野町,,54,56,58,60,62,64,66,66
014621,北海道南富良野町,,,,,,,,,
014630,北海道占冠村,,,,,,,,,
014648,北海道和寒町,100,100,100,98.2,98.3,94.8,90.7,91.4,92
014656,北海道剣淵町,23,27.6,32.2,36.8,41.4,45.4,50.1,54.7,59.3
014681,北海道下川町,,,62.6,66.3,70,73.7,77.3,81,84.7
014699,北海道美深町,,25.2,29.4,33.6,37.8,42,42,48.4,52.7
014702,北海道音威子府村,,,,,,,,,
014711,北海道中川町,,,,,,,,,
014729,北海道幌加内町,,,,,,,,,
014818,北海道増毛町,,,,,,,,,
014826,北海道小平町,,,,,,,,,
014834,北海道苫前町,,,,,,,,,
014842,北海道羽幌町,,,,,,,,,
014851,北海道初山別村,,,,,,,,,
014869,北海道遠別町,,,,,,,,,
014877,北海道天塩町,,,,,,,,,
015113,北海道猿払村,,,,,,,,0,0
015121,北海道浜頓別町,,,,,,,,,
015130,北海道中頓別町,,,,,,,,,
015148,北海道枝幸町,,50.6,53.1,55.5,58,59.7,62.2,64.5,66.7
015164,北海道豊富町,,,,,,,,,
015172,北海道礼文町,,,,,,,,,
015181,北海道利尻町,,,,,,,,,
015199,北海道利尻富士町,,,,,,,,,
015202,北海道幌延町,,,,,,,,,
015431,北海道美幌町,,77,79.2,81.4,83.6,85.8,88,90.2,92.4
015440,北海道津別町,,,,,,,,,100
015458,北海道斜里町,97.7,96,42.8,32.8,34.8,36.9,39,41.1,43.2
015466,北海道清里町,,,,,,,,,
015474,北海道小清水町,,45.8,39.9,42.9,45.9,48.9,51.9,54.9,56.2
015491,北海道訓子府町,13.8,13.8,23,27.6,32.2,36.8,38.4,43.1,48.1
015504,北海道置戸町,,,,,,,,,
015521,北海道佐呂間町,48.5,66,68,70,72,74,76,78,80
015555,北海道遠軽町,,96.4,,100,100,100,100,100,100
015598,北海道湧別町,,50.7,51,54,57,58.3,60.1,64.7,67.8
015601,北海道滝上町,78.9,75.8,45.2,48.1,78.2,79.6,80.5,81.8,82.3
015610,北海道興部町,,,,,,,,,
015628,北海道西興部村,,,,4.6,9.3,13.8,18.4,23,27.6
015636,北海道雄武町,,44,44.7,46.9,49.1,51.3,53.5,56,57.9
015644,北海道大空町,45,48,51,32.9,36.5,40.1,43.3,47,50.6
015717,北海道豊浦町,,,,,,,,,
015750,北海道壮瞥町,15.4,15.4,17.6,19.8,22,24.2,26.4,28.6,30.8
015784,北海道白老町,100,68.3,69.8,71.2,72.7,74.1,100,100,100
015814,北海道厚真町,43.2,12.7,17,21.3,25.6,29.9,34.3,38.6,42.8
015849,北海道洞爺湖町,,,,,,,,,
015857,北海道安平町,,,,,,,,,
015865,北海道むかわ町,,,,,,,39.9,44.3,48.4
016012,北海道日高町,,86.4,89.1,20.4,23.3,26.3,29.3,31.6,34
016021,北海道平取町,,,,,,,,,
016047,北海道新冠町,99.3,99.4,99.5,99.6,99.7,99.8,99.9,96.5,97
016071,北海道浦河町,,100,100,100,100,100,100,100,100
016080,北海道様似町,,,,,,,,,
016098,北海道えりも町,,,,,,,,,
016101,北海道新ひだか町,,,,84.4,85.9,87.3,87.7,88.2,85.4
016314,北海道音更町,,100,100,100,100,100,100,100,100
016322,北海道士幌町,,,,,,,,,
016331,北海道上士幌町,,,,,,,,,
016349,北海道鹿追町,,100,,66.8,69.3,71.8,74.3,76.8,79.3
016357,北海道新得町,,43.3,46.9,50.6,54.3,57.5,61.2,64.9,68.6
016365,北海道清水町,,97.2,99.9,100,100,100,100,100,100
016373,北海道芽室町,100,100,100,100,83.4,85.8,88.2,90.6,93
016381,北海道中札内村,,75.1,72.3,75,77.5,78,63,64.5,67.8
016390,北海道更別村,,,,,,,,,
016411,北海道大樹町,,,,,83.1,,,,
016420,北海道広尾町,,93.3,100,100,100,100,100,100,100
016438,北海道幕別町,,,,,,,,,
016446,北海道池田町,100,,,,,,,,
016454,北海道豊頃町,,,,,,,,,
016462,北海道本別町,,90.7,92.7,94.6,,98.4,100,100,100
016471,北海道足寄町,,27.6,30.8,34,36.9,40.1,43.3,46.5,49.6
016489,北海道陸別町,,,,,,,,,
016497,北海道浦幌町,,,100,100,100,100,100,100,100
016616,北海道釧路町,,,,,,87.5,84.8,85.8,86.8
016624,北海道厚岸町,,88.9,28,96.9,100,98,98,98,98
016632,北海道浜中町,,,,,,,,,
016641,北海道標茶町,,,97.6,98.2,98.8,99.2,100,100,100
016659,北海道弟子屈町,,100,100,100,100,100,100,100,100
016675,北海道鶴居村,,,,,,2.2,9.2,14.3,18.5
016683,北海道白糠町,,71.4,58.7,60.5,63.2,63.7,70.1,72.8,75.1
016918,北海道別海町,40.1,44.7,49,51.6,55.1,58.6,62.1,65.6,63.7
016926,北海道中標津町,,9.2,11.3,13.4,11,13.2,15.4,17.6,19.8
016934,北海道標津町,44.4,47.4,50.4,53.3,56.3,59.2,62.2,65.2,68.1
016942,北海道羅臼町,,,,,,,,,
022012,青森県青森市,,18.1,22.2,26.4,30.5,34.5,38.8,44.1,48.1
022021,青森県弘前市,,61.2,64.3,67,69.7,72.8,75.4,76.7,78.5
022039,青森県八戸市,,67.6,65.2,68.1,62.2,65,67.7,70.5,73.2
022047,青森県黒石市,77.9,80,82.1,83.2,84.2,85.3,86.3,87,88
022055,青森県五所川原市,,100,100,100,100,,,,
022063,青森県十和田市,,,,,,,,,
022071,青森県三沢市,,49.4,52.6,55.7,58.5,61.1,63.6,65.8,68
022080,青森県むつ市,,98.2,99.5,100,,,,,
022098,青森県つがる市,45.3,18.4,23,27.6,32.2,36.8,41.4,46,50.6
022101,青森県平川市,,40,42.4,,,49.2,44.7,46.9,49
023019,青森県平内町,,93,93.5,100,100,100,100,100,100
023035,青森県今別町,,,,,,,,,
023043,青森県蓬田村,,,,,,,,,
023078,青森県外ヶ浜町,,,,,,,,,
023213,青森県鰺ケ沢町,,,,,,,100,100,98.7
023230,青森県深浦町,,,,,,,,,
023434,青森県西目屋村,,,,,,,,,
023612,青森県藤崎町,,,,,,,,,
023621,青森県大鰐町,,80.9,82.2,82.7,84.2,85.5,87.4,89.4,91.3
023671,青森県田舎館村,100,100,,57.5,72.7,17.2,20.5,17.6,21
023817,青森県板柳町,,,,,,,,,
023841,青森県鶴田町,,,,,,,,,
023876,青森県中泊町,,,,,,,,,
024015,青森県野辺地町,63.2,66,67.4,69.5,71.6,73.7,76,70.8,80
024023,青森県七戸町,100,100,100,100,100,,,,
024058,青森県六戸町,72,74.1,72.2,75.1,77.1,89,91.2,93.5,95.2
024066,青森県横浜町,90.2,93.6,95.9,99.4,99.5,,,,
024082,青森県東北町,,,,,,,,,
024112,青森県六ケ所村,,,,,,,,,
024121,青森県おいらせ町,59.5,74.8,78,81.2,84.2,83.5,86.3,89.2,
024236,青森県大間町,,,,,,,,,
024244,青森県東通村,,,,,,,,,
024252,青森県風間浦村,,,,,,,,,
024261,青森県佐井村,,,,,,,,,
024414,青森県三戸町,78.5,81.9,85.3,87.8,88.8,89.7,86.1,87.3,88.4
024422,青森県五戸町,,,,,,,,,
024431,青森県田子町,,,,,,,,,
024457,青森県南部町,100,100,100,100,,,,,
024465,青森県階上町,,,,,,,,,
024503,青森県新郷村,,,,,,,,,
032018,岩手県盛岡市,,52,54.4,55.6,54.5,56.6,59.1,54.3,51.8
032026,岩手県宮古市,65.3,67.9,70,69.6,72.7,75.7,73.1,76.9,80.5
032034,岩手県大船渡市,,,,,,,,,
032051,岩手県花巻市,,,,,,,,,
032069,岩手県北上市,,,,,,,,,
032077,岩手県久慈市,,,,,,78.9,77.7,68.1,68.6
032085,岩手県遠野市,47.5,,43.6,45.3,45.9,45,46.1,45.8,30.3
032093,岩手県一関市,,91.9,92.3,97.6,96.9,97.2,97.4,,
032107,岩手県陸前高田市,,,,,,,,,
032115,岩手県釜石市,95.6,96.2,7.4,10.2,13.1,15.9,15.3,18.2,21.2
032131,岩手県二戸市,,,,,,,,,
032140,岩手県八幡平市,,63.4,66.7,68.5,70.3,72.1,73.9,76.8,76.8
032158,岩手県奥州市,,80.9,,,,,,,
032166,岩手県滝沢市,,,,,,,,,
033014,岩手県雫石町,,68.6,70.8,73,74.3,76.6,76.3,79.5,81.9
033022,岩手県葛巻町,88.2,92.5,96.8,100,100,100,100,100,100
033031,岩手県岩手町,77.8,48.6,51.3,54,56.7,59.4,62.1,64.8,67.5
033219,岩手県紫波町,,100,99.5,99.8,100,100,100,100,100
033227,岩手県矢巾町,,55.9,58.1,60.2,62.4,63.3,65.5,67.7,69.4
033669,岩手県西和賀町,,,,,,,,,
033812,岩手県金ケ崎町,,,,,,,,,
034029,岩手県平泉町,,,,,,,,,
034410,岩手県住田町,,73.6,78.4,83.1,87.9,92.6,96.7,100,100
034614,岩手県大槌町,,,,,,,,,
034827,岩手県山田町,,90.5,93.1,95.6,98.1,100,100,100,100
034835,岩手県岩泉町,,,,,,,,,
034843,岩手県田野畑村,23,23,27.6,32.2,36.8,41.4,46,50.6,
034851,岩手県普代村,,,,,,,,,
035017,岩手県軽米町,,,,,,,,,
035033,岩手県野田村,100,100,100,100,100,100,100,100,100
035068,岩手県九戸村,,,,,,,,,
035076,岩手県洋野町,,81.1,83.2,85.3,86.5,88.6,90.8,92.9,95
035246,岩手県一戸町,,100,100,100,99.5,99.5,99.5,99.7,99.7
041009,宮城県仙台市,,37.3,36.8,36.1,36.3,38.4,37.7,38.2,40.3
042021,宮城県石巻市,,5.4,10.3,10.3,19.5,24.1,28.7,33.3,38
042030,宮城県塩竈市,,18.4,23,27.5,27.5,36.7,41.3,45.9,50.6
042056,宮城県気仙沼市,,,,,,26.6,28.3,30,31.7
042064,宮城県白石市,,86.6,88.3,89.6,90.3,90.7,91,88.4,89.2
042072,宮城県名取市,37.7,40.2,48.6,45.5,47.9,41.4,39.5,42.7,42.6
042081,宮城県角田市,,88.4,89.8,91.1,92.4,93.2,98.7,91.7,89.2
042099,宮城県多賀城市,,76.7,78.3,80,81.7,83.3,84.6,85.8,86.8
042111,宮城県岩沼市,26.2,24.8,26.4,31.7,34.4,37.1,39.8,42.5,38.8
042129,宮城県登米市,,54.9,56.9,27.6,31.3,34.9,34.4,38.3,42.1
042137,宮城県栗原市,,,,,,,,,
042145,宮城県東松島市,,,,,,,,,
042153,宮城県大崎市,,,,,,97.6,98.5,99.4,100
042161,宮城県富谷市,,,,,,,,,
043010,宮城県蔵王町,66.5,68.8,71.1,69,71.4,73.8,75.8,77.8,79.4
043028,宮城県七ケ宿町,,,,,,,,,
043214,宮城県大河原町,30.6,33.3,35.9,38.6,41,42.9,44.8,46.7,48.6
043222,宮城県村田町,100,100,100,100,100,100,0,32.2,36.8
043231,宮城県柴田町,18.4,21.9,21.4,28.9,28.9,36.2,30.2,31.5,37.8
043249,宮城県川崎町,,,,,,,,,
043419,宮城県丸森町,71.7,73.8,75.2,76.7,77,79.3,81.5,83.8,86
043613,宮城県亘理町,,33.8,36,34.3,40.1,46,47.9,50.1,51.9
043621,宮城県山元町,,84.7,100,100,100,100,100,100,100
044016,宮城県松島町,,,13.8,18.4,23,27.6,32.2,36.8,41.4
044041,宮城県七ケ浜町,,,11.6,,16.6,18.8,21.4,20.1,11.2
044067,宮城県利府町,,16.3,19.3,22.2,28.1,30.8,29.1,31.5,33.9
044211,宮城県大和町,70.4,63.5,66.1,36.4,39.9,43.6,42.8,46.6,50.6
044229,宮城県大郷町,,0,4.6,9.2,13.8,18.4,23,33.8,36.8
044245,宮城県大衡村,100,,100,100,96.2,96.4,96.4,96.3,96.9
044440,宮城県色麻町,,,,,,,,,
044458,宮城県加美町,,63.2,63.2,48.4,43.5,46.4,49.9,52.2,55
045012,宮城県涌谷町,97.5,98.1,88.2,89.2,13.8,18.4,23,,
045055,宮城県美里町,,,,88.1,89.6,91.1,55.3,39.6,29.7
045811,宮城県女川町,,,,,,,,,
046060,宮城県南三陸町,,,,,,,,,
052019,秋田県秋田市,64.1,62,64.6,70.7,73.5,74.9,70.5,71.6,73.2
052027,秋田県能代市,100,100,100,100,100,100,100,100,100
052035,秋田県横手市,,61.2,63.2,65.2,83.8,85.7,87.5,89.4,91.3
052043,秋田県大館市,,92.4,91.4,65.1,67.3,69.5,71.3,73,75.1
052060,秋田県男鹿市,100,,,,,,,,
052078,秋田県湯沢市,,100,100,73.1,73.7,74.4,75,75.4,76
052094,秋田県鹿角市,,26.4,28.6,30.8,33,34.8,37,39.2,41.4
052108,秋田県由利本荘市,,57.4,61.2,65,30.9,35.2,39.1,43.1,46.5
052116,秋田県潟上市,91.3,90.1,90.2,90,89.9,90.7,84.1,86.2,87.6
052124,秋田県大仙市,90,91,90.5,91.6,92.7,94.2,94.8,95.4,96
052132,秋田県北秋田市,,87.4,,,,96.9,,90.7,91.8
052141,秋田県にかほ市,,,,,,,,,
052159,秋田県仙北市,,85.6,87.7,89.4,91,92.7,94.3,96,97.6
053031,秋田県小坂町,60.7,62.4,64.2,65.9,67.6,69.3,71,72.8,74.5
053279,秋田県上小阿仁村,,,,,,,,,
053465,秋田県藤里町,,,,,,,,,
053481,秋田県三種町,94.4,95.2,96.1,96.9,97.7,98.5,99.1,99.6,100
053490,秋田県八峰町,,,,,,,,,
053619,秋田県五城目町,,,,,,,,,
053635,秋田県八郎潟町,,,,,,97.7,98.6,98.4,98.7
053660,秋田県井川町,,100,100,100,100,100,100,100,96
053686,秋田県大潟村,,,,,,,,,
054348,秋田県美郷町,,,,,,,,,
054631,秋田県羽後町,,,,,,,,,
054640,秋田県東成瀬村,15,18,21,24,27,30.3,33.2,36.2,39.2
062014,山形県山形市,6.3,10.5,14.6,18.8,23,27.1,9.3,11.3,13.3
062022,山形県米沢市,48.8,51.4,94.9,94.4,96.8,97.8,98.1,98.4,100
062031,山形県鶴岡市,38.6,42.5,46.3,46.3,61.1,64.2,67.3,65.7,68.2
062049,山形県酒田市,83,96.7,98,26,28,30,32,30,36
062057,山形県新庄市,52.7,54.5,56.3,58.1,59.9,61.8,63.6,72.6,74.1
062065,山形県寒河江市,,,,,,,,,96.8
062073,山形県上山市,80.6,67.6,69.8,70.6,73.2,74.6,76,76.7,63.8
062081,山形県村山市,,56.3,56.6,,,,,,
062090,山形県長井市,,75.3,77.7,80.1,82.5,84.7,86.7,88.8,90.8
062103,山形県天童市,95.6,96.8,96.8,97.1,94.5,97.7,61.4,63,64.7
062111,山形県東根市,74.3,76.5,72.4,83.7,74.3,76.7,79.2,68.9,71.6
062120,山形県尾花沢市,,,,,,,,,
062138,山形県南陽市,88.2,90.7,92.4,94,95.6,97.2,98.8,100,100
063011,山形県山辺町,,,,,,,,,
063029,山形県中山町,,,,,,,,,
063215,山形県河北町,,,,,,,,,
063223,山形県西川町,,,,,,,,,
063231,山形県朝日町,,,,,,,,,
063240,山形県大江町,,,,,,,,,
063410,山形県大石田町,,,,,,,,,
063614,山形県金山町,,,,,,,,,
063622,山形県最上町,,,,,,,,,
063631,山形県舟形町,,,,,,,,,
063649,山形県真室川町,,,,,,,,,
063657,山形県大蔵村,58,64,66,74.8,77,79.2,81.4,83.6,85.8
063665,山形県鮭川村,,,,,,,,,
063673,山形県戸沢村,,48.8,51,53.2,55.4,57.6,59.8,62,64.2
063819,山形県高畠町,15.2,18.8,22.4,26,29.7,,,,
063827,山形県川西町,,,,,,,,,
064017,山形県小国町,,,,,,,,,
064025,山形県白鷹町,100,100,100,100,100,100,100,100,100
064033,山形県飯豊町,82.9,87.5,87.5,92.1,100,99,99,99.1,99.2
064262,山形県三川町,,,,,,,,,
064289,山形県庄内町,,,,,,,,,
064611,山形県遊佐町,,,,,,,,,
072010,福島県福島市,,,,60.1,62.3,64,66.4,68.3,70.5
072028,福島県会津若松市,88.4,89.3,90.2,91.2,88,89.4,78.6,80,76.2
072036,福島県郡山市,46.7,49.1,51.5,54,56.4,58.8,61.2,63.7,66.1
072044,福島県いわき市,,94.8,14.3,18.6,21.3,24,26.7,29.4,30.5
072052,福島県白河市,,,,,,,,,
072079,福島県須賀川市,47.6,49.9,52,54.2,,,,,
072087,福島県喜多方市,,63.7,65.4,67,75.6,72.9,74.7,76.4,78.2
072095,福島県相馬市,,,84.6,85.4,86.2,87,,53.4,35.5
072109,福島県二本松市,,100,100,100,100,100,100,100,100
072117,福島県田村市,57.3,64.3,91.2,93.6,93.6,96.5,97.2,98.4,99.3
072125,福島県南相馬市,,,67.8,46,,,,,
072133,福島県伊達市,,56.1,58.8,61.4,64.1,64.1,49.7,54.4,56.4
072141,福島県本宮市,,97.9,96.8,97.1,97.4,97.6,100,98.2,98.5
073016,福島県桑折町,,64,64.2,65.5,67.9,70.4,72.8,74.2,76.8
073032,福島県国見町,,,,,,,,,
073083,福島県川俣町,,,,,,,,,
073229,福島県大玉村,,,,,,,,,
073423,福島県鏡石町,92,92,96.6,100,100,100,100,100,100
073440,福島県天栄村,,,,,,,,,
073644,福島県檜枝岐村,,,30.1,32.3,34.5,36.7,,,
073679,福島県只見町,,,,,,,,,
073687,福島県南会津町,,,,,,,,,
074021,福島県北塩原村,,,,,,,,,
074055,福島県西会津町,,,,,,,,,
074071,福島県磐梯町,,67.1,69.3,71.6,73.8,76.1,78.3,80.5,82.8
074080,福島県猪苗代町,86.2,87.9,90.2,92.4,94.6,96.8,99.1,100,100
074217,福島県会津坂下町,,66,68.2,70.4,70.4,74.8,77,73.2,73.6
074225,福島県湯川村,,,,,,,,,
074233,福島県柳津町,,,,,,,,,
074446,福島県三島町,,,,,,,,,
074454,福島県金山町,,,,,,,,,
074462,福島県昭和村,,,,,,,,,
074471,福島県会津美里町,,,,,,,,,
074616,福島県西郷村,,,37.9,38.6,33.5,35.7,40.1,41.3,43.8
074641,福島県泉崎村,,79.8,84,88.2,92.4,96.6,100,100,96.3
074659,福島県中島村,,0,4.6,9.2,13,18.2,22.8,27.5,32.1
074667,福島県矢吹町,,,,,,,,,
074811,福島県棚倉町,,,,,,,,,
074829,福島県矢祭町,,,,,,,,,
074837,福島県塙町,,,,,,,,,
074845,福島県鮫川村,,,,,,,,,
075019,福島県石川町,,,55.5,53.6,55.9,58.2,60.6,,
075027,福島県玉川村,,,,,,,,,
075035,福島県平田村,,,,,,,,,
075043,福島県浅川町,,,,,,,,,
075051,福島県古殿町,,,,,,,,,
075213,福島県三春町,,46.2,,,,,,,
075221,福島県小野町,,84,92.4,93.1,100,100,100,100,100
075418,福島県広野町,100,78.2,79.4,80.6,81.9,83.1,84,85.3,86.5
075426,福島県楢葉町,,,,,,,,,
075434,福島県富岡町,,77.2,79.7,82.3,84.9,,,,
075442,福島県川内村,,,,,,,,,
075451,福島県大熊町,,57.4,67,75.4,79.6,79.6,88.2,92.4,96.6
075469,福島県双葉町,,100,100,100,100,100,100,100,
075477,福島県浪江町,,,,,,,,,
075485,福島県葛尾村,,,,,,,,,
075612,福島県新地町,,,,,,69,73.6,78.2,82.8
075647,福島県飯舘村,,,,,,,,,
082015,茨城県水戸市,,100,100,100,100,100,100,100,100
082023,茨城県日立市,100,100,100,100,100,100,,,
082031,茨城県土浦市,59.6,62.7,66.3,69.8,73.3,76.9,80.4,83.9,87.4
082040,茨城県古河市,,,,,,,,,
082058,茨城県石岡市,74.9,76.2,77.9,79.6,81.3,83,84.7,86.4,84.6
082074,茨城県結城市,,,,,,,,,
082082,茨城県龍ケ崎市,,,,,,,,,
082104,茨城県下妻市,,,,,,,,,
082112,茨城県常総市,98.7,99,99.3,99.5,99.7,100,100,100,100
082121,茨城県常陸太田市,,,,,,,,,
082147,茨城県高萩市,,,,,,,,,
082155,茨城県北茨城市,,,,,,,,,
082163,茨城県笠間市,,22.6,27.1,31.7,36.2,40.7,45.3,49.2,53.2
082171,茨城県取手市,,,,,,,,,
082198,茨城県牛久市,,,,,,,,,
082201,茨城県つくば市,70.5,72.2,72.6,72.9,64.3,64,66.5,67.6,67.7
082210,茨城県ひたちなか市,,24.6,26.8,26.8,40.1,46.8,53.4,60.1,66.8
082228,茨城県鹿嶋市,,,,,,,,,
082236,茨城県潮来市,,,,,,,,,
082244,茨城県守谷市,27.2,30.7,27.7,30.6,33.6,36.5,39.4,42.2,44.4
082252,茨城県常陸大宮市,,,,,,,,,
082261,茨城県那珂市,,,,,,,,,
082279,茨城県筑西市,,,,,,,,,
082287,茨城県坂東市,,,,,,,,,
082295,茨城県稲敷市,,,,,,,,,
082309,茨城県かすみがうら市,,39.5,47.5,49.8,52.1,58.1,59.5,57.8,41.5
082317,茨城県桜川市,98.9,100,100,100,100,100,100,100,100
082325,茨城県神栖市,52.8,51.9,35.5,40.9,36.4,40.7,44.9,34.3,38.9
082333,茨城県行方市,,,,,,,,,
082341,茨城県鉾田市,,,,,,,,,
082350,茨城県つくばみらい市,,7.7,17.8,22,26.1,30.2,34.3,38.3,40.1
082368,茨城県小美玉市,,,,,,,,,
083020,茨城県茨城町,,,,,,,,,
083097,茨城県大洗町,,,,,,,,,
083101,茨城県城里町,,,,,,,,,
083411,茨城県東海村,27.2,28.6,30.8,33,35.2,37.4,39.6,41.8,44
083640,茨城県大子町,,,,,,,,,
084425,茨城県美浦村,,100,100,100,100,100,100,100,100
084433,茨城県阿見町,57.5,53.3,55.4,57.4,59.4,61.5,63.5,65.6,67.6
084476,茨城県河内町,,,,,,,,,
085219,茨城県八千代町,,,,,,92,,,
085421,茨城県五霞町,,,94.8,,,97.1,97.2,97.4,97.4
085464,茨城県境町,,,,,,,,,
085642,茨城県利根町,,,,,,,,,
092011,栃木県宇都宮市,,22.3,24.4,26.5,28.9,30.7,32.8,34.5,36.9
092029,栃木県足利市,,47.1,49.5,51.8,53.6,56,56.8,59.2,61.6
092037,栃木県栃木市,,42,43.8,46,48.2,50.4,58.7,61.1,63.5
092045,栃木県佐野市,,55.7,58.6,61.5,64.4,67.1,69.2,71.6,73.9
092053,栃木県鹿沼市,100,100,100,100,100,100,100,100,100
092061,栃木県日光市,,83.4,92.3,96.4,88.8,100,100,100,97.3
092088,栃木県小山市,,99.1,99.1,99.2,99.3,99.4,99.4,99.5,99.6
092096,栃木県真岡市,100,100,94.9,95.4,95.4,95.6,95.9,96.1,96.3
092100,栃木県大田原市,,,,,,,,,
092118,栃木県矢板市,73.7,70.6,73.6,76.7,79.7,37.7,33.7,37.3,40.9
092134,栃木県那須塩原市,,,,,,,,,
092142,栃木県さくら市,15.3,18.3,21.3,24.3,27.3,30.2,33.2,36.3,35.4
092151,栃木県那須烏山市,,,,,,,,,
092169,栃木県下野市,,58.2,55,48.1,50.7,53.4,55.9,35.4,38
093017,栃木県上三川町,,,,,,,,,
093424,栃木県益子町,,,,,,,,,
093432,栃木県茂木町,,,,,,,,,
093441,栃木県市貝町,,,,,,,,,
093459,栃木県芳賀町,,,,,,,,,
093611,栃木県壬生町,78.5,84.8,87.7,85.7,87.1,90.7,30.9,67.3,68.1
093645,栃木県野木町,54,57.1,59.5,62,64.5,67,69.5,71.9,74.4
093840,栃木県塩谷町,,,,,,,,,
093866,栃木県高根沢町,,,80.1,82.6,85.1,87.5,90,91.7,92.7
094072,栃木県那須町,,,,,,,,,
094111,栃木県那珂川町,,,,,,,,,
102016,群馬県前橋市,,53.4,56,58.6,61.2,63.7,66,68.3,65.6
102024,群馬県高崎市,45.1,47.5,49.9,52.3,54.6,57,68.7,70.6,72.5
102032,群馬県桐生市,,,,,,,,,
102041,群馬県伊勢崎市,,67.8,63.8,66,66.6,68.7,70.5,72.7,75.2
102059,群馬県太田市,55.7,61.8,62.8,65.8,67.4,68.7,71.8,74.5,77.1
102067,群馬県沼田市,,,,,,,,,
102075,群馬県館林市,,67,69.3,71.5,74,76.4,77,79.6,82.1
102083,群馬県渋川市,,,,,,,,,
102091,群馬県藤岡市,,54.5,57.5,60.5,63.5,66.5,69.5,72.5,75.5
102105,群馬県富岡市,26.3,,31.9,34.7,37.8,40.5,43.2,45.9,46.6
102113,群馬県安中市,,,,,,,,,
102121,群馬県みどり市,,,,,,,,,
103446,群馬県榛東村,,100,100,100,100,100,100,100,100
103454,群馬県吉岡町,94.3,62.8,65.1,67.5,,72.3,74.6,77,79.2
103667,群馬県上野村,,,,,,,,,
103675,群馬県神流町,,,,,,,,,
103829,群馬県下仁田町,,,,,,,,,
103837,群馬県南牧村,,,,,,,,,
103845,群馬県甘楽町,,,,,,,,,
104213,群馬県中之条町,,,,,,,,,
104248,群馬県長野原町,,,,,,,,,
104256,群馬県嬬恋村,,,,,,,,,
104264,群馬県草津町,,,,,,,,,
104281,群馬県高山村,,,,,,47.3,49.4,,
104299,群馬県東吾妻町,,,,,,,,,
104434,群馬県片品村,,100,100,2,4.2,6.4,8.6,8.6,13
104442,群馬県川場村,,,100,100,,,,,
104485,群馬県昭和村,,,,,,,,,
104493,群馬県みなかみ町,72,75.1,78,79.8,82.9,86,89,92.1,95.1
104647,群馬県玉村町,55.4,61.4,59.3,62.7,66.1,63.9,67.2,70.6,71.8
105210,群馬県板倉町,97.6,97.8,96.7,96.9,97.2,97.4,97.7,97.9,98.2
105228,群馬県明和町,,,,,,95.3,,,
105236,群馬県千代田町,72.6,74.8,77,79.2,81.4,68.8,59.1,64.4,
105244,群馬県大泉町,48.3,50.7,53.6,51.5,54.6,57.6,60.6,63.7,66.5
105252,群馬県邑楽町,33.1,36.6,40.1,43.6,46.9,50.4,53.9,56.5,
111007,埼玉県さいたま市,44.6,46.5,46.5,50.5,47.4,49.3,51.3,53.3,55.3
112011,埼玉県川越市,66.3,68.3,70.3,72.3,74.3,76.3,78.3,80.3,82.3
112020,埼玉県熊谷市,,62.5,64.7,66.9,69.1,71.1,73.1,60,62.4
112038,埼玉県川口市,53.6,55.8,58,60.2,62.5,64.7,66.9,69,65.3
112062,埼玉県行田市,,83.6,82.7,85.2,87.6,90.1,92.1,94.6,97.1
112071,埼玉県秩父市,64.2,65.1,66.4,67.4,67.5,69.7,73,75,78.4
112089,埼玉県所沢市,70.3,71.2,73.7,73.7,76.5,76.2,75.1,77,78.8
112097,埼玉県飯能市,36,38,40,42,44,46,48,50,52
112101,埼玉県加須市,58.3,60.3,62.4,64.4,66.5,68.1,68.1,72.4,74.5
112119,埼玉県本庄市,,45.6,47.8,49.7,51.9,54.1,56,58.2,60.4
112127,埼玉県東松山市,,,,,,,,,
112143,埼玉県春日部市,21.2,23.8,26.5,29.1,31.6,34.1,36.7,38.4,41.1
112151,埼玉県狭山市,,80.5,82.7,85,86.6,88.7,87.6,89.3,90.9
112160,埼玉県羽生市,,,,,,,,,
112178,埼玉県鴻巣市,35.2,37.2,39.2,41.2,43.2,45.2,47.2,49.2,51.2
112186,埼玉県深谷市,,,,,,,,,
112194,埼玉県上尾市,,28.9,31.1,33.3,35.5,37.7,39.9,40.9,43.3
112216,埼玉県草加市,92.5,93.7,93.6,97.9,98.9,99.7,99.7,100,62.6
112224,埼玉県越谷市,45.9,61.2,63.2,65.1,65.7,69,71,70.4,71.1
112232,埼玉県蕨市,71.7,74.3,72.3,68.5,69.7,69.8,71.1,73.3,74.8
112241,埼玉県戸田市,30,32.2,34.4,36.6,38.8,41,43.2,45.4,47.6
112259,埼玉県入間市,56,58.3,53.4,54.2,56,57.2,58.9,58.9,60.9
112275,埼玉県朝霞市,29.2,31.4,33.6,35.8,23.5,25.7,27.7,29.9,32.1
112283,埼玉県志木市,52.4,54.4,41,43,45.1,47.3,49.4,51.4,53.4
112291,埼玉県和光市,57.5,60.3,62.9,65.4,36,39.5,12.3,16.5,20.7
112305,埼玉県新座市,,66.3,55.9,58.2,60.1,62.4,64.6,66.9,69.1
112313,埼玉県桶川市,52.5,54.3,54.3,57.9,59.6,61.2,62.9,64.6,63
112321,埼玉県久喜市,,62.7,64.9,67.1,69.3,71.5,73.7,75.9,78.1
112330,埼玉県北本市,2.7,5.4,8.1,10.8,13.5,16.2,18.9,21.6,24.3
112348,埼玉県八潮市,,,,,,,,,
112356,埼玉県富士見市,,44,31.6,34,36.5,39,41.1,34.2,36.4
112372,埼玉県三郷市,,47.5,49.8,52.1,54.3,56.6,56.9,59.3,61.8
112381,埼玉県蓮田市,,51.4,55.3,57.4,57.4,61.7,63.9,66.1,68.2
112399,埼玉県坂戸市,70.8,72.8,75,74,76.2,78.4,80.8,82,84.2
112402,埼玉県幸手市,96,83.2,99,100,100,97.8,97.8,97.9,98
112411,埼玉県鶴ケ島市,46.1,57.3,59.4,61.6,63.7,65.7,64,66.4,
112429,埼玉県日高市,,,,,,,,,
112437,埼玉県吉川市,59.4,61.6,63.8,66,65.1,58.6,61.8,65,67.6
112453,埼玉県ふじみ野市,,22.2,24.2,26.2,28.2,30.2,32.2,34.2,36.2
112461,埼玉県白岡市,38.6,60.2,62.2,64.2,66.2,68.2,70.2,70.7,73.2
113018,埼玉県伊奈町,77,78.5,80.8,83,85.3,87.5,89.8,92,94.3
113247,埼玉県三芳町,,,71.4,73.4,75.5,77,78.8,80.4,82.2
113263,埼玉県毛呂山町,,62.4,64.6,66.8,64.3,66.5,67.7,69.9,72.2
113271,埼玉県越生町,,,,,,,,,
113417,埼玉県滑川町,,,,,,,,,
113425,埼玉県嵐山町,,,,,,,,,
113433,埼玉県小川町,,,,,,,,,
113468,埼玉県川島町,,,,,,,,,
113476,埼玉県吉見町,,,,,,,,,
113484,埼玉県鳩山町,,,,,,,,,
113492,埼玉県ときがわ町,,,,,,,,,
113611,埼玉県横瀬町,33.4,36.2,39.3,41.9,44.9,48,51.1,54.2,57.3
113620,埼玉県皆野町,,,,,,,,,
113638,埼玉県長瀞町,,,,,,,,,
113654,埼玉県小鹿野町,56,58,56.3,58.9,61.5,64.2,,,
113697,埼玉県東秩父村,,100,0,100,100,,100,100,
113816,埼玉県美里町,,,,,,,,,
113832,埼玉県神川町,,,,,,,,,
113859,埼玉県上里町,46.6,49.3,51.9,54.6,57.3,57.8,59.6,62.3,65
114081,埼玉県寄居町,68,70,72,74,76,78,80,82,84
114421,埼玉県宮代町,0,8.4,9.2,14.4,19.6,20.4,23.3,27.5,31.7
114642,埼玉県杉戸町,,23,27.6,15.9,36.8,41.4,46,50.6,55.2
114651,埼玉県松伏町,30.8,33,35.2,37.4,39.6,41.8,44,46.2,48.4
121002,千葉県千葉市,,,,,,,,,
122025,千葉県銚子市,,,,,,,,,
122033,千葉県市川市,,,75.2,74.3,74.4,74.8,76.4,77.9,78.4
122041,千葉県船橋市,55.1,55.8,57.4,52.6,54.8,56.6,59.2,61.9,64.8
122050,千葉県館山市,,,,,,,,,
122068,千葉県木更津市,,,,,,,,,
122076,千葉県松戸市,96,98,100,76.3,77.1,77.9,16.5,18.8,21.1
122084,千葉県野田市,,68,69.9,71.8,73.7,75.6,77.5,15.8,18
122106,千葉県茂原市,42.6,44.2,46.3,48.3,50.4,50.4,54.4,55.3,57.3
122114,千葉県成田市,,62.5,65.2,67.8,70.5,73.2,75.9,78.2,80.9
122122,千葉県佐倉市,,31.5,33.6,35.7,37.7,39.8,41.9,43.7,43.8
122131,千葉県東金市,,,,,,,,,
122157,千葉県旭市,,,,,,,,,
122165,千葉県習志野市,,87,89.2,91.4,36.8,30.5,16.1,24.4,
122173,千葉県柏市,,94.3,95.2,100,100,100,97.8,92,93.1
122181,千葉県勝浦市,41.4,,,36.8,,,,81.2,86.1
122190,千葉県市原市,,30.6,32.9,35.2,37.3,39.6,42,44.2,
122203,千葉県流山市,,58,60.2,62.4,64.6,85.3,69,23.3,25.2
122211,千葉県八千代市,,,,,,19.7,,,
122220,千葉県我孫子市,,,,,,,,,
122238,千葉県鴨川市,,,,,,,,,
122246,千葉県鎌ケ谷市,,76.4,57.9,59.6,61.4,63.1,64.5,66.3,28.5
122254,千葉県君津市,,,,,,,,,
122262,千葉県富津市,,,,,,,,,
122271,千葉県浦安市,,100,100,100,100,100,100,100,100
122289,千葉県四街道市,,46.9,43.9,45.1,47.3,48.9,51,53.7,56
122297,千葉県袖ケ浦市,100,99.5,100,94.9,95.4,95.9,96.4,97,97.5
122301,千葉県八街市,,,,,,0,0,2.2,4.4
122319,千葉県印西市,,,,,,,,,
122327,千葉県白井市,,58,59,60.9,61.7,64.4,65.8,68,70.9
122335,千葉県富里市,,,,,,,,,
122343,千葉県南房総市,,,,,,,,,
122351,千葉県匝瑳市,,,,,,,,,
122360,千葉県香取市,55.1,64.8,66.7,68.7,70.6,72.6,73.5,75.5,77.6
122378,千葉県山武市,,,,,,,,,
122386,千葉県いすみ市,72.2,75.8,79.4,82.6,86.3,89.9,93.5,95.1,94.9
122394,千葉県大網白里市,,,,,0,4.6,9.2,13.8,18.4
123226,千葉県酒々井町,,,,,,,,,
123293,千葉県栄町,,,,,,,,,
123421,千葉県神崎町,,,,,,,,,
123471,千葉県多古町,,,,,,,,,
123498,千葉県東庄町,40.4,44.2,58.4,63.2,63.2,60.1,76.9,77.1,81.8
124036,千葉県九十九里町,,,,,,,,,
124095,千葉県芝山町,,,,,,,,,
124109,千葉県横芝光町,,,,,,,,,
124214,千葉県一宮町,,,,,,0,,,
124222,千葉県睦沢町,,,,,,,,,
124231,千葉県長生村,,,,,,,,,
124249,千葉県白子町,,,,,,,,,
124265,千葉県長柄町,94.7,97.9,98.8,98.9,99.1,99.2,,,
124273,千葉県長南町,,,,,,,,,
124419,千葉県大多喜町,,,,,,,,,
124435,千葉県御宿町,100,100,100,100,100,100,95.6,93.9,80.3
124630,千葉県鋸南町,,,,,,,,,
131016,東京都千代田区,,59.9,62.1,64.3,66.5,63.4,65.6,67.8,70
131024,東京都中央区,,,34.9,37.8,40.3,42.8,45.2,47.6,48.6
131032,東京都港区,,26.8,29.2,30.2,34.4,34.5,37.3,40.2,41.8
131041,東京都新宿区,61,70.8,68.5,70.1,71.3,73.1,73.8,75.1,76.7
131059,東京都文京区,,66.6,68,69.2,69.2,69.3,69.4,68.9,67.3
131067,東京都台東区,,,,51,53.4,56,58.7,61.4,63.4
131075,東京都墨田区,82.5,85.5,85.7,84.6,85.2,84.7,84.6,75.9,64.5
131083,東京都江東区,35.7,60.1,64,66.3,66.8,70,58.3,62.4,60
131105,東京都目黒区,,47.1,49.3,52.3,54,56.4,55.5,53.7,53.6
131113,東京都大田区,56.4,57.1,60.5,60.2,62.3,64.4,66.5,68.4,70.4
131121,東京都世田谷区,,,57.9,59.9,61.8,63.9,65.7,67.8,66.5
131130,東京都渋谷区,,4.3,6.5,8.7,10.9,13.1,15.3,17.5,19.7
131148,東京都中野区,57.3,60.8,63.3,65.8,68.6,71,73.5,73.4,74.7
131156,東京都杉並区,55.7,56.2,54.6,56.4,57.1,56.2,55,55.1,55.6
131164,東京都豊島区,,,,62.2,64.5,66.7,69,70.7,40.7
131172,東京都北区,,60.5,63.5,65.7,62.2,62.8,64.7,66.6,63.2
131181,東京都荒川区,,,30.8,33.4,34.4,37.3,40.1,34.1,37.8
131199,東京都板橋区,49.3,48.5,58.6,60.2,59.8,61.9,63.9,65.9,67.9
131202,東京都練馬区,70.4,51.6,60,62.3,62.1,59.9,56.2,58.7,60.9
131211,東京都足立区,54.8,59.1,55.7,57.4,57.9,58.4,57.5,59.7,58.1
131229,東京都葛飾区,65.3,82.7,84.8,86.7,88.2,89.9,91.1,92.5,93.7
131237,東京都江戸川区,99.9,99.9,87.2,86.4,88.4,86.7,79.2,76.5,78.4
132012,東京都八王子市,,92.5,93.1,93.8,94.8,95.6,96.2,95.7,96
132021,東京都立川市,,53.1,55.2,57.4,59.5,60.2,62.3,64.4,66.5
132039,東京都武蔵野市,72.3,74.5,77,79.2,81.4,83.6,85.8,88,90.2
132047,東京都三鷹市,,78.5,78.3,27.9,28.7,42.5,49.8,57.1,64.4
132055,東京都青梅市,,,,,,,,,
132063,東京都府中市,,59.6,62.1,64.1,65.8,65.1,68.6,70.8,72.8
132071,東京都昭島市,27.5,27.9,30.2,32.6,34.8,37.1,39.5,41.1,43.4
132080,東京都調布市,,66.1,67.7,68.4,68.7,67.9,68,67.4,64.4
132098,東京都町田市,20.8,16,18.7,21.4,24.1,25,27.1,29.8,32.6
132101,東京都小金井市,,64.8,65.9,66.4,68.4,67.7,71.3,70.9,73.2
132110,東京都小平市,,19.2,21.2,23.2,25.2,27.2,29.2,31.2,33.2
132128,東京都日野市,58.1,60.3,54.1,56.3,58.3,60.3,60.5,64.2,65.5
132136,東京都東村山市,,,52.3,54.4,56.5,48.4,51.6,55,58.2
132144,東京都国分寺市,51.2,55,57.2,59.4,61.5,63.6,65.6,67,69.3
132152,東京都国立市,77.7,80,81.7,75.5,76.5,79.1,81.7,84.4,87
132187,東京都福生市,44.5,46.6,48.7,50.2,51.7,53.2,55.4,57.7,59.2
132195,東京都狛江市,,33.6,36.2,20.6,24.8,28,31.2,34.4,37.6
132209,東京都東大和市,,52.8,54.8,56.8,57.4,59.4,61.4,62.7,64.7
132217,東京都清瀬市,29.5,29.8,31.8,32.8,35.5,38.3,34.4,37,39.7
132225,東京都東久留米市,49.7,51.7,25.6,22.9,26.9,31,35,39,43.1
132233,東京都武蔵村山市,,92.7,94.8,92.4,94.3,90.8,92.1,92.9,93.8
132241,東京都多摩市,64.9,67.8,69.9,76.7,65.1,65.8,67.8,69.4,71.1
132250,東京都稲城市,74.3,79.7,81.7,83.8,85.8,86.6,88.2,88.9,90.4
132276,東京都羽村市,,42.7,44.9,47,49.1,51.2,53.3,55.4,57.5
132284,東京都あきる野市,66.9,66.9,71,73.2,74.8,74.8,65.9,68.4,70.9
132292,東京都西東京市,,26.4,28.8,30.4,43.6,46.7,51.1,54.4,56.9
133035,東京都瑞穂町,37.4,39.6,41.8,44,46.2,48.4,50.6,52.8,55
133051,東京都日の出町,,83.1,85.1,87.1,81.8,83.9,86,85.6,87.7
133078,東京都檜原村,,,,,,,,,
133086,東京都奥多摩町,,,,,,,,,
133612,東京都大島町,,,,,,,,,
133621,東京都利島村,,,,,,,,,
133639,東京都新島村,,,,,,,,,
133647,東京都神津島村,,,,,,,,,
133817,東京都三宅村,,,,,,,,,
133825,東京都御蔵島村,,,,,,,,,
134015,東京都八丈町,,,,,,,,,
134210,東京都小笠原村,,,,,,,,,
141003,神奈川県横浜市,,,,,,,,,
141305,神奈川県川崎市,64.2,67.9,69.7,71.5,70.6,64.9,65.7,67,67.6
141500,神奈川県相模原市,39.6,41.5,43.3,45.2,45.8,47.6,49.5,50.7,52.6
142018,神奈川県横須賀市,,,,,,,,,
142034,神奈川県平塚市,,,,,,,,,
142042,神奈川県鎌倉市,,,,9.2,12.7,16.2,,,
142051,神奈川県藤沢市,39.9,63.2,67.1,70.8,73.7,73.4,72.2,74.3,76
142069,神奈川県小田原市,,,,,,,,,
142077,神奈川県茅ヶ崎市,,,,,,,,,
142085,神奈川県逗子市,,,,,,,,,
142107,神奈川県三浦市,100,100,100,100,,,,,
142115,神奈川県秦野市,57.2,,,,91.1,85.1,86.5,88.2,84.5
142123,神奈川県厚木市,68.8,71,72.9,77.8,79.6,81.3,73.7,77.2,74.1
142131,神奈川県大和市,,,,,,,,,
142140,神奈川県伊勢原市,84.6,100,100,100,100,100,95.4,95.6,95.8
142158,神奈川県海老名市,,,,,,,,,
142166,神奈川県座間市,,78.1,80.3,82.5,84.7,86.9,87.7,89.4,91
142174,神奈川県南足柄市,,,77,79.2,81.4,83.6,85.8,88,90.2
142182,神奈川県綾瀬市,,,,,,,,,
143014,神奈川県葉山町,,,,,,,,,
143219,神奈川県寒川町,,,,,,,,,
143413,神奈川県大磯町,,,,,,,,,
143421,神奈川県二宮町,,,,,,,,,
143618,神奈川県中井町,,,,,,,,,
143626,神奈川県大井町,,,,,,,,,
143634,神奈川県松田町,,,,,,,,,
143642,神奈川県山北町,99.5,99.5,99.5,99.6,99.6,99.6,99.7,99.7,99.7
143669,神奈川県開成町,,,,,,,,,
143821,神奈川県箱根町,,,,,,,,,
143839,神奈川県真鶴町,,,,,,,,,
143847,神奈川県湯河原町,,,,,,,,,
144011,神奈川県愛川町,,,,,,,,,
144029,神奈川県清川村,,,,,,,,,
151009,新潟県新潟市,39.3,42,44.6,45.4,49.9,52.6,54.7,57.4,60
152021,新潟県長岡市,47.3,49.7,53,55.3,57.8,59.3,62.8,64.1,64
152048,新潟県三条市,,,,,,,,,
152056,新潟県柏崎市,,,,,,,,,
152064,新潟県新発田市,,72.2,74.1,76.2,77.8,79.5,75.8,79.1,36.6
152081,新潟県小千谷市,,,,,,,,,
152099,新潟県加茂市,,,,,,,,,
152102,新潟県十日町市,,,,,6.6,3.5,6,9.5,12.5
152111,新潟県見附市,,,,,,,,,
152129,新潟県村上市,,55.5,59.6,63.2,65.6,70.2,69.3,71.6,74.4
152137,新潟県燕市,,,50.9,54.5,58.1,61.7,61.9,64.9,67.8
152161,新潟県糸魚川市,,48.4,50.6,52.8,55,51.6,54.2,56.8,59.5
152170,新潟県妙高市,42.6,,,,,,,,
152188,新潟県五泉市,,,,,,,,,
152226,新潟県上越市,26.7,28.8,30.9,33,35.2,37.3,39.4,41.5,43.6
152234,新潟県阿賀野市,,,,,62,64,66,68,72
152242,新潟県佐渡市,,54.6,54.6,58.8,67.2,71.8,75.9,,
152251,新潟県魚沼市,29.4,39,40.2,42.5,45.1,48.6,53,56.6,55.6
152269,新潟県南魚沼市,,,,,,,,,
152277,新潟県胎内市,,,,,,,,,
153079,新潟県聖籠町,27.4,100,100,100,100,100,100,100,100
153427,新潟県弥彦村,,,,,,,,,
153613,新潟県田上町,,,,,,,,,
153851,新潟県阿賀町,,,,,,,,,
154059,新潟県出雲崎町,,,,,,,,,
154610,新潟県湯沢町,,,,,,,,,
154822,新潟県津南町,,,,,,,,,
155047,新潟県刈羽村,,,,,,,,,
155811,新潟県関川村,,,,,,,,,
155861,新潟県粟島浦村,,,,,,,,,
162019,富山県富山市,,49.9,49.6,47,43.8,48.8,58.7,57.8,60.5
162027,富山県高岡市,56.9,58.1,42.8,42,41.3,43.6,44.4,67.9,67.6
162043,富山県魚津市,66.5,70.3,73.9,77.1,80.4,80.6,83.5,85.2,87
162051,富山県氷見市,,61.1,63.9,,,,68.7,71.1,72.9
162060,富山県滑川市,3.5,5.1,9.6,14.1,18.7,23.2,27.7,32.3,36.8
162078,富山県黒部市,,71.5,73.6,75.8,78,80.2,82.4,82.7,85.9
162086,富山県砺波市,82.5,84.1,85.6,87.2,88.8,88.9,90.4,91.6,89.9
162094,富山県小矢部市,,,,,,,,,
162108,富山県南砺市,42.3,30.3,31.6,32.3,35.7,39.8,43.7,47.6,51.6
162116,富山県射水市,,81.1,82.8,78.1,80.4,83,89.1,90.4,92.7
163210,富山県舟橋村,,,,,,,,,
163228,富山県上市町,94,96.4,96.8,97.2,97.6,98,96.8,97.2,
163236,富山県立山町,50.4,53.7,48.6,51.9,55.2,58.1,61.4,64.7,68
163422,富山県入善町,86.9,86.6,91,93,95.3,97.3,97.5,97.7,97.5
163431,富山県朝日町,62.7,64.7,66.7,70.7,72.4,74.4,76.2,78.1,76.5
172014,石川県金沢市,,,,57.2,59.3,66.8,68.8,62.7,56.1
172022,石川県七尾市,,93.2,,87.9,89.4,,,,
172031,石川県小松市,,83.1,84.8,66.2,68.4,70.7,73,74.9,23.5
172049,石川県輪島市,,31.2,,,,,,47,47.8
172057,石川県珠洲市,,,,,,,,,
172065,石川県加賀市,,76.6,78.8,81.3,83.8,84.6,87.7,88.7,90.3
172073,石川県羽咋市,69.3,71.6,74,76.3,38.4,41.4,44.4,47.4,50.4
172090,石川県かほく市,38.3,41.2,42.1,44.6,47.1,49.5,52.5,54.2,54.7
172103,石川県白山市,,44.8,31.4,35.9,38.8,41.7,43.2,45.6,48.2
172111,石川県能美市,28.9,31.6,38.3,41,36.9,36.7,39.9,43,43.8
172120,石川県野々市市,,44.6,46.7,48.7,51.1,53.5,55.8,58.1,60.5
173240,石川県川北町,,17.1,16.7,17.9,20.4,22.9,25.3,27.8,30.2
173614,石川県津幡町,21.3,24.2,26.4,28.6,30.8,31.4,33.8,36.3,38.8
173657,石川県内灘町,,82.7,84.6,86.5,88.4,90.3,92.2,94.1,96
173843,石川県志賀町,50.6,55.2,59.8,64.4,69,73.6,78.2,77.9,80.1
173860,石川県宝達志水町,,,,,,,,,
174076,石川県中能登町,,65.4,70.9,,73.7,76.5,79,81.1,83.2
174611,石川県穴水町,,,,,,,,,
174637,石川県能登町,,61.5,63.2,65.1,64.2,65.9,68,68.7,67.6
182010,福井県福井市,,,75.8,78.5,81.2,83.8,86.2,88.3,90.2
182028,福井県敦賀市,50.3,52.2,71.8,56,29.8,36.2,41.1,44.3,48.8
182044,福井県小浜市,,85.4,87.4,89.3,91.2,92.4,93.3,93.3,
182052,福井県大野市,,72.7,75.7,78.5,81,84,87,89.9,91.5
182061,福井県勝山市,,35.3,40.4,45.4,41.9,47.1,52.4,57,
182079,福井県鯖江市,,65.9,69.4,69.4,71.2,67,69.2,70.9,67.4
182087,福井県あわら市,,,,,,,,,
182095,福井県越前市,69.6,72.4,75.2,77.9,80.7,83.5,83.3,85.6,84.7
182109,福井県坂井市,,80.4,81.9,78.1,85.9,81.3,82.3,82.4,80.1
183229,福井県永平寺町,,,,,,,,,
183822,福井県池田町,63.8,73.4,75.2,76.9,78.6,80.3,82,83.8,85.5
184047,福井県南越前町,,46.6,51,54,56.8,55.5,55.5,62,65.4
184233,福井県越前町,,64.4,35.2,35.5,38.3,38.5,41.4,44.2,43.4
184420,福井県美浜町,,,66,68,70,72,74,63.3,65.9
184811,福井県高浜町,84,88.5,59.2,61.4,63.6,65.8,68,70.2,72.4
184837,福井県おおい町,,78.4,81.7,,,,,,98.4
185019,福井県若狭町,,99,99.8,35.1,37.8,40.5,43.2,45.9,62.1
192015,山梨県甲府市,48.9,51.4,53.8,53.7,58.3,59.8,58.6,60.7,62.4
192023,山梨県富士吉田市,,,,,,,,,
192040,山梨県都留市,,,,,,,,,
192058,山梨県山梨市,54.5,44.3,47.6,50.9,54.3,57.6,60.9,63.7,51.2
192066,山梨県大月市,,92,44,46,48,50,52,54,56
192074,山梨県韮崎市,39.5,50.2,52.8,55.4,58,60.6,63.2,65.3,67.2
192082,山梨県南アルプス市,51.3,42.1,44.7,44.2,50,52.6,51.6,48.9,51.5
192091,山梨県北杜市,,43.6,46.5,31.1,30.3,34.3,37.6,40.9,44.1
192104,山梨県甲斐市,,40.2,42.7,45.2,47.8,50.1,52.4,54.6,55.7
192112,山梨県笛吹市,29.1,31.8,36.7,39.4,42.1,39.6,37.3,44.8,47.5
192121,山梨県上野原市,,,,,,,,,
192139,山梨県甲州市,46.6,50.5,52.9,55.3,57.8,59.9,62.3,64.8,66
192147,山梨県中央市,67.8,65.7,68.3,71,73.1,72.4,72.8,73.1,74.5
193461,山梨県市川三郷町,,86.6,71,70.6,71.7,74,71.8,75.1,78.4
193640,山梨県早川町,,,,,,,,,
193658,山梨県身延町,,19.8,22,24.2,26.4,28.6,30.8,33,35.2
193666,山梨県南部町,,100,100,100,100,100,100,100,100
193682,山梨県富士川町,22.8,24.5,27.2,11.7,9.2,12.2,15.2,18.2,21.2
193844,山梨県昭和町,,34.3,36.5,36.5,40.9,43.1,45.4,47.6,49.8
194221,山梨県道志村,,,,,,,,,
194239,山梨県西桂町,,,,,,,,,
194247,山梨県忍野村,3.2,24.2,26.4,28.6,30.8,33,35.2,37.4,39.6
194255,山梨県山中湖村,,,,,,,,,
194298,山梨県鳴沢村,,,,,,,,,
194301,山梨県富士河口湖町,43.9,47.8,51.8,57.8,61.3,65.3,69.3,73.4,58.2
194425,山梨県小菅村,,,,,,,,,
194433,山梨県丹波山村,,,,,,,,,
202011,長野県長野市,66.2,68.2,69.8,69.2,70.9,71.8,71.2,72.9,74.1
202029,長野県松本市,33.5,42,43.3,41.9,44.4,46.9,49.4,51.9,51.4
202037,長野県上田市,,,68.9,71.8,68.8,71,71.1,73.7,76.3
202045,長野県岡谷市,,,,,,,,,
202053,長野県飯田市,,63.1,64.7,68.3,71.8,74.5,77,78.7,78.9
202061,長野県諏訪市,,,,,,,,,
202070,長野県須坂市,,83.3,85.6,87.7,89.9,92,94.1,95.7,97
202088,長野県小諸市,,40.8,52.1,48.5,55.1,59.7,67.4,71.7,76
202096,長野県伊那市,,,,,,,,,
202100,長野県駒ケ根市,,65.5,68.9,72.4,74.2,77.8,81.2,83.4,86.3
202118,長野県中野市,,48.7,51.1,53.2,55.6,57.5,58.6,59.9,59
202126,長野県大町市,67,73.7,80.4,87.1,93.8,100,100,100,100
202134,長野県飯山市,,87.2,6.1,4.2,7.2,10.1,13,16,18.9
202142,長野県茅野市,,,,,,,,,
202151,長野県塩尻市,29.9,32.6,35.2,37.9,38.9,33.1,35.9,38.7,37.6
202177,長野県佐久市,58.1,58.1,58.1,66.7,70.8,74.7,78.3,81.6,84.5
202185,長野県千曲市,81.4,82.8,82.4,85.7,87.2,89.7,89.7,91.1,87.4
202193,長野県東御市,69.5,69.5,74.2,80.6,74.7,76.9,79.5,35.8,35.3
202207,長野県安曇野市,,52.4,36.7,50.2,52.1,54.4,45.2,54.8,55.1
203033,長野県小海町,,41.8,44,46.2,46.2,50.1,51,53.4,55.8
203041,長野県川上村,,,,,,,,,
203050,長野県南牧村,,,,,,,,,
203068,長野県南相木村,,,,,,,,,
203076,長野県北相木村,,,,,,,,,
203092,長野県佐久穂町,,77.9,80.1,82.2,84.4,86.6,88.7,87.9,92
203211,長野県軽井沢町,23.4,27.6,31,35.2,48.4,51.6,38.2,41.4,44.6
203238,長野県御代田町,95.2,45.7,,,,56.9,59.5,62.1,95.2
203246,長野県立科町,33.7,35.5,36.7,42.1,47.6,50.2,52.8,55.3,57.9
203491,長野県青木村,,59.8,64.4,69,73.6,78.2,82.8,87.4,92
203505,長野県長和町,,45.9,48.6,51.3,53.8,56.6,59.3,62,64.7
203611,長野県下諏訪町,,,,,,,,,
203629,長野県富士見町,,,,,,,,,
203637,長野県原村,,,,,,,,,
203823,長野県辰野町,,,,,,,,,
203831,長野県箕輪町,,,,,,,,,
203840,長野県飯島町,,,,,,,,,
203858,長野県南箕輪村,,,,,,,,,
203866,長野県中川村,,,,,,,,,
203882,長野県宮田村,3,,,,,,,,
204021,長野県松川町,88.8,88.6,90.3,92,93.7,95.5,97.2,98.5,98.6
204030,長野県高森町,,,,,,,,,
204048,長野県阿南町,,,,,,0,5.5,10.9,16.4
204072,長野県阿智村,,,,,,,,,
204099,長野県平谷村,,,,,,,,,
204102,長野県根羽村,,,,,,,,,
204111,長野県下條村,100,100,100,31.3,36.3,40.1,44,47.9,51.8
204129,長野県売木村,,,,,,,,,
204137,長野県天龍村,,,,,,,,,
204145,長野県泰阜村,,,,,,,,,
204153,長野県喬木村,,,,,,,,,
204161,長野県豊丘村,,,,,,,,,
204170,長野県大鹿村,,,,,,,,,5.4
204226,長野県上松町,,,,,,,,,
204234,長野県南木曽町,,,,,,,,,
204251,長野県木祖村,,,,,,,,,
204293,長野県王滝村,,,,,,,,,
204307,長野県大桑村,,,,,,,,,
204323,長野県木曽町,,100,100,,,,,,
204463,長野県麻績村,,,,,,,,,
204480,長野県生坂村,,30.2,30.2,32.4,34.6,36.3,38.7,41.1,43.5
204501,長野県山形村,38.2,40.6,43,45.2,47.6,47.3,49.8,52.5,55.1
204510,長野県朝日村,,,,,,,,,
204528,長野県筑北村,,35.2,37.4,39.6,41.7,50.3,53.3,55.9,58
204811,長野県池田町,62.1,62.1,62.3,71,72.7,70.3,72.4,69.1,71.1
204820,長野県松川村,,,,,,,,,
204854,長野県白馬村,,,,,,,,,
204862,長野県小谷村,,,,,,,,,
205214,長野県坂城町,,100,39.6,42.3,45.1,47.9,50.7,53.2,56
205419,長野県小布施町,,,,,,,,,
205435,長野県高山村,,,,,,,,,
205613,長野県山ノ内町,,,,,,,,,
205621,長野県木島平村,,,,,,,,,
205630,長野県野沢温泉村,,,0,3.1,6.5,9.9,13.3,16.7,20.1
205834,長野県信濃町,,,,,,,,,
205885,長野県小川村,,,,,,,,,
205907,長野県飯綱町,97.8,97.9,98,98,98.1,83.8,85.3,96.3,98.4
206024,長野県栄村,,,,,,,,,
212016,岐阜県岐阜市,64.2,65.1,67.2,69.2,70.6,73.6,74.2,76.5,77.9
212024,岐阜県大垣市,,28.6,30.8,33,35.8,37.4,39.6,41.8,44
212032,岐阜県高山市,69.9,72.5,38.8,42.3,45.8,49.4,53.1,54.1,58.8
212041,岐阜県多治見市,49.7,68.6,70.1,61.5,63.2,62.2,63.7,45.4,49.4
212059,岐阜県関市,37.1,39.7,42.2,44.8,47.3,49.9,52.5,55.1,57.7
212067,岐阜県中津川市,49.3,52.2,55,57.7,60.4,55.7,65.8,68.5,70.1
212075,岐阜県美濃市,68.6,68.6,76.6,81.4,83.6,83.6,,88,
212083,岐阜県瑞浪市,37.7,40.2,42.7,44.5,47.1,49.6,52.2,51.4,54.2
212091,岐阜県羽島市,,,,,,,,,
212105,岐阜県恵那市,,72,74,76,78,80,82,84,86
212113,岐阜県美濃加茂市,,,,92.4,94.6,96.8,99,100,100
212121,岐阜県土岐市,72.2,100,100,76.1,75.8,76.1,74.1,76.1,78.1
212130,岐阜県各務原市,77.9,26,29.6,42.7,45.7,48.9,52.1,55.2,58.1
212148,岐阜県可児市,52,59.3,,63.7,66,66.4,68.8,71.1,73.5
212156,岐阜県山県市,28.7,30.9,33.1,35.4,37.6,66,40.4,42.8,45.4
212164,岐阜県瑞穂市,,,,,,,,,
212172,岐阜県飛騨市,,,,,,,,,
212181,岐阜県本巣市,14.6,19.2,23.9,28.5,33.2,37.9,42.5,47.2,51.8
212199,岐阜県郡上市,,38,38.4,38.8,44.8,47.1,49.4,53.9,56.2
212202,岐阜県下呂市,,67.7,70.5,71.3,72.1,72.9,73.7,74.5,31.8
212211,岐阜県海津市,,,,,,,,,
213021,岐阜県岐南町,,,,,,,,,
213039,岐阜県笠松町,95.5,100,100,100,100,100,0,4.1,8.2
213411,岐阜県養老町,,,,,,,,,
213616,岐阜県垂井町,,,,,,,,,
213624,岐阜県関ケ原町,,,,,,,,,
213811,岐阜県神戸町,,,,,,,,,
213829,岐阜県輪之内町,43.2,45.9,45.9,51.3,52.2,55.1,57.9,52.4,55.5
213837,岐阜県安八町,,,,,,,,,
214019,岐阜県揖斐川町,,,,,,,,,
214035,岐阜県大野町,51.1,54.1,92.1,92.7,93.4,94,73.1,76.2,78.7
214043,岐阜県池田町,68.6,68.2,48.2,51.1,53.9,56.8,59.6,62.6,64.1
214213,岐阜県北方町,21.8,25.8,30.3,34.5,38.6,42.8,46.9,51.1,55.2
215015,岐阜県坂祝町,,42.2,45.8,,,,,,
215023,岐阜県富加町,80.7,82.6,100,85.2,87.2,89.2,91.3,93.3,95.3
215031,岐阜県川辺町,,28.6,30.8,33,,,,,
215040,岐阜県七宗町,,,,,,,,,
215058,岐阜県八百津町,,,,,,,,,
215066,岐阜県白川町,,,,,,,,,
215074,岐阜県東白川村,,,,,,,,,
215210,岐阜県御嵩町,9.4,13.8,13.8,18.2,22.5,31.3,35.6,40,44.4
216046,岐阜県白川村,,,,,,,,,
221007,静岡県静岡市,46,58.2,60.4,60.9,66.3,59.5,61,62.7,64.8
221309,静岡県浜松市,75.3,77.5,79.7,83.6,85.9,87.7,88.7,91.1,
222038,静岡県沼津市,,,,,,,,,
222054,静岡県熱海市,,,,,,,,,
222062,静岡県三島市,38,40,42,44,46,48,50,52,54
222071,静岡県富士宮市,,,,,,,0,2.2,4.4
222089,静岡県伊東市,42.8,45.2,47.2,49.3,51.3,48,55.3,58.5,30.9
222097,静岡県島田市,36.4,39.5,42,44.5,47.5,48.9,51.9,54.4,56.8
222101,静岡県富士市,,26.8,20.3,24,27.8,31.6,35.3,39.1,42.9
222119,静岡県磐田市,49.2,,,,,,,,
222127,静岡県焼津市,,27.1,30.1,31.4,34.4,37.4,40.4,43.4,46.4
222135,静岡県掛川市,,59.4,61.7,64,66.3,68.5,70.8,73.1,75.4
222143,静岡県藤枝市,,,,,,,,,
222151,静岡県御殿場市,,,,,,,,,
222160,静岡県袋井市,,100,100,100,100,100,100,91.6,92.3
222194,静岡県下田市,,,,,,,,,
222208,静岡県裾野市,48.7,50.1,53.1,55.7,58.7,61.7,64.7,67.7,89.1
222216,静岡県湖西市,,,,,,,,,
222224,静岡県伊豆市,,,,,,0,5,10.1,15.1
222232,静岡県御前崎市,89.1,91.8,94.5,97.2,99.9,100,100,100,100
222241,静岡県菊川市,19,21.2,23.3,26.3,28.4,30,32.7,34,36.3
222259,静岡県伊豆の国市,,,,,,,,,
222267,静岡県牧之原市,,,,67.2,69.4,71.6,73.8,76,78.2
223018,静岡県東伊豆町,,,,,,,,,
223026,静岡県河津町,,,,,,,,,
223042,静岡県南伊豆町,,,,,,,,,
223051,静岡県松崎町,,79.2,81.4,77.9,80.1,82.3,84.5,86.7,88.9
223069,静岡県西伊豆町,,,,,,,,,
223255,静岡県函南町,,,,,,,,,
223417,静岡県清水町,49.9,41,42.8,45.4,48,50.7,53.4,55.9,58.3
223425,静岡県長泉町,,,,,,,,,
223441,静岡県小山町,,,,,,,,,
224243,静岡県吉田町,,35.2,37.4,39.6,41.8,44,46.2,48.4,50.6
224294,静岡県川根本町,,,,,,,,,
224618,静岡県森町,,,34,36,38,39.8,41.6,43.6,45.7
231002,愛知県名古屋市,63.3,64.9,66.6,68.2,69.8,71.5,71.5,74.5,
232017,愛知県豊橋市,51.9,53.9,56.1,58.2,60.4,62.2,64.5,66.7,69
232025,愛知県岡崎市,,,,,,,,,
232033,愛知県一宮市,81.5,80.3,68.7,69.3,66.1,57.1,54.3,49.7,46.4
232041,愛知県瀬戸市,,100,100,100,100,100,100,100,97.1
232050,愛知県半田市,,62,63.9,66,67.2,64.8,68.2,71.2,74.2
232068,愛知県春日井市,,49.7,47.5,42.3,44,45.6,42.4,37.4,27.2
232076,愛知県豊川市,,43,45.3,47.6,49.9,52.2,54.5,56.8,59.1
232084,愛知県津島市,,71.6,71.7,73.7,75.8,77.8,79.9,78.4,80.5
232092,愛知県碧南市,54,59,60.4,61.7,62.5,63.9,65.2,66.5,67.9
232106,愛知県刈谷市,69.2,36,39.3,41.2,42.4,45.3,48.3,45.5,49.7
232114,愛知県豊田市,,,,,,,,,
232122,愛知県安城市,62.6,17.8,58.8,56,58.5,59.8,62.7,60,63
232131,愛知県西尾市,30.8,33.2,35.8,38.5,41,43.5,45.9,48.3,50.8
232149,愛知県蒲郡市,,34.8,38.4,42.1,44.9,47.4,51.2,53.4,56.8
232157,愛知県犬山市,53,55.7,57.2,58.3,56.5,58.9,58.9,63.8,66.2
232165,愛知県常滑市,,77.9,80,82.1,84.2,86.4,88.4,89.9,88.9
232173,愛知県江南市,44.1,43.3,48.2,50.3,50.8,53.6,55.7,57.8,59.9
232190,愛知県小牧市,30,24.5,27.4,30.2,33,11.2,13.5,15.8,18.1
232203,愛知県稲沢市,46.2,44.8,43.7,46,29.7,28.8,32.7,36.4,37.5
232211,愛知県新城市,,58.2,61.7,63.3,66.6,70.2,73.8,77.4,81.1
232220,愛知県東海市,70.3,71.1,50.6,50.9,52.4,52.9,53.4,54.5,54.9
232238,愛知県大府市,,55.7,57.8,60,62.1,64.2,66.3,68.4,70.5
232246,愛知県知多市,22.5,24.5,27,29.5,32,34.5,37,39.6,42.1
232254,愛知県知立市,,50.2,51.5,53.3,55.7,56.8,59.3,61.2,63.7
232262,愛知県尾張旭市,,53.3,55.6,57.9,60.1,62.4,64.6,66.9,69.1
232271,愛知県高浜市,,46.5,48.7,49.9,51.2,53.4,51.8,54.6,57.3
232289,愛知県岩倉市,,40.9,43,45.2,47.4,48.8,49.9,52.2,56.1
232297,愛知県豊明市,,63.3,63,65.3,69.6,70.5,72.8,73.9,74.2
232301,愛知県日進市,28.1,30.1,32.1,33.8,35.9,37.9,37.7,39.7,41.7
232319,愛知県田原市,27.7,27.7,29.8,30.8,33.2,35.6,38.1,40.5,42.9
232327,愛知県愛西市,,30.5,32.9,35.4,37.8,39.3,42.7,45.2,47.7
232335,愛知県清須市,41.4,42.8,46.2,48.2,35.1,36.3,28.8,30.9,32.3
232343,愛知県北名古屋市,,51.5,70.1,72.3,74.5,76.7,78.9,81.9,83.9
232351,愛知県弥富市,37.2,40.2,42.6,45.1,47.1,49.5,52,54.5,57
232360,愛知県みよし市,,85.1,86,,,,86.8,76.4,77.4
232378,愛知県あま市,,63.7,66.3,68.9,71.5,74,76.6,79.2,81.6
232386,愛知県長久手市,38.3,46.7,49.1,51.6,44.9,33.3,32.8,36.7,40.4
233021,愛知県東郷町,44.1,46.2,47.9,49.8,49.5,51.8,54.1,56.4,58.7
233421,愛知県豊山町,31.9,32.2,32.9,35.1,37.5,38.5,40.2,41.2,41.8
233617,愛知県大口町,,32.5,,38.4,40.6,42.9,44.6,47,44.7
233625,愛知県扶桑町,,,,,4.1,8.3,12.4,9.5,13.8
234249,愛知県大治町,,12.7,14.9,18.3,20.9,23.6,48,50,52
234257,愛知県蟹江町,37.8,40.4,43.1,45.7,48.2,50.6,53,55.5,58
234273,愛知県飛島村,,44,44,46,48,50,52,54,56
234419,愛知県阿久比町,85.8,87,89.3,91.5,93.8,96,97.6,98.7,98.9
234427,愛知県東浦町,,55,51.5,54.2,55,56.9,58.7,61.2,63.8
234451,愛知県南知多町,,,,,,,,,
234460,愛知県美浜町,,46.2,48.4,50.6,52.8,55,57.2,59.4,61.6
234478,愛知県武豊町,80.7,82.4,84.6,86.3,88,89.6,91.3,92.5,93.4
235016,愛知県幸田町,,86.3,88.1,89.8,91.6,93.4,95.2,96.9,97.7
235610,愛知県設楽町,,,,,,33.7,38.3,42.9,47.5
235628,愛知県東栄町,,,,,,,,,
235636,愛知県豊根村,,,,,,,,,
242012,三重県津市,,74.2,76.5,78.7,80.4,80.2,73.9,74.9,75.8
242021,三重県四日市市,54.5,56.4,37.8,39.9,42.1,44.1,45.6,48,47.8
242039,三重県伊勢市,57.3,59.6,60.8,62.8,58.5,60.2,62.4,64.3,65.4
242047,三重県松阪市,,82,82.6,83.3,81.4,82.4,83.3,84.3,85.3
242055,三重県桑名市,69.7,71.9,74.1,76.3,78.5,80.7,82.9,85,87.2
242071,三重県鈴鹿市,,69.2,71.2,73.2,75.2,75.5,77.5,79.5,81.5
242080,三重県名張市,,69.4,74,78.6,83.2,90.1,92.7,95.3,
242098,三重県尾鷲市,,,,,,,,,
242101,三重県亀山市,,77.9,80.1,80.1,80.1,80.1,88.9,91.1,93.3
242110,三重県鳥羽市,,,,,,,,,
242128,三重県熊野市,,,,,,,,95.9,99.5
242144,三重県いなべ市,,77.3,79.1,80.9,,,,,
242152,三重県志摩市,,69.3,71.5,73.4,75.7,77.9,96.8,,
242161,三重県伊賀市,74.9,76.6,78.4,80.1,81.9,83.6,85.4,87.1,88.9
243035,三重県木曽岬町,,,,,,,,,
243248,三重県東員町,,,,,,,,,
243418,三重県菰野町,,,,,,,,,
243434,三重県朝日町,39.2,39.2,45.8,48,50.2,52.4,54.6,56.8,59
243442,三重県川越町,24.3,28,31.6,35.3,38.5,42.3,46,49.7,52.9
244414,三重県多気町,12.4,15.5,18.6,21.7,24.8,27.7,30.8,34,37.1
244422,三重県明和町,79.2,81.4,83.6,85.8,88,90.2,92.4,85.3,76.7
244431,三重県大台町,,,,,,,,,
244619,三重県玉城町,33.5,30.8,30.2,33.6,35.1,38.3,41.9,45.4,49
244708,三重県度会町,,,,,,,,,
244716,三重県大紀町,,84.7,85.4,,,96.8,98.1,100,100
244724,三重県南伊勢町,,,,,,,,,
245437,三重県紀北町,,,,,,,,,
245615,三重県御浜町,,,,,,,,,
245623,三重県紀宝町,,,,,,,,,
252018,滋賀県大津市,,68.8,70.9,73.1,75.3,77.4,79.5,81.4,83
252026,滋賀県彦根市,,,,,,,,,
252034,滋賀県長浜市,,,,,,,,,
252042,滋賀県近江八幡市,,69.7,71.4,73,74.7,76.4,78.1,79.3,80
252069,滋賀県草津市,,,,,,,,,
252077,滋賀県守山市,34.8,26.5,29.1,51.8,38.6,48.2,52,55.8,53.9
252085,滋賀県栗東市,56.1,59.3,62.5,65.7,69,71.9,73.2,75.8,77.7
252093,滋賀県甲賀市,98.7,100,100,100,100,100,100,100,100
252107,滋賀県野洲市,,,,,,,,,
252115,滋賀県湖南市,61.7,66,69,72,75,78,81,84,87
252123,滋賀県高島市,50.6,55.2,59.8,64.4,69,73.6,78.2,69.3,74.3
252131,滋賀県東近江市,,,,,,,,,
252140,滋賀県米原市,80,83.7,87.4,90.1,92.2,94.3,,,
253839,滋賀県日野町,,,,,,,,,
253847,滋賀県竜王町,,,,,,,,,
254258,滋賀県愛荘町,,,59.4,62.1,46,48.8,51.6,54.4,57.2
254410,滋賀県豊郷町,60.8,,68.2,70.4,72.6,59.2,61.9,64.6,67.3
254428,滋賀県甲良町,,45.2,,,,57.3,60.2,63.2,66.3
254436,滋賀県多賀町,87.2,,22.5,25.6,28.5,31.1,18.2,34.2,17.6
261009,京都府京都市,,,54.1,55.6,57,58.3,60.9,62.9,64.8
262013,京都府福知山市,75.4,75.1,77.4,79.4,81.4,83.5,85.2,87.2,85.6
262021,京都府舞鶴市,,,,,,,,,
262030,京都府綾部市,55.1,58.2,60.1,62.5,65,66.1,68.6,71.1,71
262048,京都府宇治市,,58,68.8,71,73.3,75.4,77.6,79.9,82
262056,京都府宮津市,61.9,,,100,78,80,82,,
262064,京都府亀岡市,84.1,84.1,76,78,80,82,84,86,87.8
262072,京都府城陽市,33.3,43.6,46.2,46.4,43,45.4,,,
262081,京都府向日市,,,,,,,,,
262099,京都府長岡京市,83.8,76.4,78.9,81.3,83.7,86.1,88.6,91,92.3
262102,京都府八幡市,76.3,58.3,58.3,59.8,62.7,65.4,68.2,,
262111,京都府京田辺市,39.4,41.4,43.5,45.5,46.3,48.6,50.8,53.1,55.3
262129,京都府京丹後市,,,,,,,,,
262137,京都府南丹市,88.7,90,92.2,94.4,96.6,97.9,99.3,100,100
262145,京都府木津川市,,95.5,96.3,97.2,98,96.8,59.1,59.7,60.8
263036,京都府大山崎町,,,,,,,,,
263222,京都府久御山町,,,,,,,,,
263435,京都府井手町,64.3,66.5,67.9,62.6,65.2,66.7,67.9,70.5,73.2
263443,京都府宇治田原町,,,,,,,,,
263648,京都府笠置町,,,,,,,,,
263656,京都府和束町,,88.8,90.8,92.8,94.8,96.8,74.6,76.2,77.4
263664,京都府精華町,85.8,87.5,89.3,88.1,83.3,86.2,81.4,70.7,72.4
263672,京都府南山城村,,,,,,,,,
264075,京都府京丹波町,,,,,,,,,
264636,京都府伊根町,,,,,,,,,
264652,京都府与謝野町,63.8,100,100,100,,,,,
271004,大阪府大阪市,,,,,,,,,
271403,大阪府堺市,,,,,,,48.2,50.3,52.4
272027,大阪府岸和田市,,,,,,,,,
272035,大阪府豊中市,,81.8,83.6,85.2,77.3,78.8,,,
272043,大阪府池田市,,86.8,89.4,92,94.4,96.5,98.3,100,100
272051,大阪府吹田市,50.3,52.5,54.8,56.7,58.7,60.7,62.7,56.7,58.5
272060,大阪府泉大津市,,,,,,,,,
272078,大阪府高槻市,,,,,,79.9,81.4,81.4,83
272086,大阪府貝塚市,,,,,,,,,
272094,大阪府守口市,64.4,66.4,68.4,70.4,72.4,74.4,76.4,78.3,80.3
272108,大阪府枚方市,,,,,,,,,
272116,大阪府茨木市,,,,,,,,,
272124,大阪府八尾市,,68.2,70.4,72.6,74.8,77,79.2,81.1,83.3
272132,大阪府泉佐野市,,,,,,,,,
272141,大阪府富田林市,100,100,100,100,100,100,100,100,100
272159,大阪府寝屋川市,85.1,63.4,66.1,68.8,39.4,42.4,45.7,48.9,52
272167,大阪府河内長野市,,,,,,,,,
272175,大阪府松原市,,86,88,90,92,94,96,98,98
272183,大阪府大東市,,,,,,,,,
272191,大阪府和泉市,,,,,,,,,
272205,大阪府箕面市,,,,,,,,,
272213,大阪府柏原市,,,,,,,,,
272221,大阪府羽曳野市,82.8,85.6,87.7,89.7,91.7,93.5,94,94.5,94.9
272230,大阪府門真市,,,,,,,,,
272248,大阪府摂津市,,63.8,66,68.2,70,72.2,74,76.3,71.8
272256,大阪府高石市,,,,,,,,,
272264,大阪府藤井寺市,,,,,,,,,
272272,大阪府東大阪市,,81.9,84,85.9,87.9,89.6,84.9,86,87.1
272281,大阪府泉南市,,90.2,92.4,94.6,3.9,7.7,11.6,15.5,19.3
272299,大阪府四條畷市,,,,,,,,,
272302,大阪府交野市,69.1,69,62.6,51.4,52.5,54.7,56.9,59.1,61.3
272311,大阪府大阪狭山市,,,,,,,,75.8,
272329,大阪府阪南市,,,,,,,,,
273015,大阪府島本町,,,,,,,,,
273210,大阪府豊能町,,76.7,,,,,,,
273228,大阪府能勢町,,100,100,100,100,100,100,100,100
273414,大阪府忠岡町,,,,,,,,,
273619,大阪府熊取町,,,,,,,,,
273627,大阪府田尻町,,,,,,,,,
273660,大阪府岬町,67.5,70.2,72.9,75.6,78.3,81,83.7,86.4,89.1
273813,大阪府太子町,,,,,,9.2,24.6,38.6,52.6
273821,大阪府河南町,,,,,,,,,
273830,大阪府千早赤阪村,,,,,,,,,
281000,兵庫県神戸市,68.8,71,73.1,75,76.5,74.4,76.4,78.3,63.4
282014,兵庫県姫路市,52.1,53.9,54.5,44.3,47.1,49.9,52.5,54,56.7
282022,兵庫県尼崎市,,,,,,,,,
282031,兵庫県明石市,,,,,,,,,
282049,兵庫県西宮市,47.4,49.7,51.7,54,55.2,57.6,58.1,60.1,62.4
282057,兵庫県洲本市,,55.3,50.1,53.2,55.3,41.9,44.7,47.4,50
282065,兵庫県芦屋市,,79.9,81.5,78.2,79.7,81.3,82.5,84.1,87.6
282073,兵庫県伊丹市,62.5,64.3,64.7,68.2,72.3,75.2,20.1,23.1,26.2
282081,兵庫県相生市,,,,,,,,,75.8
282090,兵庫県豊岡市,,,,,,,,,
282103,兵庫県加古川市,36,38,40,42,44,46,48,33,35.8
282120,兵庫県赤穂市,,47.6,50.5,54.6,58.8,62.7,66.6,70.1,74
282138,兵庫県西脇市,,4,6.1,10.2,10.2,12.3,14.3,16.3,18.4
282146,兵庫県宝塚市,,38.1,40.7,43.2,45.9,48.2,51,53.7,56.4
282154,兵庫県三木市,69.7,70.7,71.8,69.6,69.1,70.2,71.6,73.2,74.9
282162,兵庫県高砂市,,,,,,,,,
282171,兵庫県川西市,63.2,65.2,67.2,69.2,71.2,69.2,71.2,73.2,75.2
282189,兵庫県小野市,,42,45,45.2,48.2,51.2,54.2,57.2,48.9
282197,兵庫県三田市,72.1,74.3,76.4,78.6,80.9,83.1,85.3,87.4,
282201,兵庫県加西市,100,100,100,100,100,100,,,
282219,兵庫県丹波篠山市,,83.6,85.8,88,90.2,92.4,94.6,96.8,99
282219,兵庫県丹波篠山市,,83.6,85.8,88,90.2,92.4,94.6,96.8,99
282219,兵庫県篠山市,,83.6,85.8,88,90.2,92.4,94.6,96.8,99
282219,兵庫県篠山市,,83.6,85.8,88,90.2,92.4,94.6,96.8,99
282227,兵庫県養父市,,,,,,,,,
282235,兵庫県丹波市,60.3,70.1,70.1,79.4,83.9,88.5,93.1,97.7,97.1
282243,兵庫県南あわじ市,48.3,49.5,51.7,51.1,51.8,,55.8,,
282251,兵庫県朝来市,,,,,,,,,
282260,兵庫県淡路市,,,,,,,,,
282278,兵庫県宍粟市,,,,,,,,,
282286,兵庫県加東市,54.8,63.5,66.2,58,71.9,74.3,73.7,75.3,76.9
282294,兵庫県たつの市,,89.2,90.7,92.1,93.6,95,96.5,97.9,99.3
283011,兵庫県猪名川町,,,,,,,,,
283657,兵庫県多可町,,42.5,45.5,48.4,48.4,51.2,68.4,70.5,72.3
283819,兵庫県稲美町,,55.7,66.2,68.4,70.6,,,6.1,9.1
283827,兵庫県播磨町,,,,,,,,,
284424,兵庫県市川町,,,,51.8,,,,,
284432,兵庫県福崎町,,,,,,,,,
284467,兵庫県神河町,,,,54,57,60,63,66,66.4
284645,兵庫県太子町,,100,100,100,100,100,,,
284815,兵庫県上郡町,,,,,,,,,
285013,兵庫県佐用町,,,,,,,,,
285854,兵庫県香美町,50.6,,,,,,,,
285862,兵庫県新温泉町,,,,,,,,,
292010,奈良県奈良市,51.5,53.6,55.7,57.9,60,61.7,63.1,65.3,67.4
292028,奈良県大和高田市,,73.9,76.1,75.3,77.1,79.1,81.1,83.1,85.1
292036,奈良県大和郡山市,,52.6,54.8,57,59.2,61.4,68,70.2,68
292044,奈良県天理市,89,90.3,91.5,92.6,93.8,95.1,95.8,95.8,94
292052,奈良県橿原市,58,60.6,60.8,62.8,64.9,67,68.8,69.3,56.6
292061,奈良県桜井市,,,,,,,,,
292079,奈良県五條市,50,57.2,60.2,63,66,69,72,75.1,78.1
292087,奈良県御所市,,,,,,,,,
292095,奈良県生駒市,,,,80.9,83.7,85.9,87.8,89.1,89.7
292109,奈良県香芝市,,,,,,,,,
292117,奈良県葛城市,,50,53.1,100,100,100,100,100,95
292125,奈良県宇陀市,,94.1,96,97.7,,,100,100,100
293229,奈良県山添村,,69.7,71.6,75.7,77.8,76.6,77.3,83.1,86.4
293423,奈良県平群町,81.6,83.8,86,88.2,90.4,,,,
293431,奈良県三郷町,60.3,68.9,70.7,72.5,74.4,76.4,77.4,78.9,71.3
293440,奈良県斑鳩町,,,,,,,,,
293458,奈良県安堵町,,,,,,,,,
293610,奈良県川西町,98.4,98.6,98.7,98.8,98.9,99,99,97.8,97.9
293628,奈良県三宅町,91.7,94.1,96.6,98,99,45.3,46.5,47.6,48.7
293636,奈良県田原本町,,,,47.8,49.9,52.1,54.2,56.3,
293857,奈良県曽爾村,,98.9,99,99.1,99.2,99.2,99.3,99.4,99.4
293865,奈良県御杖村,,,,,,,,,
294012,奈良県高取町,,,,,,,,,
294021,奈良県明日香村,,,,,,,,,
294241,奈良県上牧町,,,,,,,,,
294250,奈良県王寺町,,,,,,,,,
294268,奈良県広陵町,,,,,,,,,
294276,奈良県河合町,,85.8,88,90.2,92.4,94.6,96.8,99,100
294411,奈良県吉野町,86.1,87,88,89,82.6,83.8,91.9,92.5,93.2
294420,奈良県大淀町,,68.7,70.8,72.9,75,77.1,79.2,77.9,80.2
294438,奈良県下市町,93,96,99,100,100,100,100,100,100
294446,奈良県黒滝村,,,,,,,,,
294462,奈良県天川村,,,,,,,,,
294471,奈良県野迫川村,,78,80,82,84,86,88,90,92
294497,奈良県十津川村,,,,,,,,,
294501,奈良県下北山村,,,,,,,,,
294519,奈良県上北山村,,,,,,,,,
294527,奈良県川上村,,48.4,50.6,52.8,55,56.2,58.5,60.9,63.1
294535,奈良県東吉野村,,,,,,,,,
302015,和歌山県和歌山市,64.5,67,68.8,71,50.8,45.8,46.4,49.4,52.3
302023,和歌山県海南市,93.3,94,94.6,95.2,95.1,95.4,95.9,96.4,98.1
302031,和歌山県橋本市,81.4,83.3,85.1,88.4,87.6,89.1,90.3,90.8,91.8
302040,和歌山県有田市,,,,,,,,,
302058,和歌山県御坊市,58.4,60.8,63.1,65.4,68.6,70.9,73.2,75.5,77.7
302066,和歌山県田辺市,76.9,78.9,81,49.1,51.7,54.4,57,59.6,62.2
302074,和歌山県新宮市,54.5,56.8,55.7,58.1,60.5,55.8,58.4,61,63.6
302082,和歌山県紀の川市,83.3,82.5,84.3,86.1,87.7,89,85.8,87,88.2
302091,和歌山県岩出市,,100,100,98.6,98.7,98.8,98.9,100,100
303046,和歌山県紀美野町,,,84.4,86.4,88.3,,,,
303411,和歌山県かつらぎ町,84.6,65.2,68.2,70.2,72.1,73.6,75.3,,
303437,和歌山県九度山町,98.5,97.8,98,98.2,98.5,98.7,98.9,99.2,99.3
303445,和歌山県高野町,100,87.8,88.2,88.5,88.9,89.3,89.6,90,90.4
303615,和歌山県湯浅町,,,,,,,,,
303623,和歌山県広川町,,,,,,,,,
303666,和歌山県有田川町,,99,,,,,,,
303810,和歌山県美浜町,,,,,,,,,
303828,和歌山県日高町,,,,,,,,,
303836,和歌山県由良町,77.6,79.8,82,83.4,85.6,87.8,90,91.8,94
303909,和歌山県印南町,,,,,,,,,
303917,和歌山県みなべ町,,,,,,,,,
303925,和歌山県日高川町,78.9,80.8,82.7,84.5,86.3,87.9,89.5,91.2,92.8
304018,和歌山県白浜町,53.9,35.6,37.6,43.8,46,48.1,50.3,52.5,54.6
304042,和歌山県上富田町,,66.2,68.3,70.3,72.4,74.5,76.5,78.6,80.2
304069,和歌山県すさみ町,,,,,,,,,
304212,和歌山県那智勝浦町,,,,,,,,,
304221,和歌山県太地町,,,,,,,,,
304247,和歌山県古座川町,,64,66,68,70,72,74,76,78
304271,和歌山県北山村,,,,,,,,,
304280,和歌山県串本町,,,81.4,83.6,85.8,91,92.1,92.3,
312011,鳥取県鳥取市,60.6,65.1,67.4,69.7,72,73.2,75.5,77.9,80.3
312029,鳥取県米子市,63,96.6,97.4,,98.9,99.7,100,100,100
312037,鳥取県倉吉市,68.9,71.4,73.9,76.4,78.2,80.7,82.3,84.9,
312045,鳥取県境港市,,,,,,,,,
313025,鳥取県岩美町,,63.5,66.7,69.9,71.7,71.3,72.4,73.5,74.6
313254,鳥取県若桜町,,,,,,,,,
313289,鳥取県智頭町,,53.6,55.8,57.8,60,62.2,64,66.2,68.5
313297,鳥取県八頭町,,87.3,88.8,91.9,93.4,95,96.5,98,98.8
313645,鳥取県三朝町,,,,,,,,,
313700,鳥取県湯梨浜町,77.3,65.3,77,79.2,80.9,83.2,85.4,87.6,89.8
313718,鳥取県琴浦町,77.1,79.3,81.5,83.7,85.9,88.1,90.3,92.5,94.7
313726,鳥取県北栄町,,80.9,82.3,83.7,85.1,86.6,88,89.4,90.8
313840,鳥取県日吉津村,,81.4,81.4,83.6,88,90.2,92.4,0,3
313866,鳥取県大山町,,70.4,73,75,76.7,78.3,80,80,81.9
313891,鳥取県南部町,,5.4,69.6,72,74.4,76.4,78,79.4,80.8
313904,鳥取県伯耆町,,44.2,46.4,49.9,53.4,56.9,60.4,63.9,67.4
314013,鳥取県日南町,,,,,,,87.1,95,54.8
314021,鳥取県日野町,,,,,,,,,
314030,鳥取県江府町,58.4,60.2,61.5,62.7,63.9,58.1,60,67.6,62
322016,島根県松江市,72,76.1,80.3,84.4,88.6,89,90.5,92,93.3
322024,島根県浜田市,,,,,,,,,
322032,島根県出雲市,100,100,100,100,100,100,100,100,100
322041,島根県益田市,100,100,100,100,100,100,100,100,100
322059,島根県大田市,,,,,,,,,
322067,島根県安来市,81.7,82.5,83.2,84,,,,,
322075,島根県江津市,100,100,100,,,,,,
322091,島根県雲南市,,,,,,,,,
323438,島根県奥出雲町,2.8,,,58.4,66,68.2,70.4,72.6,74.8
323861,島根県飯南町,,,,,,,,,
324418,島根県川本町,,,,,,,,,
324485,島根県美郷町,,,,,,,,,
324493,島根県邑南町,,,,,,,,,
325015,島根県津和野町,100,100,,,,,,,
325058,島根県吉賀町,,,,,,,,,
325252,島根県海士町,,15.3,20.1,24.8,29.6,34.3,39.1,43.8,48.6
325261,島根県西ノ島町,100,100,100,100,93.4,93.9,76.6,77.9,79.1
325279,島根県知夫村,,,,,,,,,
325287,島根県隠岐の島町,,,,,,,,,
331007,岡山県岡山市,78.1,78,79.8,80.8,81.5,82,83,82.1,72.5
332020,岡山県倉敷市,54.1,56.3,58.6,60.6,62.5,57.7,59.7,36.1,32.9
332038,岡山県津山市,,68.2,70.6,73.1,75.2,76.2,77.3,78.3,79.3
332046,岡山県玉野市,70.4,72.6,77,79.2,81.4,83.6,85.8,88,90.2
332054,岡山県笠岡市,,54,57,60,63,66,69,72,75
332071,岡山県井原市,80.7,81.9,83.1,84.3,85.6,86.8,88,84.5,90.4
332089,岡山県総社市,,,,,,,,,
332097,岡山県高梁市,,53,,,70.9,72,68.8,74.3,71.7
332101,岡山県新見市,,,,,,,,,
332119,岡山県備前市,,,,,,,,,
332127,岡山県瀬戸内市,,93.5,94,94.4,94.9,95.4,95.9,96.4,
332135,岡山県赤磐市,83.6,85.8,88,90.7,92.8,94.9,97,99,100
332143,岡山県真庭市,,,,,,,,,
332151,岡山県美作市,,,,,,,,,
332160,岡山県浅口市,,,,,,,,,
333468,岡山県和気町,70.4,96,,100,100,100,100,100,100
334235,岡山県早島町,51.8,54.6,56.9,59.2,61.5,63.8,66.1,68,70.3
334456,岡山県里庄町,,,,,,,,,
334618,岡山県矢掛町,,,,,,,,,
335860,岡山県新庄村,,,,,,,,,
336068,岡山県鏡野町,,,,,,,,,
336220,岡山県勝央町,,,,,,,,,
336238,岡山県奈義町,,,,,,,,,
336432,岡山県西粟倉村,,,,,,,,,
336637,岡山県久米南町,,,,,,,,,
336661,岡山県美咲町,65.7,99.7,73.5,75.6,77.6,89.1,89.7,90.3,90.9
336815,岡山県吉備中央町,,,,,,,,,
341002,広島県広島市,53.9,55.1,55.7,56.1,56.1,57.6,58.8,60.8,
342025,広島県呉市,,71.5,73.6,75.7,77.7,76.3,77.8,79.3,80.9
342033,広島県竹原市,94.6,61.3,99,100,100,100,100,100,100
342041,広島県三原市,14.4,100,100,100,100,100,100,100,35.2
342050,広島県尾道市,46.5,48.3,50.4,66.3,67.5,70.4,72.5,74.6,76.1
342076,広島県福山市,,61.6,63.8,66,68.2,70.4,72.6,74.8,77
342084,広島県府中市,98,100,33.2,2,4,6,8.1,10.1,12.1
342092,広島県三次市,,80.7,83.4,86,88.6,90,93,96,
342106,広島県庄原市,,,,,,,,,
342114,広島県大竹市,61.3,62.5,64.7,66.9,74.8,87.6,80.9,83,
342122,広島県東広島市,,48.9,51.5,54.2,56.8,57.9,59.1,61.3,62.9
342131,広島県廿日市市,,79.9,82,83.4,85.5,87.6,89.7,91.8,93.8
342149,広島県安芸高田市,,,,,,,,,
342157,広島県江田島市,,,64,66.2,65.3,67.6,69.7,71,73.1
343021,広島県府中町,,14,8.4,10.5,12.7,14.8,16.9,19,
343048,広島県海田町,69.5,60.9,64.6,66.5,68.4,70.2,71.3,73.3,75.2
343072,広島県熊野町,,,,,,,,,
343099,広島県坂町,,,,,,,,,
343684,広島県安芸太田町,50.7,55.3,59.9,64.5,67,71.6,76.1,80.7,85.2
343692,広島県北広島町,34.5,72,75,78,81,84,87,86,89
344311,広島県大崎上島町,,,,,,,,,
344621,広島県世羅町,,,,,,,,,
345458,広島県神石高原町,,,,,,,,,
352012,山口県下関市,,46.2,48.9,51.6,48.4,54,56.9,61.1,65
352021,山口県宇部市,74.8,78.7,83.6,85.8,88,90.2,92.4,94.6,96.8
352039,山口県山口市,83.8,79.6,81.5,83,84.4,85.9,87.3,88.8,90.2
352047,山口県萩市,11,13.2,15.5,17.7,19.9,22.1,24.3,26.5,28.7
352063,山口県防府市,,,91.8,93.7,95.6,97.4,98.2,99.7,100
352071,山口県下松市,68.3,69.9,71.4,60.5,62.8,65.1,67.1,69.5,71.8
352080,山口県岩国市,,100,100,100,100,100,100,100,100
352101,山口県光市,79.9,82,84.2,86.3,88.4,90.5,92.7,94.8,96.9
352110,山口県長門市,,,,,,,,,
352128,山口県柳井市,72.1,74.1,76.1,78.8,,,,,
352136,山口県美祢市,,74.1,67.6,,,,,,
352152,山口県周南市,97.9,62.1,61.6,53.4,63.2,66.1,76,,
352161,山口県山陽小野田市,68.4,69.9,71.5,73,74.5,76.1,77.6,79.2,70.9
353051,山口県周防大島町,73.6,78.2,82.8,87.4,92,96.7,100,100,100
353213,山口県和木町,,,,,,,,,
353418,山口県上関町,,,,,,,,,
353434,山口県田布施町,,,,,,,,,
353442,山口県平生町,54.7,58.2,61.3,64.4,67.3,70.2,73,75.9,78.8
355020,山口県阿武町,50.4,47.3,49.8,52.4,31,34.9,38.8,40.8,42.3
362018,徳島県徳島市,28.4,31.1,33.8,36.5,39.2,45.4,47.8,51.5,53.9
362026,徳島県鳴門市,97.2,99.9,100,100,100,100,100,100,100
362034,徳島県小松島市,59.9,68.6,69.2,71.8,47.9,62.2,64.2,62.8,65
362042,徳島県阿南市,85.1,30.4,32.9,35.5,38.1,36.5,40.9,43.5,45.8
362051,徳島県吉野川市,59.9,61,61.4,63.5,65.6,68.7,70.6,68.8,70.6
362069,徳島県阿波市,64.6,,,,,,,,
362077,徳島県美馬市,55,68.9,,,,,,,
362085,徳島県三好市,,,,,,,,,
363014,徳島県勝浦町,,,,,,,,,
363022,徳島県上勝町,,,,,,,,,
363219,徳島県佐那河内村,,,,,,,,,
363413,徳島県石井町,,,,,,,,,
363421,徳島県神山町,,,,,,,,,
363685,徳島県那賀町,,,,,,,,,
363839,徳島県牟岐町,,,,,,,,,
363871,徳島県美波町,63,66,69,72,73.2,75.8,79,82.1,85.2
363880,徳島県海陽町,,,,,,,,,
364011,徳島県松茂町,45.7,49.2,52.6,55.9,48.4,47,50.7,54.3,59.6
364029,徳島県北島町,45.5,47.7,49.9,52.1,54.2,55.8,56.2,57.7,59.8
364037,徳島県藍住町,62.1,64.1,55.8,48.9,47.8,50.2,52.8,55.2,57.7
364045,徳島県板野町,46.6,49.9,53.2,56.5,59.8,62.7,64.7,67.5,70
364053,徳島県上板町,,,,,,,,,
364681,徳島県つるぎ町,,,,,,,,,
364894,徳島県東みよし町,23.8,26.4,28.8,31.1,33.7,36.4,39.1,40.7,43.6
372013,香川県高松市,,57.4,53.1,61.5,63.7,65,63.1,69.1,71.2
372021,香川県丸亀市,71.7,74,76.1,68.8,71.3,73.8,76.2,78.3,80
372030,香川県坂出市,74,76,78,80,80.8,82.8,84.8,86.8,88.8
372048,香川県善通寺市,75.6,78,80.4,82.8,85.2,87.6,89.7,91.6,93.6
372056,香川県観音寺市,65.2,67.1,68.9,65.8,67.8,69.9,71.6,73,74.4
372064,香川県さぬき市,,50,52.2,54.3,47.2,49.3,51.1,48.8,51.1
372072,香川県東かがわ市,70,50,52,54,56,58,60,62,64
372081,香川県三豊市,69.7,71.1,72.9,75,77.2,74.5,76.7,78.9,80
373222,香川県土庄町,,69.9,72.1,74.3,76.5,75.8,78.1,80.5,82.9
373249,香川県小豆島町,,90.7,91.8,92.9,94.1,92.1,93.4,94.8,96.1
373419,香川県三木町,,98.5,100,100,100,100,100,100,100
373648,香川県直島町,,,,,,,,,
373869,香川県宇多津町,36,39,42,45,48,49.6,39.8,43.7,44.9
373877,香川県綾川町,83.7,86.4,89.1,91.8,94.5,97.2,80.3,81.7,83
374032,香川県琴平町,89.1,90.4,51.2,52.7,54.5,56.3,58.1,59.9,61.7
374041,香川県多度津町,72.1,73.9,75.8,77.4,79.3,77.4,79.6,81.9,84.1
374067,香川県まんのう町,100,54,56.1,58.2,60.3,62.4,45.5,,51.3
382019,愛媛県松山市,,30.8,28.3,30.6,32.9,35.2,37.6,39.9,42.2
382027,愛媛県今治市,,52.4,54.6,56.8,59,61.1,63.2,65.3,67.4
382035,愛媛県宇和島市,,,,,,97.8,83.1,84.1,85
382043,愛媛県八幡浜市,49,50.5,52,53.5,16.9,14.9,19.4,23.9,28.4
382051,愛媛県新居浜市,,70.8,63.6,63.1,65.5,67.9,70.3,72.2,74.6
382060,愛媛県西条市,63.6,63.6,66.8,70,73.2,76.4,41.5,46,50.5
382078,愛媛県大洲市,,65,67.9,68.2,71.1,74,77,79.2,82.2
382108,愛媛県伊予市,90.2,90.2,92.4,94.6,96.8,99,100,100,100
382132,愛媛県四国中央市,59.5,61.7,63.9,66.1,70.4,72.6,74.8,76.3,76.9
382141,愛媛県西予市,60.6,27.8,30.9,34,37.2,40.3,43.4,46.5,49.7
382159,愛媛県東温市,20.4,20.8,25.4,32.6,37.2,41.8,48,52.6,57.1
383562,愛媛県上島町,,,,,,,,,
383864,愛媛県久万高原町,,,,,,,,,
384011,愛媛県松前町,79.2,81.4,83.6,85.8,88,90.2,90.8,93.1,95.4
384020,愛媛県砥部町,,,,0.2,3.6,7,10.4,13.8,17.2
384224,愛媛県内子町,67.2,55.4,59.9,80.1,64.5,68.1,71.6,70,73.7
384429,愛媛県伊方町,,,,,,,,,
384844,愛媛県松野町,,,,,,,,,
384887,愛媛県鬼北町,,,,,,,,,
385069,愛媛県愛南町,39.5,41.5,43.5,45.5,47.4,46.2,48.6,51,53.4
392014,高知県高知市,,71,73,74.9,76.9,78.3,79.6,81.6,66.7
392022,高知県室戸市,41.8,44,46.2,48.4,50.6,52.8,55,57.2,59.4
392031,高知県安芸市,,,,,,,,,
392049,高知県南国市,69.2,75.6,77.5,79.7,81.8,74.7,76.3,78.2,79.3
392057,高知県土佐市,70.9,72.6,74.3,76,77.7,79.4,80.6,81.3,82
392065,高知県須崎市,66,68,70,72,74,76,71.5,73.5,75.5
392081,高知県宿毛市,64.3,70.8,71.9,74.2,76.5,78.7,78.7,77.1,79.6
392090,高知県土佐清水市,,,,,,,,,
392103,高知県四万十市,89.8,92.1,94.5,95.9,98.2,99,99,99.1,99.1
392111,高知県香南市,54.7,56.9,58.8,,,,,,
392120,高知県香美市,94.6,,,,,,,,
393011,高知県東洋町,,,,,,,,,
393029,高知県奈半利町,,,,,,,,,
393037,高知県田野町,,,,,,,,,
393045,高知県安田町,,,,,,,,,
393053,高知県北川村,,,,,,,,,
393061,高知県馬路村,,,,,,,,,
393070,高知県芸西村,,,,,,,,,
393410,高知県本山町,,,,,,,,,
393444,高知県大豊町,,,,,,,,,
393631,高知県土佐町,61.6,66,68.2,70.4,72.6,74.8,77,79.2,81.4
393649,高知県大川村,,,,,,,,,
393860,高知県いの町,30.8,33,35.2,37.4,39.6,41.8,44,46.2,48.4
393878,高知県仁淀川町,,,,,,,,,
394017,高知県中土佐町,100,100,100,100,100,100,99.8,99.7,95
394025,高知県佐川町,100,100,2.5,6.4,10.3,14.2,16.9,20.9,25
394033,高知県越知町,,,,,,,,,
394050,高知県梼原町,,,,,,,,,
394106,高知県日高村,82.3,84.4,86.5,88.7,90.8,91.5,91.9,92.4,92.8
394114,高知県津野町,,,,,,,,,
394122,高知県四万十町,58.3,60.7,62.9,65.1,67.3,69.5,71.7,73.9,76.1
394246,高知県大月町,,,,,,,,,
394271,高知県三原村,,,,,,,,,
394289,高知県黒潮町,53.1,54.9,56.4,58.5,60.5,62.6,64.7,66.7,68.8
401005,福岡県北九州市,,60.7,62.3,64.2,66.2,67.6,69.5,71.1,73.2
401307,福岡県福岡市,31.9,34.8,37.3,39.7,42.1,43.8,46.1,44.4,46.6
402028,福岡県大牟田市,,,,,,,,,
402036,福岡県久留米市,,,,,,,,,
402044,福岡県直方市,,,,74.2,83.6,,,,
402052,福岡県飯塚市,,,,,,,44.7,52.7,48.7
402061,福岡県田川市,87,90,91.2,94.3,97.4,98.6,100,98.8,
402079,福岡県柳川市,59.3,56.7,60.6,64.4,68.2,72.1,75.9,,
402109,福岡県八女市,68.2,70.8,73.4,74.6,77.3,80,82.6,85.3,87.5
402117,福岡県筑後市,,,,,,,,,
402125,福岡県大川市,,,,,,,,,
402141,福岡県豊前市,66.7,71,,,,,,,
402150,福岡県中間市,11,13.2,,,,,24.2,26.4,28.6
402168,福岡県小郡市,,,,,,,,,
402176,福岡県筑紫野市,73.6,75.5,79,76.4,73.3,75.4,73.9,72.5,67.8
402184,福岡県春日市,32.9,35.1,37.3,39.5,77.5,43.3,45.5,47.7,49.9
402192,福岡県大野城市,,,,,,,,,
402206,福岡県宗像市,,,,,,,,,
402214,福岡県太宰府市,,,,,,24,,,
402231,福岡県古賀市,62.8,49.2,50.9,51.2,50.4,52.2,74.2,75.2,55
402249,福岡県福津市,12.3,16.5,20.6,24.8,29,33.1,37.3,41.4,45.3
402257,福岡県うきは市,,,,,,,,,
402265,福岡県宮若市,,,,,,,,,
402273,福岡県嘉麻市,,39.5,39.5,42.1,44.5,46.6,48.8,46.9,20
402281,福岡県朝倉市,,,,,,,,,
402290,福岡県みやま市,,,,,,,,,
402303,福岡県糸島市,,,,,,,,,
402311,福岡県那珂川市,15.9,19,22.1,25.3,28.4,31.5,34.7,37.8,40.9
402311,福岡県那珂川市,15.9,19,22.1,25.3,28.4,31.5,34.7,37.8,40.9
402311,福岡県那珂川町,15.9,19,22.1,25.3,28.4,31.5,34.7,37.8,40.9
402311,福岡県那珂川町,15.9,19,22.1,25.3,28.4,31.5,34.7,37.8,40.9
403415,福岡県宇美町,,,,,,,,,
403423,福岡県篠栗町,26.4,26.4,28.5,30.5,32.6,33.1,35.4,36.3,37
403431,福岡県志免町,,,,,,,,,
403440,福岡県須恵町,,,,,,,,,
403458,福岡県新宮町,,,,,,,,,
403482,福岡県久山町,,,,,,,,,
403491,福岡県粕屋町,0,4.6,9.2,13.8,18.4,23,27.6,32.2,36.8
403814,福岡県芦屋町,,,,,,,,,
403822,福岡県水巻町,,,,,,,,,
403831,福岡県岡垣町,65.2,65.3,70.4,70.5,74.2,77.9,81.6,85.3,89
403849,福岡県遠賀町,,,,,,,,,
404012,福岡県小竹町,,48.7,52,55.2,56.7,57.2,58.7,60.2,61.6
404021,福岡県鞍手町,,,,,,,,,
404217,福岡県桂川町,,,,,,,,,
404471,福岡県筑前町,,,,,,,,,
404489,福岡県東峰村,,,,,,,,,
405035,福岡県大刀洗町,,,,,,,,,
405221,福岡県大木町,,,,,,,,,
405442,福岡県広川町,,,,,,,,,
406015,福岡県香春町,,,,,,,,,
406023,福岡県添田町,,38.4,40.4,40,38.6,41.5,41.5,44.4,47.4
406040,福岡県糸田町,100,100,100,100,100,,,0,
406058,福岡県川崎町,,,,,,,,,
406082,福岡県大任町,,,,,,,,,
406091,福岡県赤村,,,,,,,,,
406104,福岡県福智町,24.9,27,29,31.1,35.3,37.3,39.4,41.5,43.5
406210,福岡県苅田町,,,,,,,,,
406252,福岡県みやこ町,,,,,,,,,
406422,福岡県吉富町,,,,,,,,,
406465,福岡県上毛町,,,,,,,,,
406473,福岡県築上町,30.8,33,35.2,37.4,39.6,41.8,44,46.2,48.4
412015,佐賀県佐賀市,,49.5,48.9,51.8,49.2,47.9,51.1,54.3,57.4
412023,佐賀県唐津市,91,90.5,91.2,92,92.8,93.6,94.4,95.2,96
412031,佐賀県鳥栖市,88.9,90.9,84.7,85.1,60,62.1,64.3,57.6,60.1
412040,佐賀県多久市,59.4,32.2,34.3,36.5,38.6,40.7,42.8,44.9,49.2
412058,佐賀県伊万里市,74,76,78,80,82,84,86,88,90
412066,佐賀県武雄市,,,,,,,,,
412074,佐賀県鹿島市,,,,,,,,,
412082,佐賀県小城市,36,39,42,45,48,51,54,57,60
412091,佐賀県嬉野市,,,,,,,,,
412104,佐賀県神埼市,,84,86,88,90,92,94,96,98
413275,佐賀県吉野ヶ里町,8.2,20.5,23.3,26.1,28.8,31.6,34,36.9,39.6
413411,佐賀県基山町,,,,,,,,,
413453,佐賀県上峰町,,,,,,,,,
413461,佐賀県みやき町,4.1,8.1,12.2,16.2,20.3,24.3,28.4,32.5,35.7
413879,佐賀県玄海町,100,100,85.4,91.4,91.8,92.7,93.5,94.2,95.3
414018,佐賀県有田町,,,,,,,,,
414239,佐賀県大町町,,,,,,,,,
414247,佐賀県江北町,11.9,16.2,20.3,24.4,28.2,32.4,36.3,40.3,44.3
414255,佐賀県白石町,,,,,,,,,
414417,佐賀県太良町,,,100,,,,,,
422011,長崎県長崎市,,58.8,56.4,76.7,65.3,68.1,66.8,67.1,68.6
422029,長崎県佐世保市,,55.3,62,64.1,66.1,68.1,70.1,72.1,76.1
422037,長崎県島原市,100,100,100,100,100,100,100,100,100
422045,長崎県諫早市,,69.3,72.3,75.3,78.3,81.3,84.3,78.3,81.2
422053,長崎県大村市,,,,,,,,,
422070,長崎県平戸市,100,100,100,100,100,100,100,94,100
422088,長崎県松浦市,,70,72,74,76,78,80,82,84
422096,長崎県対馬市,,,,,,,,,
422100,長崎県壱岐市,,100,100,100,100,100,100,100,
422118,長崎県五島市,,36.2,38.2,40.2,42.2,44.2,45.2,46.3,47.7
422126,長崎県西海市,,80,80,80,80.5,76.1,76.5,80.5,81.3
422134,長崎県雲仙市,50.6,,,,,63.5,65.6,,
422142,長崎県南島原市,,,,,,,,,
423076,長崎県長与町,47.8,50,52,54.2,56.5,58.7,61,63.2,65.4
423084,長崎県時津町,,32.2,34.5,36.9,39.1,41.3,43.6,46,48.3
423211,長崎県東彼杵町,,,,,,,,,
423220,長崎県川棚町,,,,,,,,,
423238,長崎県波佐見町,,,,,,,,,
423831,長崎県小値賀町,,,,,,,,,
423912,長崎県佐々町,,,,,,,,,
424111,長崎県新上五島町,,56.2,57.6,58.5,58.5,69,70.9,72.9,71
431001,熊本県熊本市,53.1,58.1,60.2,62.6,64.5,62.8,65.2,65.3,67.6
432024,熊本県八代市,,,,,,,,,
432032,熊本県人吉市,,,,,,,,,
432041,熊本県荒尾市,60,60,62,64,66,11,13.2,2.2,8.5
432059,熊本県水俣市,74.8,77,74.2,76.4,78.6,80.8,83,85.2,87.4
432067,熊本県玉名市,68.2,70.4,72.6,74.8,77,79.2,81.4,,
432083,熊本県山鹿市,94.2,95.9,96.7,97.3,97.9,98.5,99.1,99.7,63.9
432105,熊本県菊池市,,77,79.2,81.4,83.6,85.8,88,90.2,92.4
432113,熊本県宇土市,72,73.6,75.7,77.7,79.8,81.8,81.2,83.4,85.7
432121,熊本県上天草市,,,,,,,,,
432130,熊本県宇城市,99.3,99.5,98.4,98.5,98.6,,,,
432148,熊本県阿蘇市,79.2,81.4,83.6,85.8,88,90.2,92.4,62.5,62.5
432156,熊本県天草市,,58.7,61.3,63.6,66,66.9,68.9,70.8,72.4
432164,熊本県合志市,65,67.7,48.8,49.1,51.7,54.1,56.7,59.2,40.7
433489,熊本県美里町,,,,,,,,,
433641,熊本県玉東町,,,,,,,,,
433675,熊本県南関町,,,,,,,,,
433683,熊本県長洲町,,10.9,15,20,25,30,34.9,39.9,44.9
433691,熊本県和水町,,,,,,,,,
434035,熊本県大津町,,,,20,72.9,75.2,77.6,74.6,38.3
434043,熊本県菊陽町,,,,,,,62.1,64.6,68.9
434230,熊本県南小国町,,,,,,,,,
434248,熊本県小国町,,100,100,100,,,,,
434256,熊本県産山村,,,,,,,,,
434281,熊本県高森町,,,,,,,,,
434329,熊本県西原村,,,,40.2,,,,,
434337,熊本県南阿蘇村,,,,,,,,,
434418,熊本県御船町,,23.4,25.8,14.1,,,,,
434426,熊本県嘉島町,,,,95.7,,,,,
434434,熊本県益城町,,,44.9,39,32.3,,,,
434442,熊本県甲佐町,71.1,74.8,77,79.2,81.4,83.6,85.8,88,90.2
434477,熊本県山都町,77,79.2,81.4,83.6,85.8,88,90.2,92.4,94.6
434680,熊本県氷川町,,,100,100,73.6,78.2,82.8,87.4,92
434825,熊本県芦北町,,100,100,99.7,100,100,100,100,100
434841,熊本県津奈木町,,,,,,,,,
435015,熊本県錦町,,,,,,,,,
435058,熊本県多良木町,,,17.7,22.3,26.9,31.5,36.1,40.7,45.3
435066,熊本県湯前町,,82.1,85.8,,93.4,97.2,100,100,100
435074,熊本県水上村,,,,,,,,,
435104,熊本県相良村,,,,,,,,,
435112,熊本県五木村,,,,,,,,,
435121,熊本県山江村,,,,,,,,,
435139,熊本県球磨村,,,,,,,,,
435147,熊本県あさぎり町,,,,,,,,,
435317,熊本県苓北町,,,,,,,,,
442011,大分県大分市,58.3,46.6,28.6,34.1,34.9,35,37.2,38.4,41.1
442020,大分県別府市,45.3,,32.7,34.7,37.5,40.3,32.7,33.9,44.3
442038,大分県中津市,46.1,48.1,50.1,52.1,13.9,16.7,21.6,24.3,26.9
442046,大分県日田市,,68.5,72,75.5,81.7,85.7,75.5,79.8,84.1
442054,大分県佐伯市,56.3,53.4,61.2,58.6,61.8,64.9,68,71.1,74.2
442062,大分県臼杵市,,,,,,,,,
442071,大分県津久見市,85.8,85.8,90.2,89.9,92.2,89.6,92,93.3,93.7
442089,大分県竹田市,,100,100,,,,,,
442097,大分県豊後高田市,42.4,32.4,25.8,29,82,84,86,88,90
442101,大分県杵築市,29.7,32.4,,,,20.9,23.8,26.8,29.7
442119,大分県宇佐市,45.2,46.6,48.2,52.4,53.9,58.1,62.4,60.4,65.2
442127,大分県豊後大野市,60.7,62.4,63.6,63.7,65.5,67.4,68.5,70.3,72
442135,大分県由布市,65.9,15.1,16.4,16.8,21.6,26.4,31.1,35.9,40.7
442143,大分県国東市,73.1,68.5,79,79,82.4,85.5,84.9,87.6,89.4
443221,大分県姫島村,,,,,,,,,
443417,大分県日出町,30,32,34,36,38,40,41.5,43.6,44
444618,大分県九重町,100,2.2,4.4,6.6,8.8,14.1,16.8,19.4,22.1
444626,大分県玖珠町,66.4,68.7,71.1,73.4,73.4,77.8,80,82.1,84.3
452017,宮崎県宮崎市,52,54.1,48.4,56.4,59.2,58.4,57.4,56.1,58.7
452025,宮崎県都城市,88.7,89.7,90.7,91.7,91.8,92.9,94.1,95.3,96.5
452033,宮崎県延岡市,47.2,49.3,51.2,53.1,55,56.9,58.8,60.7,62.6
452041,宮崎県日南市,,100,100,100,100,100,100,100,100
452050,宮崎県小林市,,68.8,91,92.5,93.8,95.2,96.6,98,99.4
452068,宮崎県日向市,,56.2,59.8,63.3,66.9,70.1,73.7,77.3,80.8
452076,宮崎県串間市,,,,,,,,,
452084,宮崎県西都市,47.8,51.7,56.4,61,65.7,70.4,75.1,79.6,84.3
452092,宮崎県えびの市,,,,,,,,,
453412,宮崎県三股町,,100,100,100,100,100,100,100,100
453617,宮崎県高原町,,100,100,100,100,100,100,100,100
453820,宮崎県国富町,33.7,36.6,37.7,40.7,43.7,46.7,49.7,51.2,54.3
453838,宮崎県綾町,,71.2,75.8,79.6,84.2,87.8,75.8,77.5,79.1
454010,宮崎県高鍋町,,,,,,,,,
454028,宮崎県新富町,,,,,,,,,
454036,宮崎県西米良村,,,,4.4,6.6,8.8,11,13.2,15.4
454044,宮崎県木城町,67.5,67.5,69.4,72.7,74.5,74.4,76.3,78.2,80.2
454052,宮崎県川南町,71.2,79.8,84,88.2,92.4,,,,
454061,宮崎県都農町,100,100,100,100,100,100,100,100,100
454214,宮崎県門川町,45.6,49.4,53.2,57,60.8,64.6,68.4,72.2,76
454290,宮崎県諸塚村,,,,,,,,,
454303,宮崎県椎葉村,83.6,86.2,88.8,91.3,91.8,93.5,94.2,94.9,95.6
454311,宮崎県美郷町,100,100,100,100,100,100,100,,
454419,宮崎県高千穂町,,,,,,,,,
454427,宮崎県日之影町,,,,,,,,,
454435,宮崎県五ケ瀬町,,,,,,,,,
462012,鹿児島県鹿児島市,61.5,65.6,69.6,73.6,76.1,79.5,82.6,85.2,87.7
462039,鹿児島県鹿屋市,,90,92.5,95,97.5,100,100,100,
462047,鹿児島県枕崎市,64.7,66.4,68.1,69.8,71.5,71.2,76.1,77.8,79.5
462063,鹿児島県阿久根市,,,70.1,71,72.6,74.2,75.9,77.5,79
462080,鹿児島県出水市,,,,,,,,,
462101,鹿児島県指宿市,,100,100,100,100,100,100,100,
462136,鹿児島県西之表市,90.5,87.2,88.8,90.3,86.4,92.1,93.1,94,94.9
462144,鹿児島県垂水市,,,,,,,,,
462152,鹿児島県薩摩川内市,34.4,42.3,49.2,,,,,,
462161,鹿児島県日置市,61.1,62.7,64.3,52.8,55,57.2,59.4,61.6,63.8
462179,鹿児島県曽於市,,,,,,,,,
462187,鹿児島県霧島市,23.9,15.6,19.6,12.9,16.4,15.4,19.4,23.3,27.8
462195,鹿児島県いちき串木野市,,65.7,87.7,89.9,92.1,94.3,96.5,98.8,
462209,鹿児島県南さつま市,,,,,,,,,
462217,鹿児島県志布志市,55.2,59.8,64.4,69,73.6,78.2,82.8,87.4,92
462225,鹿児島県奄美市,,88.3,89.7,83.1,92.4,93.4,92,92.7,93.4
462233,鹿児島県南九州市,99.4,99.4,100,100,100,100,100,,
462241,鹿児島県伊佐市,,,,,,,,,
462250,鹿児島県姶良市,,,,,,,,,3.4
463035,鹿児島県三島村,,,,,,,,,
463043,鹿児島県十島村,,,,,,,,,
463922,鹿児島県さつま町,,,,,,,,,
464040,鹿児島県長島町,,,,0,3.8,7.6,11.4,15.2,0.4
464520,鹿児島県湧水町,,,,,,,,,
464686,鹿児島県大崎町,,,,,,,,,
464821,鹿児島県東串良町,,100,100,100,,,,,
464902,鹿児島県錦江町,,,,,,,,,
464911,鹿児島県南大隅町,,,,,,,,,
464929,鹿児島県肝付町,,,,98.1,98.3,98.4,98.6,93,93.2
465011,鹿児島県中種子町,96.8,99,100,100,100,100,,,
465020,鹿児島県南種子町,,,,,,,,,
465054,鹿児島県屋久島町,,,,,,,,,
465232,鹿児島県大和村,,,,,,,,,
465241,鹿児島県宇検村,94.8,97,99.2,100,100,100,100,100,100
465259,鹿児島県瀬戸内町,,,,,,,,,
465275,鹿児島県龍郷町,70.4,72.6,74.8,77,72,,11.6,15.7,19.7
465291,鹿児島県喜界町,,,,,,,,,
465305,鹿児島県徳之島町,,,,,,,,,
465313,鹿児島県天城町,,94.8,97,99.2,100,100,100,100,100
465321,鹿児島県伊仙町,,,,,,,,,
465330,鹿児島県和泊町,,,,,,,,,
465348,鹿児島県知名町,,,,,,,,,
465356,鹿児島県与論町,,,,,,,,,7.5
472018,沖縄県那覇市,,62.7,64.7,66.2,68.4,70.5,72.6,74.8,76.9
472051,沖縄県宜野湾市,45.9,50,52.2,54.5,41.4,42.3,45.1,47.7,50.5
472077,沖縄県石垣市,35.1,37.8,,,,,,,
472085,沖縄県浦添市,,30.5,32.6,32.6,40.6,42.7,44.7,46.7,47.7
472093,沖縄県名護市,,77,79.2,81.4,83.6,73.1,61.4,3.8,7.1
472107,沖縄県糸満市,38.7,,31.7,33.9,36,36,36.6,35.6,38.1
472115,沖縄県沖縄市,,,,,,33.8,36,38.3,40.6
472123,沖縄県豊見城市,33.4,43.4,45.2,47.2,49.2,51.2,53.2,55.2,57.2
472131,沖縄県うるま市,34.1,36.4,38.8,41.2,43.5,45.7,46.2,48.3,50.3
472140,沖縄県宮古島市,15.7,22.9,26.4,25.2,24.7,25.3,28.4,31.6,34.6
472158,沖縄県南城市,33.8,36,38.2,28.3,30.5,32.7,35,37.2,39.4
473014,沖縄県国頭村,,,,,3.3,6.7,10,13.3,16.7
473022,沖縄県大宜味村,,,,,,,,,
473031,沖縄県東村,,,,,,,,,
473065,沖縄県今帰仁村,,,,,,,,,
473081,沖縄県本部町,,,,,,,,,9.8
473111,沖縄県恩納村,,,,,,,,,
473138,沖縄県宜野座村,,,,,,,,,
473146,沖縄県金武町,,,,,,0,3.3,6.5,9.8
473154,沖縄県伊江村,,,,,,,,,
473243,沖縄県読谷村,6.6,6.6,10.4,13.2,16.5,19.8,23,27.7,31.2
473251,沖縄県嘉手納町,,,,,,,,,76
473260,沖縄県北谷町,29.7,33,35.2,37.8,36.8,39,41.3,41.4,44
473278,沖縄県北中城村,70.3,72.2,69.3,71.5,73.7,75.9,78.1,80.3,82.5
473286,沖縄県中城村,,17.6,19.8,22,24.2,39.6,43,46.3,49.4
473294,沖縄県西原町,,55.7,27.6,29.8,32,34.2,36.4,38.6,42.7
473481,沖縄県与那原町,,23.5,25.7,27.9,30.1,32.3,34.5,36.7,38.9
473502,沖縄県南風原町,49.9,58.5,60.2,61.9,63.6,65.3,66.9,68.7,70.4
473537,沖縄県渡嘉敷村,,,,,,,,,
473545,沖縄県座間味村,,,,,,,,,
473553,沖縄県粟国村,,,,,,,,,
473561,沖縄県渡名喜村,,,,,,,,,
473570,沖縄県南大東村,41.8,44,46.2,48.4,50.6,52.8,55,57.2,58.9
473588,沖縄県北大東村,,,,,,,,,
473596,沖縄県伊平屋村,,,,,,,,,
473600,沖縄県伊是名村,,,,,,,,,
473618,沖縄県久米島町,,,,,,,,,
473626,沖縄県八重瀬町,,71.9,73.9,75.9,77.9,79.9,81.9,83.9,85.9
473758,沖縄県多良間村,,,,,,,,,
473812,沖縄県竹富町,,55.4,57.5,59.5,70.2,72.6,73.9,75.8,77.4
473821,沖縄県与那国町,,,,,,,,,
