団体コード,団体名,2016-03-31,2017-03-31,2018-03-31,2019-03-31,2020-03-31,2021-03-31,2022-03-31,2023-03-31,2024-03-31
011002,北海道札幌市,,62.4,62.1,60.6,64.5,64.8,65.2,64.6,63.7
012025,北海道函館市,,67.3,66.8,68.7,69.8,70.3,71.3,69.7,72.3
012033,北海道小樽市,,66.6,,,,59.2,66.7,61.9,62.4
012041,北海道旭川市,62.9,59.5,60.5,62.5,63.2,62.4,64.9,63.6,68.8
012050,北海道室蘭市,45.1,47.4,46.8,48,50.4,50.6,52.3,51.9,53
012068,北海道釧路市,,61,63.1,65.2,67.2,66.5,67.5,69.4,67.1
012076,北海道帯広市,,56.1,58,59.9,61.7,63,61.1,63.4,65.7
012084,北海道北見市,58.8,58.4,59.6,57.4,59.7,61.2,61.6,63.9,66.3
012092,北海道夕張市,,59.5,61.7,63.9,66.1,68.2,70.4,72.5,73.1
012106,北海道岩見沢市,,49.9,52.1,50,51.2,53.2,55.2,55.2,57.1
012114,北海道網走市,,56.6,62.8,64.9,66.9,69,69.2,73.1,75
012122,北海道留萌市,80.2,61.7,57,59,61.2,61.3,63,63.9,65.5
012131,北海道苫小牧市,57.3,58.8,58.9,57.1,58.9,54.5,60.1,60.9,56.9
012149,北海道稚内市,,72.8,74.4,76,77.5,79,80.3,81.1,81.8
012157,北海道美唄市,,72.9,74.6,76.5,83.1,77.7,78.4,78.4,77
012165,北海道芦別市,71.7,73.6,75.8,77.9,80,82,83.8,86.9,88.7
012173,北海道江別市,,53,54.7,56.4,58.2,58.6,60.2,61.4,61.9
012181,北海道赤平市,72.8,82.3,84.4,35.8,38.4,41,41,23.4,26.4
012190,北海道紋別市,70.4,70.3,77.2,76.2,78.2,80.2,77.6,78.6,72.8
012203,北海道士別市,44.2,42.4,44.3,47.3,49.5,51.8,54.1,56.1,58.4
012211,北海道名寄市,57.1,49.4,48.4,45.4,45.7,48.2,50.6,53,53.7
012220,北海道三笠市,70.1,72.3,76.7,78.8,78.8,80.8,82.7,84.4,80.7
012238,北海道根室市,50.9,51.4,52.8,54.6,56.7,57.9,57.6,60,49.2
012246,北海道千歳市,66.5,76.7,78.7,79.3,80.4,81.2,76.1,77.1,77.6
012254,北海道滝川市,,,70.7,74.9,75.4,77.2,79,80.6,82.1
012262,北海道砂川市,55.7,57.1,58.8,60.2,61.7,63.8,65.6,67.8,69.3
012271,北海道歌志内市,73.7,73.7,75.7,77.8,82.1,84.2,84.2,86.3,84.2
012289,北海道深川市,,55.8,,,,48,50.1,52.1,54.2
012297,北海道富良野市,,,54.5,56.9,59.1,60,63.1,65.4,58.8
012301,北海道登別市,70.1,61.8,62.9,63.9,63.9,64.4,65,66.4,67.2
012319,北海道恵庭市,53.7,53.4,55.4,57.1,57.1,57.8,58.5,58.5,61.8
012335,北海道伊達市,69,71.5,73.4,72.4,66.9,68.2,67,61.6,49.4
012343,北海道北広島市,,58.6,60.2,61.2,63.1,63.8,65.3,65.5,64.5
012351,北海道石狩市,64.8,66.7,68.2,69.8,67,67.7,69,70.5,71.5
012360,北海道北斗市,46.4,48.5,48.6,50.8,54.8,56.8,58.7,60.6,62.3
013030,北海道当別町,,91.8,92.1,91.8,90.1,75.6,56.6,55.6,62.1
013048,北海道新篠津村,52.8,54.1,55.5,56.8,58.2,58.7,60,61.4,62.9
013315,北海道松前町,40,,53.6,51,51.3,53.3,56.2,58.9,61.8
013323,北海道福島町,64.2,65.9,67.7,72.1,70.7,73.2,73.6,78.2,80.7
013331,北海道知内町,,,,,74.6,76.2,77.6,78.8,78.9
013340,北海道木古内町,63.8,91.9,92.6,92.1,93,70.3,72.5,83,83.1
013374,北海道七飯町,,44.8,40.5,41.7,40.1,42.4,44.6,46.9,49
013439,北海道鹿部町,,74.1,76.3,77.8,80.2,82.4,86.9,89.2,86.1
013455,北海道森町,79.9,82.1,83.3,84.4,85.6,85.6,87.7,88.2,88.9
013463,北海道八雲町,55.7,54.6,56.5,58.6,59.5,59.7,62,63.7,61.7
013471,北海道長万部町,75.8,78.6,80.1,81.7,83.3,84,85.7,87.4,89.1
013617,北海道江差町,56.5,60.7,,,,60.2,64.9,65.5,65.2
013625,北海道上ノ国町,45.2,,49.6,51.9,54.1,56.3,55,57.6,60.1
013633,北海道厚沢部町,82.4,83.6,83.6,87.8,87.7,89.6,89.8,91.7,94.9
013641,北海道乙部町,44.6,47.4,49.7,44.6,45,47.1,49.7,52.2,54.7
013676,北海道奥尻町,,63.5,66.2,69.8,66.8,57.4,49.8,68.5,64
013706,北海道今金町,51.9,52.6,57.1,58.9,57.3,59.5,60,14.7,16.8
013714,北海道せたな町,,55.1,61,60.9,63.1,65,68,69.5,71.6
013919,北海道島牧村,,75.8,71.8,71.6,73.6,72,74.4,74.8,75.3
013927,北海道寿都町,61.2,63.4,65.6,67.8,68.7,67.6,68.4,69.5,70
013935,北海道黒松内町,57.7,58.5,,64.9,67.3,69.4,71.4,50.3,53.1
013943,北海道蘭越町,21.7,21.7,26.3,27.2,29.5,31.9,35.4,37.4,39.1
013951,北海道ニセコ町,42.6,43.5,43.8,43.2,45.2,47.8,48.7,51.3,53.7
013960,北海道真狩村,74.1,,,,,80.7,82.9,85.2,87.1
013978,北海道留寿都村,,,,,,,,,
013986,北海道喜茂別町,,58.7,60.6,62.4,64.3,66.1,67.8,66.5,71.1
013994,北海道京極町,38.3,40.8,42.9,45,47.1,49.2,51.4,52.7,57.5
014001,北海道倶知安町,58.9,61.4,,68.8,69,71.6,74.2,76.6,79.1
014010,北海道共和町,65.9,,,74.5,75.6,78.1,80.1,82,83.3
014028,北海道岩内町,83,,,87.4,87.3,91,92.5,91.8,93
014036,北海道泊村,,29.8,30.6,32.8,35,37.2,31.5,34.7,38
014044,北海道神恵内村,,,94.2,88.8,78.5,77,90,92.9,93.1
014052,北海道積丹町,,,86.7,74.4,75,75,75.4,87.5,77.4
014061,北海道古平町,24.4,26.6,27.9,30.4,,35.4,37.6,39.8,42
014079,北海道仁木町,61,64.9,64.9,66.8,69,70.9,73.1,75.4,70.3
014087,北海道余市町,63.5,,68.6,70.8,72.8,74.4,76.3,78.2,78.2
014095,北海道赤井川村,,50.8,53,55.2,57,59.2,61.7,63.8,66.1
014231,北海道南幌町,,43.1,45,46.9,48.4,50.1,55.2,57.7,57
014249,北海道奈井江町,66.7,,,67.7,67.6,70.4,71.3,72.1,73.8
014257,北海道上砂川町,63.3,67.7,69.8,71.6,73.1,74.5,75.7,77,78.2
014273,北海道由仁町,62,64.1,66.1,,71.9,73.1,77.3,79.9,82.6
014281,北海道長沼町,77.6,77.6,,81.3,83.2,85.6,87.7,89.3,90.2
014290,北海道栗山町,57.1,60.1,62.1,64.1,65.8,67.4,69.5,71,70.3
014303,北海道月形町,,70,72.2,74.7,77.2,79.6,82,84.1,84.1
014311,北海道浦臼町,,,,36.6,38.9,41.1,45.5,47.9,57.5
014320,北海道新十津川町,47.6,52.1,54.2,56.2,58.3,60.3,62.3,64.4,65.4
014338,北海道妹背牛町,78.6,80.8,82.5,83.7,84.9,86.2,87.5,88.3,88.8
014346,北海道秩父別町,,51,52.9,54.9,57,58.5,59.7,62.1,64.3
014362,北海道雨竜町,,27.5,96.2,100,100,100,100,45.8,44.5
014371,北海道北竜町,,69.5,71.1,72.3,73.5,74.6,72.4,75.8,76.5
014389,北海道沼田町,36.8,20.2,20.2,23.4,26.6,23.4,31.4,34.7,36.1
014524,北海道鷹栖町,86.4,88.6,89,89.9,90.1,89.9,89.5,90.5,91.5
014532,北海道東神楽町,38.6,40.8,,40,41.6,44.7,49.1,46.4,45.7
014541,北海道当麻町,58.6,58.8,61,66.9,65.2,61.9,60.1,62.3,64.5
014559,北海道比布町,,58.8,61.2,35.6,65.2,40.4,42.8,45,40.8
014567,北海道愛別町,80.8,78.2,80.4,76.2,78.3,80.4,82.6,84.7,86.9
014575,北海道上川町,71,74,,75.1,75.8,77.5,79.1,81,85.9
014583,北海道東川町,,,,,,25.9,28.5,28,31.7
014591,北海道美瑛町,71.7,71.6,76.3,79,81.6,83.1,84,88.2,90.3
014605,北海道上富良野町,54.2,43.9,34.3,36.2,43.6,45.3,29.2,37.1,37.1
014613,北海道中富良野町,,66.4,68.6,71.7,73.9,76.1,78.3,80.5,82.5
014621,北海道南富良野町,54.6,49.8,51.8,48.3,50.4,51,52.9,56.6,54.7
014630,北海道占冠村,87.3,77.4,,,77.4,92,81,84.9,86.2
014648,北海道和寒町,15.7,52.9,52.5,54.6,56.2,57.2,59.1,61,63.2
014656,北海道剣淵町,67.3,69.4,70.2,72.1,73.9,86,75.3,76.6,77.5
014681,北海道下川町,,,75.1,77.8,79.4,81.3,84.1,85,87.5
014699,北海道美深町,,50.7,52.8,54.8,53.2,48,48,50,50.7
014702,北海道音威子府村,,,52.1,48.4,51,53.7,56.3,59,61.6
014711,北海道中川町,34.6,77.3,80.8,84.5,88.5,91.8,94.9,97.6,99.4
014729,北海道幌加内町,,76.1,77.8,79.5,81.2,82.9,83.9,85.8,87.4
014818,北海道増毛町,,57.3,59.3,60.9,62.6,64.6,66.5,68.2,70
014826,北海道小平町,,97.9,61.7,66.9,75.3,76.6,74.9,77,76.3
014834,北海道苫前町,,22.6,24,26.6,29.1,31.6,35.3,37.2,39.4
014842,北海道羽幌町,,,,81.7,80.9,81.6,38.3,38.6,41.2
014851,北海道初山別村,61.9,64,66.2,66.2,68.1,70.7,61.2,75.2,65.3
014869,北海道遠別町,58.2,34.5,62.1,63.5,42.1,66.3,67.6,68.9,70.2
014877,北海道天塩町,,34.5,37.2,39.8,42.1,42.1,46.9,46.9,46.9
015113,北海道猿払村,69.7,70.1,71.5,73.7,65.5,78.7,74.2,75.5,72.8
015121,北海道浜頓別町,,62.6,,,,,,,
015130,北海道中頓別町,,63,56,58.5,60.9,60.7,63.1,65.8,68.5
015148,北海道枝幸町,,79.8,79.8,79.7,79.7,80.2,79.6,81.1,83
015164,北海道豊富町,49.1,45.2,44.1,,,53.5,55.3,41.8,43.5
015172,北海道礼文町,61.4,43.3,39.3,40.2,42.5,45.1,43.3,45.6,48
015181,北海道利尻町,88.8,47.1,48.8,50.4,51.9,53.4,54.9,55.9,57
015199,北海道利尻富士町,,,,,,,,51.1,53.5
015202,北海道幌延町,71.8,74,76.3,78.6,80.2,80.6,82.3,84.4,
015431,北海道美幌町,,48.7,51,53.2,55.4,57.7,59.9,62.1,64.3
015440,北海道津別町,55.4,57.5,59.9,62.3,64.2,64.3,61.2,69.3,79.1
015458,北海道斜里町,71.1,63.6,66.6,70.1,71.1,73.1,75.1,76.9,77.5
015466,北海道清里町,,58.4,,,48.7,46.4,2.1,34,40.8
015474,北海道小清水町,,8.1,10.3,12.5,14.2,16.2,18.7,21.1,23.6
015491,北海道訓子府町,73.1,73.1,77.1,79.1,81.1,82.7,82,82,83.2
015504,北海道置戸町,44.5,46.5,49.8,52.1,,52.8,59.1,60.4,61.3
015521,北海道佐呂間町,75.3,77.8,79.5,81.3,81.2,82.2,82.7,83.7,85.2
015555,北海道遠軽町,,62.3,,68.4,70.6,72.8,75,77.1,81.1
015598,北海道湧別町,60.2,68.7,57.4,60.2,67.6,71.8,72.3,56.8,58.7
015601,北海道滝上町,70.1,81.8,82.8,85.4,88.2,93.6,89.6,91,96
015610,北海道興部町,,74.4,64.3,60.9,62.3,58.6,60.2,53.7,55.8
015628,北海道西興部村,53.7,55.9,58.2,61.5,61.9,64,65.9,67.7,68.5
015636,北海道雄武町,,80.7,81.4,82.7,84.2,83.8,85.6,87.5,89.8
015644,北海道大空町,37.8,40.2,38.1,38,38,39.9,47.4,46,47.3
015717,北海道豊浦町,82.1,85.3,87.6,85.4,88.7,89.4,90.7,91.2,92.1
015750,北海道壮瞥町,70.9,71,72.2,73.9,74.3,76,77.8,79.2,80.4
015784,北海道白老町,72,71.6,69.4,70,71.6,71.9,83.9,85.5,83.2
015814,北海道厚真町,53.4,52.5,52.3,54.4,55,60.6,63.3,61.3,62.9
015849,北海道洞爺湖町,,76,65.3,78.2,79.6,81.2,82.7,83.9,83.9
015857,北海道安平町,65.9,66.8,,70.5,72.1,71.4,73,73,47.5
015865,北海道むかわ町,,,,,,,46.4,48.4,50.5
016012,北海道日高町,,51.8,55.2,53.7,53.7,55.8,58.1,60.3,62.5
016021,北海道平取町,31.3,64.5,66.4,68.7,71,79.8,73.1,75.7,77.4
016047,北海道新冠町,87.8,89.8,88.8,90.7,90.8,89.7,90.2,91.5,92
016071,北海道浦河町,,64.3,66.6,71.2,71.2,72.9,74.3,75.6,76.9
016080,北海道様似町,,94.5,94.4,95,36.9,33.4,36,38.6,41
016098,北海道えりも町,,63.8,66,68.1,70.2,71.9,74,76,78
016101,北海道新ひだか町,,,,71.9,73.8,74.6,75.9,76.3,76
016314,北海道音更町,,61.7,62.2,63.2,63.3,61.6,62.4,62.9,63.9
016322,北海道士幌町,,68.8,72.1,73,74.4,,78.1,76.3,77.9
016331,北海道上士幌町,,54.9,56.8,58.6,57.6,58.9,60.9,60.4,62.6
016349,北海道鹿追町,,68.1,,67.5,69.5,72,74,76,78
016357,北海道新得町,,58,60.4,62.9,63.2,60.5,56.2,57.6,59.9
016365,北海道清水町,,56.4,59.9,62.8,66.3,69.7,71.1,74.6,78.1
016373,北海道芽室町,49.3,50.7,49.8,52.1,75.1,73.4,72.6,70.8,71.9
016381,北海道中札内村,,68.7,70.7,72.5,74.4,75.5,77.3,74.2,68.1
016390,北海道更別村,,77.9,71.7,73.4,83.8,85.8,87.5,88.9,90.6
016411,北海道大樹町,31.2,41.9,,,45.1,46.7,49.3,51.8,51.1
016420,北海道広尾町,,63.7,68.3,45,65.2,66.5,67.4,55.1,44.7
016438,北海道幕別町,,66.9,68.8,70.8,72.8,74.5,77,73.2,74.3
016446,北海道池田町,59.6,59,58.5,58.6,59.6,60.5,52.9,53,57.3
016454,北海道豊頃町,68.4,73,75.3,73.3,74.7,86.7,79.6,46.6,41.9
016462,北海道本別町,,62.1,64.2,66.2,,79.8,81.6,81.6,84.8
016471,北海道足寄町,,43.4,41.9,42.6,42.6,44.7,45.3,46.7,47.1
016489,北海道陸別町,43.4,44.3,47.6,50.8,54.1,57.3,60.6,36.6,66
016497,北海道浦幌町,,,52.9,55.3,57.6,59.9,62.3,64.6,66.9
016616,北海道釧路町,,,,,,79.9,81.2,81.4,83.3
016624,北海道厚岸町,,44.7,44.8,45,46.8,50.9,50.9,50.9,50.9
016632,北海道浜中町,57.3,59.5,62.2,64.9,70.2,68.2,72.8,78.4,81.4
016641,北海道標茶町,,,45.4,48,42,37.3,39.1,35.4,38.2
016659,北海道弟子屈町,,35.6,37.6,39.4,41.4,43.3,47.2,48.8,46.9
016675,北海道鶴居村,,48.2,50.3,52.1,53.5,55.2,55.6,56.5,56.9
016683,北海道白糠町,,66.3,66.4,68.6,70.4,63.8,44.3,26.3,31.6
016918,北海道別海町,56.4,50.8,51.9,45.9,50.5,52.5,53.7,54.2,55.6
016926,北海道中標津町,,46.5,44,45.2,47.3,46.6,47.1,49.3,51.5
016934,北海道標津町,71.5,73.2,73.6,72.6,73.5,74.1,74.6,74.9,75.8
016942,北海道羅臼町,51.9,53.6,36.2,31.7,33.8,35.9,37.8,39.9,42.1
022012,青森県青森市,,57.1,59.2,64.9,60.9,58.4,61.4,63.4,62
022021,青森県弘前市,,56.6,58.2,59.6,60.4,61.5,63.1,65.1,66.9
022039,青森県八戸市,,66.7,64,65.6,67.6,68.4,69.3,70.5,71.2
022047,青森県黒石市,61.3,63.5,63.1,63.7,65.9,57.2,59.3,60.9,62.2
022055,青森県五所川原市,,61.9,63.5,65.5,67.3,68.6,68.6,69.3,70.9
022063,青森県十和田市,61.4,65.5,65,68.1,60.7,60.9,59.8,57,58.2
022071,青森県三沢市,,61.1,61.5,60.6,60.9,60.5,62,64.1,64.8
022080,青森県むつ市,,57.8,59.8,66.8,67.7,69.7,71.7,73.7,74.4
022098,青森県つがる市,44,42,38.5,40.9,42.6,44.7,47.2,49.8,52.7
022101,青森県平川市,,55.5,57.2,,,45.6,44.7,43.4,43.7
023019,青森県平内町,,69.7,70.9,73.6,75.2,75.9,78.4,79.7,68.4
023035,青森県今別町,99.1,85.7,85.1,86.1,87,82.4,83.4,76.6,65.6
023043,青森県蓬田村,62.8,64.3,66.7,69.3,71,73.3,75.3,77.3,79.2
023078,青森県外ヶ浜町,,56.3,56.9,59,61.1,63.1,65.1,67.2,68.8
023213,青森県鰺ケ沢町,50.4,80.8,84.7,,,85.9,87.2,85.8,88.9
023230,青森県深浦町,70.2,72.1,74.1,76.1,77.9,79.6,81,80.7,82
023434,青森県西目屋村,60.4,48.8,51.2,52.7,54.7,56.6,58.7,60.6,62.4
023612,青森県藤崎町,26.4,26.5,29.2,31.8,36.7,38.4,40.5,42.3,43.6
023621,青森県大鰐町,,70.4,72.6,74.5,76.7,78.1,79.6,81.6,80.9
023671,青森県田舎館村,42.6,47.7,,40.6,48.7,50.9,51.6,53.7,53.8
023817,青森県板柳町,58.8,61,63.2,64.9,43.2,44.5,47.2,50.1,52.9
023841,青森県鶴田町,74.1,75.5,77.1,78.4,78.6,38.1,40.1,41.5,44.2
023876,青森県中泊町,,75.4,,,,85.3,89.1,64.6,
024015,青森県野辺地町,55.2,61.7,59.3,59.7,61.3,62.2,62.7,64.4,67.4
024023,青森県七戸町,95,72,65.3,65.8,64.3,66.2,67.6,69,70.3
024058,青森県六戸町,58.9,57.6,59.4,57.9,59.6,60.3,62.1,63.6,64.4
024066,青森県横浜町,39.3,47.4,50.5,48.1,50.7,53.2,47.4,58.6,53.3
024082,青森県東北町,,95.2,64.4,52.8,50.8,51.4,49.8,51.5,52.9
024112,青森県六ケ所村,,9.2,11.4,14.1,16.1,17.5,17.3,20.3,24.6
024121,青森県おいらせ町,41.3,46.2,48.5,48,49.5,51.8,53.8,56,
024236,青森県大間町,,50.5,52.7,51.7,52.7,53.6,55.6,57.7,59.7
024244,青森県東通村,21.2,23.4,25.6,27.8,30,32.2,34.2,36.4,38.6
024252,青森県風間浦村,35,32.5,34.9,37.4,39.8,41.9,44,46,48
024261,青森県佐井村,,77.8,79.9,81.5,83.4,84.2,86,87,87.8
024414,青森県三戸町,47.8,50.2,52.3,54.7,57.1,59.1,61.6,63.8,66.3
024422,青森県五戸町,59.2,59.2,61.2,63.9,65.7,67.1,69.3,71.3,72.8
024431,青森県田子町,85,92.1,92.4,93.4,94,94.3,89.4,89.7,93.9
024457,青森県南部町,52.1,54.1,55,57.8,,61.8,63.7,64.7,66.4
024465,青森県階上町,60.5,72.1,74.2,76.3,77.5,76.9,78.5,79.2,80.3
024503,青森県新郷村,72.1,74.4,76.5,78.6,80.8,82.9,83.5,82,84.3
032018,岩手県盛岡市,,48.9,50.6,52.3,49.1,51.9,52.4,52.7,53.5
032026,岩手県宮古市,64.1,64.6,66.7,67.9,66.3,66.2,66.7,68.3,70
032034,岩手県大船渡市,,52.3,54.2,56,45,54.3,56.3,,
032051,岩手県花巻市,60.1,64.1,60.1,59.4,59.8,61.7,60.5,62.5,64.8
032069,岩手県北上市,79.2,76.2,76.5,77.5,78,79.5,75.9,67.2,66.8
032077,岩手県久慈市,,62,60,,,50.4,52,53.2,54.5
032085,岩手県遠野市,65.2,,65.5,68.4,67.5,67.9,70,70.5,72.5
032093,岩手県一関市,,55.8,55.1,56.3,53.4,54.4,56.6,56.6,55.1
032107,岩手県陸前高田市,,42.6,45.3,39.6,34.9,36.6,41.2,42.7,48
032115,岩手県釜石市,51,53.1,53.5,23.7,28.1,31,34,36.9,39.1
032131,岩手県二戸市,,42.4,44.7,47,47.9,49.5,51.2,53,54.9
032140,岩手県八幡平市,,66.1,67.8,69.5,71.1,72.5,74.1,76.9,76.9
032158,岩手県奥州市,,48.8,50.9,52.9,52.9,53,55.3,57.3,59.2
032166,岩手県滝沢市,55.4,57.8,59.6,52.1,52.5,54,55.4,57.9,60.3
033014,岩手県雫石町,,81.2,75.1,72.2,69,69.2,71.3,77,75.1
033022,岩手県葛巻町,56.9,52.4,53.3,53.9,55.1,58,60.9,63.6,66.3
033031,岩手県岩手町,50.9,67.1,69.4,69.5,68.9,68.9,68.6,68.4,69.6
033219,岩手県紫波町,,67.1,66.7,68.7,71,72.7,63.1,62.1,66.2
033227,岩手県矢巾町,,43,45.2,47.4,49.6,47,49.5,52.1,54.6
033669,岩手県西和賀町,,71.8,73.8,75.7,77.4,79,80.3,81.9,83.4
033812,岩手県金ケ崎町,,47.7,47.7,58.1,61,63.8,66.7,69.3,69.4
034029,岩手県平泉町,,37.9,40,42,43,45.2,47.4,49.6,51.6
034410,岩手県住田町,,71,73,75,76.1,78.1,79.6,81.5,83.2
034614,岩手県大槌町,,,,,,,,20.3,22.5
034827,岩手県山田町,,57.5,59.2,60.8,56.1,57.3,59.8,57.6,62.9
034835,岩手県岩泉町,46,49.8,,54.5,56.3,58.1,60,61.9,64
034843,岩手県田野畑村,33.9,33.7,34.7,37,39.2,31.6,34.1,36.6,39
034851,岩手県普代村,,92.9,93.8,94.6,95.5,96.3,97.1,98,
035017,岩手県軽米町,35.3,37,40.1,43.2,45.1,48,50.3,53.2,56.1
035033,岩手県野田村,90.5,91.6,92.7,92.9,94,95.1,96.2,97,98.1
035068,岩手県九戸村,,74.8,76.8,78.7,80.4,82.2,78.9,79.1,81.3
035076,岩手県洋野町,,60.1,61.6,63.7,64.8,65.4,67.1,69.1,71.1
035246,岩手県一戸町,,63.9,66,67.8,68.8,69.3,66.4,71.6,71.1
041009,宮城県仙台市,,61.5,63.5,64.2,64.1,63,63.1,62.4,62.7
042021,宮城県石巻市,,63.4,64.6,64.1,62.5,61.3,57.2,59.2,58.8
042030,宮城県塩竈市,,76.8,71.6,77.1,72.1,74.1,73.2,73.1,70.4
042056,宮城県気仙沼市,,,,,,71.1,72.9,74.6,76.3
042064,宮城県白石市,,63.6,64.9,66.9,67.3,68.9,71.1,72.1,73.4
042072,宮城県名取市,55.7,56,48.3,50.7,53.2,55.3,56.8,59.2,60.1
042081,宮城県角田市,,52.7,54.8,57,56.3,58.6,60.7,60.4,63.1
042099,宮城県多賀城市,,65.8,68,70.1,72.2,71.2,73.2,75,74.2
042111,宮城県岩沼市,61.6,61.6,64,65.9,67.3,69.3,71.7,73.9,75.5
042129,宮城県登米市,,66.5,68.4,70.3,68.6,70.6,72.4,74,75.7
042137,宮城県栗原市,,56.5,58.4,3.3,0.1,6.4,12.7,19,25.3
042145,宮城県東松島市,61.1,54.8,47.4,49.1,48.7,43.7,43.4,44,45.1
042153,宮城県大崎市,,,,,,66.9,69.2,69.1,71.2
042161,宮城県富谷市,45,48.3,50.1,52.5,54.7,56.9,59.1,61.3,65.5
043010,宮城県蔵王町,83.1,84.9,86.5,88,89.4,90.7,92,93.2,94.5
043028,宮城県七ケ宿町,64.1,73.8,77.8,81.7,83.7,85.7,87.5,89.4,91.3
043214,宮城県大河原町,73.1,75.2,77.3,79.2,80.9,73.5,69.1,69.9,71.7
043222,宮城県村田町,58,58.9,61.2,63.5,63.2,63.7,66.5,67.1,69.9
043231,宮城県柴田町,60.7,62.4,64.2,67.4,59.2,55,66.1,66.1,70.1
043249,宮城県川崎町,59.5,61.9,63.2,65.2,67.4,69.5,71.1,73.1,74.4
043419,宮城県丸森町,60.7,62.9,65.2,65.7,66.8,68.2,66.2,68.5,70.3
043613,宮城県亘理町,,41.2,42.4,43.6,44.2,58.6,60.1,61.8,63.3
043621,宮城県山元町,56.2,58.8,48.5,52.3,55.1,57.9,60.7,63.5,66.3
044016,宮城県松島町,,,73.8,75.2,74.4,75.9,77.1,78.7,80.5
044041,宮城県七ケ浜町,54.1,53.7,53.2,54.1,55.9,52.9,55,57.1,59.3
044067,宮城県利府町,,36,57.6,59.6,61.8,64,56.9,59.8,61.7
044211,宮城県大和町,59.5,59.4,54.5,56.5,58.8,60.6,58.7,61.1,63.5
044229,宮城県大郷町,57.4,59.6,61.8,64,66,68.2,66.2,70.5,63.2
044245,宮城県大衡村,37.5,,40.4,41.8,44.1,46.1,43.8,46.1,45
044440,宮城県色麻町,,,,,62.6,64.9,67.1,68.9,69.9
044458,宮城県加美町,,64.5,64.5,70.4,70.2,72.2,73.2,72.3,74.1
045012,宮城県涌谷町,75.7,74.1,75.3,76.5,84.5,79.8,82.6,82,81.7
045055,宮城県美里町,,,,79.5,78,79.3,80.2,81.9,83.5
045811,宮城県女川町,79.3,81,82.7,84.4,84.4,23.8,24.7,26.8,29
046060,宮城県南三陸町,,,52.5,52.8,52,54.1,54,56.4,56.5
052019,秋田県秋田市,59.3,60.6,61.2,65.2,66.2,66.8,64.1,65.4,66.8
052027,秋田県能代市,63,65.6,67.5,67.9,67.4,69,70,71.8,71.2
052035,秋田県横手市,,42.3,44.4,45.9,45.6,41.3,43.6,45.8,45.9
052043,秋田県大館市,,73.2,74.9,76.6,78,79.3,79.1,80.4,81.5
052060,秋田県男鹿市,66.7,,,,71.5,73.2,76.1,75.6,76.8
052078,秋田県湯沢市,,45.4,45.4,54.2,56.2,58,59.4,56.9,58.7
052094,秋田県鹿角市,,56.2,58.2,60.2,59.3,60,59.5,61.2,62.8
052108,秋田県由利本荘市,,53.5,55.4,57.5,59.5,59.7,60.9,60.4,58.6
052116,秋田県潟上市,57,59.5,59.4,59.1,61,63.1,64.9,66.8,67.9
052124,秋田県大仙市,63.7,67.1,67.6,68.8,69.3,70,70.6,72,72.8
052132,秋田県北秋田市,,72.5,,,,74.1,,69.2,67.9
052141,秋田県にかほ市,,49.9,50.9,52.8,54.8,57.9,59.7,61.6,63.4
052159,秋田県仙北市,,55.2,58,59.7,58.5,60.4,63.2,65.3,67
053031,秋田県小坂町,39.2,20.6,22.2,24,25.5,27.2,29,30.9,32.5
053279,秋田県上小阿仁村,,49.9,52.5,55.1,57.8,60.4,63,75.7,65.6
053465,秋田県藤里町,96.2,96.3,97.4,98.5,99.5,53.5,54.9,28.2,20.3
053481,秋田県三種町,69.1,71.3,73.1,73.7,75.1,77,78.2,78.2,79.8
053490,秋田県八峰町,55.7,55,54.9,53.6,52.6,54.9,57.1,59.3,61.3
053619,秋田県五城目町,50.9,52.2,53.2,54.8,56.1,12,14.3,16.6,19
053635,秋田県八郎潟町,,,,,,52.7,55.1,52.2,54.5
053660,秋田県井川町,,27.4,28.8,32.1,35.4,38.4,41.5,44.8,48
053686,秋田県大潟村,2.2,6.7,8.9,11,13.4,15.7,18,20.2,22.5
054348,秋田県美郷町,66.9,69,71.1,73.1,75.2,77.2,76.3,78.5,81
054631,秋田県羽後町,69,69.4,71.4,73.3,60.8,62.6,63.6,65.5,73.3
054640,秋田県東成瀬村,80,84.5,86.1,88.1,90,78.4,80.5,82.6,84.3
062014,山形県山形市,37.4,39.6,41.6,42.1,39.4,40.8,34.1,34,31.8
062022,山形県米沢市,56.3,60.1,61.6,62.4,63.1,63.9,65.1,66.9,68.9
062031,山形県鶴岡市,53.4,53.7,53.9,53.9,52.9,55.2,59.1,60.6,63.6
062049,山形県酒田市,51,53.1,55.1,56.3,54.3,56,58.2,60,61.4
062057,山形県新庄市,49.7,52,52.1,54.3,55.1,56.2,41.7,40.9,40.7
062065,山形県寒河江市,,,,,,,,,81.2
062073,山形県上山市,72.3,49.8,51.2,56.1,57.1,59.3,61.5,63,60.5
062081,山形県村山市,,43.9,46.2,41,42.4,44.1,46.1,48.2,50.4
062090,山形県長井市,,69.7,70,68.7,66.4,68.7,66.1,64.9,65.2
062103,山形県天童市,52.4,55.4,56.3,58.9,59.4,61,62.8,59,64.1
062111,山形県東根市,43.2,45.3,46.8,48.5,49.3,42.7,45.3,45.9,46.7
062120,山形県尾花沢市,,,,,,,,,61.1
062138,山形県南陽市,45.7,48,50.2,50.9,52.5,54.3,56.4,57.2,59.2
063011,山形県山辺町,,42.9,45.5,48.1,47.9,50.4,49.1,51.9,65.5
063029,山形県中山町,,,,,,42,43.9,46.2,48.2
063215,山形県河北町,51.2,53.4,55.5,57.4,56.1,58.7,61.2,62.4,64.5
063223,山形県西川町,28.2,30.5,32.7,34.4,36.5,38.6,40.7,42.8,38.7
063231,山形県朝日町,52.5,55.6,57.7,59.7,59.7,60.5,61.2,63.6,65.1
063240,山形県大江町,,63,65.2,67.5,69.7,70.4,72,73.9,75.7
063410,山形県大石田町,,,,,,51.2,53.5,55.8,58.1
063614,山形県金山町,57.6,61.5,63.2,65.1,65.3,63.7,63.4,66.6,70
063622,山形県最上町,,65.6,65.7,66,64.3,58.9,61.4,63.9,66.4
063631,山形県舟形町,56.7,58.8,60,61.6,62.7,63.9,65.1,67.1,69.2
063649,山形県真室川町,,,,,,,,,
063657,山形県大蔵村,71.7,72,73.7,75.5,77.1,77,71.7,72.9,73.4
063665,山形県鮭川村,9.8,9.9,7.4,11.3,21.6,25.3,29.5,33.9,30.9
063673,山形県戸沢村,,20.3,22.6,24.8,27.1,27.1,29.2,31.6,34
063819,山形県高畠町,62.2,59.7,59.8,61.8,60.5,63.2,65.4,67.5,69.6
063827,山形県川西町,,52.8,55.1,54.9,56.2,59.2,58.5,60.2,65
064017,山形県小国町,45.2,45.2,45.2,48.5,48.5,55.6,57.2,53.3,54.7
064025,山形県白鷹町,62.4,64.6,62.2,64.4,66.5,68.5,70.6,71,74.6
064033,山形県飯豊町,56.6,34.5,34.5,37.1,33.2,37.7,33.6,37,50.7
064262,山形県三川町,33.3,39.3,41.9,44.9,48.1,50.7,45.8,48.4,51.1
064289,山形県庄内町,,69,67.8,71,71.5,73,72,67.6,74.8
064611,山形県遊佐町,46.5,49.2,51.2,53.6,55,57.4,58.7,60.5,62.8
072010,福島県福島市,,,,73.4,72.5,73.6,72.4,73.1,72.5
072028,福島県会津若松市,57.4,58.3,55.4,56.2,55.7,53.5,54.5,56.3,57.9
072036,福島県郡山市,53.1,55.5,56.8,57,59,60.6,61.6,63.2,64.3
072044,福島県いわき市,,64.7,64.1,68.6,70.1,68.3,70.2,71.8,72.4
072052,福島県白河市,,,49.7,50.9,51.7,51.8,53.8,56.1,50.5
072079,福島県須賀川市,44.4,45.4,47.3,46.3,46.7,47,48.2,47.7,49.6
072087,福島県喜多方市,,65.4,62.9,64.4,66.2,63.9,66.8,69.3,72
072095,福島県相馬市,,,52.8,45.7,48.9,48,2.4,50.4,53.1
072109,福島県二本松市,,64.1,65.2,66.5,67.1,67.9,68,69.2,69.6
072117,福島県田村市,64.8,58.8,58.7,62.3,61.4,64.5,66.7,68.4,69.1
072125,福島県南相馬市,,,71.2,72.4,,,,,
072133,福島県伊達市,,57.4,52.3,54.5,54.9,58.3,59,57.2,53.6
072141,福島県本宮市,46,46.1,47.6,49.3,86.7,86.4,56.6,87.4,87.6
073016,福島県桑折町,,60.3,63.3,65.4,66.9,69.5,71.9,71.6,73.6
073032,福島県国見町,,,,,,64.8,68.5,70.4,77.3
073083,福島県川俣町,,58.8,50.1,51.5,54.1,56.5,53.4,53.4,56
073229,福島県大玉村,,,90.4,92.1,92.5,92.1,93.1,93.4,94.5
073423,福島県鏡石町,45.3,36.8,40.2,44.5,48.5,52.3,55.6,56.9,60.5
073440,福島県天栄村,,,,,,56.5,57.6,59.4,61.5
073644,福島県檜枝岐村,,,47.9,49.8,51.6,53.5,,,
073679,福島県只見町,,54.6,56.3,56.3,58.5,62.4,61.7,63.8,66.2
073687,福島県南会津町,,,56,57.9,58.6,60,62,63.9,
074021,福島県北塩原村,60.8,61.5,75.9,64.8,69,71.4,73.6,75.8,78.1
074055,福島県西会津町,,24.5,26.7,28.9,29.6,31.9,34,36.2,38.3
074071,福島県磐梯町,,48.7,51.3,53.6,55.6,56.3,57.8,59.7,61.7
074080,福島県猪苗代町,60.4,64.8,66.3,68,69,70.7,57.8,59.7,56.5
074217,福島県会津坂下町,,42.4,44.6,46.7,46.7,50,51.9,53.7,55.7
074225,福島県湯川村,,,,,,,,,
074233,福島県柳津町,,,,74.5,77.6,76.5,62.3,78.8,80.2
074446,福島県三島町,,,,,,,75.5,74.7,76.5
074454,福島県金山町,,64.9,65.7,66.6,63.9,65.8,67.1,68,70
074462,福島県昭和村,79.3,,,,,81.6,84.1,80.8,81.5
074471,福島県会津美里町,,,,,,,,,
074616,福島県西郷村,,,56.4,58.2,59.6,61.7,64.3,65.6,67.5
074641,福島県泉崎村,,72,73.4,75,76.7,77.9,79.1,80.9,82.6
074659,福島県中島村,,87.1,88.4,89.4,89,89.4,68.8,92.1,93.2
074667,福島県矢吹町,,,35.7,37.5,39.7,41.6,43.6,45.7,47.6
074811,福島県棚倉町,13.2,37.6,40,42.5,44.9,46.7,49.2,51.8,54.2
074829,福島県矢祭町,,19.2,21.4,23.7,26,28.2,30.5,32.3,34.5
074837,福島県塙町,57.9,54.9,57.2,54.2,56.3,57.5,60,62.2,64.4
074845,福島県鮫川村,,,53.6,53.6,55.7,57.1,59.4,62.9,64.5
075019,福島県石川町,,,42.5,45.4,44.6,46.9,49.6,51.8,52.7
075027,福島県玉川村,74.4,74.8,75,75.3,81.4,66.6,70.7,72.4,74.4
075035,福島県平田村,49.7,51.7,33.8,30.2,51.3,50.5,52.9,53.7,59.4
075043,福島県浅川町,80.6,80.6,82.1,83.3,84.4,83.7,85.3,86.8,88.1
075051,福島県古殿町,,,74.4,76.8,75.6,73.6,75.5,76.2,77.8
075213,福島県三春町,,53.5,54.4,55.8,57,58.4,59.6,59.4,61.1
075221,福島県小野町,,42.6,48.9,50.5,52.1,42.2,43.7,45.2,46.8
075418,福島県広野町,73.6,75.9,77.7,78.8,80.8,81.7,81.8,83.1,84.3
075426,福島県楢葉町,,,28.8,28.4,30.4,33.9,30.3,32.7,35.2
075434,福島県富岡町,,71.8,73.7,73.2,73.5,56.7,49.7,45.9,48.8
075442,福島県川内村,,41.2,,,,4.7,28.8,31.1,33.4
075451,福島県大熊町,,51.1,65.6,56.6,58.9,58.9,56.9,58.1,9.7
075469,福島県双葉町,,47.7,50.2,52.6,55.1,60.6,62.9,65.1,67.3
075477,福島県浪江町,,,,,,77.5,80,81.5,82.7
075485,福島県葛尾村,,,,63.9,70.3,32.1,34.5,37.1,39.7
075612,福島県新地町,,,,,,54,56.5,58.5,60.6
075647,福島県飯舘村,,,,,,24.6,28.6,32.6,36.6
082015,茨城県水戸市,,66.1,64.6,56.3,57.8,56.5,56.8,54.6,56.4
082023,茨城県日立市,56.5,56.2,57.6,57.2,58.4,54.5,54.3,56.2,58.1
082031,茨城県土浦市,55.1,56,53.2,55.7,58.2,60.1,62.1,63.8,64.1
082040,茨城県古河市,42.7,53,54.7,57,59.1,61.1,63.3,65.6,67.7
082058,茨城県石岡市,62.3,64.7,66.3,67.7,69,69.8,71.3,72.8,67.4
082074,茨城県結城市,73.8,76,77.5,79.4,78.2,79.2,80.4,81.4,82.9
082082,茨城県龍ケ崎市,50.8,56.6,58.2,59.7,61.7,62.8,65.2,67.5,70
082104,茨城県下妻市,50.6,51.2,43,42.8,46.8,46,48.2,50.7,54.6
082112,茨城県常総市,48.9,51.6,52.5,53.6,55.3,57.6,59.7,61.7,63.8
082121,茨城県常陸太田市,58.4,59.5,58.9,57.6,54.7,53.3,53.5,51.6,53.8
082147,茨城県高萩市,58.1,58.5,59.6,59.1,60.2,63.7,65.2,66.9,55.6
082155,茨城県北茨城市,49.4,47,47.8,49.9,52.1,54.2,47.7,49.3,49.8
082163,茨城県笠間市,,67.2,66.8,68.9,70.7,68.3,70,71.8,73.7
082171,茨城県取手市,69.7,72.5,71.4,71.4,72.1,72.3,72.5,74.2,73.8
082198,茨城県牛久市,53.3,53.6,53,54.5,50.2,50.4,52.8,54.9,57.4
082201,茨城県つくば市,63.3,64.8,51.5,53.4,53.3,54.6,55.8,50.2,47.3
082210,茨城県ひたちなか市,,59.3,55.4,53.2,52.1,45.1,46.8,48.2,49.5
082228,茨城県鹿嶋市,66.6,65.8,66,66.4,68.2,67.1,69,69.1,68
082236,茨城県潮来市,41.6,41.7,43.8,44.9,47.2,49,50.1,52.2,54.5
082244,茨城県守谷市,47.1,50.4,53.2,55.2,57,51.9,47.8,46.7,48.2
082252,茨城県常陸大宮市,45.7,39.8,39.6,41.3,41.7,44.2,46.7,49.1,51.5
082261,茨城県那珂市,68.9,70.3,71.1,72.6,70.4,69.1,70.4,71.1,72.4
082279,茨城県筑西市,,59.1,61.7,61.9,58.5,57.5,55.9,57.3,52.7
082287,茨城県坂東市,,75.2,75.2,74.2,77.2,75.4,76.4,78,79.6
082295,茨城県稲敷市,,49.2,49,53.5,52.2,47.2,46,46.6,49.1
082309,茨城県かすみがうら市,,49.4,55.7,55.4,56.9,55.6,53.8,49.2,52.5
082317,茨城県桜川市,78.4,80,66.9,73.6,73.5,73,73.5,74.9,76.1
082325,茨城県神栖市,48.5,49.7,50.9,52.5,53.3,55.2,56.9,58.3,60.8
082333,茨城県行方市,20.1,21,23.6,26.3,29,31.6,34.2,36.8,38.8
082341,茨城県鉾田市,51.8,53.2,72.6,47.5,49.7,51.3,47.5,49.4,49.6
082350,茨城県つくばみらい市,,37.1,41.8,44.7,47.4,48.7,50.5,53.2,53.6
082368,茨城県小美玉市,60.6,58,60,61.9,52.5,54.1,42.3,37.6,39.2
083020,茨城県茨城町,43.1,44.1,39.9,48.8,51.5,54.1,52.3,55,58.8
083097,茨城県大洗町,26.2,27.5,29.5,27.6,29.6,31.5,33.6,35.7,37.6
083101,茨城県城里町,43.2,45.3,38.3,40.5,42.7,44.9,47.1,48.6,51
083411,茨城県東海村,25.7,21.9,24.1,26.5,28,30.4,33,35.6,37
083640,茨城県大子町,,78.4,80.2,81.8,83.4,85,86.4,84.9,88.4
084425,茨城県美浦村,,51.6,54,56.4,55.5,58,59.7,62.2,64.7
084433,茨城県阿見町,79.4,70.7,53.6,50.7,51.8,51.8,54.2,55.5,58
084476,茨城県河内町,58,44.1,35.2,37.6,40.3,12.8,16.2,19.5,22.8
085219,茨城県八千代町,53.1,43.2,44.6,46.8,49,50.1,51.8,53.9,56
085421,茨城県五霞町,,,24.4,,,60,61.9,65.5,62.2
085464,茨城県境町,46.9,48.3,50.4,52.5,53.9,53.3,54.6,55.3,57.4
085642,茨城県利根町,53.3,43.1,51.4,53.8,56.1,58.2,60.3,60.8,62.8
092011,栃木県宇都宮市,,62.7,64.1,65.1,66.1,66.5,68,68.4,70.4
092029,栃木県足利市,,77.1,78.6,80.2,81.6,83,84.5,85.8,87.1
092037,栃木県栃木市,,35.4,42.7,44.7,47.7,49.4,51.8,53.9,56.5
092045,栃木県佐野市,,77.2,79.4,79.5,82,73.7,73.8,71,70
092053,栃木県鹿沼市,54.7,57.8,58.4,62.3,64.5,60.6,62,67.4,67.6
092061,栃木県日光市,,66.7,67.2,68.5,68.4,69.4,69.7,72.3,74.6
092088,栃木県小山市,,71.3,73.1,72.3,71.3,72.3,70,71.3,72.4
092096,栃木県真岡市,67.8,64.5,60.5,63.8,61.8,63.2,64.7,67.1,68.8
092100,栃木県大田原市,,51.4,51.4,54,56,68.7,71.8,73.6,75.3
092118,栃木県矢板市,66.4,68.1,69.2,71,72.8,69.3,70.2,72,73.5
092134,栃木県那須塩原市,,50.7,52.1,52.6,54.3,55.9,56.4,56.1,58.1
092142,栃木県さくら市,58.9,61,54.1,56.5,57.6,58.3,58.6,58.5,60.2
092151,栃木県那須烏山市,,,,76.1,77.9,79.6,81.3,83,86
092169,栃木県下野市,,52.1,57.1,55,57,54.2,47.8,50.1,52.4
093017,栃木県上三川町,,,,65.9,68.3,67.8,69.8,71.2,80
093424,栃木県益子町,44.6,,48.2,50.6,50.3,53.1,55.3,58,60.9
093432,栃木県茂木町,58.9,60.2,62,63.9,65.5,70.9,69.2,71,73.8
093441,栃木県市貝町,,,39.1,65,67.3,69.4,71.6,73.9,75.9
093459,栃木県芳賀町,,,,73.7,75.6,77.3,76.7,78.6,80.2
093611,栃木県壬生町,69.5,75.7,77.2,78.3,79.5,79.6,72.7,74.3,75.2
093645,栃木県野木町,66.6,68.5,67.4,70.2,72,70.8,72.9,74.9,76.5
093840,栃木県塩谷町,,,,66.4,67.6,71.6,70.3,66.9,68.2
093866,栃木県高根沢町,,,87.5,88.5,89.6,89.4,90.6,70.7,73
094072,栃木県那須町,81.4,,67.9,69.9,67.3,70.3,71.4,73,74.3
094111,栃木県那珂川町,83.8,85.5,77.6,72,73.1,73.2,74.2,75.2,76.2
102016,群馬県前橋市,,59.2,58,59.4,61.5,63.4,65.3,67,68.8
102024,群馬県高崎市,67.1,68.3,68.6,71.1,71.4,71.5,73.3,76.2,77.8
102032,群馬県桐生市,72.9,76.7,,,,80.2,81.8,83,83.9
102041,群馬県伊勢崎市,,61,62,63.7,65,65.8,67.8,69.4,70.7
102059,群馬県太田市,53.4,56.2,57.1,58.8,61.8,59.8,61.1,62.2,63.6
102067,群馬県沼田市,61.1,61.7,63.5,62.7,64.9,63.5,65.6,67.4,68.2
102075,群馬県館林市,,57.8,59.2,61.5,62.4,62.8,65.3,66.2,68.7
102083,群馬県渋川市,71.9,72.3,72.4,73,71.6,71.1,72.9,74.4,76.3
102091,群馬県藤岡市,,74.6,76.1,74.8,73,77.2,79.4,80.4,82.4
102105,群馬県富岡市,61.9,,66.9,68.7,68.6,70.5,72,74,74.2
102113,群馬県安中市,62.1,63.1,64.5,66.7,68.2,69.6,71.6,73.4,73.9
102121,群馬県みどり市,78.5,80.3,82.5,81,80.8,82.2,,70.9,72.4
103446,群馬県榛東村,,43,45,55.8,57.6,49.5,48.1,49.1,51.7
103454,群馬県吉岡町,50.7,48.9,51,52.5,,54.3,54.5,56.5,58.3
103667,群馬県上野村,42.6,45.5,,,43,49.2,,,
103675,群馬県神流町,,39.9,37.2,39.2,35.7,38.2,40.2,42.9,45
103829,群馬県下仁田町,29.1,28.7,31.4,28.2,30.9,33.6,36,38.6,41.3
103837,群馬県南牧村,82.8,87.2,89,90.8,92.1,93.9,95.7,97.8,39.8
103845,群馬県甘楽町,65.9,43.5,47.3,46,45.2,48.1,49.9,52.2,54.7
104213,群馬県中之条町,54,53.9,56,59.5,61.8,64,66.2,68.4,70.3
104248,群馬県長野原町,,35.6,,,,43.8,45.9,48.4,54.4
104256,群馬県嬬恋村,44.6,47.6,41.9,34.4,35.7,37.3,39.4,,
104264,群馬県草津町,,75.4,75,75.6,79,78.2,80.6,82.3,84
104281,群馬県高山村,,,,,,70.5,71.6,,
104299,群馬県東吾妻町,50.9,53.2,54.6,53.3,55.4,55.4,,,
104434,群馬県片品村,,99.6,100,79.6,20.5,23.3,26.4,19,23.7
104442,群馬県川場村,,,23.1,19.7,26.5,29,31.5,33.6,33.6
104485,群馬県昭和村,55.5,55.8,57.4,59.4,62.9,69.2,71.4,73.4,75.4
104493,群馬県みなかみ町,55.7,57.1,58.4,61.3,61.6,62.6,59.4,61.2,63.1
104647,群馬県玉村町,48.9,53.4,55.5,57.6,59.7,61.7,63.7,65.6,66.6
105210,群馬県板倉町,71.8,71.3,72,72.6,76.9,75.4,76.6,77,78
105228,群馬県明和町,62.4,65.5,,,,67.7,,,
105236,群馬県千代田町,73.1,68.7,68.3,69.9,72,73.3,74.8,78,
105244,群馬県大泉町,55.9,58.2,56.9,57.2,59,59.6,63.3,65.3,59.3
105252,群馬県邑楽町,66.7,69.2,66.2,73.6,75.4,74.1,81.4,83.3,
111007,埼玉県さいたま市,68.5,69.9,70.9,70.1,68.5,68.9,68.8,69,68.7
112011,埼玉県川越市,67.7,69.2,70.4,70.4,71.9,73.4,74.4,75.6,76.9
112020,埼玉県熊谷市,,63.7,64.6,65,65.5,65,65.6,66.4,66.4
112038,埼玉県川口市,67.9,62,58.2,64.3,65.6,62.5,60.9,61.7,62.4
112062,埼玉県行田市,,73.3,73.4,74.5,75.8,77.1,78.4,80.2,82.2
112071,埼玉県秩父市,50.7,52.8,54.4,56.3,57.2,58.7,60,60.8,68.8
112089,埼玉県所沢市,73.5,74.2,75,75.4,72,71.9,71.8,72.5,68.6
112097,埼玉県飯能市,58.2,59.4,60.9,62.5,63.8,65.4,66.6,67.7,68.1
112101,埼玉県加須市,60.3,61.6,58.7,60.1,58.7,60.1,60.1,66.7,69.7
112119,埼玉県本庄市,,49,50.7,51.7,53.6,54,56,58.7,61.3
112127,埼玉県東松山市,55.9,52.7,55.2,57,58.8,60.6,62.8,64.8,66.6
112143,埼玉県春日部市,67.2,66.6,67.8,68.8,70.1,71.2,72.2,72.8,73.3
112151,埼玉県狭山市,,79.6,79.1,79.6,79.1,77.8,78.6,76.2,75.9
112160,埼玉県羽生市,59.5,62.4,64.1,66.2,68.3,67.8,69.7,71.1,73.3
112178,埼玉県鴻巣市,65.7,66.6,68.1,69.6,71,70.6,73,75,76
112186,埼玉県深谷市,59.7,61.4,62.8,64.8,64.7,64.6,67.3,69.2,70.9
112194,埼玉県上尾市,,84.7,86.3,87.8,89.1,90.3,91.3,91.3,96.8
112216,埼玉県草加市,69,70.7,71.2,70.8,71,70.3,68.3,69,70.6
112224,埼玉県越谷市,60.2,68.7,66.6,68.6,70.2,70.9,72.2,73.6,74.6
112232,埼玉県蕨市,64.4,66.2,67.8,69,70.8,71.9,72.3,73.3,74.3
112241,埼玉県戸田市,61.6,62.1,63.5,65.8,65.2,56,52.3,52.7,46.8
112259,埼玉県入間市,72.7,74.6,76.4,75.8,76.5,77.6,77.9,78.6,79.3
112275,埼玉県朝霞市,45.2,47.1,48.7,50.1,51.4,51.9,52.4,53.5,54.5
112283,埼玉県志木市,62,63.7,65.2,63.3,63.7,63,63.9,63.4,65.1
112291,埼玉県和光市,49.4,50.2,51.3,53.2,55.1,56.7,58.5,59,59.8
112305,埼玉県新座市,,66.2,73.3,63.4,64,64.6,66,67.5,67.8
112313,埼玉県桶川市,60.5,62.4,62.4,60.2,59.4,58.1,60.3,62.4,63.2
112321,埼玉県久喜市,,71.2,72.9,74.2,75.9,77.6,82.5,83.9,85.4
112330,埼玉県北本市,55.9,58.2,60.4,62.2,64.2,66.2,67.4,69.5,71.3
112348,埼玉県八潮市,,69,71,73.1,74.1,75.9,76.7,77.5,79.1
112356,埼玉県富士見市,,71.1,67.3,69.5,68.4,67.7,66.7,65.9,63.5
112372,埼玉県三郷市,,57.8,59.7,61.8,64,65,66,66.9,68.2
112381,埼玉県蓮田市,,61.1,63.4,65.3,65.3,69.3,71.1,72.9,74.6
112399,埼玉県坂戸市,65.3,67.2,68.9,70.6,72,73.4,75.1,76.9,77.8
112402,埼玉県幸手市,73.4,73.8,75.6,79.6,81.3,69.3,71.8,73.2,74.5
112411,埼玉県鶴ケ島市,64.1,77.2,78,80.1,81.5,85.3,87.3,89.2,
112429,埼玉県日高市,,63,62.2,64,66.2,67.8,70,69.6,68.7
112437,埼玉県吉川市,68.4,70.3,64.2,66.1,47.9,50.1,50.2,51.7,54
112453,埼玉県ふじみ野市,,79.6,79,77,75.7,77.1,67.1,67.4,67.6
112461,埼玉県白岡市,66.8,71.4,72.2,73.7,75.3,76.8,78.2,79.7,81
113018,埼玉県伊奈町,55.8,57.6,59.8,62,64.2,66.3,67.1,68.8,69
113247,埼玉県三芳町,,,75.5,77.6,79.6,79.6,81.6,83.4,85
113263,埼玉県毛呂山町,,66.8,67.2,69,69.8,71.3,72.9,74,75.3
113271,埼玉県越生町,,75.1,72.9,74.8,76.8,75.6,76.6,78.3,79.8
113417,埼玉県滑川町,,31.6,33.5,35.3,37.1,38.9,40.7,42.5,44.3
113425,埼玉県嵐山町,,,,72.4,74.4,76.4,78.2,79.9,81.7
113433,埼玉県小川町,72.4,75.7,77.3,79.2,79.7,80.9,82.4,83.2,84.5
113468,埼玉県川島町,56.1,57.4,52.5,60.6,62.7,64.6,65.5,55.2,68.7
113476,埼玉県吉見町,62.7,65.5,67.4,69.5,71.3,73.4,75.4,77.4,79.8
113484,埼玉県鳩山町,,62.4,64.9,67.2,66.3,71.1,72.5,72.5,74.7
113492,埼玉県ときがわ町,60.4,61.9,63.1,65.1,67,66.2,68.3,70.1,72
113611,埼玉県横瀬町,74.2,75.3,77.2,78.6,79.8,80.8,57.2,45.7,40.9
113620,埼玉県皆野町,,,45.6,47.9,49.5,51.7,54.2,59.3,58.4
113638,埼玉県長瀞町,,82.6,84.8,86.6,88.1,89.4,91,92.3,93.4
113654,埼玉県小鹿野町,65.8,46,21.4,81.1,83.9,82.1,83.6,84.9,83.3
113697,埼玉県東秩父村,58.2,59.8,63.5,67.2,99.7,80.5,99.6,99.6,99.8
113816,埼玉県美里町,,48.9,51,52.9,54.7,54.4,56.3,58,59.8
113832,埼玉県神川町,38.9,38,40,41.8,43.8,45.8,48.7,50.7,52.8
113859,埼玉県上里町,73.8,71.2,72.1,73.9,71.7,72,72.9,68.1,67.9
114081,埼玉県寄居町,73.7,70.5,72.6,73.5,75.8,77.6,79.5,81,83
114421,埼玉県宮代町,79.1,82.8,81.3,83,84.1,85.1,85.2,85.8,86.5
114642,埼玉県杉戸町,,77.1,78.9,80.2,81.2,82.5,81.6,83,84.8
114651,埼玉県松伏町,73,71,73.2,75.4,77.3,79,80.8,82.3,83.8
121002,千葉県千葉市,,62.4,62.9,63.9,64,64.4,65.5,64.7,63.6
122025,千葉県銚子市,62.7,62.4,64.6,66,67.6,64.8,64,64.6,65.8
122033,千葉県市川市,,,67.2,68,70.4,68.2,68.9,70.2,71.3
122041,千葉県船橋市,58.8,60.1,60.1,60.6,62.3,61.9,63,65.4,67.8
122050,千葉県館山市,74.7,52.9,54.4,56.1,57.3,58.2,58.6,60,61.5
122068,千葉県木更津市,,78.9,74.9,76,74.9,72.6,74.1,75.5,76.8
122076,千葉県松戸市,77.1,69.8,72,72.6,74,74.4,74.1,74.4,72.1
122084,千葉県野田市,,58.9,56.8,59.3,61.6,62.9,65,66.3,67.9
122106,千葉県茂原市,66.7,68.5,70.2,71.6,73,69.5,68.2,69.8,71.2
122114,千葉県成田市,,55.3,57.7,59.9,62.2,64.5,61.6,68.8,70.9
122122,千葉県佐倉市,,53.2,54.7,56.4,58.6,57.7,59.1,60.5,61.9
122131,千葉県東金市,44.8,,51.7,53.2,54.7,56.9,58.6,60.8,62.8
122157,千葉県旭市,58.1,59.3,59.4,60.9,59.4,59.3,60.3,61.5,63.1
122165,千葉県習志野市,,72.1,71.4,69.2,70.6,67.4,68.4,69.7,72.3
122173,千葉県柏市,,66.4,63.7,64.6,64.4,63.8,59.8,61.3,59.2
122181,千葉県勝浦市,62,,,38.4,,,,64,68.8
122190,千葉県市原市,,71.7,73.1,74.6,72.2,71.1,71.9,73.6,
122203,千葉県流山市,,38.9,39.5,41.8,43.9,42.3,38.6,35.6,31.7
122211,千葉県八千代市,,,,,,59.6,60.7,64.8,63.3
122220,千葉県我孫子市,,66.4,70.4,72.4,74.2,76.1,77.8,79.3,80.8
122238,千葉県鴨川市,27.1,29.5,33.8,36.5,37.6,39,41.4,42.9,45.3
122246,千葉県鎌ケ谷市,,78.7,78.7,79.1,79.3,78.2,77.3,77.3,77.6
122254,千葉県君津市,64.4,63.7,65.3,67,66.6,68.3,68.6,69,70.4
122262,千葉県富津市,72.5,74.3,76.2,70,72.2,70.4,70.3,72.2,73.8
122271,千葉県浦安市,,58.1,55.7,55.6,57,58.6,61.2,62.9,64.6
122289,千葉県四街道市,,60.7,62.9,64.9,66.8,66.8,66.7,70.3,69.3
122297,千葉県袖ケ浦市,71.1,71.6,72.3,71.5,73.6,73.9,72.3,69.9,69.5
122301,千葉県八街市,57,59,60.9,62.5,57.4,59.2,60.7,61.5,62.2
122319,千葉県印西市,49,50.4,50.9,52.5,54.4,55.8,57.5,57.1,58.1
122327,千葉県白井市,,54.6,56.3,57.9,57.3,58,59.7,59.6,63.6
122335,千葉県富里市,72.8,70.1,78.1,79.7,78.2,79,80.1,80.8,81.8
122343,千葉県南房総市,51.8,62.3,63.5,64.7,66.6,66.6,54.6,70.1,51.9
122351,千葉県匝瑳市,,42.3,46.7,46.1,46.9,48.8,50.5,52.8,55.1
122360,千葉県香取市,47.4,62.5,64.5,63.4,62.6,62.9,55,57.4,58.9
122378,千葉県山武市,,56.3,56.8,58.1,61.6,60.2,62.6,55.7,57.8
122386,千葉県いすみ市,83.8,84.1,81.7,79.5,64.8,56.8,58.1,59.4,60.4
122394,千葉県大網白里市,54.3,56,56.4,58.4,59,59.8,61.9,63.9,66
123226,千葉県酒々井町,,76.5,78.3,80.3,81.8,81.1,82.9,84.6,86.9
123293,千葉県栄町,,54.9,56.4,59.7,62,64.1,65.6,67.4,69.3
123421,千葉県神崎町,57.3,58.7,60.5,62.6,64.6,66.7,68.8,70.9,72.5
123471,千葉県多古町,,78.2,78.5,78.1,79.6,75.2,82,83.4,85
123498,千葉県東庄町,51.1,52.7,69.9,69.4,66.1,50.7,60.4,63.7,60.9
124036,千葉県九十九里町,54.4,52.5,54.8,57,58,58.5,60.5,62.1,64.3
124095,千葉県芝山町,41.9,46.3,48.3,52.4,55.2,56.6,53.9,60.4,62.6
124109,千葉県横芝光町,40.9,54.7,56.4,57.6,59.6,62.1,63.9,65.5,67.5
124214,千葉県一宮町,50.5,59.6,61.3,60.8,61.3,63.4,64.1,63.4,67.7
124222,千葉県睦沢町,63.9,65.7,64.4,66.6,68,70,71.8,73.2,76.1
124231,千葉県長生村,43.9,51.9,54.1,56.4,58.6,59.8,61.9,62.3,64.4
124249,千葉県白子町,,78.8,71.9,73.4,73.5,69.7,71.4,73.3,74.6
124265,千葉県長柄町,81,75,75.9,74.5,75.7,77.7,75.7,77.2,79.5
124273,千葉県長南町,,49,22,24.3,26.6,29.3,31.7,34,36.3
124419,千葉県大多喜町,47.9,49.9,52,54.1,55.4,57.6,58.1,58.9,
124435,千葉県御宿町,41.5,46.1,44.8,46.1,45.7,47.8,48.4,50.3,52.2
124630,千葉県鋸南町,42.5,45.6,47.9,48.8,50.3,52.6,54.3,53.4,56.1
131016,東京都千代田区,,34,36.3,33.4,35.8,37.7,39.8,42,44.4
131024,東京都中央区,,,42.6,45.2,44.9,39.4,40.3,38.1,33.9
131032,東京都港区,,43.5,45.9,47.6,49.4,50.1,46.8,42.1,44.1
131041,東京都新宿区,74.6,73.2,74.1,74.7,74.6,75.1,75.5,76.2,77
131059,東京都文京区,,59.3,57.8,56,55.7,57.5,58.2,59.5,60.2
131067,東京都台東区,,,,52.4,51.1,53.2,49.9,52.1,50.6
131075,東京都墨田区,75.7,73.3,73.7,71.1,71.6,72.1,73.3,72.8,72.8
131083,東京都江東区,46.1,47,41.9,42.7,41.9,42.8,43.6,39.2,40.9
131105,東京都目黒区,,66.9,61.7,62.4,60.3,60.3,64,65.7,67.6
131113,東京都大田区,55.8,48.4,50.9,45.6,46.9,45,46.3,46.8,43.3
131121,東京都世田谷区,,,57.5,56.2,55.1,56.4,58.1,58.8,58.8
131130,東京都渋谷区,,45.2,47.1,48.8,48.7,50.4,52.5,54.6,55.5
131148,東京都中野区,63.2,64.7,65.5,63.9,62.4,53,44.7,43,41.4
131156,東京都杉並区,69.3,66.9,65.7,62.6,57,57.2,58.2,58.5,53.6
131164,東京都豊島区,,,29,31.8,28.9,30.7,31.7,29.8,29.9
131172,東京都北区,,51.4,48.1,42.7,40.1,41.5,39.9,39.3,36.4
131181,東京都荒川区,,,48.4,50,51.8,52.9,54.1,56.5,57.1
131199,東京都板橋区,88.6,85.4,59.4,61.8,63.8,59.1,53.7,55.1,56.2
131202,東京都練馬区,71,66.6,69,69.7,68,68.1,65.1,65.8,65
131211,東京都足立区,71,64.8,64.9,61.8,62.6,63.5,57.1,55.3,56.1
131229,東京都葛飾区,62.6,75.2,73.5,69.7,65.7,63.9,60.3,57.7,58
131237,東京都江戸川区,57.7,57.9,60.5,51.8,48.4,48.5,47.6,42.4,39.4
132012,東京都八王子市,,56.8,57.8,59.8,62.5,60.9,61.9,63.3,64.6
132021,東京都立川市,,76.1,75,71.2,68.4,61.2,61.2,61.6,61.8
132039,東京都武蔵野市,58.5,59.4,60.7,61.7,62.2,63.2,63.1,59.7,60
132047,東京都三鷹市,,61.9,62.8,64,63.6,64.3,65.5,66,66.4
132055,東京都青梅市,,80.9,81.8,83.1,83.7,84,82.9,81.7,81
132063,東京都府中市,,67.9,68.6,70,70.2,67.5,67.9,59,58.7
132071,東京都昭島市,85.5,84.9,83.1,81.5,80.8,79.8,77.3,77.8,78.3
132080,東京都調布市,,67.7,64.8,62.5,62.4,62.4,62.3,62.3,62.4
132098,東京都町田市,56.1,57.6,57.8,58.3,60.1,60.2,58.2,59.6,61.6
132101,東京都小金井市,,79.5,80.9,81.5,81.9,81.5,81.6,82.5,82.1
132110,東京都小平市,,84.9,86.4,84.4,85.6,81.9,83,83,83.9
132128,東京都日野市,59.6,67.9,69,70.1,71.2,71.6,73.2,71.6,73.3
132136,東京都東村山市,,,86.2,86.7,86.6,86.8,86.4,84.7,84.2
132144,東京都国分寺市,65.6,64,62,59.7,58.8,54,52.8,52.8,51.3
132152,東京都国立市,89.5,88.1,80.2,80.8,72.8,69.6,63.5,62.4,64.8
132187,東京都福生市,80.2,77.2,75.4,72.9,70.5,71.1,70.7,68.8,68.6
132195,東京都狛江市,,56.1,57.9,59.2,60.5,60.8,60.1,61.6,59.3
132209,東京都東大和市,91.2,75.9,90.6,88.6,89.4,84.6,86,86.5,87.1
132217,東京都清瀬市,53.5,51.9,50.9,51.8,52.2,53.8,54.8,56.4,56.6
132225,東京都東久留米市,78.4,76.5,77.2,77.3,75.5,74,72.4,70.5,72
132233,東京都武蔵村山市,,73.4,71.1,68,67.7,63.2,63.6,64.8,64.7
132241,東京都多摩市,69,62.1,63,64.7,64,67.7,69.2,65.1,65.1
132250,東京都稲城市,65.8,55.4,57.6,58.3,60,62.2,64.3,66.1,67.6
132276,東京都羽村市,,66.4,68.7,69.9,71.1,72.7,74.7,75.9,76.2
132284,東京都あきる野市,87.2,87.2,88.9,89.4,89.7,88.7,87.7,87.9,87.5
132292,東京都西東京市,,67.3,67.1,58,60.3,56.4,57.6,59.2,60.9
133035,東京都瑞穂町,71.6,72.4,74.4,76.6,78.6,80.2,82,83.9,85.4
133051,東京都日の出町,,65.1,67.2,71,68.5,68.7,68.6,69.1,70
133078,東京都檜原村,,,,,,67.5,69.5,71.5,71.5
133086,東京都奥多摩町,77.3,79.3,81.4,83.2,84.8,86.3,87.6,87.6,89.7
133612,東京都大島町,,44.2,57,,,48.6,54.2,53.7,62.4
133621,東京都利島村,,93.2,91.9,92.6,92.3,87.8,86.1,87.4,89.3
133639,東京都新島村,,,49.7,51.3,52.3,53.7,45.1,55,56.1
133647,東京都神津島村,,69.3,71.1,71.3,69.7,69,70.2,69.4,70.8
133817,東京都三宅村,,,,,80.7,72.9,86.5,100,100
133825,東京都御蔵島村,,35.2,33,39.6,41.8,44,50,52.4,50.6
134015,東京都八丈町,,,57.7,59.4,59.1,62.6,63.4,62.9,65.9
134210,東京都小笠原村,,,,,,72.4,62.6,64.1,65.3
141003,神奈川県横浜市,,63.2,63.2,63.4,63.7,63.9,64.4,65.3,64.4
141305,神奈川県川崎市,50.7,51.9,52.2,52.1,52.4,52.7,53.3,54.3,55.7
141500,神奈川県相模原市,68.7,70.5,71.1,71.4,71.4,73,74.6,76.4,76.3
142018,神奈川県横須賀市,,74.2,75.9,77.5,79,80.1,80.4,81.1,82.2
142034,神奈川県平塚市,,77.2,78.4,78.8,80,83.4,79.1,80,79.9
142042,神奈川県鎌倉市,50.6,61.3,62.6,58.4,64.2,64.5,66.3,65.4,67.8
142051,神奈川県藤沢市,54.9,56.8,58.1,59.7,61,62.2,63.4,61.9,63.2
142069,神奈川県小田原市,80.2,70.7,71.4,73.9,81.2,70.5,84.2,71.5,86.9
142077,神奈川県茅ヶ崎市,71,71.2,64.8,66.6,66.7,67.6,68.8,69.9,71.7
142085,神奈川県逗子市,50.2,52.4,54.6,56.5,58.3,60.1,61.4,63,64.1
142107,神奈川県三浦市,70.7,74.3,76,77.7,76.1,77.9,77.7,85.4,82.5
142115,神奈川県秦野市,71.4,,,,72.9,71.3,68.8,73.8,73.2
142123,神奈川県厚木市,60.3,61.2,62,62.7,63.4,64.7,66.5,60.7,62.4
142131,神奈川県大和市,,,,,57.3,58.1,57.6,59.4,61.6
142140,神奈川県伊勢原市,71.4,68.2,69.5,71.1,66.7,68.4,70.4,72.2,73.8
142158,神奈川県海老名市,71.7,73.3,75,75.7,77.2,76.1,73.7,74.9,74.6
142166,神奈川県座間市,,66.7,67.6,69.3,71.3,73.3,75.3,77.1,78.6
142174,神奈川県南足柄市,,,81,81.7,81.9,83.5,85.4,86.8,88.5
142182,神奈川県綾瀬市,44.4,46,47.4,48.7,50.9,53.3,54.5,56,57.5
143014,神奈川県葉山町,,,,,,90.4,91.1,90.5,91
143219,神奈川県寒川町,70.3,74.9,77,75,76.8,78.6,80.7,82.6,73.5
143413,神奈川県大磯町,62.7,63.4,65.4,67.4,69.4,71.3,73.2,70.2,72.7
143421,神奈川県二宮町,84.5,86.1,87.3,88.5,86.6,87.9,88.9,89.2,88.8
143618,神奈川県中井町,,,,76.9,78.2,79.8,80,80.8,81.1
143626,神奈川県大井町,,76.6,76.4,76.9,75.9,74.1,72.8,72.9,74.8
143634,神奈川県松田町,,92.2,76.8,78.3,80.2,81.1,68.2,32.6,37.4
143642,神奈川県山北町,58.1,59.5,61.4,62.8,62.5,65.2,67.9,70.6,73.2
143669,神奈川県開成町,54.1,57.3,64.2,66,66.3,67.8,67.3,66.4,67.7
143821,神奈川県箱根町,59.4,60.7,62.8,40.6,41.9,44,46.1,48.2,50.4
143839,神奈川県真鶴町,69.3,27.8,29.7,84,86.4,88.2,89.5,90.8,91.8
143847,神奈川県湯河原町,,82.8,83.2,83.1,84,84,84.8,85.9,86
144011,神奈川県愛川町,65,67,71.1,73,74.8,76.5,78.4,80.1,81.8
144029,神奈川県清川村,,72.9,87.1,88.8,89.4,90.6,91.7,92.4,93.4
151009,新潟県新潟市,61.9,62,62.1,62.2,62,62.6,64.3,65.9,67.7
152021,新潟県長岡市,42.4,44.1,44.2,43.8,43.6,44,45.7,45.6,45.6
152048,新潟県三条市,,,,,,,,,
152056,新潟県柏崎市,56.3,56.3,58.3,57.6,57.8,58.7,60.9,58.3,59.7
152064,新潟県新発田市,,49.3,48.2,47.4,50.4,51.6,49.3,51.1,51.5
152081,新潟県小千谷市,50.9,53.3,54.5,55.7,57.3,58.6,61,61.7,60.2
152099,新潟県加茂市,,,,,,,71.9,73.8,72.6
152102,新潟県十日町市,,65.3,65.3,65.6,67.7,67.5,68.2,70,71.2
152111,新潟県見附市,,,,,49.8,52.5,55.2,57.9,60.4
152129,新潟県村上市,,52.4,55.2,57.2,58.1,61.8,63.6,72,73
152137,新潟県燕市,,,50.1,50.8,46.7,52.7,55,57.3,59.6
152161,新潟県糸魚川市,,48.8,50.5,51.8,53.1,53.5,55.7,57.1,58.5
152170,新潟県妙高市,73.3,,,,,75.1,76.2,77.1,77.5
152188,新潟県五泉市,,48.7,51.2,52.6,52.9,54.8,56.7,58.3,59.6
152226,新潟県上越市,53.5,54.5,46,56.5,54.7,56.9,58.8,60.2,61.4
152234,新潟県阿賀野市,44.2,49.4,49.4,51.7,52.3,53.6,55.3,57.4,59.7
152242,新潟県佐渡市,,44.2,44.2,44,48.3,50.5,51.2,,
152251,新潟県魚沼市,54,51,51.2,52.2,52.9,52.8,53.1,53.7,55.3
152269,新潟県南魚沼市,54,51.7,55.9,57.6,58.4,60.5,61.1,62.2,62.3
152277,新潟県胎内市,,47.6,49.7,49,49.9,51.7,53.6,54.6,55.5
153079,新潟県聖籠町,45.7,47.4,50.1,55.1,51.9,57.6,59.5,61.6,63.5
153427,新潟県弥彦村,62.7,64.8,66.9,67.6,68,60,60.5,62.9,65.4
153613,新潟県田上町,74.9,77.8,80,81.8,78.6,79.2,81.6,83.9,85.3
153851,新潟県阿賀町,74.4,74.9,79.3,77.6,81.3,81.2,82.7,81.3,79.1
154059,新潟県出雲崎町,77.2,50.2,68.1,65.7,68.3,70.9,73.3,75.7,77.6
154610,新潟県湯沢町,,4.6,6.8,9.1,11.4,13.7,15.9,18.2,20.6
154822,新潟県津南町,62.6,64.9,62.5,62.4,64.6,65.3,65.2,69,70.9
155047,新潟県刈羽村,,,,,,,,,
155811,新潟県関川村,,28.5,31,33.8,37.3,38.8,46.6,46.4,46.3
155861,新潟県粟島浦村,,82.2,,,,,,93.2,88.2
162019,富山県富山市,,60.5,60.4,41.8,56.2,59.1,56.3,56.1,57
162027,富山県高岡市,55.9,57.3,55.9,57.8,59.3,60.3,61.5,62.1,65.3
162043,富山県魚津市,62.6,57.2,55,50,51.1,52.8,55.5,57.3,59
162051,富山県氷見市,,54,56.5,,,,62.9,65.2,67.6
162060,富山県滑川市,43.1,45,46.9,48.8,50.8,52.8,54.6,56.6,58.7
162078,富山県黒部市,,65.4,57.5,66.9,63.1,64.9,67.2,65.2,66.9
162086,富山県砺波市,52.2,53.8,55.7,57.4,58.3,52.8,55.3,57.7,60.1
162094,富山県小矢部市,,72.5,73.8,75.1,76.4,77.4,78.6,79.9,81.2
162108,富山県南砺市,46.7,47.4,47.2,48.9,47.7,50.7,52.2,53.5,55.1
162116,富山県射水市,,43.7,45.6,48.1,48,48.7,51.2,53.8,52
163210,富山県舟橋村,68.4,70.7,,,,79.4,,79.8,89.4
163228,富山県上市町,84.5,85.5,85.6,86.6,86.7,86.3,87.6,88.9,
163236,富山県立山町,42.4,44.9,46.8,49.4,51.9,54.4,56.8,59.2,61.6
163422,富山県入善町,64,62.8,62.1,61.9,60.1,60.6,61.1,63.2,65.3
163431,富山県朝日町,43.5,45.7,44,48.6,51,53.9,56.2,58.5,60.7
172014,石川県金沢市,,,,63.8,63.1,63.8,62.3,61.6,62.1
172022,石川県七尾市,,52.4,,52.7,53.5,53.1,55.3,56.1,58.4
172031,石川県小松市,,57.5,59.6,61.7,63.4,63.3,64.9,65.9,68.3
172049,石川県輪島市,,73.2,,,,,,56.1,58.3
172057,石川県珠洲市,79.8,96.9,94.4,79.8,75.8,73.9,74.3,72.4,74.2
172065,石川県加賀市,,57.8,59.3,63.7,87.9,90.8,68.2,69.6,65.2
172073,石川県羽咋市,40.8,43.2,45.7,48.2,50.1,52.4,55.1,57.3,59.4
172090,石川県かほく市,49.8,53.4,55.2,57.4,53.7,49.9,52.1,54,55.8
172103,石川県白山市,,36.1,36.8,37.7,39.4,40.4,42.1,42.1,43.7
172111,石川県能美市,61.9,63.1,63.3,65.2,66.1,65.6,67,68.4,69.7
172120,石川県野々市市,,46.8,48.9,46.1,48.5,52.3,54.8,57.2,59.6
173240,石川県川北町,,51,53.2,55.3,57.3,59.2,61.1,62.9,64.6
173614,石川県津幡町,43.1,46.1,48.4,50.4,50.6,52.2,55.3,57.5,59.2
173657,石川県内灘町,,64.2,53.8,56,57.1,58.8,60.5,62.7,63.5
173843,石川県志賀町,50,43,37.9,48.3,42.4,45.2,38.5,40.5,44.3
173860,石川県宝達志水町,,36.9,39,41.2,41.5,42.8,43.5,46.2,48
174076,石川県中能登町,,43.1,46.9,,47,49.1,51.1,53.1,55.1
174611,石川県穴水町,,57.5,59.3,73.2,70.9,72.6,65.8,64.2,64.3
174637,石川県能登町,,68.3,60,64,64.5,65,66.5,67.4,69
182010,福井県福井市,,,72.2,73.5,75.3,75.2,76.3,76.6,76.5
182028,福井県敦賀市,71.8,75.4,77.1,78.1,79.5,82.5,69.4,67.3,67.6
182044,福井県小浜市,,57.3,47,44,46.2,47.8,50.1,52.4,
182052,福井県大野市,,52.8,55.2,57.6,60.2,61.2,63.5,65.8,68.5
182061,福井県勝山市,,69.6,70.5,72.3,73.9,74.9,75.8,77.5,79.2
182079,福井県鯖江市,,70.2,72.6,72.4,73.5,74.6,76.5,78.1,79.7
182087,福井県あわら市,,83.3,82,83.1,83.1,84.2,83.9,85.2,86.5
182095,福井県越前市,58.5,60.7,62.8,64.9,67,69.1,71.2,73,75
182109,福井県坂井市,,55.3,57.3,58.3,60,60.6,61.9,62.8,63.4
183229,福井県永平寺町,65,65.5,66.1,68.1,68.8,69.9,71.5,72.8,73.6
183822,福井県池田町,69.6,63.8,66.2,68,70.6,73.2,75.7,78.4,81
184047,福井県南越前町,,50.8,59.1,62,64.9,67.5,67.7,70.1,73
184233,福井県越前町,,62.6,64.6,66.7,68.7,70.9,72.4,74,75.7
184420,福井県美浜町,,,33.5,35.9,38.1,39.1,41.6,43,45.5
184811,福井県高浜町,52,57.4,57.6,59.3,61.1,63,74.7,65.4,67.3
184837,福井県おおい町,,66.4,68.5,,,,,,80.3
185019,福井県若狭町,,82.8,81.7,73.7,74.8,77.3,78.8,79.9,80.1
192015,山梨県甲府市,58.6,58.3,58.2,57.7,62.2,62.8,63.3,64.6,66.2
192023,山梨県富士吉田市,66.7,60.9,62.1,64,65.1,65.5,66.3,68,70.3
192040,山梨県都留市,75.7,73.5,76.4,84.5,80.2,81,82.5,83.9,85.2
192058,山梨県山梨市,58.5,59.1,62.1,54.2,56.7,58.9,60.6,62.8,56.8
192066,山梨県大月市,,48.9,55.6,58.4,59.5,61.3,62.8,64.7,66.5
192074,山梨県韮崎市,34.9,44.2,46.5,43.8,46.1,48.3,50.6,52.9,55
192082,山梨県南アルプス市,48.6,48.9,46.8,48.9,52.2,51.5,53.7,54.9,57.4
192091,山梨県北杜市,,47.9,48,49.7,49.2,51.4,52.1,54.2,55.9
192104,山梨県甲斐市,,66.6,70.9,66.7,68.9,70.5,68.4,68.7,67.1
192112,山梨県笛吹市,64.4,63.3,66.3,63.6,63.7,63.5,64.3,71.1,73
192121,山梨県上野原市,54.1,56.5,57.3,59.2,61.6,62.8,65.2,67.7,69.9
192139,山梨県甲州市,67.7,68.2,69.8,71.5,73.2,73.9,75.4,76.7,75.2
192147,山梨県中央市,66.8,68.9,68.8,70.9,53.5,48.6,51.9,63,50.9
193461,山梨県市川三郷町,74.9,80.9,83,85,86.7,88.6,82.9,84.3,86.1
193640,山梨県早川町,,42.6,44.8,47,49.2,51.4,53.6,55.8,58
193658,山梨県身延町,,54.3,53.2,54,55.5,57.1,59.3,61,62.7
193666,山梨県南部町,,57.4,60,62.1,59.4,57.7,60.3,63.2,66.3
193682,山梨県富士川町,81.8,82.8,79.5,81.3,82.7,69.1,71.2,73.3,75.2
193844,山梨県昭和町,,43.7,45.7,45.6,46.3,48.2,49.4,51.8,50
194221,山梨県道志村,35.5,37.8,17.5,24.4,18.4,21.2,23.8,26.4,29.1
194239,山梨県西桂町,,42.4,45,47.3,50.2,52.6,54.9,57.1,59.3
194247,山梨県忍野村,42.1,52.6,54.5,59.2,61.7,64.2,66.6,69.1,73.7
194255,山梨県山中湖村,80.7,82.1,81.6,78.8,79.9,86.8,87.9,89,92.6
194298,山梨県鳴沢村,69.7,71.7,72.6,73.9,75.7,77.2,78.9,80.8,82.5
194301,山梨県富士河口湖町,69.4,71.2,73,74.4,69.2,68.2,50.8,52.2,50.9
194425,山梨県小菅村,47.8,52.4,54.9,57.3,63.8,59.7,64.4,67.4,66.4
194433,山梨県丹波山村,76.6,,82.3,84.5,86.7,88.9,90.7,92.4,94
202011,長野県長野市,59.3,59.1,60.7,62.4,63.7,64.6,66,67.6,69.2
202029,長野県松本市,57.1,65.3,67.6,69.7,71.8,74.2,76.2,78.1,80.1
202037,長野県上田市,,,49.6,51.4,51.5,55.5,55.6,57.9,57.2
202045,長野県岡谷市,,74.6,75.2,76.4,75.7,80.4,78.9,80.6,82.1
202053,長野県飯田市,,72.6,74.2,75.2,73.9,74.5,75.3,76.4,77.5
202061,長野県諏訪市,57.6,59.7,61.1,63.1,65,66.8,68.6,70.3,71.8
202070,長野県須坂市,,63.4,65.5,67.7,68.2,67.3,69.7,71.9,73.9
202088,長野県小諸市,,66.4,68.7,62.7,62,56.3,55.6,57,58.4
202096,長野県伊那市,69,66.8,66.7,66,67.3,66.4,66.8,68.6,70.3
202100,長野県駒ケ根市,,60.9,60.9,63,61.4,62.9,64.6,66.5,68.3
202118,長野県中野市,,63.6,65.9,67.7,66.2,60.1,62.4,57.5,58.7
202126,長野県大町市,53.8,55.6,57.5,59.4,61.3,59.5,65.1,66.7,68.3
202134,長野県飯山市,,71.1,77.3,74,74.2,76,77.8,78.5,80.4
202142,長野県茅野市,60.2,62.2,64.3,65.8,63.8,65.4,67.3,68.9,51.4
202151,長野県塩尻市,50.8,52.3,54.5,56.7,58.9,61.1,63.3,65.5,67.7
202177,長野県佐久市,38.7,38.7,38.1,40.1,38.8,40.8,43.1,39.7,38.5
202185,長野県千曲市,49.1,48.5,47.5,50,43.7,45.8,48.2,50.5,52.9
202193,長野県東御市,53.4,53.5,54.3,60.1,59.1,60.1,62.8,61.9,64.5
202207,長野県安曇野市,,63.6,64.7,65.7,62.6,62.4,64.4,66,67.4
203033,長野県小海町,,72.2,70.4,70,70,70.3,71.4,69.4,72.5
203041,長野県川上村,,55.1,58,60.9,63.9,66.3,69.3,72.2,74.9
203050,長野県南牧村,73.1,75.6,75,77.1,78.7,80.7,82.6,84.6,86.5
203068,長野県南相木村,65.6,67.9,69.7,72.1,72.9,75.4,77.3,77.3,81.8
203076,長野県北相木村,45,69.2,71.5,73.7,79.1,78.8,80.7,82.2,84.2
203092,長野県佐久穂町,,5.3,7,9.3,11.6,13.9,16.2,18,22.5
203211,長野県軽井沢町,33,35.2,40.1,40.9,45.4,47.6,49.7,48,50.1
203238,長野県御代田町,42.4,37.7,,,,47.4,49.3,51,51.4
203246,長野県立科町,69.5,70.4,72.1,75,73.7,71.5,72.9,74.6,76.5
203491,長野県青木村,,59.2,57,59.3,61.3,61.9,64.4,66.4,72.6
203505,長野県長和町,,79,81.5,83.1,82.6,83,81.2,80.1,81.5
203611,長野県下諏訪町,47.4,49.6,51.6,53.7,53.9,55.8,57.6,59.4,61.1
203629,長野県富士見町,59.8,61.8,63.9,65.6,67.1,68.4,67.9,68,68.4
203637,長野県原村,,57.3,59,61.1,62,63.2,65.7,67.2,69
203823,長野県辰野町,80.8,80.3,83.3,84.4,85.6,86.8,87.9,89,90.1
203831,長野県箕輪町,61.7,63.7,65.6,67.5,69.3,71.1,72.9,74.6,76.3
203840,長野県飯島町,60.8,63,63.7,65.8,67.9,70,70.9,73.1,75.6
203858,長野県南箕輪村,55.8,57.8,60,63.2,64.1,60.9,62.3,63.9,67.3
203866,長野県中川村,72.7,74.9,43.4,78.8,79.3,80.5,82,83.5,85.4
203882,長野県宮田村,75.9,84.7,86.3,82.4,82.4,83.6,84.7,85.8,86.9
204021,長野県松川町,72.6,73.9,71.4,73,73.8,75.3,74.7,76.3,78.1
204030,長野県高森町,,36.6,38.6,40.7,42.7,44.8,46.4,48.4,50.3
204048,長野県阿南町,76.5,78.7,78.4,79.9,77.4,79.2,80.7,82.2,83.6
204072,長野県阿智村,,51.9,54.3,56.2,56.3,55.6,54.7,57,59
204099,長野県平谷村,,29.9,31.8,33.8,35.8,37.8,39.8,41.8,43.7
204102,長野県根羽村,,60.8,60.8,61.2,63.4,60.4,62.5,64.7,66.9
204111,長野県下條村,57,58.1,60.6,55,57.5,59,59.9,62.2,63.2
204129,長野県売木村,,95,81.9,81.6,82.9,84,85.2,86,87.4
204137,長野県天龍村,79.1,80,81.1,82.1,82.1,84.2,84.5,85.5,44.3
204145,長野県泰阜村,,42.7,45,47.2,49.7,49.4,49.9,68.3,53.1
204153,長野県喬木村,,72.4,73.2,69.6,70.2,70.4,72.8,75.2,77.3
204161,長野県豊丘村,,53.6,55.5,57.5,59.8,61.2,63.4,65.5,67.8
204170,長野県大鹿村,,60.5,62,64.1,66.2,68.3,70.8,71.2,73.3
204226,長野県上松町,,62.9,65.1,67.3,63,63.4,64.8,66.5,68.3
204234,長野県南木曽町,,25.7,2.9,29.9,38.6,40.6,42.5,44.6,46.6
204251,長野県木祖村,75.7,75.8,77.9,80,82.1,84.3,86.4,88.3,90.2
204293,長野県王滝村,55,55.2,58,57.6,59.8,61.1,63.9,65.8,68.1
204307,長野県大桑村,44.6,42.5,44.7,46.5,48.6,50.3,52.6,54.7,57
204323,長野県木曽町,58.7,61.2,60.7,59.8,60.9,62.2,62.8,63.9,65.5
204463,長野県麻績村,79.5,83.8,84.5,85.2,85.9,86.7,74.7,72.4,73.6
204480,長野県生坂村,,60.9,53.4,53.2,55.5,59.6,61.9,64,65.6
204501,長野県山形村,74.1,74.7,77.1,79.4,73.3,76.6,78.6,81.3,84
204510,長野県朝日村,62.9,65.4,67.8,68.5,69.6,71.8,64.9,67.3,68.4
204528,長野県筑北村,,60.9,63,65.2,58.8,64.1,65.3,61.7,63.9
204811,長野県池田町,55.9,55.3,55.4,64.3,64.3,66.1,69,71.6,74.2
204820,長野県松川村,,78.4,79.5,81.7,79.3,79.8,80.9,81.8,83.5
204854,長野県白馬村,55.2,57.4,58.7,67.6,56.1,59.1,62.1,64.7,67.5
204862,長野県小谷村,,26,27.6,29.5,29.9,32,34.1,36.7,36.8
205214,長野県坂城町,,42.1,44.3,46.5,48.7,52,59.5,58.3,60.5
205419,長野県小布施町,72.3,71.2,73,76.5,77.8,74.3,73.8,71.8,73
205435,長野県高山村,,44.7,47,49.4,50.8,52.9,55.2,57.6,60
205613,長野県山ノ内町,60.5,59.9,61.6,63.7,53.4,54.7,57.3,59.3,57.9
205621,長野県木島平村,56.6,58.8,61.6,63.7,63.4,65.7,68,70,69.7
205630,長野県野沢温泉村,69.3,77.1,79.4,75.9,76.6,75.9,78.4,79.6,79.2
205834,長野県信濃町,20.2,17.7,17.7,17.7,23.5,34.1,33.8,36.9,39.6
205885,長野県小川村,67.6,69.5,71.5,73.7,75.8,77.2,78.6,79.2,80.6
205907,長野県飯綱町,48.3,51.3,50.4,41.9,43.3,45.4,47.7,50.9,52.2
206024,長野県栄村,,73.1,75.3,77.5,75.6,78,80.5,82.7,84.9
212016,岐阜県岐阜市,62.1,63,63.9,65.4,65.4,67,68.2,69.2,70.4
212024,岐阜県大垣市,,74.4,76,76.6,75.5,75.9,76.2,77.4,78
212032,岐阜県高山市,59.6,62.1,64.4,66.3,65.7,63.3,65.5,65.3,66.6
212041,岐阜県多治見市,44.1,60.6,62,63.1,61.5,55,55.6,56.1,58.3
212059,岐阜県関市,61.7,63.3,64.9,66.3,67.5,67.5,68.4,69.7,71
212067,岐阜県中津川市,64.8,66.3,68.1,70.1,68.9,70.1,72.2,74.2,67
212075,岐阜県美濃市,47.3,47.3,62.8,58.7,60.5,59.3,61.6,63.8,69.2
212083,岐阜県瑞浪市,44.8,57.4,58.4,60.4,50.2,64.9,65.5,67.1,68.7
212091,岐阜県羽島市,,66.3,66.3,69.1,70.5,71.4,72.5,73.9,75
212105,岐阜県恵那市,,59.8,61.1,62.1,59,63.4,64.9,66,68.4
212113,岐阜県美濃加茂市,,,,65.6,66.7,67.6,68.6,70.1,71.1
212121,岐阜県土岐市,46.6,45.3,52.4,53.5,53.5,56.2,58.9,61.5,62.9
212130,岐阜県各務原市,73.6,72.9,74.2,75.3,76.4,77.4,78,78.7,79.4
212148,岐阜県可児市,53.5,59.5,,63.1,65.2,66.9,65.8,67.9,69.2
212156,岐阜県山県市,51.8,56.3,57.2,58.7,60.5,61.5,63.6,65.6,68.1
212164,岐阜県瑞穂市,,77.3,77,77.6,79,80.7,81.8,82.4,83.5
212172,岐阜県飛騨市,39.9,42.1,53,55,56.1,57.9,59.9,61.8,63.6
212181,岐阜県本巣市,64.9,66.7,67.8,69.9,72,73.9,75.3,76.9,77.4
212199,岐阜県郡上市,,68.3,70.3,72.1,71.1,72.2,73.8,74.7,71.7
212202,岐阜県下呂市,56.3,69.5,71.6,73.7,75.6,77.6,79.5,81.2,80.2
212211,岐阜県海津市,53.7,55.7,57,60.4,63.1,64.4,67,67.1,66.9
213021,岐阜県岐南町,,85.9,60.9,63.5,66,68.5,71.1,73.6,75.7
213039,岐阜県笠松町,59.3,85.3,86.2,87.2,88,88.6,89.2,89.7,90.2
213411,岐阜県養老町,64.3,61,62.8,63.6,63.5,62.1,64.1,65.3,66.5
213616,岐阜県垂井町,75.1,77.7,77.1,80,79.4,78.9,80.6,81.9,83
213624,岐阜県関ケ原町,28.4,32.5,34.8,37,37.4,39.5,41.9,43.9,46.4
213811,岐阜県神戸町,38.4,40.8,44.9,47.2,47.1,41.5,51,53.8,56.8
213829,岐阜県輪之内町,59.5,59.6,59.5,65,61.3,63.9,66,68.4,70.8
213837,岐阜県安八町,,73.3,,,81.1,80.1,82.4,84.1,86
214019,岐阜県揖斐川町,40.4,43,45.6,51.2,51.5,53.5,56.5,59.2,64.9
214035,岐阜県大野町,89.5,91.2,94.6,90.8,88.2,87.6,88.4,89.4,89.7
214043,岐阜県池田町,56,48.6,48.9,55.5,51,52.5,52.6,54.1,55.9
214213,岐阜県北方町,51.8,53.8,55.9,58.5,60,60.4,49.3,45.3,39.1
215015,岐阜県坂祝町,,66.1,61.7,64,66.5,68.9,71.1,73,57.3
215023,岐阜県富加町,77,79.6,82.2,84.8,86.7,88.6,90.5,90.4,92
215031,岐阜県川辺町,56.2,59.3,60.2,61.6,62,63.5,65.2,67.5,69.8
215040,岐阜県七宗町,76.4,79.2,81.9,74,74,75.6,77.4,79.5,81.1
215058,岐阜県八百津町,72.4,72.5,73.9,73.2,75.3,76.6,79,81.2,83.3
215066,岐阜県白川町,,,77.5,79.2,80.6,79.6,83,85.4,85.4
215074,岐阜県東白川村,78.9,,85.2,86.8,88.3,90,79.9,81.6,82.1
215210,岐阜県御嵩町,69.4,71.4,71.2,73.3,75.2,79.1,80.9,82.7,84.3
216046,岐阜県白川村,64.2,31.6,48.8,48.4,40.5,42.3,44,40.8,42.6
221007,静岡県静岡市,34.3,72.9,63.9,70.5,73.1,72.8,74.3,75.3,76.5
221309,静岡県浜松市,71.3,70.4,72.3,72.7,72.5,72.6,73.8,73,
222038,静岡県沼津市,,68,70.1,71,70.9,70.8,72.6,73.9,75.1
222054,静岡県熱海市,,50.4,52.8,54.4,55.9,56.8,59.7,62.5,65.3
222062,静岡県三島市,63.4,64.4,65.7,64.7,64.1,66,68.3,70.1,70.1
222071,静岡県富士宮市,,71.1,71.4,71.9,72.8,73.5,73.9,71.7,71.7
222089,静岡県伊東市,65.2,66.3,68,69.8,70.4,71.9,73.8,74.8,75.6
222097,静岡県島田市,64.1,67.5,69.3,70.5,70.8,72.8,74.6,68.4,65.5
222101,静岡県富士市,,62.1,64,63.9,63.5,65.4,65.7,66.4,67.4
222119,静岡県磐田市,36.4,62.7,70.5,72.3,74.1,75.8,69.3,70.9,72.3
222127,静岡県焼津市,,60.6,62.3,63.8,63.4,65.3,67.3,68.4,69.5
222135,静岡県掛川市,,64.4,63.1,65.1,65.8,70,71.8,73.1,74.8
222143,静岡県藤枝市,69,73.4,74.6,76.3,74.8,76.1,77.3,78.6,79.8
222151,静岡県御殿場市,31.8,32.6,34,35.6,35.5,33.5,36.1,37.6,39.3
222160,静岡県袋井市,,70,69.7,71.8,70.5,71.8,73.8,66.7,56.6
222194,静岡県下田市,68.2,62.4,64.6,66,66.3,67.8,57,59.5,61.8
222208,静岡県裾野市,66.8,68.4,70,70.9,69.8,67.6,69.4,71.9,74.1
222216,静岡県湖西市,72.8,69.2,71.4,73.3,70.9,71.2,72.6,73.7,75.4
222224,静岡県伊豆市,78,78.1,79.3,75.8,75.2,76.1,77.4,78.5,80.2
222232,静岡県御前崎市,77.1,78.3,78.7,78.9,79.8,55.5,55.9,57.8,50.5
222241,静岡県菊川市,69.7,67.5,67.1,66,64.3,65.2,66.2,67.1,68.9
222259,静岡県伊豆の国市,,73,74.7,75.7,74.5,74.2,75.6,76.4,77.7
222267,静岡県牧之原市,,,,80.9,81.8,82.4,82.8,83.8,81.9
223018,静岡県東伊豆町,79.7,81.5,83.1,84.7,85.9,87.3,88.6,90.1,91.2
223026,静岡県河津町,,75.4,77.6,79.2,79,77.9,79.5,80.1,80.3
223042,静岡県南伊豆町,41.1,,58.3,59.4,60.7,62.9,64.3,66,68.3
223051,静岡県松崎町,,91.3,92.2,93,93.8,94.6,95.4,96.2,97
223069,静岡県西伊豆町,,,69.8,71.9,73.1,75.4,78.8,78.8,78.8
223255,静岡県函南町,78.4,,78.3,73.1,66.3,67.8,69.3,69.7,72.3
223417,静岡県清水町,74.6,76.4,73.8,73.5,73.3,74.4,76.4,78.1,80
223425,静岡県長泉町,74.3,73.1,72.6,70,69.8,69.7,70.7,71.4,71.3
223441,静岡県小山町,,53.8,56.2,58.4,60.4,62.1,63.7,65.2,66.7
224243,静岡県吉田町,,60.5,59.8,59.4,59.8,62.1,64.3,66.5,68.8
224294,静岡県川根本町,,75.4,76.6,78.1,80.3,81.6,83,64.8,62.2
224618,静岡県森町,,,79.9,80.7,79.4,81.4,83.5,84.8,86.7
231002,愛知県名古屋市,67.4,68.4,68.7,70.5,71.9,72.5,70.3,71.9,
232017,愛知県豊橋市,76.3,77.3,77.6,76.3,74.9,76.5,78.2,79.5,81.1
232025,愛知県岡崎市,,59.5,60,60.3,56.7,58.2,59.2,60.4,61.2
232033,愛知県一宮市,65.7,78.2,74.4,72.6,73.7,75,76.1,77,78.1
232041,愛知県瀬戸市,,82.7,83.8,83.7,80.7,59.4,59.3,61.2,62.5
232050,愛知県半田市,,68.1,69.3,69.9,73.8,71.5,72.8,68.9,64
232068,愛知県春日井市,,78.3,79.2,79.5,78.3,77.6,76.9,76.6,76.5
232076,愛知県豊川市,,49.6,51.6,53.6,55.5,57.5,59.3,61.2,63.1
232084,愛知県津島市,,62.8,65.1,67.3,66.3,65.8,65.4,68.1,68.5
232092,愛知県碧南市,53.3,58.9,60.5,61.3,60.7,63.2,65.7,68.1,70.4
232106,愛知県刈谷市,67.8,62,60,55.4,56.5,56,56.2,57.5,57
232114,愛知県豊田市,59.9,61.5,63,65,70.2,67.6,69.1,70.6,72.1
232122,愛知県安城市,60,61.1,63.4,65.7,62.3,63.5,63.8,65.6,66.9
232131,愛知県西尾市,66.7,68.1,69,69.9,68.5,69.2,70.4,70.7,71.9
232149,愛知県蒲郡市,,77.7,78.4,78.8,75,74.4,74.9,74.2,75
232157,愛知県犬山市,74.9,75.8,77.9,76.1,71.2,68.3,68.1,72,67.7
232165,愛知県常滑市,,72.8,72.8,73.9,74.4,75.6,76,70,69
232173,愛知県江南市,63.6,65.5,68.8,69.7,66.4,66.5,68.2,69.9,71.6
232190,愛知県小牧市,59.9,60.2,61.8,63.4,65.1,66.8,61.9,63.2,64.8
232203,愛知県稲沢市,61.2,60.3,62.2,64.7,62.7,63.7,65.6,67.5,69.4
232211,愛知県新城市,,57.9,58.2,59.5,56.1,55.5,57.9,60.5,62.4
232220,愛知県東海市,59,59.8,61.1,62.1,62.4,62.3,63.5,62.9,63.5
232238,愛知県大府市,,60.6,61.2,61.7,60.4,59.9,60.9,61.5,63.8
232246,愛知県知多市,64.8,65.7,67.1,68.6,66.7,66.4,68.1,69.1,70.2
232254,愛知県知立市,,53.2,54.3,56.7,56.9,57.1,59.1,59.5,61.7
232262,愛知県尾張旭市,,84.4,84.5,86.2,87.9,89.4,90.8,92.1,93.1
232271,愛知県高浜市,,66.9,66.8,54.2,47.2,40.6,41.7,42.6,42
232289,愛知県岩倉市,,73.3,73.4,75,71.8,70.7,67.2,62.7,63.2
232297,愛知県豊明市,,71.1,72,72.6,71.2,72.2,72,73.6,75.7
232301,愛知県日進市,55.7,57.3,58.1,59.2,61.5,63.7,65.5,66.2,68.1
232319,愛知県田原市,68.1,66.8,68.3,70.1,67.8,65.9,66.4,68.2,67.8
232327,愛知県愛西市,,73.5,75,75.6,74,73.6,74.7,76.4,78.4
232335,愛知県清須市,72.9,74.3,73.7,68.1,63.2,63.9,63.1,59.9,67.3
232343,愛知県北名古屋市,,64.6,64.5,66.4,67.6,69.2,71,70.1,70.6
232351,愛知県弥富市,60.3,57.3,58.9,60.8,59.7,61.6,63.3,61.6,63.3
232360,愛知県みよし市,,57.4,58.6,,,,60.4,59.1,59.9
232378,愛知県あま市,,80.1,80.2,80.6,75.2,76.9,77.8,78.6,75.5
232386,愛知県長久手市,52.4,53.9,55.8,55.6,57.7,54.3,56.2,56.8,58
233021,愛知県東郷町,64.9,66.7,68.4,77.7,79.5,81.2,82.7,83.5,83.2
233421,愛知県豊山町,83.7,68.2,69.8,72.6,69.5,68.4,70.3,69.2,71
233617,愛知県大口町,,38.9,,43.3,45.2,47.4,48.2,44.8,44.7
233625,愛知県扶桑町,70,70.9,72.5,,72.5,74,75.4,76.9,78.2
234249,愛知県大治町,,79.6,81.2,82.5,73.5,73.2,75.1,77.2,78.8
234257,愛知県蟹江町,65.9,67.6,69.5,71.3,72.6,74.2,74.3,74.1,76
234273,愛知県飛島村,,17.3,17.3,19.5,21.7,23.7,25.9,28.2,30.4
234419,愛知県阿久比町,88.7,79.7,80.2,79.9,80.9,81.8,82.1,79.3,80.5
234427,愛知県東浦町,,78.8,73.8,75.5,76.3,77,78.4,79.3,79.9
234451,愛知県南知多町,,84.2,86,87.5,88.8,,76.1,76.9,78.4
234460,愛知県美浜町,,63.7,64.6,66.6,68.6,73.3,75.2,77.4,81
234478,愛知県武豊町,68.4,70,73.3,75,74.3,75.3,76.8,78.6,75.1
235016,愛知県幸田町,,64.9,66.1,66.2,65.8,64.5,65.1,66.6,67.7
235610,愛知県設楽町,,,,,,69.3,68.2,65.6,68
235628,愛知県東栄町,,,,,,54.4,57.4,60.3,62.6
235636,愛知県豊根村,,83.5,86.1,68,69.5,68.6,71.1,71.7,76.5
242012,三重県津市,,65.4,65.3,65.7,64.5,66,67.8,69.3,71.1
242021,三重県四日市市,61.3,61.6,62.1,63.3,59.2,58.7,58.2,57.9,57.2
242039,三重県伊勢市,59.2,55.5,57.6,52.4,54.5,52.1,54,51.9,54.2
242047,三重県松阪市,,70.1,70.9,70.5,72.2,73.5,74.3,69.5,70.5
242055,三重県桑名市,69.6,71.5,72.4,74,75.8,77.4,79,80.5,81.9
242071,三重県鈴鹿市,,56.5,58.5,60.6,62.5,62.7,63.9,65.8,63.5
242080,三重県名張市,,64.6,67.2,69.3,66.3,66.3,68.6,70.6,
242098,三重県尾鷲市,,66.1,68.1,70.2,71.2,73,74.5,73.4,74.7
242101,三重県亀山市,,54.8,51.4,48.2,49.2,47.3,45.6,57.9,59.8
242110,三重県鳥羽市,51.7,48.8,36.2,54,56.5,59,61,63.4,65.1
242128,三重県熊野市,,,,,,,,68.6,74.1
242144,三重県いなべ市,,50.6,47.4,48.7,45.2,47.2,49.1,51.1,53.1
242152,三重県志摩市,,67.7,65.6,47.4,49.6,51.9,53.4,54.6,56.9
242161,三重県伊賀市,51.8,52,54,54.2,55.5,57.1,59.1,60.3,61.3
243035,三重県木曽岬町,,59.9,62.2,64.3,66.3,67.3,69.3,71.3,73.2
243248,三重県東員町,79.6,80.6,82.6,84.5,85.7,85.8,86,87.7,88.8
243418,三重県菰野町,56.2,56.2,57.7,59.2,58.7,60.3,62.5,64.6,
243434,三重県朝日町,47.8,47.8,57.8,55.2,57,58.9,60.7,62.5,64.3
243442,三重県川越町,51.7,53.8,56,58.3,58,57.7,60.3,62.6,64.5
244414,三重県多気町,53.6,56.5,58.9,58.6,60.7,62.5,64.4,66.3,68.3
244422,三重県明和町,76.3,78.1,84.2,67.3,52.9,47.4,51.4,80.8,53.2
244431,三重県大台町,65.9,68.5,70.6,72.8,74.7,76.5,78.4,80.2,82
244619,三重県玉城町,68.1,69.9,68.4,70.2,73.5,74,75.4,75.8,77.4
244708,三重県度会町,84.9,85.8,87.5,89.1,90,90.7,91.3,91.9,92.6
244716,三重県大紀町,,73.3,74,,,77.4,78.5,81.5,81.1
244724,三重県南伊勢町,,60.6,62.4,63.8,65.4,66.8,68.2,69.8,71.4
245437,三重県紀北町,64.5,65.1,67.3,66.6,65.9,65.7,71.8,75.7,77.4
245615,三重県御浜町,80.7,84.3,75.3,77,78.9,77.3,78.7,79.4,
245623,三重県紀宝町,60.1,65.1,67.6,65.8,67.5,67.5,64.2,66.4,68.3
252018,滋賀県大津市,,66.2,65.7,66.8,67.6,69.6,71.8,72.9,74.4
252026,滋賀県彦根市,,,,,,,,,
252034,滋賀県長浜市,53.2,55,56.6,58.3,59.6,60.5,62.5,64.3,66.2
252042,滋賀県近江八幡市,,56,58,54.4,56.5,58.4,58.8,60.8,62.4
252069,滋賀県草津市,,57,57.2,59,61.2,63.3,65.5,67.6,69.6
252077,滋賀県守山市,58.3,49.8,50.7,51.9,53.1,52.4,50.9,53.9,55.2
252085,滋賀県栗東市,69,70.7,70.7,66.8,67.1,65.7,64.6,66.5,67.9
252093,滋賀県甲賀市,68.3,70.6,70.8,70.7,69.8,71,71.9,73.9,75.8
252107,滋賀県野洲市,,52.4,54.7,57.2,59.7,53.2,52.3,54.6,53.8
252115,滋賀県湖南市,60.7,58.9,61.4,59.4,61.1,63.3,65.3,67.4,69.6
252123,滋賀県高島市,69.4,67.3,65.2,66.8,67.5,68.5,69.6,69.3,70
252131,滋賀県東近江市,,45.6,,,,,,,
252140,滋賀県米原市,61.2,62.4,65.6,65.6,67.4,67.8,68.5,68.6,69.9
253839,滋賀県日野町,,56.9,61.9,63.8,65.5,67.6,69.1,71.1,73
253847,滋賀県竜王町,76.5,78.6,78.9,80.8,82.4,84,85.6,86,86.5
254258,滋賀県愛荘町,,,64.9,61.9,64.2,65.4,67.3,52,53.9
254410,滋賀県豊郷町,33.3,,34.7,37.1,39.5,41.8,43.8,44.3,43.3
254428,滋賀県甲良町,,60.3,,,,66.6,67.8,69.6,71.9
254436,滋賀県多賀町,80.9,,79.7,81.5,83,84.4,85.6,85.3,85.4
261009,京都府京都市,,,69.4,67.6,67.5,67.7,68.4,68.9,70.3
262013,京都府福知山市,62.9,58.8,59.7,60.8,62.8,62.3,63.8,65.6,66.8
262021,京都府舞鶴市,,62.1,64.6,66.2,68.5,70.6,72.7,74.9,76.9
262030,京都府綾部市,41.2,51,50.2,52.2,54.2,55.5,56.3,57.5,58.7
262048,京都府宇治市,,60.3,71.2,72.9,74.5,75.9,77.2,78.4,79.3
262056,京都府宮津市,78.7,72.9,61.5,59.2,61.8,63.9,60.8,63.8,
262064,京都府亀岡市,46.9,74.2,72.8,74.3,75.7,77.2,78.6,80,74.1
262072,京都府城陽市,64.1,80.4,79.5,82,81.9,83.6,84.7,85.5,86.1
262081,京都府向日市,,84,84.2,81.1,82.1,79.1,81.3,81.1,82.4
262099,京都府長岡京市,77.3,78.3,77,74.8,74,74.9,75.9,77.2,77.8
262102,京都府八幡市,77.1,63.9,63.1,65.5,67.5,69,70,,
262111,京都府京田辺市,68.4,68.8,70.6,71.6,73.4,74.1,75.6,77.3,63.5
262129,京都府京丹後市,63.3,65.1,66.4,68.2,69.9,70.9,72,74,75.6
262137,京都府南丹市,59.9,63.7,61.9,63.2,64.8,64.8,63.2,64.9,64
262145,京都府木津川市,,48.9,51,53,55.1,55.5,56.1,54.4,55.7
263036,京都府大山崎町,68.7,69.5,70.4,69.5,71.1,71.8,69.8,63.8,59.9
263222,京都府久御山町,62,64,62.8,63.5,65.4,68.4,68.8,69.7,69.6
263435,京都府井手町,63.4,65.4,68.1,69,69.6,72.4,73.4,74,76.1
263443,京都府宇治田原町,28.5,39,40.4,42.4,44.7,46.5,48.9,55.1,57.5
263648,京都府笠置町,,,,,,,,,
263656,京都府和束町,,,,,,,,,
263664,京都府精華町,43.4,46.5,48.3,49,51.7,54.4,56.2,58,55.5
263672,京都府南山城村,,,,,,,,,
264075,京都府京丹波町,,50.6,54.3,54.3,56.5,59.1,61.2,62.7,67.6
264636,京都府伊根町,39.7,41.8,44.2,45.7,48,48.9,50.7,51.4,53.4
264652,京都府与謝野町,73.8,61.6,62.7,62.7,64.5,66.1,67.5,69.4,70.7
271004,大阪府大阪市,59.1,59.5,60.6,61.9,60.3,63.8,63.5,64.3,63.7
271403,大阪府堺市,72.7,74,74.3,75.6,75.8,77.2,78.4,79.5,80.9
272027,大阪府岸和田市,,56.8,59.1,61.3,63.5,65.7,67.8,69.3,70.1
272035,大阪府豊中市,,83.1,79.7,79.9,80.2,81,81.3,75.3,75.4
272043,大阪府池田市,,61.6,61.8,63.2,64.7,66.2,63.4,64.1,62
272051,大阪府吹田市,72.7,79,80.8,82.5,84.5,85.1,85,98.4,88.3
272060,大阪府泉大津市,,61.6,59.6,61.7,63.8,65.1,64.7,64.7,66
272078,大阪府高槻市,,,,,,72.3,72.6,72.9,71.3
272086,大阪府貝塚市,,59.1,60.9,62.7,64.2,63.1,62.3,63.4,64.9
272094,大阪府守口市,84.2,72,66.9,66.5,66.3,51.4,57.7,64.4,60.3
272108,大阪府枚方市,54.4,75.1,74.6,74,71.9,72.3,72.7,71.7,69.6
272116,大阪府茨木市,,79.5,80.1,81.2,82.2,83.1,83.3,83.9,82.9
272124,大阪府八尾市,,57,58.2,59.9,60.1,62,62.3,64.1,64.8
272132,大阪府泉佐野市,,60.4,62,61.5,59.5,57,58.2,59.1,58.6
272141,大阪府富田林市,79.8,79,79.8,80.7,78.4,79.4,81.1,82.6,83.6
272159,大阪府寝屋川市,69.3,70.6,71.5,72.3,72.9,73.6,76.1,74.9,63.5
272167,大阪府河内長野市,77.1,80.1,81.1,81.2,81.5,83.4,83.9,85.6,83.6
272175,大阪府松原市,,71.7,72.6,73.5,73,74.2,75.4,75.9,76.8
272183,大阪府大東市,60.5,62.6,62.6,64.5,65.6,68.7,68.1,67.4,63.8
272191,大阪府和泉市,,72.8,68.6,72.3,73.8,75.2,76.6,78,79.2
272205,大阪府箕面市,,53.4,,,,,,,
272213,大阪府柏原市,36.5,75.6,76.6,77.7,76.4,76.2,76.3,76.9,77.1
272221,大阪府羽曳野市,39.8,43.1,45.3,47.6,49.9,52.1,54.4,56.6,58.8
272230,大阪府門真市,65.1,65,67.1,68.9,70.2,70.8,71.5,72,73.3
272248,大阪府摂津市,,85.8,84.5,85.6,88.8,86.3,87.6,88.1,88.3
272256,大阪府高石市,58.1,65,67.1,63.6,63.2,63.2,65,66.8,64.2
272264,大阪府藤井寺市,88.1,87,,55,57,57.7,59.1,60.9,64.2
272272,大阪府東大阪市,,71.9,73.5,75,76.8,77.6,78.2,77.8,76.5
272281,大阪府泉南市,,76.2,76.9,66.7,64.9,65.3,67.1,68.5,72.1
272299,大阪府四條畷市,67.7,69.9,71,62.3,64.2,64.5,63.9,65.9,68.4
272302,大阪府交野市,90.5,90.2,90.1,90.3,91.4,91.3,91.1,91.2,92
272311,大阪府大阪狭山市,,79.6,79.8,78.2,77.1,78.8,80.5,80.6,80.8
272329,大阪府阪南市,,66,64.7,63.1,63.6,64,66.1,68.2,73.5
273015,大阪府島本町,52.3,52.2,49.4,50.6,52,49.7,50.9,52,63.9
273210,大阪府豊能町,,66.8,67.4,,73.2,75.1,76.8,78.5,80
273228,大阪府能勢町,,5.4,7,9.9,12.8,15.7,18.7,21.6,24.5
273414,大阪府忠岡町,67.5,82.8,65.6,67.6,69.3,70.4,71.9,73.6,75.6
273619,大阪府熊取町,,64.1,65.9,66.1,66.6,67.5,69.4,71.6,73.1
273627,大阪府田尻町,,89.1,83.5,80.7,81.5,82.3,78,79.4,80.4
273660,大阪府岬町,62.7,65.1,65.2,67.5,69.4,70.1,70.1,71.5,72.4
273813,大阪府太子町,60.1,60.9,60.7,62.6,62.9,63.3,65.5,66.9,68.3
273821,大阪府河南町,,53.1,,52.1,47.9,49.6,51.9,54.6,56.8
273830,大阪府千早赤阪村,36.2,90.2,91.4,92.2,94,90.7,92.1,93.2,94.3
281000,兵庫県神戸市,71.1,70.8,69.2,69.1,69.3,68.5,68.2,68,69.4
282014,兵庫県姫路市,74.3,74.7,74.6,74.4,71.8,71.6,71.6,71.4,73.4
282022,兵庫県尼崎市,53.4,51.3,50.9,51.7,53.5,55.5,57.2,59.1,61
282031,兵庫県明石市,54.5,54.3,55.2,54.2,56,55.3,57.4,58.7,59.6
282049,兵庫県西宮市,65.3,65.5,67.1,68.3,68.3,68.2,67.9,67.4,68.1
282057,兵庫県洲本市,,64.9,61.9,63.4,64.9,66.3,67.5,69.5,71.4
282065,兵庫県芦屋市,,66.1,63.7,53.8,54,41.3,43.6,42.8,45.1
282073,兵庫県伊丹市,63.3,63,62.7,63.3,64.4,64.5,64.9,66.1,66.4
282081,兵庫県相生市,,72.9,73.7,75.5,72.6,74.4,76.1,76.9,77.7
282090,兵庫県豊岡市,77.6,78.6,78.6,73.8,82.9,83.8,83.5,85.7,87
282103,兵庫県加古川市,55.8,56.6,58,59.2,60.8,61.8,63,64.6,66.2
282120,兵庫県赤穂市,,84.9,85,84.4,82,83.1,86.1,86.4,86.5
282138,兵庫県西脇市,,65.6,67.3,70.8,61.4,63.3,65.2,67,68.8
282146,兵庫県宝塚市,,64.1,65.7,65.7,66.8,68.6,69.8,71,71.7
282154,兵庫県三木市,72,67,74,74.6,76.4,77.9,79.6,81.4,83.1
282162,兵庫県高砂市,,55.9,57.8,59.8,56.5,58.3,60.4,62.5,64.3
282171,兵庫県川西市,72,72.9,68.6,70.7,72.6,73.7,72.1,66.4,67.7
282189,兵庫県小野市,,52.2,52.5,54.2,56,56.9,53.9,54.5,56.3
282197,兵庫県三田市,59.1,61.3,63,63.3,63.7,65.1,65,65.7,
282201,兵庫県加西市,67.9,66.6,68.7,70.5,72.2,73.9,75.4,77.1,78.6
282219,兵庫県丹波篠山市,,56.4,57.7,58.7,60.9,62.7,59.9,66.3,68.1
282219,兵庫県丹波篠山市,,56.4,57.7,58.7,60.9,62.7,59.9,66.3,68.1
282219,兵庫県篠山市,,56.4,57.7,58.7,60.9,62.7,59.9,66.3,68.1
282219,兵庫県篠山市,,56.4,57.7,58.7,60.9,62.7,59.9,66.3,68.1
282227,兵庫県養父市,,55.6,57.4,59.2,54.7,55.4,55,56.5,57.8
282235,兵庫県丹波市,62.7,64.4,64.4,53.6,55.1,64.5,65.3,67.3,64.2
282243,兵庫県南あわじ市,50.1,51.4,52.9,54.2,55.4,,58.9,,
282251,兵庫県朝来市,,67,65.8,67.6,68.1,69.3,68.8,70.2,71.3
282260,兵庫県淡路市,,69.1,67.8,69.1,69.6,71,73.5,74.6,72.9
282278,兵庫県宍粟市,59.8,61.4,61.3,61.4,61.3,62.4,64.3,66.8,68.3
282286,兵庫県加東市,66.7,68.6,70.4,73.2,74,75.6,76.2,53.2,49.1
282294,兵庫県たつの市,,76.1,76.7,76.4,75,73.6,75.1,74.4,74.4
283011,兵庫県猪名川町,,58.5,61.7,63.8,59.6,62.1,63.1,65.4,66.5
283657,兵庫県多可町,,53.1,54.1,55.3,54.7,58.3,58.3,60.3,62.2
283819,兵庫県稲美町,,64.5,64.3,66.4,67.1,,71.6,73.7,71.5
283827,兵庫県播磨町,,,,72.6,71.3,73.5,68.9,70.9,66.7
284424,兵庫県市川町,,66.8,68.8,69.1,68.3,67.7,69,70.4,67.8
284432,兵庫県福崎町,,64.9,66.8,68.5,67.8,69,67.6,66.8,
284467,兵庫県神河町,36.1,36.7,39.1,41.6,44,45,48.4,51,53.8
284645,兵庫県太子町,,66.1,67.8,69.4,64.4,63.7,65.6,66,68.1
284815,兵庫県上郡町,,52,54,56.2,55.4,57.7,58.1,59.9,62.3
285013,兵庫県佐用町,,54.8,56.9,58.4,60.3,61.3,62.7,63.3,65.2
285854,兵庫県香美町,45.1,42.1,44.2,45.9,46,48.4,50.3,51.8,53.8
285862,兵庫県新温泉町,,,,,67.3,66,68.2,69,76.6
292010,奈良県奈良市,66.1,65.3,66.4,68.1,67.8,66.8,66.2,66.8,66.1
292028,奈良県大和高田市,,62.6,64.6,64,61.2,63,63.9,66.9,67.6
292036,奈良県大和郡山市,,72.8,74.3,76.1,70.3,70.4,72.1,75.4,73.6
292044,奈良県天理市,62.1,62.6,63.5,63.9,64.2,59.9,56.2,54.7,56.6
292052,奈良県橿原市,73.7,78,79.4,80.5,81.7,79.7,81.3,82.4,83.9
292061,奈良県桜井市,,63.5,65.6,66.6,66.4,67.9,70,72.2,74.2
292079,奈良県五條市,47.9,56.1,59.4,60.3,61.2,61.7,63.5,65.7,67.7
292087,奈良県御所市,73.7,74.8,74,75,74.5,73.3,74.8,75,76.1
292095,奈良県生駒市,,38.7,57.5,59.1,58.3,60.7,61.4,63.5,65.6
292109,奈良県香芝市,,73.3,75,76.6,75.9,77.1,78.5,79.7,80.8
292117,奈良県葛城市,,77.3,75.4,77.1,78.8,79.1,80.2,81.9,77.1
292125,奈良県宇陀市,,54.8,51.5,53.6,,,57.1,58.9,64.4
293229,奈良県山添村,,70.7,70.4,72.7,73.5,73.9,78.4,63.5,66.4
293423,奈良県平群町,82,68.8,71.2,73.6,71.9,73.4,75.2,77.1,79
293431,奈良県三郷町,83,86.6,87.4,46.6,47.7,49.2,49.7,52.1,54.5
293440,奈良県斑鳩町,88.1,89.9,89.9,90.7,85.2,86.7,88.1,89.1,90.1
293458,奈良県安堵町,,81,80.5,76,78,75.9,,90.3,87.6
293610,奈良県川西町,7.2,11.3,15.4,19,23.2,27.4,31.6,35.7,39.5
293628,奈良県三宅町,80.4,79.6,80.3,81.4,79.2,83,83.5,84,84.5
293636,奈良県田原本町,,75.8,,79.8,79.2,80,81.2,82.3,
293857,奈良県曽爾村,,36.9,39.1,41.3,27,29.7,32.5,31.6,34.7
293865,奈良県御杖村,,61.6,63.4,65.1,66.8,68,50.6,52.8,54.4
294012,奈良県高取町,,,91.1,92.8,90.8,91.3,88.6,88.4,89
294021,奈良県明日香村,,59.8,70.9,70.9,71.5,72.1,89.2,99.1,95.2
294241,奈良県上牧町,57.5,59.8,60.4,60.5,62,62.7,64.7,66.7,65.8
294250,奈良県王寺町,80.5,82.2,83.8,85.4,86.9,88.2,57.6,44.4,39.1
294268,奈良県広陵町,62.7,64.3,55.7,59,61.6,62.9,62.5,64.6,66.7
294276,奈良県河合町,,68.5,70.5,72.5,74.4,76.2,77.7,79.1,80.3
294411,奈良県吉野町,38.8,41.1,49,49.9,56,58.5,44.1,45.4,48.3
294420,奈良県大淀町,,36,38.1,40.3,39.9,41.8,44.2,46.3,50.3
294438,奈良県下市町,68,72.6,73.8,73.8,73.7,77.1,76.1,49.2,51
294446,奈良県黒滝村,,78.7,80.7,80.7,77.6,77.4,81.6,83.5,84.9
294462,奈良県天川村,,67.7,67.5,66.8,66.5,66.6,66.5,66.7,66.8
294471,奈良県野迫川村,,26.1,58.3,60.4,62.3,64,67.4,73.1,70.6
294497,奈良県十津川村,,63.6,14.5,18.4,21.3,24.4,27.5,30.6,33.7
294501,奈良県下北山村,80.5,81.9,83.2,84.5,85.3,37.6,39.8,40,12.8
294519,奈良県上北山村,77.2,77.3,81.7,83.6,88.7,90.6,92.4,94.3,96.3
294527,奈良県川上村,73.7,76.3,78.6,80.9,83,85.2,78.2,85.5,34.3
294535,奈良県東吉野村,61.7,63.4,,,,69.5,70.9,72.4,86.5
302015,和歌山県和歌山市,73.1,72.7,70.6,71.9,71.1,71.1,72.8,73.7,74.6
302023,和歌山県海南市,73,73.5,73.5,75,76,76.7,78,79.8,79.2
302031,和歌山県橋本市,59.1,61.1,63.4,65.7,65.7,67.9,66.4,69.1,71.8
302040,和歌山県有田市,,80.9,79.1,79.2,80.3,80.1,82,83.2,45.2
302058,和歌山県御坊市,60.7,59.9,61.1,61.2,57.2,62.4,63.9,66.4,66.7
302066,和歌山県田辺市,63.9,63.6,65.6,65.2,65.8,66.9,68.8,70.2,71.6
302074,和歌山県新宮市,60.6,61.4,62.8,64,66.7,67.2,67.9,68.6,69.7
302082,和歌山県紀の川市,52.1,52.1,53.8,55.2,52.3,52.2,54.2,55,55.1
302091,和歌山県岩出市,,71.3,73.4,75.1,73.6,75.6,77.6,79.3,81.1
303046,和歌山県紀美野町,,,66.4,68.2,70.1,,,,
303411,和歌山県かつらぎ町,40.7,42.3,44.6,46.6,48.5,48.7,50.3,,
303437,和歌山県九度山町,78.7,80.5,82.1,83.3,84.5,85.4,86.8,87.3,88.1
303445,和歌山県高野町,75.5,76.8,78.2,79.6,80.8,82.1,83.4,94.6,94.8
303615,和歌山県湯浅町,54.8,56.8,58.7,60.6,62.9,64.7,66,67.2,69.2
303623,和歌山県広川町,74.5,77.4,77.4,77.4,80.2,80.9,81.3,82.4,57.7
303666,和歌山県有田川町,,45.9,47.8,48,50.1,53.2,55.9,57.4,59.1
303810,和歌山県美浜町,66.5,67.6,68.6,69.7,71.5,71,72.8,70.5,72.4
303828,和歌山県日高町,74,76,72.9,74.4,76.6,78.5,69.7,71.3,73.1
303836,和歌山県由良町,57.9,59.3,60.9,62.2,63.6,65.3,67.1,67,68.7
303909,和歌山県印南町,56.2,58.2,58.9,61.9,63.9,61,62.7,65,67.3
303917,和歌山県みなべ町,60.3,59.2,57.8,54.5,59,61.5,62.1,64.4,66.2
303925,和歌山県日高川町,80.6,82.1,82.8,83.4,83.9,83.9,79.5,80.7,80
304018,和歌山県白浜町,64.4,60.3,61.8,67.1,65.8,66.9,62.8,63.6,65.3
304042,和歌山県上富田町,,57.9,59.3,61.2,63.2,65.1,67.1,69,72
304069,和歌山県すさみ町,,43.7,45.6,58.4,60.2,62,57.8,59.8,61.8
304212,和歌山県那智勝浦町,53.3,50.8,54,53.8,55.1,56.2,57.7,60,62.3
304221,和歌山県太地町,77,79.5,81.4,83,83.5,84,86.4,87.1,88.3
304247,和歌山県古座川町,,81.3,83.4,85.1,86.8,88.5,90.3,92,93.7
304271,和歌山県北山村,68,78.1,,65.4,67.6,69.1,70.1,60.3,61.8
304280,和歌山県串本町,,63.2,65,70.2,72.4,71.4,74,75.6,76.9
312011,鳥取県鳥取市,57.2,59.9,61.7,61.8,63.7,65.2,65.4,67.2,66.6
312029,鳥取県米子市,54.9,57,58.9,,58.7,58.1,59.7,57.9,58.5
312037,鳥取県倉吉市,55.6,53.9,54.9,57.3,57.5,59.4,61.7,63.8,
312045,鳥取県境港市,,,67.6,,70.6,,,,
313025,鳥取県岩美町,,46.7,49,51.2,52.3,54.6,56.5,58.9,61
313254,鳥取県若桜町,,65.2,69.4,71.7,72.8,76.5,80.1,81.9,83.6
313289,鳥取県智頭町,,43.4,12.5,46.9,19.6,23,26.7,30.4,34
313297,鳥取県八頭町,,51,49.4,52.1,54.3,56.4,58.6,60.7,62.9
313645,鳥取県三朝町,,90.7,,87.9,83.1,82.5,84,84.6,76.7
313700,鳥取県湯梨浜町,55.1,45.8,46.4,47.2,33.4,35.6,38,37.9,39.2
313718,鳥取県琴浦町,66.5,68.2,69.5,71.3,66.4,67.7,69.9,72,73
313726,鳥取県北栄町,,55.4,58.9,58.1,58,59.6,59.6,60.8,63.1
313840,鳥取県日吉津村,,57.4,50.9,60.1,61.9,63.8,66.1,68,70
313866,鳥取県大山町,,63.9,65.8,67.4,68.6,69.3,70.3,70.8,73
313891,鳥取県南部町,,29.9,59.6,61.9,64.1,65.8,68.3,70.9,72.1
313904,鳥取県伯耆町,,58.6,59.3,61.6,63.7,65.7,68.1,68.5,70.6
314013,鳥取県日南町,60.7,48.9,42.6,45.9,57.4,56.7,46.9,59.9,61.5
314021,鳥取県日野町,62.8,65.9,67.9,69.7,72,73.6,75.4,50.2,52.5
314030,鳥取県江府町,18.4,22.9,25.2,27.4,29.7,31.7,33.8,36.1,36.2
322016,島根県松江市,54.3,55.5,55.7,57.1,57.6,54.8,56.5,58.2,60.5
322024,島根県浜田市,55.3,57.5,57.5,56.5,57.4,59.4,61.2,62.5,63.6
322032,島根県出雲市,59,58.4,59.2,59.4,59.8,57.8,59.3,59.9,59.7
322041,島根県益田市,69.4,69.1,70.6,69.9,65.9,67.1,64.7,63.3,64.8
322059,島根県大田市,,67.6,69.6,69.5,71.9,73.7,75.5,77.4,79.1
322067,島根県安来市,47.3,50.2,52,54,56.1,58.3,60.4,62.2,64.2
322075,島根県江津市,36.1,37.2,39.1,41.1,42.1,43.9,47.8,47.2,49.3
322091,島根県雲南市,,,54.6,56.9,59.1,61.2,63.3,65.4,67.4
323438,島根県奥出雲町,54.7,53.3,31.8,58.2,57.9,60,61.9,63.7,63.9
323861,島根県飯南町,44.9,55.9,50.9,53,55,57,58.9,60.8,62.7
324418,島根県川本町,91.1,83.3,84.8,87.1,87,84,82.6,79.9,81.4
324485,島根県美郷町,56.8,59,61.7,67.3,70.1,72.9,75.7,78.5,81.2
324493,島根県邑南町,84.9,84.9,85.8,85.2,82.4,83.2,82.6,84,85
325015,島根県津和野町,40.1,42.6,44.6,44.7,,53.3,55.4,57.5,59.5
325058,島根県吉賀町,,,67,69.3,71.3,75.5,77.3,78.8,80.3
325252,島根県海士町,,38,41.7,44.6,46.9,50.6,54.5,54.5,39.4
325261,島根県西ノ島町,67.7,5.4,10.7,16.1,21.4,26.7,32,35.4,40.8
325279,島根県知夫村,,41.9,31.8,34.5,37.2,39.8,42.4,45.1,47.7
325287,島根県隠岐の島町,,56.6,59,60,59.1,57.7,58.9,60.4,61.2
331007,岡山県岡山市,62.9,61.2,59.7,61.2,61.4,62.7,63.5,64.7,67
332020,岡山県倉敷市,64.3,64,65.5,66.1,67.5,67.2,67.8,68.8,68.4
332038,岡山県津山市,,53,52.4,52.4,53.2,55.1,57.2,59.3,60.4
332046,岡山県玉野市,52.8,68.7,60.6,59.8,61.8,65.1,66.9,68.6,68.5
332054,岡山県笠岡市,,71.9,73.1,75.2,74.6,76.4,77.3,78.9,80.4
332071,岡山県井原市,83.7,81.1,80.6,87.6,83,62.7,62.6,65.5,66.3
332089,岡山県総社市,65.5,65.6,64.7,56.8,51.6,52.8,55,56.9,59.1
332097,岡山県高梁市,,69.3,,,73.9,73.9,74.9,76,77
332101,岡山県新見市,,49.9,51.5,53,55.8,53.1,55.2,55,56.2
332119,岡山県備前市,,58.3,61.8,60.7,61.2,62.6,64.6,67.1,68.9
332127,岡山県瀬戸内市,,68.4,70.5,66,64.4,61.7,59.4,58.8,58.2
332135,岡山県赤磐市,74.9,76.6,78.7,77.9,79.1,78.2,76.7,77.7,78.2
332143,岡山県真庭市,,45.8,43.4,40.3,47.3,49.9,51.7,53,54.3
332151,岡山県美作市,,67.9,72,73.5,74.6,75.7,77.1,78.3,79.8
332160,岡山県浅口市,74.5,78.4,79.8,81.4,82.7,83.1,84,84.8,53.3
333468,岡山県和気町,59.2,62.1,,100,100,68.6,69.9,70.2,65.1
334235,岡山県早島町,86.1,81.1,82.9,82.7,83.8,84,85.5,87,85.8
334456,岡山県里庄町,79.2,73,74.9,71.8,73.8,73.8,73.8,75.8,77
334618,岡山県矢掛町,76.4,78.5,80.2,,83.4,85.8,86.4,88.1,90
335860,岡山県新庄村,,61.8,58.5,61.9,63.5,,63.7,65.8,69.5
336068,岡山県鏡野町,,,,50.5,52.2,54.5,56.1,58.3,58.6
336220,岡山県勝央町,46.4,45.8,47.4,49.1,51.2,54.4,56.5,58.5,60.4
336238,岡山県奈義町,,76.7,79.2,80.4,81.6,82.3,83.5,83.6,84.2
336432,岡山県西粟倉村,42.5,44.7,46.8,49,51.1,,,,
336637,岡山県久米南町,52,54.3,56.6,58.8,60.7,62.8,64.9,67.1,69.1
336661,岡山県美咲町,39.9,44.3,46.3,48.5,50.6,51.5,52.4,54.5,56.6
336815,岡山県吉備中央町,50.6,56.1,54.1,54,56.1,58.2,60.3,62.3,64.4
341002,広島県広島市,65,63.8,66.5,67.4,69.1,70.6,72,73.7,
342025,広島県呉市,,61.4,62.4,62.3,64.3,65.8,67,64.8,65.7
342033,広島県竹原市,78.5,70.8,70.2,72.1,74.8,74.5,72.1,72.6,74.3
342041,広島県三原市,56.2,55.8,56.7,59,60.2,57.4,60,62.6,65.3
342050,広島県尾道市,65.3,65.3,65.7,66.2,66.7,66.7,67.8,68.5,69.4
342076,広島県福山市,,80.6,81.2,81.2,73.4,85.2,80.8,79.2,78.2
342084,広島県府中市,61.6,58.8,60.1,59.1,58.9,59.5,60.7,61.9,61.4
342092,広島県三次市,,57.7,58.4,60.4,62.5,63.9,65.9,67.5,69.3
342106,広島県庄原市,50.5,48.6,50.7,53.2,55.6,58,59.7,61.5,63.9
342114,広島県大竹市,32.5,30.3,33.2,36.1,32.7,34.9,37.1,44.8,
342122,広島県東広島市,,59.3,55.5,57.1,59.4,57.6,58.9,58.8,55.4
342131,広島県廿日市市,,69,68.7,70.6,68.1,68.6,70.7,72.1,72.3
342149,広島県安芸高田市,71.8,73.7,73.7,59.4,68.3,68.2,68.2,68.7,70.2
342157,広島県江田島市,,,58,58.1,56.3,57.7,56.4,58.2,60.1
343021,広島県府中町,,65.2,44.3,45.2,45.5,46.2,47.8,49.2,
343048,広島県海田町,67.5,66.9,69.3,71.2,72.2,71.2,72.7,72.8,74.4
343072,広島県熊野町,,74.5,75.4,75.2,75.5,74.7,76.1,77.8,79.4
343099,広島県坂町,72.9,74.7,76.6,78.5,80.4,82.3,84,85.7,87.5
343684,広島県安芸太田町,52.2,42.8,36.6,39.4,33.7,36.9,40.2,43.5,46.9
343692,広島県北広島町,57.2,57.2,56.1,58.4,60.7,62.9,63.2,64.7,67.4
344311,広島県大崎上島町,40.3,42.7,45,47.2,46.8,53.4,51.8,54.3,56.7
344621,広島県世羅町,48.8,50.8,52.8,54.5,54,62.7,64.2,66.2,68
345458,広島県神石高原町,27.5,29.6,31.7,33.9,36.9,37,39.1,39.1,42.4
352012,山口県下関市,,76.4,77.9,79.1,76.7,81.7,81.5,82.6,79.3
352021,山口県宇部市,48.5,52.1,53.2,50.4,51.3,52.1,54.3,54,55.2
352039,山口県山口市,52.4,52,52.5,54.1,56.2,57.9,59,60.2,61.7
352047,山口県萩市,50.4,51.8,53.5,55.6,57.8,59.9,62,64,65.9
352063,山口県防府市,,34.2,55.3,53.7,50.3,52.7,55.1,57.2,58.4
352071,山口県下松市,53.9,51.4,53.6,49.5,47.9,48.8,48.8,50.8,52.8
352080,山口県岩国市,,72.9,72.2,72.5,72.8,62.8,62.9,66.4,65.7
352101,山口県光市,75.2,76.2,78.2,78.9,76.9,77.1,77.5,78.5,79.3
352110,山口県長門市,56.1,57,58.8,60.6,60.8,62.7,64.5,66.3,67.9
352128,山口県柳井市,46.2,47,48,49.3,49.6,48.5,50.7,52.2,54.1
352136,山口県美祢市,,60.8,61.7,62.2,62.1,62.8,66.3,66.2,69.5
352152,山口県周南市,72.2,73.7,74.7,74.2,74.2,73.3,73.8,74.5,75.5
352161,山口県山陽小野田市,66.4,67.6,69.3,71,72.6,74.1,74.7,76.2,68.2
353051,山口県周防大島町,62.2,64.2,66.3,68.7,70.8,72.6,74.6,76.5,78.6
353213,山口県和木町,21.7,23.3,25,27,29.2,31.3,33.2,35.2,36.7
353418,山口県上関町,36.1,36.3,37.7,50.2,48.9,44.4,47,48.9,50.7
353434,山口県田布施町,42.6,44.8,46.5,48.8,49.8,49.2,50.6,51.9,54.5
353442,山口県平生町,66.6,68.5,69.2,70.1,71.5,71.9,72.7,73.7,71.2
355020,山口県阿武町,31.3,25.4,27.5,29.3,31.5,33.9,36.3,38.6,40.9
362018,徳島県徳島市,59,60.9,62.8,64.6,64.2,65.5,67.3,69,70.4
362026,徳島県鳴門市,75.5,62.7,59.5,59.3,56,56.8,57.4,58.6,60
362034,徳島県小松島市,55.1,57,58.5,57.1,55.2,56.5,58.2,60,61.9
362042,徳島県阿南市,52.8,54.8,55.7,54.7,58.4,58.1,61.5,63.8,65.1
362051,徳島県吉野川市,62.8,64.6,58.8,54.3,56.3,57.4,56,57.7,59.8
362069,徳島県阿波市,77.4,78.8,72.5,72.9,70.2,71.9,71.8,73.2,73.8
362077,徳島県美馬市,66.7,55.9,54,56,57.3,59.7,62.1,63.4,68
362085,徳島県三好市,52.8,59,59.1,61.3,64.7,66.9,69.3,71.5,72.6
363014,徳島県勝浦町,44.7,46.3,47.8,48,49.1,50.9,52.7,52.8,54.2
363022,徳島県上勝町,70.3,72.7,75.1,72.2,75.2,78,76.8,78.6,78.9
363219,徳島県佐那河内村,12.2,14.6,38,19.5,21.8,24,26.5,29,31.6
363413,徳島県石井町,67.5,68.2,69.8,71.1,72.6,58,59.9,62.5,65
363421,徳島県神山町,82.1,82.5,83,84.1,84,84.6,63.4,61.1,48.1
363685,徳島県那賀町,65.5,67.1,67.9,69.8,73.1,73.3,71.7,73.2,74.6
363839,徳島県牟岐町,32.9,35.2,37.4,38.9,41.2,43.5,42.8,45,49.8
363871,徳島県美波町,49.2,51.6,53.9,56.2,57.3,59.6,61.3,63.6,65.8
363880,徳島県海陽町,76.3,77.6,78.6,78.8,76.2,77.4,79.5,80.2,80.8
364011,徳島県松茂町,76.3,77.9,78.7,79.8,82,82.7,84.3,86.6,87.9
364029,徳島県北島町,57.8,59.9,60.5,62,63.8,63.9,65.2,66.6,66.5
364037,徳島県藍住町,67.6,69,70,71.8,74.4,73.2,71.6,70.6,74.7
364045,徳島県板野町,90.1,91,91.7,91.6,92,88.6,87.9,89.6,88.4
364053,徳島県上板町,61,64.7,66.1,67.9,69.6,71.1,72.6,73.9,75.3
364681,徳島県つるぎ町,61.6,65.9,67.1,62.7,64.4,67,67.3,69.5,67.5
364894,徳島県東みよし町,52.6,57.8,59.7,60.5,54.6,56.6,55.8,57.9,60
372013,香川県高松市,,54.1,39,52.5,52.9,53.8,54.8,55.2,55.5
372021,香川県丸亀市,51.8,53.8,52.3,53,54.4,55.6,56.2,55.3,55.7
372030,香川県坂出市,73.8,74.8,75,75.7,75.7,75.3,75,77.6,80.1
372048,香川県善通寺市,57.7,59.4,60.4,62.2,63,65,66.6,68.5,70.3
372056,香川県観音寺市,52.1,53.8,55.1,59,60.6,61.7,57.2,57.1,58.9
372064,香川県さぬき市,,44.3,45.3,47.1,41.8,43.3,45.2,47,42.1
372072,香川県東かがわ市,60.4,61.3,64.2,66,67.8,41.4,40.8,36.4,38.9
372081,香川県三豊市,52.9,52.5,53.1,54.9,57.3,58.1,57.6,59.5,60.6
373222,香川県土庄町,,35.6,25.5,27.5,29.4,31.1,33.1,35.1,37.6
373249,香川県小豆島町,,63.1,64.9,66.7,68.3,68.6,70.5,61.3,63.5
373419,香川県三木町,,81.1,81.9,82.4,82.5,81.8,82.3,83.2,84.6
373648,香川県直島町,89.9,89.6,84.6,85.9,86.7,87.9,86.9,85.2,83.7
373869,香川県宇多津町,70.8,72.1,73.5,75.1,72.6,73.3,74.4,74.3,73.3
373877,香川県綾川町,57.6,54.9,55.3,56.8,57.5,57,58.1,59.8,60.9
374032,香川県琴平町,81.6,83.3,84.5,75.9,49.6,38.6,40.7,43.7,45.6
374041,香川県多度津町,56.1,52.3,50.1,51.2,52.8,53.5,55.5,57.1,58.8
374067,香川県まんのう町,69,68.3,65.7,70,70.6,71.2,69.4,60.6,61.6
382019,愛媛県松山市,,59.6,60.2,59.6,61.9,64,65.8,66.8,66.1
382027,愛媛県今治市,,64.8,66.7,68.4,67.9,68.9,70.9,73.1,74.6
382035,愛媛県宇和島市,52.8,53.7,53.2,54.7,55.6,56.1,57.9,59.9,61.9
382043,愛媛県八幡浜市,74.3,74.1,75.7,76,74.2,75.7,74.5,70.9,72.7
382051,愛媛県新居浜市,,69.4,68.8,70.8,66.5,67.7,69.8,71.9,74.2
382060,愛媛県西条市,76.2,75.7,74.9,74.1,68.7,70,71.9,70.5,71
382078,愛媛県大洲市,,59.9,60.5,57.7,53.5,50.8,50.2,48.1,49.5
382108,愛媛県伊予市,53.2,52.4,54.5,56.8,59.2,58.3,60.1,62.5,65
382132,愛媛県四国中央市,42.9,42.4,44.4,46.7,47.3,48.3,50.2,52.7,54.8
382141,愛媛県西予市,67.1,62.5,64.8,66.1,64.7,65.2,66.9,67.6,68.8
382159,愛媛県東温市,52.5,52.3,53.7,54.1,53.3,55.4,56.6,58,59.3
383562,愛媛県上島町,58.1,60.5,61.6,63.4,65,66,67.8,72.7,74.5
383864,愛媛県久万高原町,63.1,66.5,69.4,71.9,73,76,77.5,79.3,80.4
384011,愛媛県松前町,69.3,71.1,72.8,74,71.3,59.7,55.8,58,59.9
384020,愛媛県砥部町,51.3,59.4,60.8,62.3,62.4,57.8,58.6,60.7,62.7
384224,愛媛県内子町,62.6,62.8,64.6,71,74.2,76.4,78.6,71.2,71.3
384429,愛媛県伊方町,60.3,62,56.3,56.7,58.7,63,64.3,66.3,67.5
384844,愛媛県松野町,47.2,50,49.6,50.7,53.7,56.7,59.6,62.6,65.2
384887,愛媛県鬼北町,72.9,75.2,77.4,76.3,73.4,75.1,76.2,60.2,53.7
385069,愛媛県愛南町,60.1,62.2,64.1,66.1,67.5,68.6,70.5,72.5,74.1
392014,高知県高知市,,53.3,54.8,56.7,56.8,58.4,59.6,61.4,66.5
392022,高知県室戸市,71.8,71.3,63.4,59,63.3,65.3,66.8,69.6,68.5
392031,高知県安芸市,72.8,69.5,71.8,79.5,76.2,77.4,78.2,79.5,46.9
392049,高知県南国市,61.4,61.6,59.9,59.6,62.5,64,68,68.2,70.8
392057,高知県土佐市,47.5,48.5,52.5,54.3,55.5,57.8,59.5,61.5,63.7
392065,高知県須崎市,50.3,51.8,53.7,56.8,59,60.2,61.5,62.9,65.9
392081,高知県宿毛市,66.2,67.3,67.7,65.1,66.4,51.7,40.2,42,41.9
392090,高知県土佐清水市,55.5,48.9,41.7,44,46.4,48.6,51.6,54.1,56.4
392103,高知県四万十市,55.8,53,54.6,56.9,57.9,59.4,57.1,57.7,59.4
392111,高知県香南市,62.7,63.3,64.1,64,62.1,63.7,65.5,65.5,66.4
392120,高知県香美市,82.3,79.1,79.6,62.6,62.7,61,61.9,61.4,61
393011,高知県東洋町,,94.8,95.2,96,96.8,96.8,98.5,91.8,92.9
393029,高知県奈半利町,65.3,69,69,70.9,69.6,70.7,72.5,74.3,75.6
393037,高知県田野町,45.9,48.8,48.8,50.2,51.7,52.8,54.3,53.9,54.5
393045,高知県安田町,25.9,28.2,30.4,32.7,33.1,35.4,37.8,39.8,42.1
393053,高知県北川村,43.4,51.4,92.1,87.4,88.2,89.1,90,90.4,91.1
393061,高知県馬路村,66.5,65.7,63.7,66.7,62.8,66.7,71,73.8,75.4
393070,高知県芸西村,79.2,68.2,69.5,69.9,72.1,73.4,75,75.5,75.9
393410,高知県本山町,60.3,71.2,,,,68.9,68.8,71,73.2
393444,高知県大豊町,75,71.9,72.2,74.1,76,74.6,27,29.6,34
393631,高知県土佐町,57.3,63.5,66.1,68.9,74.8,77.6,80.3,83.2,85.8
393649,高知県大川村,52.6,42.9,49.2,52.3,55.4,55.4,61.3,,
393860,高知県いの町,70.2,72.1,60.2,62.1,53.2,55.1,57.1,58.8,60.4
393878,高知県仁淀川町,72.9,74.1,79.4,81.5,82.8,84.2,87,88.3,89.4
394017,高知県中土佐町,51.2,50.4,55,56,58.2,60.6,63.2,63.8,66.6
394025,高知県佐川町,65.1,65.2,66.7,68.5,70.2,71.8,71.9,73.4,73.2
394033,高知県越知町,52.5,54.3,56,58,60.1,61.2,62.5,62.5,66.6
394050,高知県梼原町,52.3,52.8,54.2,55.5,56.6,41.2,42.6,44.5,44.4
394106,高知県日高村,48.1,50.6,52.9,55.1,55.6,43,45.7,48.4,50.9
394114,高知県津野町,66.3,68.7,64.5,66.4,68.1,69.3,69.7,71,73.2
394122,高知県四万十町,69,68.9,69,70.3,71.4,73.1,74,74.3,73
394246,高知県大月町,62.4,63.7,65.3,66,67.8,69.7,71.4,71.3,72.9
394271,高知県三原村,70.8,76,70.8,73.8,71.3,74.1,74.5,79.4,77.9
394289,高知県黒潮町,59,68.7,70.6,62.6,64.3,65.6,67.8,67.8,68.7
401005,福岡県北九州市,,71.1,71,71,70.6,71.7,71.9,72.3,71.1
401307,福岡県福岡市,70.7,69.6,68,68.2,68.5,70.2,68.1,67.1,65
402028,福岡県大牟田市,68.5,69,64.8,65.9,67.8,69,71.2,72.5,72.2
402036,福岡県久留米市,,54.3,54.7,54.6,61.3,61.5,56,60.9,63.4
402044,福岡県直方市,,67.5,69.4,70.1,71.6,72.3,73.5,69.7,71.2
402052,福岡県飯塚市,,,,,,,33.9,35.9,36.5
402061,福岡県田川市,66.9,69.1,71.4,71.9,70,72.1,74.5,48.7,44.7
402079,福岡県柳川市,56.4,58.6,60.6,62.7,63.9,65.6,67.4,69.3,70.6
402109,福岡県八女市,63.2,65.3,67.7,66.2,67.6,68.1,69.5,70.6,71.7
402117,福岡県筑後市,63,63.6,66,68,70.1,71.3,72.9,72.4,74.4
402125,福岡県大川市,60.8,61.2,62.6,64.2,54.1,52.5,51.9,50.5,51.3
402141,福岡県豊前市,59.9,61.3,,,,,,,
402150,福岡県中間市,78.7,79.8,,,,,86.8,88.8,90.1
402168,福岡県小郡市,67.3,64.1,64.5,65.2,65.8,66.2,66.3,65.6,65.6
402176,福岡県筑紫野市,56.8,58.6,60.4,62.3,64.2,64.3,66,66.4,67.9
402184,福岡県春日市,59.1,61.6,63.5,64.2,65.4,66.3,67.5,67.7,69.4
402192,福岡県大野城市,,70,68.2,67.7,67.5,68.8,69.5,70.5,71.9
402206,福岡県宗像市,76.1,76.9,75.7,75.4,74.4,75.5,75.7,76.3,71
402214,福岡県太宰府市,78.6,76.7,74.9,73.6,70.2,70.4,71.2,69.7,62.2
402231,福岡県古賀市,64.6,65.6,67.4,70.1,69.3,71.3,70.7,69.7,68.1
402249,福岡県福津市,52.8,58.2,56.9,54.3,53.4,52.9,55.5,45.5,44.2
402257,福岡県うきは市,59.4,60.9,62.5,66.9,64.5,65.6,67.5,74.4,74.7
402265,福岡県宮若市,59.1,61.3,33.3,35.9,38.3,40.3,28.3,30.3,36.9
402273,福岡県嘉麻市,62.6,66.3,63.4,64.9,65.2,66.5,68.5,39.7,36.7
402281,福岡県朝倉市,69.3,71.2,59.4,61.2,62.7,62.9,64.6,66.6,68.8
402290,福岡県みやま市,62.6,62.2,64.6,66.6,68.5,70.4,71.9,71,72.8
402303,福岡県糸島市,,58.1,60.2,58.9,60.8,62.3,61.9,61.9,62.2
402311,福岡県那珂川市,58.8,59.3,57,58.3,60.5,61.3,62.3,63.2,62.4
402311,福岡県那珂川市,58.8,59.3,57,58.3,60.5,61.3,62.3,63.2,62.4
402311,福岡県那珂川町,58.8,59.3,57,58.3,60.5,61.3,62.3,63.2,62.4
402311,福岡県那珂川町,58.8,59.3,57,58.3,60.5,61.3,62.3,63.2,62.4
403415,福岡県宇美町,61.6,,63.7,65.7,69.1,65.7,67.4,69.5,70.5
403423,福岡県篠栗町,54.7,54.2,56.4,58.5,56.4,58.1,60.3,62.5,65.1
403431,福岡県志免町,76.9,47.1,48,50,51.9,53.7,55.5,57.3,58.9
403440,福岡県須恵町,,57.7,58,59.5,58.4,58.7,60.6,62.9,63.5
403458,福岡県新宮町,,43.7,45.3,37.8,40.5,42.3,44.7,47,48.9
403482,福岡県久山町,65.4,64.2,65.3,66.9,62.1,63.1,62.4,63.9,60.7
403491,福岡県粕屋町,54.5,56.3,56.7,58.9,59.7,61.5,61.1,57.1,53.1
403814,福岡県芦屋町,,77.2,78.3,79.5,74.2,68.5,69.8,70.3,71.4
403822,福岡県水巻町,75.3,74.1,72.9,75.1,76.4,77.1,78.3,79,78.4
403831,福岡県岡垣町,71.5,72.4,73.2,73.6,73.3,74.7,75,76.6,76.3
403849,福岡県遠賀町,75.2,75.4,71.5,68.3,68.3,69.7,71.5,73.6,75.5
404012,福岡県小竹町,,61.9,58.2,58.4,60.7,62.5,64.8,69,71.3
404021,福岡県鞍手町,55.2,57.6,60,62.2,62.9,64.6,67,67.5,69.6
404217,福岡県桂川町,70,72.2,74.5,75.4,70.2,71.8,69.9,72.7,75.2
404471,福岡県筑前町,42.3,44.7,47.1,49.3,51.7,53,55.3,57.4,59.2
404489,福岡県東峰村,,,,,,,,70.2,76.5
405035,福岡県大刀洗町,51,64.5,62.1,64.1,59.6,59.3,61.6,63.6,62.6
405221,福岡県大木町,75.9,73.8,73.3,74.7,81,70.9,72.9,74,72.5
405442,福岡県広川町,,44.1,38.5,41.5,38.6,41.8,44.7,47.7,50.6
406015,福岡県香春町,65.3,66.7,68.9,71,73.1,75,18,28.5,30.2
406023,福岡県添田町,,30.5,72.5,74.4,76,79.2,77.8,79.4,80.8
406040,福岡県糸田町,71.3,73,74.1,73.9,63.2,65,66.6,67.9,
406058,福岡県川崎町,60.4,62.5,64.6,67,,55.8,53,55.4,57.3
406082,福岡県大任町,65.7,71.9,74.5,75.7,76.9,78.1,79.3,81.7,81.7
406091,福岡県赤村,40.8,51.7,53.9,56.2,62.1,60.6,61.1,63.4,65.7
406104,福岡県福智町,39.6,41.8,44,46.1,37,36.8,39.2,41.7,44.1
406210,福岡県苅田町,68.1,70.4,72.5,74.5,74.2,75.2,74.5,75.9,77.4
406252,福岡県みやこ町,,71.8,73.2,74.5,75.9,63.6,63.4,65,66.5
406422,福岡県吉富町,67.4,65.7,65.4,64.9,68.1,69.9,72.7,,
406465,福岡県上毛町,,,52.8,54.5,57.8,57.7,59.1,60.3,
406473,福岡県築上町,82.5,82.2,68.8,70.4,71.4,71.9,71.9,61.5,62
412015,佐賀県佐賀市,,55.9,55.3,53.4,54.8,56.5,57.5,59.1,61.2
412023,佐賀県唐津市,58.4,56.8,58.8,60.4,61.7,64.2,60.5,64.1,66
412031,佐賀県鳥栖市,53.2,55.5,55.3,53.7,54.1,57.1,57.4,63.7,59.9
412040,佐賀県多久市,46.6,48.7,53.2,55.4,48.9,39.3,36.7,59,67.4
412058,佐賀県伊万里市,59.9,59.6,59.4,61.1,60.4,59.9,61.8,61.9,63.9
412066,佐賀県武雄市,48.2,48.7,49.5,50.5,51.6,53.8,55.6,57.3,59.1
412074,佐賀県鹿島市,72.2,73.6,75.3,76.9,78.3,79.6,81.1,82.4,83.7
412082,佐賀県小城市,42.1,44.3,45.5,49.6,52.3,55.1,57.8,60.4,62.9
412091,佐賀県嬉野市,,58.2,60.1,61.7,60.2,61.8,63.5,65.6,67.3
412104,佐賀県神埼市,,57.4,59.3,60.9,62.7,64.1,69.8,71.8,72.2
413275,佐賀県吉野ヶ里町,57.5,60.6,60.6,63.1,65.4,67.5,68.7,70.2,71.7
413411,佐賀県基山町,45.7,48.4,49.7,52.1,55.3,50.3,52.4,55.1,55.8
413453,佐賀県上峰町,55.4,73.4,75.2,77.4,77.9,78.2,80.7,81.4,79.8
413461,佐賀県みやき町,66,67.2,68.7,69,69.4,70,71.4,72.8,75
413879,佐賀県玄海町,2.2,5.8,8.9,11.9,14.6,17.8,20.9,24,27.2
414018,佐賀県有田町,65.6,67.1,58.3,62.2,62,63.9,61.2,62.6,64.7
414239,佐賀県大町町,13.4,17.3,20.2,23.5,26.7,30,33.3,36,40.3
414247,佐賀県江北町,58,59.7,61.8,64.4,66.9,69.4,71.2,72.4,74.9
414255,佐賀県白石町,61,62.7,63.6,65.5,67.2,69.1,71.1,76.4,74.5
414417,佐賀県太良町,64.8,54,64.1,64.5,66.2,67.8,69.5,70.8,71.4
422011,長崎県長崎市,,63.4,64.5,66.8,67.7,70.6,69.3,69.6,71.1
422029,長崎県佐世保市,,67.6,67.8,69.6,71.4,73.3,75,76.7,80.3
422037,長崎県島原市,62.8,64.6,65.1,64.6,65.6,67.4,64.1,64.8,65
422045,長崎県諫早市,,58.9,60.4,61.6,60.7,62,62,63.2,64.5
422053,長崎県大村市,,71.9,73.6,72.6,74.3,76,77.5,78.9,80.2
422070,長崎県平戸市,42,49.1,50.3,52.3,54.4,56.3,54.7,56.2,57
422088,長崎県松浦市,,56.5,53.7,52.8,53.4,49.5,51.5,51.1,51.9
422096,長崎県対馬市,,68.9,69.9,71.4,70.3,71.1,72.8,74.8,76.5
422100,長崎県壱岐市,,81.4,77.6,74.5,64.2,64.6,65.4,64.7,65.7
422118,長崎県五島市,,68,63.9,64.2,60.9,61.1,62.1,60.2,51.6
422126,長崎県西海市,,78.8,76.2,76.3,77.9,76.6,77.3,78.3,80.1
422134,長崎県雲仙市,82.6,,,,,83,84.5,85.9,86.4
422142,長崎県南島原市,69.9,70.6,70.5,70.7,72.3,63.8,63.6,65,66.5
423076,長崎県長与町,69.1,70.5,72.2,73.8,72.8,74,75.8,77.1,78.7
423084,長崎県時津町,,73.2,75.5,71.3,72,72.9,72.3,73.9,79.9
423211,長崎県東彼杵町,69.5,69.8,71.6,72.8,74.6,76.4,74.9,71.9,72.6
423220,長崎県川棚町,88.8,89.7,91.1,92.4,,81.7,82.7,83,87.3
423238,長崎県波佐見町,64.9,66.9,69,66.8,70.7,72.8,74.6,75.6,77.3
423831,長崎県小値賀町,32.3,35.1,37.9,40.7,38,41,43.3,49.1,49.1
423912,長崎県佐々町,,71,59.6,61.2,59.9,61,62.7,64.1,65.4
424111,長崎県新上五島町,,52.2,53.7,55.3,57.2,57.8,57.9,59.3,61
431001,熊本県熊本市,66.9,67.1,68.8,68.6,70.1,71,72.1,73,73.4
432024,熊本県八代市,,57.3,59.3,61,58.3,60.2,64.5,66.5,68.7
432032,熊本県人吉市,73.2,73,74.1,76,77.9,79.9,81.7,83.1,84.6
432041,熊本県荒尾市,60.8,59.3,61.6,63.3,64,67.1,69.5,69.3,70.8
432059,熊本県水俣市,75.8,79.4,77.1,78.2,74.1,74.8,75.9,75.6,79.3
432067,熊本県玉名市,65.1,62.4,49.1,51.8,53.3,54.4,54.6,55.8,57.5
432083,熊本県山鹿市,64.5,66.1,68,69.2,69.4,54.9,56.6,52.8,50.7
432105,熊本県菊池市,,68.7,63.6,65,67.9,71.2,73.2,74.8,76.6
432113,熊本県宇土市,51.1,53.4,53.4,54.3,56.2,55.7,56.7,59,61.3
432121,熊本県上天草市,,75,76.4,77.6,76,76.9,74.2,73.9,74.2
432130,熊本県宇城市,52.3,54.2,53.8,54.7,55.2,53.4,52.8,54.1,55.6
432148,熊本県阿蘇市,40.6,54.1,54.2,38.6,37.8,39.4,41.6,43.6,43.6
432156,熊本県天草市,,55.1,51,53.3,55.4,57.6,59.6,58.5,60.4
432164,熊本県合志市,51.9,52.9,53.6,54.5,55.7,37.3,39.7,41.1,42
433489,熊本県美里町,51.4,51,53.1,55.3,54.3,56.7,59,61.4,63.5
433641,熊本県玉東町,77.7,77,77.9,87.8,80.7,74.4,84.1,85.2,86.2
433675,熊本県南関町,65.6,68.4,68.4,70.4,71.4,72,72.8,74.4,75.7
433683,熊本県長洲町,58.9,56,63.5,65.5,66.6,68.5,70.5,72.5,70.1
433691,熊本県和水町,59.6,63.8,63.5,64.3,50.1,44.7,42.9,45.8,47
434035,熊本県大津町,45.7,47.8,49.8,50.2,52,50.5,48.6,50.9,52.9
434043,熊本県菊陽町,,37.5,38.7,39.4,39.6,40.3,40.6,42.5,43.6
434230,熊本県南小国町,63.4,65.4,67.3,69.1,68.5,69.3,69.3,71,64.1
434248,熊本県小国町,,79.4,81.7,83.8,80.9,81.7,83.3,84.9,86.2
434256,熊本県産山村,48.9,46.2,48.5,41,42.2,44.5,47.3,50,51.8
434281,熊本県高森町,58,57.3,59.5,61.7,62.6,62.3,64.8,66.8,67.7
434329,熊本県西原村,57.8,59.8,62,64,62.8,62.4,64.5,52.8,54.1
434337,熊本県南阿蘇村,,67.9,69.6,71.3,70.6,66,60.7,62.5,63.6
434418,熊本県御船町,56,55.7,51.4,53.3,55.3,56.4,57.1,57.3,55.8
434426,熊本県嘉島町,69.6,71.8,74,75.8,76.7,75.2,66.4,61.3,61.4
434434,熊本県益城町,,51.5,54,51.9,51.4,35.9,36.9,38,38.9
434442,熊本県甲佐町,27.2,69,32.2,34.4,36.6,38.6,40.3,42.4,44
434477,熊本県山都町,72.5,74.7,76.5,77.7,79.1,78.8,79,79.6,81.5
434680,熊本県氷川町,76.9,81.1,78.5,78.8,73.9,75.9,77.3,79,80.3
434825,熊本県芦北町,,71.3,73.5,69.7,72.3,79,81.2,81.4,81.2
434841,熊本県津奈木町,77,78.8,79.8,81.1,77.6,75.2,76.5,76.3,77.9
435015,熊本県錦町,51.4,51.7,53.8,55.9,57.8,59.4,61.3,62.2,64.4
435058,熊本県多良木町,58.7,55.7,59.1,61,62.7,64.5,66,62.2,38.4
435066,熊本県湯前町,72.8,75.3,77.8,80.1,78.9,75.5,72.2,74.4,74.8
435074,熊本県水上村,59,60.2,60.9,62.9,62.6,61.7,63.4,65,55.5
435104,熊本県相良村,66,64.6,66.3,68.2,70.6,72.4,74.3,76.8,79.3
435112,熊本県五木村,,52.2,56.8,61.4,65.1,69.4,73.5,78.2,82.2
435121,熊本県山江村,58.6,64,66.5,66.1,68.9,71.1,79.6,70.5,
435139,熊本県球磨村,27.5,41,44.9,47.1,50.6,50.1,49.8,47.7,53
435147,熊本県あさぎり町,73.1,72.6,70,66.7,68,68.3,69.8,69.4,70.8
435317,熊本県苓北町,,,,50.7,52.4,55,57.5,59.9,62.4
442011,大分県大分市,65.7,63.5,64.2,57.7,57.7,58.5,58.7,60.3,61
442020,大分県別府市,77.8,,76.3,76.7,76.5,65,65.8,66.4,65.9
442038,大分県中津市,59.2,59.3,59.6,60.9,61.4,61.5,61.6,62.5,62.7
442046,大分県日田市,,44.8,46.6,48.6,51.1,52,53.9,56,57.3
442054,大分県佐伯市,54.4,52,56.8,52.9,55.1,56.8,58.7,60.9,63
442062,大分県臼杵市,60.4,60.6,61.6,63.7,64.3,65.6,67.7,69.9,71.4
442071,大分県津久見市,56,53.5,59.4,60.4,61,62.5,64.3,66.1,56.5
442089,大分県竹田市,60.8,62.7,67.5,67.1,66.6,67.9,69.4,71.5,73.2
442097,大分県豊後高田市,59.2,58.6,61.9,64,65.6,67,68.3,69.3,70.7
442101,大分県杵築市,56.8,58,59.6,59.4,45.6,31.7,34.1,40.7,43.1
442119,大分県宇佐市,44,46.1,46,47.6,49.2,54.5,56.2,58.3,59.1
442127,大分県豊後大野市,43.4,45.5,46.9,46.3,48.8,50.8,52.8,54.8,51.7
442135,大分県由布市,49.8,51.3,48.5,50.8,52.1,50.9,55.8,57.5,58.4
442143,大分県国東市,59,60,60.4,60.4,58.4,55.6,56.1,57,55.2
443221,大分県姫島村,49.9,52.9,59.8,62.5,63.8,67,69.9,73,75.8
443417,大分県日出町,67.1,60.4,60.3,61,62.5,64.9,69.4,71.3,73
444618,大分県九重町,50.1,51.9,50.1,55.2,56.7,57.5,56,55.3,57.1
444626,大分県玖珠町,69.3,71.6,73.2,74.6,71.9,73.3,72.3,73,75
452017,宮崎県宮崎市,73.9,75.2,75.6,76.1,75.7,74.5,75.3,75.7,75.7
452025,宮崎県都城市,52.8,54.5,56.5,58,58.7,58.8,60.7,62,62.7
452033,宮崎県延岡市,64.4,64.7,63.2,64,63.1,63.3,63.8,64.4,64.4
452041,宮崎県日南市,,79.7,81.2,82.8,84.3,85.5,87,88.1,89.2
452050,宮崎県小林市,,19.1,58.9,61,62.1,63.5,64.8,66.6,68.2
452068,宮崎県日向市,,74.4,76.4,76,74.3,76.5,72.5,74.4,76.6
452076,宮崎県串間市,67.3,63.7,65.5,67,68,70.6,72.2,73.8,75.2
452084,宮崎県西都市,70.6,72.2,71.7,73,74.3,74.9,76,77.1,78.1
452092,宮崎県えびの市,,69.7,71.5,73.5,71.7,75.1,76.7,78.1,79.5
453412,宮崎県三股町,,65.9,67.3,69,65.9,66.2,67.3,68.8,69.8
453617,宮崎県高原町,,59.7,60.6,62.4,64.1,65.7,67.2,68.4,69.8
453820,宮崎県国富町,81.2,78.2,79.8,81.4,78.6,74.2,69.5,71.4,72.8
453838,宮崎県綾町,,57.8,61.2,63.6,66.4,67.9,69.8,71.8,73.6
454010,宮崎県高鍋町,91.6,91.3,91.8,91.2,88.9,89.1,89.9,88.8,85
454028,宮崎県新富町,,60.3,53,54.7,56.4,51.4,52.3,52.9,49.4
454036,宮崎県西米良村,,83.3,85.2,86.8,88.3,82.3,83.9,85.6,87.3
454044,宮崎県木城町,59,61.1,63.1,64.4,66.5,68.2,70.3,19.7,12.2
454052,宮崎県川南町,68.5,75.3,76.3,78.1,76.1,77.2,79,79.5,79.9
454061,宮崎県都農町,66.8,67.1,68.9,69.8,66.8,67.3,66.6,67.1,67.9
454214,宮崎県門川町,58.3,62.5,64,65.8,64.8,66.1,67.9,69.3,71.3
454290,宮崎県諸塚村,,80.8,81.4,81.8,81.2,82.3,83,84.3,85.4
454303,宮崎県椎葉村,59.5,61.5,62.4,64.8,62.8,62.7,64.9,66.9,67.9
454311,宮崎県美郷町,89.6,89.1,87.3,94.1,94.6,72.6,73.6,74.6,76.3
454419,宮崎県高千穂町,54.9,46.9,48.8,46.3,48.2,50.4,52.7,54.8,56.9
454427,宮崎県日之影町,75,78.3,79.2,80.5,81.9,83,84,85.3,82.7
454435,宮崎県五ケ瀬町,69.4,70.8,72,74.2,74,74.9,76.7,79,81.2
462012,鹿児島県鹿児島市,65.5,66.7,68.8,70,70.6,68.5,69.6,69.3,69.7
462039,鹿児島県鹿屋市,,54.4,58.5,57.5,59.4,59.1,60.9,62.7,64.4
462047,鹿児島県枕崎市,72.3,73.9,75.3,76.5,76.3,76.2,76.7,76.3,75.4
462063,鹿児島県阿久根市,,,77.9,77.9,76.7,76.3,78,79.7,81
462080,鹿児島県出水市,73.2,74.6,72.4,73.2,70.3,70,71.7,73.1,73
462101,鹿児島県指宿市,,69.6,71.3,73,74.5,75.6,76.8,78,78.3
462136,鹿児島県西之表市,76.5,75.1,76.3,77.3,77.8,75.1,75.6,76.9,78.3
462144,鹿児島県垂水市,89.6,90.6,90.5,88.3,88.4,87.3,87.9,87.8,87.1
462152,鹿児島県薩摩川内市,58.3,60.2,63.3,57.3,59.2,61.9,62.9,65.5,63
462161,鹿児島県日置市,67,63.3,64.6,63.3,62.8,60.8,62.8,64.9,66.7
462179,鹿児島県曽於市,58.2,61.5,63,64.4,62.3,61.5,55.9,55.1,56.9
462187,鹿児島県霧島市,63.1,64.8,61.3,63.2,61.4,61.4,61.6,61.5,61.6
462195,鹿児島県いちき串木野市,,39.3,70,71.7,72.5,75,76.6,78.1,79.6
462209,鹿児島県南さつま市,,71.1,71.9,69.9,69.9,69.1,70.1,63.4,65.7
462217,鹿児島県志布志市,72.9,72.6,71.7,70.4,68.3,68,67.3,67.4,68.1
462225,鹿児島県奄美市,,56.9,58.9,58.9,59.3,58.6,58.9,58.9,60.5
462233,鹿児島県南九州市,68.7,68.7,70.4,72.1,70.4,65.5,72.4,72.9,73.1
462241,鹿児島県伊佐市,64.9,,67,68.7,66.6,69.2,70.2,73.4,
462250,鹿児島県姶良市,74.1,75.4,76.8,77.9,73,73.6,75.1,76.2,80.1
463035,鹿児島県三島村,93.7,95.4,82.9,83.4,68.4,69.6,70.5,71.7,72.9
463043,鹿児島県十島村,,53.2,53.2,53.8,51.9,52.1,51,50.4,49.7
463922,鹿児島県さつま町,,,72.3,71.1,71.1,71.2,63.1,62.9,63.8
464040,鹿児島県長島町,,72.5,74,75.7,70.3,71.3,73.3,75.4,77.1
464520,鹿児島県湧水町,,66.6,69.6,71,69.8,67.9,69.4,70.1,71.5
464686,鹿児島県大崎町,79.3,79.9,76.4,66.6,68.1,64.8,66.6,67.9,67.3
464821,鹿児島県東串良町,,91.4,91,92.4,,92.1,90.1,90.5,86.8
464902,鹿児島県錦江町,75.6,83.5,78.3,79.8,81.2,77.4,84.6,80.9,85.1
464911,鹿児島県南大隅町,,56.2,58.2,60,58.3,60.7,63.1,65.3,66.6
464929,鹿児島県肝付町,69.2,71,72.1,71.1,69.6,68.2,69.4,70.5,71.6
465011,鹿児島県中種子町,57.5,59.3,61.2,63,62.8,63.8,64.7,65.6,66.9
465020,鹿児島県南種子町,,58.5,61,63.4,56.8,59,61.1,63.8,65.5
465054,鹿児島県屋久島町,,75,76.2,77.9,71.6,73.7,74.2,76.7,78.1
465232,鹿児島県大和村,,59.5,56,62.8,65.3,66,68.2,67.6,69.7
465241,鹿児島県宇検村,86.5,53.6,55.2,57.1,56.7,60.8,62.6,64.2,66
465259,鹿児島県瀬戸内町,66.6,69.4,69.2,68.3,70.1,71.8,71.2,62.8,57.6
465275,鹿児島県龍郷町,63.4,65.2,66.8,68.5,61.1,58.6,57.2,57.6,58.1
465291,鹿児島県喜界町,50.6,40.8,44.2,50.7,52.7,55,53.8,55.4,57.8
465305,鹿児島県徳之島町,54,55.7,59.2,59.8,61.3,61.4,63.6,65.6,67.4
465313,鹿児島県天城町,,43.8,44.3,46.3,45.3,47.5,50.1,51,52.9
465321,鹿児島県伊仙町,,49.6,51.8,53.6,54.6,55.1,56.9,58.6,54
465330,鹿児島県和泊町,41.2,51.1,59.4,61.2,59.8,61.4,62.8,64.2,65.9
465348,鹿児島県知名町,38.2,35.5,36,38.2,34.7,35.1,37.4,39.7,41.7
465356,鹿児島県与論町,58,60.5,62.1,63.7,64.9,66.4,66.2,67.8,69.4
472018,沖縄県那覇市,,47.1,46.2,43.8,43.6,42.1,41.4,42.3,41.6
472051,沖縄県宜野湾市,36.5,45.9,47,49.5,46.5,48.5,49.9,46.4,49.6
472077,沖縄県石垣市,56.6,51,53.5,54.6,55.6,57.1,53,54.4,56.5
472085,沖縄県浦添市,,33.1,34.7,33.4,37.4,39.6,41.3,40.7,42.8
472093,沖縄県名護市,,28.1,29.7,28.5,29.9,32.2,33.9,35.8,38
472107,沖縄県糸満市,39.6,,43.1,42,43.1,43.2,44.9,47.3,49.7
472115,沖縄県沖縄市,,,,,,36.3,36.7,38.8,41.3
472123,沖縄県豊見城市,37.5,37.1,34.9,34.5,33,32.6,33.3,35.7,32
472131,沖縄県うるま市,41,40.7,43.2,43.9,41.1,42,42.6,43.4,45.2
472140,沖縄県宮古島市,43.1,45.8,50.6,52.9,50.1,51.5,53,55,56.8
472158,沖縄県南城市,28.3,29.6,31.4,33.4,31.3,31.2,30.4,30.3,32.1
473014,沖縄県国頭村,,49.3,56.2,57.7,59,61.5,63.7,65.1,65.4
473022,沖縄県大宜味村,,26.3,28.2,30.4,8.7,10.9,13.3,15.6,17.9
473031,沖縄県東村,25.7,37.3,39.6,42,43.9,45.8,48.6,50.8,53.2
473065,沖縄県今帰仁村,42.4,44.8,47,45.5,46.9,48.8,51.2,53.3,55.7
473081,沖縄県本部町,,36.8,39.1,38.6,39.4,28.8,29.9,31.5,33.4
473111,沖縄県恩納村,,40.3,46.5,46.2,23.2,25.2,27.4,32.2,34.7
473138,沖縄県宜野座村,33.9,29.3,31.4,45,39.5,40.6,43,45.3,47.5
473146,沖縄県金武町,53.1,49,50.6,52.8,53.4,55.4,56,58.2,48
473154,沖縄県伊江村,27.7,28.7,25,19.1,21.6,23.1,25.8,27.5,29.4
473243,沖縄県読谷村,51.1,50,52.9,54.1,56,58.4,60.7,61.1,50.4
473251,沖縄県嘉手納町,53.4,53.4,44.6,45.4,43.2,33,34.8,36.8,39.1
473260,沖縄県北谷町,41.6,37.7,40.2,43.6,41.9,43.9,46.4,48.4,51
473278,沖縄県北中城村,63.3,65.1,32.8,35,37.1,39.2,40,42.2,44.4
473286,沖縄県中城村,,47.5,48.3,50.6,58.6,57.6,60,62.1,64.3
473294,沖縄県西原町,,54.7,51.9,54.4,57.5,59.3,62.8,70.9,67.4
473481,沖縄県与那原町,,33.5,35.2,37.4,39.5,41.7,43.8,46,48.1
473502,沖縄県南風原町,46.6,49.8,50.9,52.7,53.2,55.7,59.1,61.4,63.2
473537,沖縄県渡嘉敷村,46.1,42.9,40.2,34.1,36.9,40.6,43.4,45.6,47.8
473545,沖縄県座間味村,39.5,43.4,45.1,47.5,48,50.3,52.7,46.1,48.5
473553,沖縄県粟国村,7.7,15.6,17.9,20.1,22.3,24.5,26.7,31.1,33.7
473561,沖縄県渡名喜村,37.3,40.7,45.2,47.4,49.6,51.8,63.8,65.5,67.3
473570,沖縄県南大東村,52.6,55.4,49.3,48.7,48.4,50.7,27.5,29.6,31.7
473588,沖縄県北大東村,42.3,45.2,34.6,33.3,32.4,35.1,38,40.9,43.5
473596,沖縄県伊平屋村,,56.7,55.8,61.1,35.3,36.3,36.6,38.4,41.5
473600,沖縄県伊是名村,42.1,58.3,38.4,41.1,43.8,48.9,51.5,36.1,39
473618,沖縄県久米島町,46.2,50.9,53.3,55.6,57.2,54.5,49.6,50.8,68.5
473626,沖縄県八重瀬町,33.6,35.5,37.3,32.6,33.2,34,36.7,38.8,41.3
473758,沖縄県多良間村,28.2,31.2,33.4,32,34.6,30.9,33.7,36.7,39.6
473812,沖縄県竹富町,45,39.1,40,35.4,39.8,39.4,41.3,43.6,48.1
473821,沖縄県与那国町,48,49.8,47.5,49.5,57,41.2,56.7,58.9,61
