団体コード,団体名,2016-03-31,2017-03-31,2018-03-31,2019-03-31,2020-03-31,2021-03-31,2022-03-31,2023-03-31,2024-03-31
011002,北海道札幌市,,60.4,61.4,59.5,49.8,48.1,51,49.7,55.1
012025,北海道函館市,,46.3,48.7,51,52.2,54.9,56.2,58.9,59.3
012033,北海道小樽市,,76.8,,,,85.4,83.5,86.1,88.8
012041,北海道旭川市,48,59.1,61.3,63.5,65.7,67.7,69.8,71.9,73.9
012050,北海道室蘭市,71.4,70.3,66.6,68.1,80.5,82.2,42.4,38.8,41.2
012068,北海道釧路市,,39.9,42.2,44.3,46.3,47.9,50,52.1,52.6
012076,北海道帯広市,,57.3,59.2,61.4,27.9,29.7,26,28,29.3
012084,北海道北見市,53.9,56.5,59,61.5,63.8,66,56.3,59.1,61.7
012092,北海道夕張市,,64.5,66.4,68.4,70.3,72.1,74,75.9,77.8
012106,北海道岩見沢市,,53,55.3,57.6,60,62.3,64.5,64.5,66.6
012114,北海道網走市,,42.3,48.6,51.1,53.7,56.2,56.2,60.7,61.3
012122,北海道留萌市,53,54.9,57.2,59.1,60.7,62.3,63.9,65.5,66.9
012131,北海道苫小牧市,45.9,47.2,49.5,53.2,55.4,58.5,58.2,63.4,68.6
012149,北海道稚内市,,75.9,77.3,78.9,57.1,55.4,57.7,59.9,53.1
012157,北海道美唄市,,57,58.1,60,39.1,60.9,61.6,64.8,67
012165,北海道芦別市,40.2,42.4,44.6,46.8,49,51.2,53,54.7,57
012173,北海道江別市,,68.3,67.6,69.2,69.3,71.2,73,73.5,74.8
012181,北海道赤平市,30.4,36.5,38.3,38.3,41.3,44.3,44.3,50.2,53.1
012190,北海道紋別市,87.9,87.9,90.1,94.3,96.4,97.5,67.6,75.6,69.6
012203,北海道士別市,79.1,79.6,80.7,81.9,83,84.1,85.3,86.4,86.4
012211,北海道名寄市,60.1,62.1,64.3,65.4,67,69,71.2,73.5,75.8
012220,北海道三笠市,71.9,75.1,77,78,78,79.1,80.1,80.9,99.3
012238,北海道根室市,59.4,61.6,63.8,66,68.2,70.4,72.6,74.8,74.7
012246,北海道千歳市,61.7,64.4,66.4,68.3,69.3,71.3,72,73.6,75.3
012254,北海道滝川市,,,27.1,32.1,32.5,34.9,21.4,24.3,27.2
012262,北海道砂川市,53.6,54.3,58.1,57.1,59.7,62.1,66.7,69.5,71.2
012271,北海道歌志内市,100,100,100,100,100,100,100,100,100
012289,北海道深川市,,59.9,,,,67.8,42.1,73.4,76.2
012297,北海道富良野市,,,31.2,33.3,35.3,37.3,37.3,41.2,41.2
012301,北海道登別市,41.2,43.4,45.5,47.6,49.6,51.5,52.8,54.7,55.8
012319,北海道恵庭市,67.8,73.5,75.3,77.1,78.8,79.7,82.3,83.3,85.6
012335,北海道伊達市,13.5,15.6,17.8,19.9,20.6,22.4,20.7,22.9,25
012343,北海道北広島市,,57.8,52.7,54.4,56.9,58.2,59.8,61.8,69.4
012351,北海道石狩市,55.3,51.3,53.8,56.2,58.6,61.1,63.5,65.4,68.4
012360,北海道北斗市,59.7,61.4,63.6,65.3,67.9,70.2,72.6,74.9,77.1
013030,北海道当別町,,71.9,73.5,74.2,74.8,75.2,76.7,74.9,76.7
013048,北海道新篠津村,67.1,60,62.1,27.1,29.2,32.5,35.7,39,42.4
013315,北海道松前町,97.3,,90.8,86,87.4,88,93.1,94.3,95.4
013323,北海道福島町,57.4,59.8,62.1,64.7,67,69.4,76.1,73.5,74.7
013331,北海道知内町,,,,,85.2,87.7,90.3,92.9,95.3
013340,北海道木古内町,50.8,54.1,57.4,60.7,58,56.6,59.3,62.1,64.5
013374,北海道七飯町,,71.7,74.3,76.2,77.7,78.7,79.8,80.9,81.9
013439,北海道鹿部町,,47.8,59.3,61.7,64.1,66.6,71.6,74,57.1
013455,北海道森町,81.9,85.7,87.6,89.6,90.7,93.4,95.3,95.3,91.7
013463,北海道八雲町,38,40.2,42.4,44.5,46.7,48.9,51.1,53.3,55.2
013471,北海道長万部町,94.6,95.2,96.1,95.2,95.9,96.5,97.1,95,95.8
013617,北海道江差町,48.9,56.7,,,,44,71.1,69.4,70.8
013625,北海道上ノ国町,91.6,,17.4,19.6,14,17.7,21.3,24.9,28.4
013633,北海道厚沢部町,55.7,54,54,58.8,61.5,64.3,67.1,69.9,72.7
013641,北海道乙部町,82.4,82.5,84.7,85.6,83.5,85.9,88.2,90.6,92.7
013676,北海道奥尻町,,,,,,,,98.8,98.8
013706,北海道今金町,100,100,82.6,1.2,2.1,6.6,9.4,12.6,15.6
013714,北海道せたな町,,79.3,83,85.5,50.9,53.8,56.8,59.7,62.2
013919,北海道島牧村,,66.9,69.4,75.5,77.7,79.9,82.1,84.3,84.3
013927,北海道寿都町,68.4,69.3,71.3,73.5,76.2,77.2,76.7,77.8,78.9
013935,北海道黒松内町,93,10.7,,19.3,23.8,28.2,32.6,44.5,51.7
013943,北海道蘭越町,72.3,72.3,76.6,58.5,61.7,65,68.2,71.4,74.6
013951,北海道ニセコ町,60.4,68.7,71,73.2,75.3,77.5,79.2,81,82.7
013960,北海道真狩村,,,,,,,,,
013978,北海道留寿都村,,,,,,,,,
013986,北海道喜茂別町,,92.1,93,92.9,93.4,93.8,44.1,50.9,57.7
013994,北海道京極町,71,49.1,51.7,54.2,56.8,59.3,61.8,64.4,66.9
014001,北海道倶知安町,60.2,61.6,,85.8,67.3,67.8,69.8,71.8,72.8
014010,北海道共和町,75.7,,,72.5,74.9,77.3,79.8,82.2,84.3
014028,北海道岩内町,57.1,,,78.5,78.4,80.8,83,84.4,85.2
014036,北海道泊村,,37.5,39.6,38.9,41,43,45.1,47.2,49.3
014044,北海道神恵内村,,,,,,,,,
014052,北海道積丹町,,,49.1,52.4,55.7,59.1,62.4,65.7,69
014061,北海道古平町,41.2,43.5,45.9,48.2,,53,53.9,57,59.2
014079,北海道仁木町,,76.1,76.1,78.3,80.5,82.7,84.8,86.7,88.9
014087,北海道余市町,75.7,,81.2,83.2,85.3,87.3,89.3,91.3,93.3
014095,北海道赤井川村,,77.5,78.3,73,75.9,78.7,76.7,79.7,81.8
014231,北海道南幌町,,37.7,42.1,45,46.6,49.4,52.4,53.9,52.4
014249,北海道奈井江町,54.8,,,59.7,62.1,64.4,59.6,55.8,60.4
014257,北海道上砂川町,78.2,82.7,84.9,87.2,89.4,91.7,93.9,96.2,98.4
014273,北海道由仁町,65.4,67.7,70,,75.3,76.4,77.2,78.9,80.2
014281,北海道長沼町,64,64,,44.5,48.5,52.5,56.1,60.1,64
014290,北海道栗山町,73.8,76.1,77.9,79.8,81.6,82.1,84.4,86.6,88.7
014303,北海道月形町,,76.4,78.6,81.7,83.4,85.2,86.5,87.6,87.7
014311,北海道浦臼町,,,,53.6,56,53.5,55.7,58.3,61
014320,北海道新十津川町,61.6,67.3,68.1,70.3,72.7,74.9,76.3,78.4,80.3
014338,北海道妹背牛町,51.1,53.1,55.4,57.5,59.7,61.9,63.5,65.8,68
014346,北海道秩父別町,,71.8,74.3,77.3,76.9,78.3,78.2,80,81.9
014362,北海道雨竜町,,78.2,78.7,,,,,90.5,92.7
014371,北海道北竜町,,71.9,75,78.1,81.2,84.3,87.4,88.9,89.7
014389,北海道沼田町,92.2,93.5,93.5,94.1,94.7,94.1,95.8,96.4,92.9
014524,北海道鷹栖町,53.6,55,57.2,54.5,57.1,59.7,59.9,62.6,65.3
014532,北海道東神楽町,50.5,48.9,,49.9,52.6,66.2,56,58.8,59.4
014541,北海道当麻町,77.6,80.1,82.2,76.8,70,80.6,83.6,85.6,87.1
014559,北海道比布町,,80.1,61.6,63.8,70,63.1,64.5,61.5,64.7
014567,北海道愛別町,57.7,57.2,61.5,57.2,60.1,63,65.9,68.7,71.6
014575,北海道上川町,58,58.5,,62.8,64.4,66,67.9,67.6,70.8
014583,北海道東川町,,,,,,,,,
014591,北海道美瑛町,78.6,99.3,99.6,30.9,100,34.8,34.9,74.4,36.5
014605,北海道上富良野町,55.9,58,59.2,60.8,62.4,61.2,63.4,65.6,67.6
014613,北海道中富良野町,,33,35.2,37.4,39.6,41.8,44,44.2,42.6
014621,北海道南富良野町,82.2,100,100,100,100,100,100,100,100
014630,北海道占冠村,,,,,100,100,100,100,100
014648,北海道和寒町,73.4,82.2,85,87.1,89.3,91.6,93.4,94.5,96.8
014656,北海道剣淵町,66.7,68.9,68.5,71,73.4,75.9,78.3,80.7,83.2
014681,北海道下川町,,,86.4,84.4,70,71.8,74.1,75.5,74.9
014699,北海道美深町,,84.1,86,87.9,89.8,91.6,91.6,95.4,97.3
014702,北海道音威子府村,,,74.8,77,79.2,81.4,83.6,85.8,88
014711,北海道中川町,29.5,64.4,66.6,66.9,69.4,71.8,74.3,76.5,78.7
014729,北海道幌加内町,,70.3,72.9,74.2,10.7,14.3,18,21.6,25.3
014818,北海道増毛町,,89.3,91,83.9,85.7,85.2,87.1,88.9,86
014826,北海道小平町,,100,36.2,43,97.7,95.9,96.2,94.3,96.8
014834,北海道苫前町,,61.3,62.9,64.9,66.2,67.2,64.7,66.1,61.2
014842,北海道羽幌町,,,,62.5,64.2,66,66.1,60.1,62.2
014851,北海道初山別村,88.4,90.1,91.8,91.8,91.9,94.2,95.2,96.2,97.3
014869,北海道遠別町,75.7,90.2,79.8,81.8,89.8,85.8,87.8,89.8,80.1
014877,北海道天塩町,,90.2,85.7,87.7,89.8,89.8,93.3,77.6,77.6
015113,北海道猿払村,100,77,78.1,79,66.8,100,99.2,100,98.7
015121,北海道浜頓別町,,57.2,,,,,,,
015130,北海道中頓別町,,96.5,84.8,87.1,89.1,91.1,93.1,95.1,94.2
015148,北海道枝幸町,,69.4,71.9,73.8,75.4,78.8,81.1,83.1,85.6
015164,北海道豊富町,87.9,87.9,90.1,,,94.8,94.8,96,96
015172,北海道礼文町,36,38,39.9,41.9,44,46,48,50,51.8
015181,北海道利尻町,44.4,48.8,51,53.2,55.4,57.6,59.6,61.7,61.1
015199,北海道利尻富士町,,,,,,,,98.3,99.7
015202,北海道幌延町,66.8,69.3,71.5,74.1,77,79.5,77.7,80.3,
015431,北海道美幌町,,81.6,83.4,85.1,86.8,31.7,34,36.3,38.5
015440,北海道津別町,50,52.3,50.3,52.9,54.5,56.7,56.7,71.2,72.7
015458,北海道斜里町,94.8,72.2,74.3,74,82.2,76.1,87.2,89.2,75.5
015466,北海道清里町,,33.2,,,63.8,66.2,31.8,72.7,72.4
015474,北海道小清水町,,45,47.4,44.5,47.4,50.2,53,54.8,57.5
015491,北海道訓子府町,100,76.7,50.6,8.9,11.1,13.3,15.2,17.5,19.8
015504,北海道置戸町,74.7,55.8,58.8,60.9,,61.8,64.3,65.4,66.6
015521,北海道佐呂間町,54.4,54.5,56.7,58.8,60.7,62.6,63.8,65.7,66.7
015555,北海道遠軽町,,69,,74.5,76.2,77.8,79.4,80.9,81.8
015598,北海道湧別町,100,81.5,77.9,80.3,86.3,91,93,94.7,96.1
015601,北海道滝上町,91.6,30,34.2,41.6,68.5,73.6,97.5,99.1,99.7
015610,北海道興部町,,78.4,83.2,84.6,85.6,85.2,86.2,90.7,92.4
015628,北海道西興部村,72.8,75.5,78.2,80.9,83.5,86.2,88.9,91.6,94.3
015636,北海道雄武町,,100,100,100,100,100,100,100,100
015644,北海道大空町,56.3,62.2,69.5,71,72.9,74.8,73.2,73.6,75.8
015717,北海道豊浦町,62,65.7,67.1,68.5,69.9,71.1,72.5,73.7,66
015750,北海道壮瞥町,77.5,,,,,,,,
015784,北海道白老町,74,75.4,77.1,79.2,80.2,75.5,81.4,83,100
015814,北海道厚真町,57.1,59,60.9,62.7,64.6,66.5,65.8,67.9,68.5
015849,北海道洞爺湖町,,51.6,45.4,58.7,62.1,65.8,69.3,72.6,79.5
015857,北海道安平町,70.7,48.6,,57.4,59.5,61,63.2,63.7,65.8
015865,北海道むかわ町,,,,,,,95,97.2,98.4
016012,北海道日高町,,74.9,76.4,78.4,80.5,84.9,86.2,88,98.5
016021,北海道平取町,91.2,76.2,87.6,89.2,90.8,73.5,92.2,94.5,95.5
016047,北海道新冠町,100,100,100,100,100,90.1,91.8,95.9,96.9
016071,北海道浦河町,,97.3,97.9,98.7,98.7,99,98.8,98.9,99.1
016080,北海道様似町,,94.3,92.2,93.3,94.4,95.4,95.7,97,97.6
016098,北海道えりも町,,93.3,94.4,95.5,96.6,48,50,52.1,53.7
016101,北海道新ひだか町,,,,65,66.8,68.6,70,71.8,73.5
016314,北海道音更町,,46.9,47.5,49.8,52,54.3,55.5,57.7,60.1
016322,北海道士幌町,,57.1,60.4,63.6,66.8,,73,91.7,94.7
016331,北海道上士幌町,,100,90.2,92.4,94.6,98.6,95.9,100,100
016349,北海道鹿追町,,59.8,,64.3,66.6,69,71.3,73.6,76.1
016357,北海道新得町,,57.5,59.4,61.3,63,64.9,72,74.1,73.7
016365,北海道清水町,,83.5,80.6,83.4,85.7,87.3,88.8,89,83.1
016373,北海道芽室町,55.3,57.6,59.8,62,88,89.4,90.8,74.6,66
016381,北海道中札内村,,70.2,40,43,46,48.5,51.1,53.6,56.2
016390,北海道更別村,,66.1,55.9,57.7,69,71.1,73.3,74.7,76.2
016411,北海道大樹町,95.7,97.5,,,91.2,96.1,85.6,27.4,29.9
016420,北海道広尾町,,73.5,81.3,93.8,88.4,90.3,92.2,82.2,85.7
016438,北海道幕別町,,60.1,61.9,63.6,60.8,64.5,66.4,64.2,69.9
016446,北海道池田町,85,76.1,76.8,79.8,81.9,84.6,87.6,90.6,90.8
016454,北海道豊頃町,57.7,62.4,64.7,71.4,72.3,71.8,76.8,76.4,78.6
016462,北海道本別町,,86.8,89.1,89.8,,91,91.7,91.7,93
016471,北海道足寄町,,54,56.2,58.4,52.7,54.3,56.2,56.7,59.3
016489,北海道陸別町,100,100,100,100,100,100,100,100,100
016497,北海道浦幌町,,,56.6,59,61.3,63.7,66.1,68.4,70.8
016616,北海道釧路町,,,,,,54.3,60.3,62.6,65
016624,北海道厚岸町,,61.4,56.3,57.6,59.6,61.6,61.3,64.2,64.2
016632,北海道浜中町,63.6,87,67.9,70,61.8,66.3,71,79.9,77.8
016641,北海道標茶町,,,62,64.1,66,71.6,69.8,71.7,73.6
016659,北海道弟子屈町,,78.5,80.2,81.2,80.9,81.9,83.9,86.7,79.2
016675,北海道鶴居村,,78.4,79.6,81.1,74.6,55.4,19.7,21.2,21.7
016683,北海道白糠町,,79.4,39.4,85.8,88,43,71.7,73.8,53.9
016918,北海道別海町,58,60.4,58.5,55.2,57.6,60.1,62.3,64.7,67
016926,北海道中標津町,,15.5,14.2,17.3,20.5,23.6,26.7,29.8,32.9
016934,北海道標津町,86,87.7,89.5,91.1,92.4,93.5,94.6,94.7,95.5
016942,北海道羅臼町,86.9,87.8,88.7,89.6,90.5,57.8,39.3,41.4,43.6
022012,青森県青森市,,56.8,58,60,62,61.7,66.5,68.1,38.5
022021,青森県弘前市,,60.8,62.9,64.2,65.8,67.8,69.8,71.5,72.5
022039,青森県八戸市,,66.5,68.2,69.7,71.7,73.2,74.9,76.6,78.3
022047,青森県黒石市,47.5,49.5,51.7,51.8,56,58.2,60.4,62.5,64.6
022055,青森県五所川原市,,85.8,82.4,80.8,80,78.7,80.6,82.5,85.1
022063,青森県十和田市,58.5,61.1,62.9,66.6,65.2,61.6,46.7,49.2,51.7
022071,青森県三沢市,,84.8,24.6,26.8,30.3,30.1,32.2,34.1,37.3
022080,青森県むつ市,,28.4,26.5,31.6,32.9,18.4,20.6,22.8,28
022098,青森県つがる市,85.4,87.3,89.3,91.1,92.8,83.4,55.2,26,27.5
022101,青森県平川市,,66.9,48.7,,,30.6,35.5,29.9,31.9
023019,青森県平内町,,90.9,74.8,77.6,79,80.4,80.4,81.6,82.7
023035,青森県今別町,,58.6,4.1,4.4,11.1,7.3,10.2,13.7,16.7
023043,青森県蓬田村,66,68.2,70.2,72.4,73.3,75.5,77.7,79.9,74.2
023078,青森県外ヶ浜町,,78.7,79.2,81.4,83.6,85.8,88,90.2,92.4
023213,青森県鰺ケ沢町,41.2,71.1,73.6,,,85.8,78.1,81.1,82.1
023230,青森県深浦町,93.2,95.4,81.9,82.8,69.8,71.5,73.2,74.9,73.2
023434,青森県西目屋村,,,,,,,,,
023612,青森県藤崎町,46.2,55,56.8,58.6,62.3,63.9,65.4,64.3,66.4
023621,青森県大鰐町,,95.2,98.6,100,100,100,100,100,100
023671,青森県田舎館村,60.5,62.8,,65,67.9,70.2,72.3,,
023817,青森県板柳町,100,100,100,100,100,100,100,100,100
023841,青森県鶴田町,98.9,94.3,94.7,96.9,97.3,97.8,98.4,98.5,98.6
023876,青森県中泊町,,90.9,,,,81,99.7,97.2,
024015,青森県野辺地町,62.7,63.4,64.9,65.4,67.6,69,69.8,67.9,75
024023,青森県七戸町,66.5,66,71.8,73.1,74.3,75.7,76.8,77.6,46.4
024058,青森県六戸町,72.5,74,76.2,57.7,59.5,61.6,64.3,66.2,68.7
024066,青森県横浜町,63.8,67.8,61.2,63.4,65.6,64.9,67.1,69.3,63.3
024082,青森県東北町,,69.8,72,85.8,87.5,89.3,91.1,92.8,94.6
024112,青森県六ケ所村,,42.2,45.1,47.6,49.6,52.1,48.9,55.1,58.1
024121,青森県おいらせ町,67.7,72.1,60.7,63.2,65.6,68,69.3,70.9,
024236,青森県大間町,,100,100,100,100,100,100,100,99.7
024244,青森県東通村,49.4,51.5,53.6,55.7,57.9,60,61,63.1,65.2
024252,青森県風間浦村,,,,,,,,,
024261,青森県佐井村,,,,,,,,,
024414,青森県三戸町,42.8,45.1,47.4,49.7,51.9,54.2,56.5,58.8,61
024422,青森県五戸町,45.2,44.5,46.9,50,52.4,54.9,57.3,59.7,62.1
024431,青森県田子町,95.5,86.2,88,88.4,88.8,86.4,87,100,87.4
024457,青森県南部町,78.8,81.2,82.9,84.6,,83.9,85,86.2,87.4
024465,青森県階上町,79.9,73.9,77.6,75.9,78.5,81.3,84,86.8,83.9
024503,青森県新郷村,18.8,19.1,19.3,20.1,20.3,24.1,86.3,30.9,84.6
032018,岩手県盛岡市,,35.8,38.2,39.5,42,41.3,43.9,32.3,35.3
032026,岩手県宮古市,53.3,56,57.7,60.2,62.7,63.9,66.4,67.9,70.4
032034,岩手県大船渡市,,67.8,69.3,70.8,72.3,73.1,74.8,,
032051,岩手県花巻市,53.9,55.8,57.6,59.6,61.1,61.5,61.2,63,64.8
032069,岩手県北上市,61.3,55.8,58.3,55.7,58.2,61.6,70.2,74.1,65.2
032077,岩手県久慈市,,58.2,58.2,,,52.3,53.9,55.5,57.1
032085,岩手県遠野市,95.4,,85.4,86.6,86,86.4,86.8,87.3,87.4
032093,岩手県一関市,,63.3,65.2,67.4,68.4,69.6,71.6,73.4,73.1
032107,岩手県陸前高田市,,,0,3.4,6.8,10.2,13.6,17,20.4
032115,岩手県釜石市,51.9,60.5,63.9,63.5,69.6,72.6,75.6,25.8,29.3
032131,岩手県二戸市,,65.6,67.4,68.7,70,71.5,72.9,74.4,75.9
032140,岩手県八幡平市,,59,61.1,63.3,65.5,67.4,67.3,70.1,70.9
032158,岩手県奥州市,,55.1,57.1,58.8,60.5,60.9,62.9,64.8,66
032166,岩手県滝沢市,56.6,60.1,62.8,64.9,67,68.9,67.2,69.1,71.1
033014,岩手県雫石町,,66,68.6,71.1,72.7,72.2,74.9,75.9,78.5
033022,岩手県葛巻町,81.4,83.6,86.9,88.9,91,93,95,97.1,66.3
033031,岩手県岩手町,37.5,50.8,54.4,57.8,60.9,63.1,65.3,69.4,71.2
033219,岩手県紫波町,,66.5,68.6,71.5,73.6,75.7,77.3,78.4,80.5
033227,岩手県矢巾町,,70,72.3,74.5,89.8,84.8,87,89.2,91.3
033669,岩手県西和賀町,,70,72.3,74.6,76.9,79,81,83,85.1
033812,岩手県金ケ崎町,,94,73.1,65.7,66.9,66.4,61.5,62.8,61.7
034029,岩手県平泉町,,33.6,37.5,41.5,45.4,49.3,53.2,57.2,52.4
034410,岩手県住田町,,57.8,60.4,63,65.5,68.1,70.5,73.1,74.7
034614,岩手県大槌町,,,,,,,,77.1,79.1
034827,岩手県山田町,,83,85.2,89.9,91.8,93.4,94.9,77.3,97.3
034835,岩手県岩泉町,53.5,54.5,,59.7,62.2,64.6,68.9,69.7,72
034843,岩手県田野畑村,68.2,68.2,70.4,72.6,74.8,77,79.2,81.4,83.6
034851,岩手県普代村,,70.4,72.5,74.3,76.1,77.9,79.7,81.5,
035017,岩手県軽米町,84.2,85.3,76.4,71.7,74.2,76.8,79.3,79.8,82.2
035033,岩手県野田村,73.3,74.7,76,77.4,69.3,70.5,72.4,73.5,75.4
035068,岩手県九戸村,,81.7,84.6,87.6,90.1,93,72.7,75.9,78.4
035076,岩手県洋野町,,79.6,81.1,82.4,83.4,84.3,85.2,85.9,86.8
035246,岩手県一戸町,,82.7,84.9,87.1,89.3,91.5,91.5,98.1,98.1
041009,宮城県仙台市,,45.9,47.8,49.1,50.5,51.6,52.9,53.4,50.5
042021,宮城県石巻市,,47.5,49.8,57.5,61.4,63.4,65.4,56.1,57.8
042030,宮城県塩竈市,,64.4,65,63.4,62.3,67.5,69.8,72.3,74.7
042056,宮城県気仙沼市,,,,,,54.4,56.6,58.7,60.9
042064,宮城県白石市,,62.1,64.2,66.3,68.2,67.2,65,68.5,70.7
042072,宮城県名取市,75.8,76.1,79.6,68.2,70.3,72.4,74.5,76,78.1
042081,宮城県角田市,,61.4,63.8,66.1,65.1,66,68,71.4,73.5
042099,宮城県多賀城市,,81.7,83.6,85.5,87.5,89.4,91.3,93.2,95.1
042111,宮城県岩沼市,47.7,47.7,49.9,53.2,55.4,57.5,59.7,61.9,62
042129,宮城県登米市,,61,62.3,64.7,66.8,69.1,73.5,75.8,78.1
042137,宮城県栗原市,,55.8,58,65.9,65.9,67.9,69.9,71.9,73.9
042145,宮城県東松島市,79,80.9,60.6,55.1,54.5,57.1,59.4,61.5,64.1
042153,宮城県大崎市,,,,,,71.2,72.5,74.2,73.6
042161,宮城県富谷市,53.9,56.1,58.3,60.5,62.7,64.9,67.1,69.3,73.7
043010,宮城県蔵王町,67.2,69.7,72.2,74.2,75.8,77.5,79.1,80.7,82.3
043028,宮城県七ケ宿町,100,96,97.8,50.6,99.6,100,100,100,100
043214,宮城県大河原町,45.3,47.5,49.7,51.9,54.2,56.4,58.6,60.8,63.1
043222,宮城県村田町,79.9,99.8,99.9,98.4,98.6,96.7,96.9,97.2,97.5
043231,宮城県柴田町,85.2,87.7,88.1,90.6,90.2,91.5,92.7,92.7,95.3
043249,宮城県川崎町,100,100,100,100,100,100,92.6,93.2,93.7
043419,宮城県丸森町,57.4,59.8,82.2,64.6,66.5,68.9,71.3,73.8,75.5
043613,宮城県亘理町,,73.7,75.1,75.6,76.4,95.4,91.1,91.5,91.4
043621,宮城県山元町,99.4,99.6,99.6,99.8,99.9,97.5,97.6,100,100
044016,宮城県松島町,,,34.8,37,39.2,41.4,43.6,45.8,48
044041,宮城県七ケ浜町,42.6,44.7,47.7,48.1,45.4,47.4,49.8,50.7,53.9
044067,宮城県利府町,,57.3,59.6,61.9,64.1,66.4,67.9,70,71.4
044211,宮城県大和町,50.2,53.4,56.2,59.1,61.4,64.3,64.8,65.7,68.6
044229,宮城県大郷町,47.5,49.7,51.9,54.1,56.3,58.4,60.4,64.5,66.6
044245,宮城県大衡村,69.5,,74,76.2,78.5,80.7,80.7,84.7,87.2
044440,宮城県色麻町,,,,,78.2,79.3,80.3,81.4,82.5
044458,宮城県加美町,,54.7,54.7,92.5,94.2,95.9,70.9,72.8,74.3
045012,宮城県涌谷町,80.1,93.3,94.1,94.8,86.9,86.7,88,88.4,87.9
045055,宮城県美里町,,,,82.8,85.5,88.2,90.9,92.5,93.9
045811,宮城県女川町,70.4,72.6,74.8,77,77,79.2,83.6,85.8,85.8
046060,宮城県南三陸町,,,40.2,42.3,46,48.2,50.4,52.6,54.9
052019,秋田県秋田市,62.4,63.6,64.9,68.4,70.5,68.1,69.1,70.5,71.8
052027,秋田県能代市,52.8,29.4,56.5,56.9,57.1,57.9,59.8,61.8,63.8
052035,秋田県横手市,,72.7,74.8,76.9,78.6,80.5,81.9,83.8,84.9
052043,秋田県大館市,,75.4,76.6,77.6,78,79,79.8,80.5,80.1
052060,秋田県男鹿市,42.9,,,,60.5,62.7,63,64.4,66.4
052078,秋田県湯沢市,,56.8,59,62.9,64.9,67.1,69.1,70.6,73
052094,秋田県鹿角市,,56.5,62.6,64.9,67.2,69.5,71.1,73,72.9
052108,秋田県由利本荘市,,63.1,65.5,67.2,69.5,71.4,38.6,41.1,43.6
052116,秋田県潟上市,73,74.6,76,74.5,76.2,78.4,78.6,80.8,83.4
052124,秋田県大仙市,58.1,61.2,65.6,67.9,70.2,72.7,74.7,76.6,77.4
052132,秋田県北秋田市,,50.9,,,,74,,62.7,64.5
052141,秋田県にかほ市,,57.3,59.5,61.7,63.7,65.7,70.2,72.3,67.7
052159,秋田県仙北市,,88.1,100,100,100,100,87.9,87.7,88.1
053031,秋田県小坂町,47.6,47.5,52.1,54.5,54.5,56.8,59.1,61.4,63.6
053279,秋田県上小阿仁村,,98,,,,,,,
053465,秋田県藤里町,96.3,94.4,94.7,95.1,95.4,95.2,95.6,94.7,94.8
053481,秋田県三種町,47.7,50.3,52.9,54.4,57,59.6,62.2,64.6,66.8
053490,秋田県八峰町,85.1,89.2,90.3,91.8,94.4,95.7,96.1,96,96.6
053619,秋田県五城目町,84.1,87.1,85.1,87.4,89.7,92,94.2,95.7,96.5
053635,秋田県八郎潟町,,,,,,98.4,98.8,98.1,98.2
053660,秋田県井川町,,66.6,59.7,62.4,64.3,64.3,66.4,67.9,74
053686,秋田県大潟村,77.5,82.6,83.4,85.6,87.8,90.6,93.1,94.9,96.7
054348,秋田県美郷町,55.9,57.3,58.7,60,61.4,62.8,63.6,65,66.9
054631,秋田県羽後町,91.1,93.3,95.5,97.7,99.6,99.7,97.2,97.4,97.2
054640,秋田県東成瀬村,46.4,18,26.6,29.8,32.9,50.4,52.8,55.3,57.5
062014,山形県山形市,36.9,39.1,32.7,35.3,37.2,32.7,34.6,36.5,38.3
062022,山形県米沢市,85.5,78.7,80.3,82.6,83.5,84.3,85.2,85.9,86.8
062031,山形県鶴岡市,52.7,57.5,60.2,60.2,63.8,65.7,57.1,59.3,61.5
062049,山形県酒田市,54.5,56.6,57.6,59.4,53.1,61.4,62.4,65.3,51.7
062057,山形県新庄市,43.3,45.7,48.1,50.3,52.6,54.7,48.8,61.2,63.1
062065,山形県寒河江市,,,,,,,,,90.3
062073,山形県上山市,73.6,61.5,59.9,62.2,64.5,66.2,67.7,68.6,61.2
062081,山形県村山市,,74.8,77,79.2,62.8,58.6,61,61.9,65.9
062090,山形県長井市,,58.4,56.6,65.8,67.8,69.8,71.8,73.8,75.8
062103,山形県天童市,58.7,62.2,64.3,66.3,66.7,66.6,68.7,71,70.9
062111,山形県東根市,62,58.9,61.2,63.5,65.6,67.9,70.2,71.7,73.7
062120,山形県尾花沢市,,,,,,,,,72.3
062138,山形県南陽市,45.5,47.7,49.8,51.9,54,55,54.9,56.5,58.1
063011,山形県山辺町,,70.5,72.9,75.3,77.6,80,82.1,83.3,85.7
063029,山形県中山町,,,,,,56.7,58.7,60.9,63.1
063215,山形県河北町,46.1,49.2,52.5,55.7,59,62,65.2,65.4,67.9
063223,山形県西川町,82.9,80.9,42.7,45.5,48.4,51.3,54,56.2,57.8
063231,山形県朝日町,77.6,88.8,82.7,84.1,81.7,82.3,83.6,84.4,85
063240,山形県大江町,,62.5,64.5,65.8,67.6,69.6,71.5,73.3,74.8
063410,山形県大石田町,,,,,,,,,
063614,山形県金山町,88.3,96.4,94.3,90.9,91.2,100,100,100,100
063622,山形県最上町,,91.5,92.1,92.7,93.4,94,86.3,87.5,63.7
063631,山形県舟形町,81.6,82.8,84,85.3,86.5,87.6,88.3,89.6,90.8
063649,山形県真室川町,,,,,,,,,
063657,山形県大蔵村,,,,,,,,,
063665,山形県鮭川村,33,,,,,,,,
063673,山形県戸沢村,,,,,,,,,
063819,山形県高畠町,89,90.1,91.6,93.1,94.6,83.4,84.8,86,87.2
063827,山形県川西町,,77,79.2,80.9,83.1,83.6,79.8,79.8,59.7
064017,山形県小国町,75.6,75.6,75.6,78.8,72.6,90.2,92.4,94.6,55.7
064025,山形県白鷹町,39.6,41.8,44,46.2,48.4,50.6,52.8,55,57.2
064033,山形県飯豊町,59.3,61.6,61.6,72.6,92.7,94.1,95.6,96.8,98
064262,山形県三川町,99.4,87.8,89.5,83.7,85,86,87,87.9,67.7
064289,山形県庄内町,,64.4,80,81.1,79.5,79.1,80.2,80.2,82.3
064611,山形県遊佐町,83.3,85.1,86.8,88.6,90.4,92.1,93.9,89.9,92
072010,福島県福島市,,,,44.9,51.8,53,53.5,54.8,57.8
072028,福島県会津若松市,59.2,60.8,62.1,64,63.5,65.5,67.4,69.3,71.1
072036,福島県郡山市,51.3,57.2,33.4,36.4,39.3,42.5,45.8,48.8,51.9
072044,福島県いわき市,,59.7,64.3,54.7,54.2,55.3,57.2,59.2,69.7
072052,福島県白河市,,,62.6,65.9,69,72.3,75.2,78.4,81.5
072079,福島県須賀川市,58.7,56.9,61,65,66.9,68.8,69.5,71.4,69.6
072087,福島県喜多方市,,74.9,77.3,80.2,81.8,84.5,86.8,89.6,92.2
072095,福島県相馬市,,,24.4,26.6,23.9,26.2,26.3,30.4,67
072109,福島県二本松市,,49.6,52.2,54.1,56.7,59.3,61.7,64.1,66.5
072117,福島県田村市,41.3,43.7,47.4,50.9,49.8,52.9,54.7,50.6,57.8
072125,福島県南相馬市,,,77.2,79.5,,,,,
072133,福島県伊達市,,53.6,39,42,42.9,46.4,49.6,51.1,60.5
072141,福島県本宮市,54.4,49.8,52,54.3,59.1,49.1,59,58.1,56.3
073016,福島県桑折町,,89.7,19.5,20.9,24.1,25.9,27.9,29.3,31.2
073032,福島県国見町,,,,,,69.3,72.1,72.1,74.1
073083,福島県川俣町,,51.7,53.9,55.5,57.6,59.2,61.4,63.5,63.6
073229,福島県大玉村,,,66.8,68.6,69.6,70.6,71.4,72.4,73.2
073423,福島県鏡石町,56.6,56.6,54.3,56.5,58.6,60.5,62.1,64.2,66.4
073440,福島県天栄村,,,,,,67,69.2,67.6,69.8
073644,福島県檜枝岐村,,,51.1,53.3,55.5,57.7,,,
073679,福島県只見町,,,,,,,,,
073687,福島県南会津町,,,80,82,84.5,87.6,90,92.3,
074021,福島県北塩原村,84.1,94.1,95.2,95.7,96.7,96.9,90.2,90.5,90.9
074055,福島県西会津町,,76.3,78.1,79.7,81.3,77.9,80.2,77.5,79.4
074071,福島県磐梯町,,68.2,70.4,72.6,74.8,77,79.2,80.9,83.1
074080,福島県猪苗代町,43.7,46.7,49.7,52.6,55.5,58.3,61,63.7,66.5
074217,福島県会津坂下町,,60.4,63.1,58.3,60.1,65.4,68.1,70.3,72.1
074225,福島県湯川村,,,,,,,,,
074233,福島県柳津町,,,,63.9,65.5,67.1,75.3,69.7,71.4
074446,福島県三島町,,,,,,,,,
074454,福島県金山町,,93.4,96.4,97.9,96.5,96.4,96.1,96.4,96.7
074462,福島県昭和村,100,,,,,100,93.8,95.4,86.6
074471,福島県会津美里町,,,,,,,,,
074616,福島県西郷村,,,27.3,29.8,32.3,34.8,37.1,39.3,41.8
074641,福島県泉崎村,,60.6,62.6,66.2,67.7,69.6,65.4,67.2,66.3
074659,福島県中島村,,82.8,86.3,89.2,92.5,95.8,95.9,97.5,98
074667,福島県矢吹町,,,42.6,40.9,46.2,48,49.7,51.4,53.2
074811,福島県棚倉町,25.5,86.3,88.3,90.5,92.6,94.8,96.3,97.4,97.5
074829,福島県矢祭町,,49.5,50.4,52.5,54.5,55,61.6,63.4,60.7
074837,福島県塙町,66,74.4,76.7,81.5,74.7,77,79.1,81,82.8
074845,福島県鮫川村,,,62.6,64,66.1,68.3,72.4,74.2,76.3
075019,福島県石川町,,,52.2,58.1,59.8,61.5,62.5,63.5,60.3
075027,福島県玉川村,44.8,47,48.9,50.7,74.2,46,48.2,50.3,52.6
075035,福島県平田村,80,82.1,84.2,86.3,85.8,66.4,64.9,47,85.4
075043,福島県浅川町,62.3,62.6,65.3,68,70.7,73,75.5,77.8,78.3
075051,福島県古殿町,,,17.6,18.4,24.9,29.1,33.9,36.2,41.3
075213,福島県三春町,,77.1,79.2,73.5,70,69.7,70.4,76.2,71.7
075221,福島県小野町,,36.5,39.2,42,42.9,45.3,48.6,50.8,53.1
075418,福島県広野町,27.1,51.9,55.7,59.1,61.8,67.4,73,76.8,82.4
075426,福島県楢葉町,,,100,7,9.4,5.3,7.9,10.6,13.2
075434,福島県富岡町,,77,79.2,81.4,83.6,85.8,86.8,80.6,45.1
075442,福島県川内村,,2.8,,,,15.6,18.8,22,25.2
075451,福島県大熊町,,40.6,44.9,48.6,50.8,50.8,53,53.3,55
075469,福島県双葉町,,98.4,99.9,,,,,,
075477,福島県浪江町,,,,,,,14.4,16.5,18.7
075485,福島県葛尾村,,,,66,72.6,69.5,72.6,74.8,76.3
075612,福島県新地町,,,,,,26.5,48.3,50.5,52.6
075647,福島県飯舘村,,,,,,,,,
082015,茨城県水戸市,,62.5,58.8,20.5,22.5,24.6,26.7,28.5,30.6
082023,茨城県日立市,54.1,16.6,19.7,23,26.1,29.2,31.8,35.1,38.3
082031,茨城県土浦市,0,7.5,12.6,17.8,22.9,28.1,33.1,38.3,43.4
082040,茨城県古河市,32.3,47.7,49.9,51.6,53.1,55.4,55.3,57.3,58.4
082058,茨城県石岡市,69.3,71.9,74.5,75.8,80,81.9,83.2,83.7,84.1
082074,茨城県結城市,42.7,44.7,46.8,47.6,49.7,51.5,53.6,55.7,57.8
082082,茨城県龍ケ崎市,27.5,31.5,33.2,34.6,36.9,38.3,40.8,42.7,46
082104,茨城県下妻市,58.3,75,77.2,65.1,67.3,65.5,64.3,66.8,69.4
082112,茨城県常総市,50,52.1,54.2,56.3,57.9,56.4,58.5,60.5,60.8
082121,茨城県常陸太田市,48.7,38.6,54.8,56.8,58.9,60.9,62.9,64.6,61.6
082147,茨城県高萩市,100,100,100,99.3,99.4,99.6,99.7,100,100
082155,茨城県北茨城市,60.6,67.4,69.1,70.9,72.7,74.4,76.2,78,79.8
082163,茨城県笠間市,,80.1,81.4,81.7,82,82.6,83.1,83.7,84.2
082171,茨城県取手市,56.1,58,58.7,60.9,63.3,65.6,67.3,69.1,71.1
082198,茨城県牛久市,67.3,70.1,72.9,73.6,51.4,49,51.4,53.9,72.2
082201,茨城県つくば市,73.7,74.7,76.5,71,78.9,74.7,82.5,76.9,53.6
082210,茨城県ひたちなか市,,46.3,48.6,51,52,54.4,55.4,57.2,58
082228,茨城県鹿嶋市,44.2,46.4,48.6,38.5,37.6,40.2,42.9,45.6,47.4
082236,茨城県潮来市,79.6,80.4,83.7,87,89.7,92.3,95.3,96.7,95.5
082244,茨城県守谷市,,,,,,,,,
082252,茨城県常陸大宮市,52.4,54.2,56.1,57.7,53.7,56,58.2,60.4,62.6
082261,茨城県那珂市,51.3,53.3,55.5,56.5,59.3,58.2,60.4,62.7,63
082279,茨城県筑西市,,67,56.1,55.4,57.4,57.9,74,63.2,64
082287,茨城県坂東市,,44,39.1,46.7,46.2,46.2,49,51.9,53.1
082295,茨城県稲敷市,,53.7,56,52,54.4,56.9,59.5,61.8,64.1
082309,茨城県かすみがうら市,,94,97,98.5,99.6,100,100,100,100
082317,茨城県桜川市,72.8,75.1,76.9,78.6,80.1,81.4,85.2,85.8,85.6
082325,茨城県神栖市,73.5,74.8,76.6,47.8,50.8,53.5,55.9,40.2,43.1
082333,茨城県行方市,73.5,74.6,76,77.5,78.7,80.1,81,81.2,82.6
082341,茨城県鉾田市,63,65,63.6,55.7,57.7,59.9,58.2,60.7,57.3
082350,茨城県つくばみらい市,,,64.5,67.1,69.7,72.4,75,77.6,80.3
082368,茨城県小美玉市,80.1,81.9,66,66.5,67.9,69.3,70.7,72.1,73.5
083020,茨城県茨城町,22.2,25.2,28.2,30.5,33.4,36.2,39.2,42.2,64.3
083097,茨城県大洗町,57.2,59.4,61.6,63.8,65.5,67.8,58.6,61.6,64.6
083101,茨城県城里町,77.2,79,85.8,86.7,87.6,88.4,89.3,90.1,91
083411,茨城県東海村,70.5,72.7,68,70.3,64.1,60.2,62.6,65,65.6
083640,茨城県大子町,,57.8,59.8,61.6,63.4,65.2,67,63.7,65.7
084425,茨城県美浦村,,74.1,75,76,76.9,77.9,78.8,79.7,80.7
084433,茨城県阿見町,99.6,61.6,62.9,64.2,65.4,66.7,74.8,75.8,76.8
084476,茨城県河内町,66,68.2,70.4,72.6,74.8,57.6,60,62.4,64.8
085219,茨城県八千代町,79.4,81.6,83.8,86,88,90.2,91.8,94,96.2
085421,茨城県五霞町,,,75.6,,,2.8,5,9.4,9.4
085464,茨城県境町,100,100,100,100,89.7,85.4,90.3,80.5,81.6
085642,茨城県利根町,,,,,,,,,
092011,栃木県宇都宮市,,56.5,58.3,61.5,63.2,65.8,61.3,61.8,64.8
092029,栃木県足利市,,81.2,82.7,83.4,86.5,86.5,84.9,84.6,80.9
092037,栃木県栃木市,,62.5,66.1,67.6,69.1,69.4,72.7,74.8,77.1
092045,栃木県佐野市,,62.2,67.1,69.2,65.4,74.2,73.2,71,74.6
092053,栃木県鹿沼市,52.8,53.1,56.1,63.2,65.4,65.5,67.3,68.1,69.3
092061,栃木県日光市,,63.1,57.8,60,65.2,67.4,67.9,70.2,72.5
092088,栃木県小山市,,100,100,100,100,100,3.6,5.7,7.6
092096,栃木県真岡市,84.9,82.8,85,87.9,87.9,89.9,89.2,90.7,91.8
092100,栃木県大田原市,,73.6,75.1,76.8,78.4,78.5,81.6,83.2,84.6
092118,栃木県矢板市,77.1,78.8,78.7,80.7,82.6,80.3,82.3,84.3,86.2
092134,栃木県那須塩原市,,57.2,59.4,61.7,63.2,62.7,64.3,66.2,68
092142,栃木県さくら市,55.8,57.9,72.2,74,75.7,77.4,78.7,79,80.2
092151,栃木県那須烏山市,,,,62.9,65.6,65.6,75.9,77.5,75.9
092169,栃木県下野市,,86.5,17.2,66.8,70.1,66.8,69,70.6,70.3
093017,栃木県上三川町,,,,99,99.1,46.8,48.4,50,54.5
093424,栃木県益子町,68.5,,70.2,66.3,73.3,75,76.7,78.3,80
093432,栃木県茂木町,52,52.1,54.4,56.7,59.1,61.4,54,57.2,60.1
093441,栃木県市貝町,,,39.1,96.9,98.2,99.6,100,100,100
093459,栃木県芳賀町,,,,67.1,69.9,72,75.3,76.1,79.3
093611,栃木県壬生町,96,91.5,85.4,79.6,81.9,84.2,65.2,66.4,67.7
093645,栃木県野木町,85.9,100,100,100,85.4,85.8,83.9,84.5,85.1
093840,栃木県塩谷町,,,,82.7,83.9,84.5,94.2,92.7,93.4
093866,栃木県高根沢町,,,81.6,83.6,85.5,87.5,89.4,91.4,93.3
094072,栃木県那須町,70.2,,73.5,75.5,77.2,77.7,79.8,79.4,80
094111,栃木県那珂川町,81.1,82.8,83.7,85.2,86.4,78.5,52.4,56.3,59.7
102016,群馬県前橋市,,57.7,59.9,62,63.8,66,68.1,70.3,72.4
102024,群馬県高崎市,63,21.5,23.8,26.4,27.3,31.6,33.5,35.4,38.1
102032,群馬県桐生市,58.1,61.9,,,,66.6,31.2,33.4,46
102041,群馬県伊勢崎市,,71.3,73.4,76,75.9,75.1,77.8,80.4,83
102059,群馬県太田市,63.7,65.5,67.8,70,72.3,67.7,70.1,71.6,39.3
102067,群馬県沼田市,70.3,72.3,74.2,56.8,59,43.8,61.4,56.6,58.7
102075,群馬県館林市,,78.1,79.9,81.9,83.3,85.3,87.3,87.7,89.7
102083,群馬県渋川市,72.2,74.7,77.3,79.7,72,74.4,74.3,76.9,77
102091,群馬県藤岡市,,57.7,63.7,66.1,63.6,66.4,69.2,71.9,74.7
102105,群馬県富岡市,51.1,,72.9,65.2,62.3,64.7,67.3,69.9,68.1
102113,群馬県安中市,66.4,48.7,57.4,59.6,61.8,64,65.1,64,65.1
102121,群馬県みどり市,33.4,35.5,34.9,37,37,41.3,,45.7,47.9
103446,群馬県榛東村,,100,100,28.6,30.8,33,35.2,37.4,39.6
103454,群馬県吉岡町,75.6,59.7,61.2,60,,57.2,57.9,59.9,61.7
103667,群馬県上野村,93.3,95.6,,,78.4,53,,,
103675,群馬県神流町,,66.9,69.2,78.5,79.9,61.1,81.8,82.3,89.9
103829,群馬県下仁田町,84.2,84.2,86.5,88.6,88.7,91.1,93,94.1,95.4
103837,群馬県南牧村,94.5,94.5,97.2,99.9,100,100,100,100,100
103845,群馬県甘楽町,75.2,73.8,76.7,84.1,87.1,90.1,93.1,96,99
104213,群馬県中之条町,74.1,62.3,68.8,70.5,82.5,86.2,87.8,89.4,91.1
104248,群馬県長野原町,,100,,,,,100,100,100
104256,群馬県嬬恋村,87,90,81,84,87,89.7,92.3,,
104264,群馬県草津町,,63.1,62.2,63.6,66.6,68.8,69.3,71.8,74.3
104281,群馬県高山村,,,,,,74.2,75.5,,
104299,群馬県東吾妻町,83.3,85,86.4,87.8,87.7,87.7,,,
104434,群馬県片品村,,66.1,73.6,86.5,90.3,86.3,88.2,88.2,91.9
104442,群馬県川場村,,,88.7,91.7,92.1,92.4,92.7,95.3,100
104485,群馬県昭和村,68.9,53.8,55.2,56.6,59.5,80.3,82.2,84.2,86.1
104493,群馬県みなかみ町,74.2,77,78.9,78.7,82.7,84.5,86.4,88.2,90
104647,群馬県玉村町,72.8,57.6,59.8,62,64.2,66.4,52.9,55,56.7
105210,群馬県板倉町,77.7,79,80.8,82.5,84.8,86.3,88.1,89.9,93.8
105228,群馬県明和町,52,54,,,,70.8,,,
105236,群馬県千代田町,45.3,44.8,45.5,47.6,49.7,51.9,54,76.6,
105244,群馬県大泉町,60.8,62.8,64.9,67,69.1,67.1,69.7,72.2,72.7
105252,群馬県邑楽町,86.3,87.8,89.2,90.7,92.2,93.7,95.2,96.7,
111007,埼玉県さいたま市,54.9,56.9,59,61,63,61.6,63.6,62.3,64.2
112011,埼玉県川越市,48.4,42.1,44.5,46.9,49.3,49.5,52,54.3,58.8
112020,埼玉県熊谷市,,65.9,67.6,69.6,71.3,72.3,73.6,73.7,71.4
112038,埼玉県川口市,47.5,49.7,50.2,49.4,49,50.7,52.8,55.4,57.6
112062,埼玉県行田市,,50.5,51.8,53.4,55.1,57.2,59.4,60,62.4
112071,埼玉県秩父市,58.4,60.2,63.1,63.9,66.1,68.4,70.8,73.1,75.4
112089,埼玉県所沢市,48.4,51.3,54.2,57,58.6,59,60.6,62.2,63.8
112097,埼玉県飯能市,57.4,59.9,62.2,64.6,66.9,69.3,71.6,74,76.3
112101,埼玉県加須市,61.8,63.8,58.4,60.5,62.6,64.4,64.4,67.8,69.5
112119,埼玉県本庄市,,33.5,35.3,37.3,39.6,39.6,41.9,44.2,46.2
112127,埼玉県東松山市,50.7,62.5,63.7,63.5,65.6,67,64.6,66.7,68.7
112143,埼玉県春日部市,49.4,52.2,55.2,58,60.7,63.5,66,70.8,73.5
112151,埼玉県狭山市,,63,65.1,65,67.2,69.4,71.5,73.8,76
112160,埼玉県羽生市,52.2,54.7,57.3,59.8,61,61.6,64.2,65.6,67.7
112178,埼玉県鴻巣市,56,58.1,60.2,60.4,62.6,64.8,67,63.6,65.6
112186,埼玉県深谷市,58.9,61.1,63.6,66.2,67.4,70.2,72.6,75.1,77.6
112194,埼玉県上尾市,,100,100,100,100,100,100,100,100
112216,埼玉県草加市,66.5,68.7,70.9,72.8,74.6,76.8,76.8,80.2,83
112224,埼玉県越谷市,63.9,65.3,67.1,68.1,70,71.8,73.7,75,76.8
112232,埼玉県蕨市,82,83.8,45.1,47.6,50,52.4,54.9,57.2,59.6
112241,埼玉県戸田市,75.5,77.6,79.7,81.9,61.2,62.8,64.9,67.4,69.9
112259,埼玉県入間市,67.1,72.8,75.3,77.7,79.9,82.3,82,78.2,80.3
112275,埼玉県朝霞市,76.1,78.2,80.3,82.5,84.5,50.2,52.1,54.1,56.2
112283,埼玉県志木市,79.4,78.6,80.6,82.9,84.4,86.5,88.8,91.1,93.4
112291,埼玉県和光市,28.6,31.4,34.3,37.3,40.1,43,32.6,33.6,36
112305,埼玉県新座市,,62.2,64.3,65.9,69.6,69.8,71.9,73.2,75.7
112313,埼玉県桶川市,36.6,42.1,42.1,53,58.5,62.8,68.2,73.7,77
112321,埼玉県久喜市,,53.7,55.7,57.4,59.6,61.7,63.9,66,68.2
112330,埼玉県北本市,55.1,57.8,60,61.8,64,66.2,68.5,70.4,72.7
112348,埼玉県八潮市,,48.6,50.8,53,55.2,57.4,59.6,61.8,64
112356,埼玉県富士見市,,34.8,37,39.2,41.4,43.6,45.8,48,50.1
112372,埼玉県三郷市,,58.4,60.9,57.1,59.7,62.3,64.9,67.5,70
112381,埼玉県蓮田市,,49.5,51.7,53.9,53.9,57,59.3,61.7,64
112399,埼玉県坂戸市,81.8,84.2,86.3,85.9,87.8,89.6,90.4,93.3,95.1
112402,埼玉県幸手市,52.6,56,56.2,60.3,62.4,64.4,64.5,66.3,68.4
112411,埼玉県鶴ケ島市,74.7,77,79.2,81.4,83.6,85.8,88,90.2,
112429,埼玉県日高市,,33.9,39.9,42,44.1,43.1,45.1,42.6,42.3
112437,埼玉県吉川市,49,50.7,68.8,70.6,72.4,73.8,75.6,76.9,79.1
112453,埼玉県ふじみ野市,,78,55.9,56.1,58.2,60.2,62.1,64,65.9
112461,埼玉県白岡市,37.3,41.3,43.3,45.3,47.3,49.3,51.2,53.2,54
113018,埼玉県伊奈町,28.6,30.8,33,35.2,37.4,39.6,41.8,44,46.2
113247,埼玉県三芳町,,,41.7,45.2,48.5,49.3,51.3,53.2,55.1
113263,埼玉県毛呂山町,,59.1,61.3,63.5,66.2,68.3,70.5,71.3,73.5
113271,埼玉県越生町,,76.7,78.2,62.6,63.5,64.5,65.5,66.5,67.4
113417,埼玉県滑川町,,74,76,78,80,82,84,86,88
113425,埼玉県嵐山町,,,,,,,,,
113433,埼玉県小川町,,,,,,,,,
113468,埼玉県川島町,76.4,78.6,75.8,77.1,79.3,81.5,77.6,82.5,81.6
113476,埼玉県吉見町,63.4,63,63.1,65.2,67.3,69.4,71.5,72,77.8
113484,埼玉県鳩山町,,59.4,61.6,63.8,66,68.2,69.6,69.6,74.5
113492,埼玉県ときがわ町,54.4,56.6,58.8,54.7,57.1,59.4,61.8,64.1,66.4
113611,埼玉県横瀬町,46.4,51.1,55.8,60.4,65.1,69.8,73.3,77.8,82.3
113620,埼玉県皆野町,,,53.1,55.4,57.7,60.1,62.4,64.7,67
113638,埼玉県長瀞町,,,,,,,,,
113654,埼玉県小鹿野町,76.1,78,39,91.6,81.4,76.7,78.3,74.9,76.3
113697,埼玉県東秩父村,,,,,,,,,
113816,埼玉県美里町,,68.2,70.4,72.6,74.8,77,79.2,81.4,83.6
113832,埼玉県神川町,77.4,75.2,54.6,56.3,58,59.7,61.4,63.1,61.4
113859,埼玉県上里町,66.8,69.1,71.5,73.9,76.2,77.4,78.6,81,83.3
114081,埼玉県寄居町,54.6,56.9,59.1,63,65.2,67.3,69.5,71.6,73.8
114421,埼玉県宮代町,47.8,50.7,50.6,53,55.1,58,60.3,61.4,62.1
114642,埼玉県杉戸町,,,,,,,,,
114651,埼玉県松伏町,54.4,56.6,54.1,56.3,58.5,60.7,62.9,65.1,67.3
121002,千葉県千葉市,,59.7,59.4,60.2,62.3,64.6,64.8,63.2,51.3
122025,千葉県銚子市,100,100,100,100,100,94.7,66.9,60.3,62.3
122033,千葉県市川市,,,74.3,71.1,71.3,71.4,74.7,76.5,77.4
122041,千葉県船橋市,53.3,55.5,47.6,50.1,52.5,54.9,57.3,59.9,62.3
122050,千葉県館山市,92.5,93.1,92.3,92.9,94.1,93.4,94.1,94.7,92.5
122068,千葉県木更津市,,74,76,74.6,71.6,70.2,71.8,65.7,67.6
122076,千葉県松戸市,64.3,70.2,72.4,75.8,77.5,77.1,79.2,77.9,77.8
122084,千葉県野田市,,42.9,45.2,47.5,49.9,52.1,54.6,57,59.3
122106,千葉県茂原市,73.9,76.1,78.3,80.5,82.7,84.9,58.5,60.7,62.9
122114,千葉県成田市,,69.8,71.7,73.6,74.6,76.5,78.4,80.2,81.9
122122,千葉県佐倉市,,87.1,89.3,90.7,90.9,90.3,92.1,93.6,86.2
122131,千葉県東金市,64.1,,39.6,42.1,44,46,48.1,46,50.5
122157,千葉県旭市,41.3,42.6,44.7,46.9,44.9,46.5,47.4,51,53.6
122165,千葉県習志野市,,63.2,53.9,56.6,54.4,52.8,54.9,57.2,62.3
122173,千葉県柏市,,66.1,68,70.1,72.2,64.8,67,68.4,68.8
122181,千葉県勝浦市,,,,,,,,96.5,97.3
122190,千葉県市原市,,58.1,59.9,61.6,60.4,62.5,64.8,66.8,
122203,千葉県流山市,,11.3,13.5,15.7,21,23.3,25.4,27.6,29.2
122211,千葉県八千代市,,,,,,79.2,81.3,84.5,82.9
122220,千葉県我孫子市,,64,61.9,68.1,71.1,74,77,79.9,82.9
122238,千葉県鴨川市,47.8,50,52.2,54.3,56,57.8,60,47.7,50.1
122246,千葉県鎌ケ谷市,,71.3,73.9,76.4,78.9,81.4,83,85.4,87.9
122254,千葉県君津市,65.4,67.6,69.7,71.8,73.9,76.1,78.2,80.3,82.4
122262,千葉県富津市,55,57.2,59.4,61.6,63.8,66,68.2,70.4,72.6
122271,千葉県浦安市,,58.7,60.5,61.7,63.3,65.1,66.5,68.3,70
122289,千葉県四街道市,,56.7,59,61.2,63.4,65.6,67.8,70,72.1
122297,千葉県袖ケ浦市,65.7,67.9,69.7,71.9,74.1,76.3,78.5,80.7,82.9
122301,千葉県八街市,50.6,52.8,55,57.2,59.3,61.6,63,57.2,59.3
122319,千葉県印西市,13.6,15.8,18.1,20.3,22.5,24.7,26.9,29.1,31.4
122327,千葉県白井市,,80.4,79.3,82.3,85.9,88.2,90.3,91,92.1
122335,千葉県富里市,69.5,71.1,73.3,74.2,76.4,78.6,80.8,83,85.2
122343,千葉県南房総市,56.8,59,60,62.2,64.4,66.6,69.3,64.4,62.5
122351,千葉県匝瑳市,,46.2,47.1,49.4,51.7,54.1,52.2,54.5,56.7
122360,千葉県香取市,60.7,71.9,74.5,76.9,79.2,81.4,83.3,85.4,87.3
122378,千葉県山武市,,55.4,57.6,55.6,56.1,58.6,60.8,61.5,56.6
122386,千葉県いすみ市,82.1,84,85.8,85.3,61.4,62.9,64.4,66.4,68.4
122394,千葉県大網白里市,32.7,35.3,25.8,40.6,43,45.5,47.4,49.2,50.9
123226,千葉県酒々井町,,31.7,33.4,35.2,37.1,93.7,95.2,96.8,98.3
123293,千葉県栄町,,77.2,79.8,54.2,57.6,61,61.2,64.8,68.4
123421,千葉県神崎町,85.8,88,90.3,92.5,94.7,96.9,99,100,100
123471,千葉県多古町,,50.3,52,10.6,17.1,44.9,27.1,29.3,31.6
123498,千葉県東庄町,65.9,65.8,66,69,69,66.2,73.8,76.8,70
124036,千葉県九十九里町,,,,,,,,,
124095,千葉県芝山町,65.5,65.5,67.3,48.6,50.5,52.3,67.8,68.7,69.6
124109,千葉県横芝光町,79.2,80.6,82,83.4,84.6,77.9,79.4,80.9,82.2
124214,千葉県一宮町,53.8,66.3,63.9,66,68.3,70.5,72.7,70.5,76.5
124222,千葉県睦沢町,35.4,37.5,40,42.1,43.5,44.8,48.5,50.6,50.4
124231,千葉県長生村,66.6,77.8,80,82.2,84.4,86.6,89.4,91.4,92.7
124249,千葉県白子町,,92.4,94.6,96.8,99,100,100,100,100
124265,千葉県長柄町,94.9,93.2,94.7,95.9,96.9,97.7,94.9,94.8,99.7
124273,千葉県長南町,,80.3,82.7,85,87,88.2,90,91.8,93.6
124419,千葉県大多喜町,42.4,46.1,57.7,59.5,54.4,56.1,56.7,58.6,
124435,千葉県御宿町,53.3,55.6,59.8,60.4,62.6,64.3,66.2,68,66.8
124630,千葉県鋸南町,60.9,41.3,43.6,45.9,48.3,72.7,75.2,77.1,78.6
131016,東京都千代田区,,59.4,61.6,62.5,63.5,64.5,65.4,66.4,67.3
131024,東京都中央区,,,46.4,48.6,50.8,53,53.3,55.7,58.9
131032,東京都港区,,10.9,17.5,22.2,26.8,31.4,35.8,40.5,45.3
131041,東京都新宿区,57.2,59.3,60.4,60.2,63.4,62.3,64,65.6,66.4
131059,東京都文京区,,39.9,42,28.3,32.4,35.8,39.8,44.1,48.3
131067,東京都台東区,,,,72.9,74.9,75.3,77.7,79.4,80.4
131075,東京都墨田区,23,25.8,23.6,25.8,28,29.8,31.9,34.1,36.1
131083,東京都江東区,45.6,47,48.8,51.4,53.4,56,58.6,60.6,63.2
131105,東京都目黒区,,56.8,59,66.8,30.6,33.1,48.2,50.2,47.1
131113,東京都大田区,32.1,32.7,37,38,40.2,42.3,44.4,46.4,48.3
131121,東京都世田谷区,,,51.5,53.6,47.8,49.8,51.9,53.9,53.9
131130,東京都渋谷区,,49,51.2,52.1,54.4,56.2,57.8,60.2,62.6
131148,東京都中野区,52.4,56,58,55.6,56.7,14.1,17,20.1,23.2
131156,東京都杉並区,36.1,35.5,37.7,37,37.8,40.1,42.5,45,47.2
131164,東京都豊島区,,,58,47.9,50,52,53.9,56.1,58.1
131172,東京都北区,,38.7,37.2,39,40.7,42.4,44.3,46.3,48.2
131181,東京都荒川区,,,76.3,79,52.1,55.5,58.9,61.6,64.2
131199,東京都板橋区,39.3,43,45.8,38.9,41.1,43.3,39.5,41.8,44.1
131202,東京都練馬区,45.5,46.5,48.9,50.2,52.3,52.6,54.1,55.8,57.6
131211,東京都足立区,60.6,62.4,63,65.1,65.3,68.6,69.8,71.9,61.4
131229,東京都葛飾区,30.8,34.6,36.7,38.9,40.7,42.8,45,47,49.2
131237,東京都江戸川区,82.5,77.7,66.1,64.8,64.7,66.5,68.1,70.2,72.3
132012,東京都八王子市,,19,21.2,23.4,25.6,27.7,29.9,29.6,32
132021,東京都立川市,,55.1,56.5,58.6,59.1,61.3,62.9,65.4,67.6
132039,東京都武蔵野市,58.5,60.7,58,59.7,60.4,60.8,63.4,62,66.2
132047,東京都三鷹市,,15.3,14.1,16.2,16.9,15.7,18.2,20.5,22.8
132055,東京都青梅市,,80.4,82.3,84.4,84.2,88.2,89.2,89.8,91
132063,東京都府中市,,77.9,77,77.5,74.7,71.9,74.7,73.5,74.2
132071,東京都昭島市,84.8,84.1,86.5,88.3,53,53.5,56.3,59,61.7
132080,東京都調布市,,65.6,67.3,67.9,69.6,70.7,64,65.9,65.4
132098,東京都町田市,53.3,55.5,57.6,59.6,51.4,53.5,51.1,53.2,55.3
132101,東京都小金井市,,55.9,58.2,60,60,56.3,54.5,55.5,57.7
132110,東京都小平市,,71.7,73.9,76.1,78.3,80.5,82.7,84.9,87.1
132128,東京都日野市,60.5,62.6,71.3,73.9,76.6,75.5,78.3,30.6,33.8
132136,東京都東村山市,,,71.8,74,76.2,78.2,78.9,79.9,82.2
132144,東京都国分寺市,64,65.9,68.1,64.2,66.7,69.2,71.7,74.2,76.7
132152,東京都国立市,72.6,74.8,77,72.9,75.4,76.9,79.5,81.3,82.1
132187,東京都福生市,69,71.1,70.2,71.9,73.3,74.7,73.6,74.4,75.7
132195,東京都狛江市,,61.3,63.5,65.7,68,69.6,71.5,73.8,76.1
132209,東京都東大和市,61.7,63.5,62.7,64.9,67,69.4,71.9,72,73.5
132217,東京都清瀬市,86.4,86.5,87.9,96.8,97.1,34.2,36.8,39.4,42
132225,東京都東久留米市,33.6,36.4,38.7,45,47.1,49,51.1,53.2,55.3
132233,東京都武蔵村山市,,35.5,37.6,39.7,41.7,43.5,45.7,47.7,49.6
132241,東京都多摩市,39,41.1,45.9,48.1,46,52.4,53.8,55.9,58.3
132250,東京都稲城市,49.4,55.5,57.7,59.8,61.9,64,64.6,66.7,68.9
132276,東京都羽村市,,55.9,58.2,60.8,63.4,63.5,66.1,68.7,71
132284,東京都あきる野市,47.9,47.9,52.3,54.6,56.8,59,61.2,63.5,65.2
132292,東京都西東京市,,48.1,50.5,52.8,57.9,60.5,62.2,63.7,65.6
133035,東京都瑞穂町,85.8,88,90.2,92.4,94.6,96.8,98.1,98.8,99.3
133051,東京都日の出町,,,,,,,,,
133078,東京都檜原村,,,,,,44.1,46.4,48.8,46.9
133086,東京都奥多摩町,,,,,,,,,
133612,東京都大島町,,36.2,26.9,,,67.3,15,83.5,69
133621,東京都利島村,,,,,100,83.6,84.5,83.3,84.4
133639,東京都新島村,,,89.1,89.4,89.6,89.9,90.1,90.3,94.1
133647,東京都神津島村,,59.3,61.5,63.7,65.9,68.4,71,73.2,75.7
133817,東京都三宅村,,,,,25.6,53.5,55.2,59.1,61.2
133825,東京都御蔵島村,,,,,,,,,
134015,東京都八丈町,,,65.9,67.5,69.2,72.6,74.4,76.3,78.1
134210,東京都小笠原村,,,,,,,,,
141003,神奈川県横浜市,,49.1,49.9,52,52.8,52.9,54.8,56.5,57
141305,神奈川県川崎市,41,46.2,37.6,44.8,45.7,49.3,51.6,53.3,54.7
141500,神奈川県相模原市,63.1,65.8,68.5,71.3,77.3,79.7,82.2,84.7,87.1
142018,神奈川県横須賀市,,61.6,63.4,64.7,66.9,64.7,64.1,66.4,67.3
142034,神奈川県平塚市,,46.6,48.8,50.9,53.1,55.3,54.9,57.2,57.3
142042,神奈川県鎌倉市,56,61.1,62.9,64.7,64.7,63.9,65.6,67.5,67.6
142051,神奈川県藤沢市,48.2,54.5,56.5,58.8,61.1,63.3,65.6,67.6,69.6
142069,神奈川県小田原市,40.9,44.3,46.1,48.1,51.1,51,55.4,55.1,59.8
142077,神奈川県茅ヶ崎市,50.6,53.2,27.9,27,30.9,35.6,39.7,43.7,47.8
142085,神奈川県逗子市,41.8,41.8,44,46.2,48.3,49.5,51.4,51.1,53.2
142107,神奈川県三浦市,41.6,45.4,47.5,49.6,51.8,53.9,52.4,56.7,59
142115,神奈川県秦野市,31.8,,,,54.3,56.5,58.7,59.6,61
142123,神奈川県厚木市,49.9,53.2,55.6,58.1,60.5,62.9,65.2,67.6,30.3
142131,神奈川県大和市,,,,,69.7,71.9,74,76.2,78.3
142140,神奈川県伊勢原市,66.9,58.9,61,62.7,64.8,67,69.2,71.5,73.7
142158,神奈川県海老名市,32.4,48.8,37.6,40.2,42.8,45.4,48,49.6,52.1
142166,神奈川県座間市,,50,52.2,54.3,56.4,58.4,60.6,62.7,64.9
142174,神奈川県南足柄市,,,78.7,79.3,80.3,80.6,81.8,83.1,84.4
142182,神奈川県綾瀬市,43.2,45.4,46.4,48.6,52.1,47.9,54.8,57,58.4
143014,神奈川県葉山町,,,,,,,,,
143219,神奈川県寒川町,49.8,56.3,59.2,62.5,65.3,68.1,64.6,67.6,70.5
143413,神奈川県大磯町,59.3,67.5,94,96,98,100,100,100,100
143421,神奈川県二宮町,57.6,65.1,67.5,70,72.4,74.1,75.6,77.7,80.3
143618,神奈川県中井町,,,,,,,,,
143626,神奈川県大井町,,52.4,54.7,56.9,56.5,58.6,61,63.3,63.9
143634,神奈川県松田町,,100,100,100,100,100,100,88.9,90
143642,神奈川県山北町,,100,100,100,100,100,100,100,100
143669,神奈川県開成町,,0,,,,,,,
143821,神奈川県箱根町,42.3,41.5,32.9,34.8,38.6,4.2,6.6,9.1,11.5
143839,神奈川県真鶴町,47.5,49.8,52.2,53.3,55.6,58,60.3,62.6,64.9
143847,神奈川県湯河原町,,99.6,99.1,90.8,87.8,88.2,89,89.9,90.4
144011,神奈川県愛川町,63.8,65.9,67.8,70.2,73.6,76,77.9,79.8,81.7
144029,神奈川県清川村,,,,,,,,,
151009,新潟県新潟市,49.2,52,51.8,59,61.1,62.8,64.7,66.7,67.8
152021,新潟県長岡市,54.8,55.8,56.5,56.7,59.4,47.7,60.4,50.6,50.7
152048,新潟県三条市,,,,,,,,,
152056,新潟県柏崎市,66.5,66.4,67.9,65.9,66.4,68.2,70.3,72.7,74.9
152064,新潟県新発田市,,78.2,80.2,82,83.9,74.8,72.2,74.8,75.4
152081,新潟県小千谷市,57.9,60.4,63.5,65.9,67.9,70.4,72.4,74.6,76.7
152099,新潟県加茂市,,,,,,,,,
152102,新潟県十日町市,,88,89.8,89.9,90.7,87.4,87.2,84.5,84.6
152111,新潟県見附市,,,,,73.7,75,76.3,77.6,78.8
152129,新潟県村上市,,80,82,83.9,63.9,87.7,88.7,88.8,88.1
152137,新潟県燕市,,,78.7,78.7,78.3,77.1,79.1,66.8,68.3
152161,新潟県糸魚川市,,52.8,54.8,57.2,59.2,41.5,44,46.7,49.3
152170,新潟県妙高市,71.8,,,,,43.9,46,48.6,50.8
152188,新潟県五泉市,,64,66.2,68.4,69.8,72,74,73.3,74.3
152226,新潟県上越市,55.4,56.1,59.9,60.9,60.1,55.8,54.8,56.9,58.8
152234,新潟県阿賀野市,52.2,59.5,60.9,63.3,65.8,68.4,70.5,72.7,75.2
152242,新潟県佐渡市,,38.4,38.4,40.4,45.3,46.9,48.3,,
152251,新潟県魚沼市,60.6,71.4,72.9,72.9,75.4,77,78.1,79.7,74.1
152269,新潟県南魚沼市,69.2,68.3,73,76,77.7,79.6,81.1,81,82
152277,新潟県胎内市,,34,38.8,40.7,42.6,47.4,49.3,49.8,51.8
153079,新潟県聖籠町,78.5,56.1,58.1,95.1,97.2,99.3,100,100,100
153427,新潟県弥彦村,,,,,,,,,
153613,新潟県田上町,97.5,97.7,97.8,98,98.2,98.4,98.5,98.7,98.9
153851,新潟県阿賀町,70.5,70.7,74.3,73,76.7,78.4,79.9,86.7,86.6
154059,新潟県出雲崎町,60.7,54.6,69.5,74.4,71.9,74.4,76.9,79.4,81.4
154610,新潟県湯沢町,,63.5,65.1,66.3,67.6,69.8,72.1,76.6,76.3
154822,新潟県津南町,96.8,99,100,100,100,100,100,99.4,89.1
155047,新潟県刈羽村,,,,,,,,,
155811,新潟県関川村,,63.6,65.7,67.1,69.7,70.8,76.8,76.7,76.7
155861,新潟県粟島浦村,,,,,,,,,
162019,富山県富山市,,44.7,47.4,47.9,48.3,52.1,54.3,56.2,58.5
162027,富山県高岡市,38.9,43.7,34.7,37,38.7,39.7,41.5,45.9,50.4
162043,富山県魚津市,58.3,59.8,61.3,62.8,64.4,65.8,65.6,66.9,67.8
162051,富山県氷見市,,48.7,49.2,,,,54.7,56.9,58.5
162060,富山県滑川市,58.2,59.8,58.2,60.2,62.5,64.8,67,69.4,71.7
162078,富山県黒部市,,43.6,45.8,60.8,63.5,66.6,69.2,70.7,72.3
162086,富山県砺波市,55.6,57.7,59,46.7,48.8,47.2,49.7,52,54.2
162094,富山県小矢部市,,84.9,69.9,71.5,73.3,73.8,75.4,77.1,78.8
162108,富山県南砺市,48.3,52.2,54.3,55.9,57.8,59.1,61.8,62.2,67.5
162116,富山県射水市,,57,59.1,60.7,63.2,63.3,66.1,68.7,61.4
163210,富山県舟橋村,,,,,,,,,
163228,富山県上市町,18.9,20.9,23.1,25.1,27.2,29.2,30.2,32.1,
163236,富山県立山町,53.6,56.6,59.6,62.6,65.6,68.7,71.7,74.5,77.3
163422,富山県入善町,58.7,60.2,62,58.5,55.4,57.5,59.6,61.7,63.8
163431,富山県朝日町,44.2,46.4,46.4,44.4,46.7,49.1,51.3,53.5,55.1
172014,石川県金沢市,,,,68.9,38,39.8,41.7,43.8,45.4
172022,石川県七尾市,,60.9,,66.5,67.4,68.8,70.8,72.7,74.5
172031,石川県小松市,,62.2,65.8,65.5,68.3,70.3,71.1,72.3,72.9
172049,石川県輪島市,,71.6,,,,,,75.9,78
172057,石川県珠洲市,47.2,43.5,51.7,53.6,55.4,57.2,58.9,60.7,62.4
172065,石川県加賀市,,70.1,71,72.5,74,74.8,77.1,78.6,79.9
172073,石川県羽咋市,48.2,50.3,55.8,59,61,62.9,63.9,64.7,67.3
172090,石川県かほく市,47.8,48.9,51.3,52.5,53.6,52.7,52.4,54.2,31.6
172103,石川県白山市,,62.7,63.2,65.3,67.3,68.3,67.5,68.5,71.1
172111,石川県能美市,65.6,66.1,64.9,68,69.9,69,68.5,70.8,69.8
172120,石川県野々市市,,78.4,80.9,83.5,84.7,87.2,88.9,89.9,91.1
173240,石川県川北町,,55.5,56.4,58.7,57,59.3,61.5,58.8,61
173614,石川県津幡町,57.1,59.3,59.4,61.6,63.9,65.8,68,45.9,48.3
173657,石川県内灘町,,50,52.8,53.8,56.7,59.5,61.7,63.4,65.1
173843,石川県志賀町,58.8,56.2,51.5,60.9,59.8,62.2,64.7,67.2,65.5
173860,石川県宝達志水町,,77.5,79.7,81.8,69.3,71.2,73.5,75.7,77.6
174076,石川県中能登町,,46.6,57.7,,64.2,66.3,68.2,70.2,72.1
174611,石川県穴水町,,73.6,82.4,85.5,85.5,86.1,74.8,74.8,74.4
174637,石川県能登町,,78.8,80.3,78.9,80.8,83.1,85.4,87.6,89.9
182010,福井県福井市,,,35.3,60.7,62.7,64,64.8,66.1,67.5
182028,福井県敦賀市,53.3,62.8,64,60.6,62.4,65.8,67.6,69.1,70.3
182044,福井県小浜市,,33.7,36.5,39.1,41.8,44.6,47.5,49.8,
182052,福井県大野市,,57.5,59.7,61.7,64,67.8,67.9,69.8,68.9
182061,福井県勝山市,,13.4,16.9,20.5,20.8,24,27.5,30.7,34.7
182079,福井県鯖江市,,74.4,75.2,75.2,77.1,76.8,79.7,79.3,77.2
182087,福井県あわら市,,64.4,66.6,68.8,71.1,73.3,75.6,77.8,77.8
182095,福井県越前市,82.9,86.8,27.3,26.7,28.5,26.4,24.4,26.4,28.5
182109,福井県坂井市,,75.4,77,78.2,79.2,81.2,82.9,84.1,85.6
183229,福井県永平寺町,55.9,58,55,53.9,55.6,57.7,59.9,61.4,63.1
183822,福井県池田町,48,50.2,52.4,54.6,56.8,59,61.2,63.4,65.6
184047,福井県南越前町,,31.8,54.4,57.8,60,62.3,62.3,70.9,71.9
184233,福井県越前町,,64.6,66.2,67.9,69.5,71.3,73.2,75,76.7
184420,福井県美浜町,,,33.4,35.7,37.9,40.2,42.5,44.8,47.2
184811,福井県高浜町,57.8,10.2,19.5,21.7,23.9,26.1,28.3,30.5,32.7
184837,福井県おおい町,,85.5,60.6,,,,,,100
185019,福井県若狭町,,77.3,81.3,81.4,84,82.8,84.4,86.6,87.8
192015,山梨県甲府市,78,81,84,84,90,93,96,99,100
192023,山梨県富士吉田市,74.4,92.5,93.7,94.7,95.3,94.5,94.8,95.2,95.5
192040,山梨県都留市,64.8,68.4,65,82.1,83.8,85.5,87.2,88.9,90.6
192058,山梨県山梨市,64.1,61,63.3,77.6,79.1,80.6,82.1,83.6,85.1
192066,山梨県大月市,,75,77.2,79.4,81.6,83.8,86,88.2,90.2
192074,山梨県韮崎市,52.5,86.4,86.3,87.2,76.7,67.6,70,72.3,74.7
192082,山梨県南アルプス市,57.3,56.7,58.9,57.6,64,65.8,66.7,69.1,70.7
192091,山梨県北杜市,,60.2,63.6,67.6,65.6,70,66.3,67.9,68.9
192104,山梨県甲斐市,,45,45.8,48.5,50.9,52.7,54.6,54.2,51.6
192112,山梨県笛吹市,54.7,56.5,57.9,60.2,62.5,62.6,64.7,69.6,71.7
192121,山梨県上野原市,45.9,48,50,52.1,54.1,56.2,58.2,60.3,62.3
192139,山梨県甲州市,62,64.2,66.5,68.8,70.6,72.2,73.4,75,76.6
192147,山梨県中央市,79.8,81.4,78.4,80.9,83.2,85,87,71.8,67
193461,山梨県市川三郷町,79.7,80.8,100,100,3.8,29.2,31.6,34,36.5
193640,山梨県早川町,,91.4,92.5,93.5,94.5,95.5,96.5,97.5,98.5
193658,山梨県身延町,,73.8,75.7,77,81.1,79.4,80.6,82.5,83.9
193666,山梨県南部町,,65.2,65.5,68.3,71.2,74,75.3,76.6,77.9
193682,山梨県富士川町,71.7,83.1,76.3,77.8,82,83.8,85.4,87,88.7
193844,山梨県昭和町,,41.5,43.7,43.7,48,50.2,52.4,54.6,56.8
194221,山梨県道志村,74,76.8,79.7,80.9,83.3,85.7,88.1,93,93
194239,山梨県西桂町,,,47.2,49.3,50.9,52.5,54.1,55.6,57.2
194247,山梨県忍野村,,44.4,45.7,47,48.3,49.5,50.8,52.1,53.4
194255,山梨県山中湖村,48,50.7,53.3,55.9,58.6,61.2,63.8,66.5,69.1
194298,山梨県鳴沢村,91.8,92.7,89.4,90.7,91.7,92.9,94.2,95.1,96.1
194301,山梨県富士河口湖町,57.7,59.9,62,54.4,56.5,58.6,60.4,62.6,63.4
194425,山梨県小菅村,28.3,36.4,36.2,40.2,44.2,62.2,68.9,73.9,71
194433,山梨県丹波山村,100,,,,,,,,
202011,長野県長野市,51.7,52.4,46.8,48.9,50.7,52.6,54.7,57,59.4
202029,長野県松本市,57,64.1,65.6,67.6,69.7,71.8,73.7,75.7,77.7
202037,長野県上田市,,,74.5,76.4,77.9,76.9,71.3,72.9,74.6
202045,長野県岡谷市,,66.4,68.6,70.8,73,75.2,77,78.4,71.6
202053,長野県飯田市,,73.1,74.7,75.8,77.6,79.3,81.1,80.9,82.6
202061,長野県諏訪市,91.9,93.9,95.4,96.4,97.4,98.5,99.5,99.9,99.9
202070,長野県須坂市,,84.6,86.5,80.4,82.3,71.5,73.7,75.8,77.1
202088,長野県小諸市,,86.2,77.3,79.1,82.7,84.5,86.1,87.5,89.2
202096,長野県伊那市,49.5,48.4,43,54.2,48.6,51.3,54.1,56.9,59.8
202100,長野県駒ケ根市,,64,65.7,67,68,69,70.2,71.4,72.5
202118,長野県中野市,,66.3,68.6,70.9,72.9,74.6,77.1,78.9,80.4
202126,長野県大町市,63.5,62.1,64.2,66.2,68.2,71.5,72.3,74.3,76.3
202134,長野県飯山市,,71.9,73,71.6,78.6,80.8,82.9,85.1,87.2
202142,長野県茅野市,77,76.1,82.1,82.8,84.8,79.3,82,83.1,85.1
202151,長野県塩尻市,60.8,50,62.4,62.5,64,65.6,67.1,68.5,69.9
202177,長野県佐久市,76.2,76.2,76.2,80.5,69.2,71,73,74.6,77.7
202185,長野県千曲市,76.8,78.9,80.9,83,84.7,86,36.7,38.9,41.5
202193,長野県東御市,54.6,53.5,50.3,57.9,35.7,36.4,38,25.1,27.9
202207,長野県安曇野市,,62.4,54.6,49.8,52,54.2,36.9,36.2,37.9
203033,長野県小海町,,77.9,74,76.4,76.4,81.3,83.6,85.6,87.6
203041,長野県川上村,,97.9,98.3,98.7,99.1,99.6,100,100,100
203050,長野県南牧村,77,79.2,100,100,100,100,100,100,96.2
203068,長野県南相木村,100,100,100,100,100,100,100,100,100
203076,長野県北相木村,45,46.2,48.4,50.6,52.8,54.2,56.4,58.6,60.8
203092,長野県佐久穂町,,64.1,67,69.4,71.5,73.7,75.8,76.7,80.9
203211,長野県軽井沢町,14.7,16.9,18.8,21,30.6,33.1,35.3,36.5,39
203238,長野県御代田町,79.3,64.5,,,,88.1,90.3,92.2,92.9
203246,長野県立科町,99.8,78.9,79.9,80.4,98.7,98.3,95.9,94.7,94.2
203491,長野県青木村,,83.6,85.8,88,90.2,92.3,94.5,96.3,98.5
203505,長野県長和町,,80.1,77.1,79.4,81.5,83,85.2,87.4,88.4
203611,長野県下諏訪町,78.3,78.1,80.4,82.7,85,87.4,89.7,92.1,93.4
203629,長野県富士見町,59.4,61.7,64,68.7,70.7,72.7,74.7,76.7,78.7
203637,長野県原村,,69.6,72.7,74.5,75.5,76.9,77.8,78.9,80.1
203823,長野県辰野町,88.4,90.7,93,95.2,97.6,98.9,92.9,84,84.4
203831,長野県箕輪町,85.6,87.1,88.7,90.3,91.8,93.3,94.4,95.3,96.1
203840,長野県飯島町,74.1,76.7,76.6,78.3,79.9,81.6,83.3,82.9,84.2
203858,長野県南箕輪村,79.6,79.9,60.5,64.1,71,70.7,67.7,69.7,72.3
203866,長野県中川村,65.1,67.2,41,71.2,73,75.1,77.1,78.9,79.1
203882,長野県宮田村,82.8,87,88.4,89.1,89.1,90.5,92,93.5,94.9
204021,長野県松川町,63.1,66.3,68.5,69.9,65.4,67.3,66.9,72.5,74.9
204030,長野県高森町,,77,78.3,80.6,75.1,77.3,79.6,61.7,64.4
204048,長野県阿南町,66.4,69.7,71.4,63.6,64.2,66.2,68.2,69.9,71.5
204072,長野県阿智村,,15.4,17.6,19.8,22,23.5,52.8,56.5,58.8
204099,長野県平谷村,,,,,,,,,
204102,長野県根羽村,,71.4,69,73.8,82.6,80.9,81,83,84.7
204111,長野県下條村,44.3,46.6,49,49.6,53.7,56,52.4,54.9,57.3
204129,長野県売木村,,59.3,61.5,,,,,,
204137,長野県天龍村,100,100,100,100,100,100,100,100,100
204145,長野県泰阜村,,70.4,72.6,74.8,77,81.8,81.2,83.4,85.6
204153,長野県喬木村,,63.6,65.8,68.8,71.6,72.3,75.1,74.8,75.2
204161,長野県豊丘村,,74.8,77,79.2,81.4,83.4,85.5,87.7,89.8
204170,長野県大鹿村,,,,,,,,,
204226,長野県上松町,,91.3,93.6,96,96.6,97.1,87.2,87.5,88
204234,長野県南木曽町,,100,100,100,100,100,91.6,91.8,80.9
204251,長野県木祖村,66.1,68.4,70.6,72.9,75.1,74.7,77,79.2,81.3
204293,長野県王滝村,77,78.8,83.1,85.1,87.3,89.5,91.8,94,96.2
204307,長野県大桑村,88.6,74.5,75.7,77,78.3,70.8,72.2,73.7,75.3
204323,長野県木曽町,72.1,72.2,54.9,57.5,55.7,58.2,60.7,62.8,65.4
204463,長野県麻績村,75.3,77.5,79.7,81.9,84.1,86.3,88.5,84.7,87.2
204480,長野県生坂村,,65,62.1,37.5,54.8,57.4,57.7,59.8,61.9
204501,長野県山形村,59.5,61.7,64,66.1,68.1,68.9,71.2,73.4,75.6
204510,長野県朝日村,70.4,72.6,74.8,77,79.2,81.4,83.5,85.7,87.9
204528,長野県筑北村,,67.8,70,72.3,74.5,76,78.5,81,83.5
204811,長野県池田町,78.9,78.9,79.2,63.7,56.4,60.3,60.8,62.7,64.3
204820,長野県松川村,,98.1,100,100,100,100,100,100,100
204854,長野県白馬村,50.7,54.1,56.2,55.9,60.7,60.2,61.2,63.2,64.7
204862,長野県小谷村,,33,28,37.6,40,42.4,44.8,47.2,49.5
205214,長野県坂城町,,100,100,100,100,100,99.9,100,100
205419,長野県小布施町,94.4,96.7,98.3,98.8,98.9,98.5,97.1,97.2,96.5
205435,長野県高山村,,49.6,51.8,54,56.2,58.4,60.6,62.8,65
205613,長野県山ノ内町,99,100,90.9,90.9,90.9,90.9,88.4,10.5,13.2
205621,長野県木島平村,88,84.7,86,86.9,88.3,88.8,80.6,81.3,82.3
205630,長野県野沢温泉村,94.6,99,95,74.5,75.2,76,76.8,77.7,78.5
205834,長野県信濃町,80.8,82.5,82.5,82.5,88,93.7,87,92.3,93.3
205885,長野県小川村,37.5,39.7,41.9,44.1,46.3,48.5,50.7,52.9,52.3
205907,長野県飯綱町,54.4,55.7,58.2,60.6,62.9,65.2,67.5,69.6,71.7
206024,長野県栄村,,96,99,85.5,86.2,86.9,87.6,88.2,88.9
212016,岐阜県岐阜市,70.3,60.5,61.7,62.6,64.4,64.7,66,67,68
212024,岐阜県大垣市,,77.2,79.4,81.6,83.5,84.2,86.2,87.7,89.7
212032,岐阜県高山市,50.7,52.9,55.1,57.2,59.3,61.5,63.5,65.3,67
212041,岐阜県多治見市,48.7,67.5,69.3,62.3,64.3,63.6,65.7,63.8,72.2
212059,岐阜県関市,65.2,65.8,68,68.3,49.8,51.5,53.6,55.7,57.8
212067,岐阜県中津川市,43.5,45.3,47.3,58.2,51.4,53.5,55,57.5,59.4
212075,岐阜県美濃市,68.2,68.2,62.3,70.5,72.5,72.5,74.6,76.6,81.1
212083,岐阜県瑞浪市,57.5,61.8,63.7,65.6,67.6,68.8,70.1,72.1,74.1
212091,岐阜県羽島市,,29.3,34.3,35.1,39.7,44.3,48.9,53.5,58.1
212105,岐阜県恵那市,,73.1,74.5,66.9,73.6,75.5,77.4,79.4,81.3
212113,岐阜県美濃加茂市,,,,71.8,72.3,72.7,73.5,74.2,75.2
212121,岐阜県土岐市,60.5,70.4,55.3,46,58.2,59.7,56.1,57.7,59.4
212130,岐阜県各務原市,64.1,66,67.1,69.2,71,73.1,74.5,77,79.7
212148,岐阜県可児市,56.2,64.9,,60.4,62.4,64.7,67,69.2,71.3
212156,岐阜県山県市,40.7,65.3,66.9,68.5,70.1,68.5,73,71.5,74
212164,岐阜県瑞穂市,,92.2,92.3,93.4,95.7,96.4,91.2,91.7,92.2
212172,岐阜県飛騨市,73.4,74.9,78.8,80.3,81.7,82.5,84,85.6,87.3
212181,岐阜県本巣市,70.1,59.1,53.3,55.2,57,58.9,60.8,62.6,64.5
212199,岐阜県郡上市,,63.6,66.6,67.2,67.6,69.6,71.4,74.4,75.7
212202,岐阜県下呂市,51.2,62.8,65,67.1,69.3,71.4,73.5,75.6,76.6
212211,岐阜県海津市,76.8,78.2,80.4,82.7,84.7,86.4,88,89.9,91.3
213021,岐阜県岐南町,,81.4,83.6,85.8,88,90.2,92.4,94.6,96.8
213039,岐阜県笠松町,77.6,89.4,90.5,90.8,91.1,91.5,91.8,92.2,92.5
213411,岐阜県養老町,52.4,51.6,36.7,39.2,41.6,43.9,44.5,46.8,49.3
213616,岐阜県垂井町,80.8,82.1,84.3,88,89.9,91.7,93.6,95.4,97.3
213624,岐阜県関ケ原町,79.4,84.9,86.8,88.6,90.5,92.4,94.3,95.7,96.8
213811,岐阜県神戸町,79.3,81.5,85.9,85.9,85.9,90.3,92.5,94.4,96.2
213829,岐阜県輪之内町,87,90,90,62.5,65.6,67.5,68.6,69.6,70.8
213837,岐阜県安八町,,56.8,,,66.3,66.3,68.3,70.6,72.8
214019,岐阜県揖斐川町,53.2,55.5,57.9,60.2,62.6,64.6,66.5,68.3,72
214035,岐阜県大野町,89.1,89.5,96.2,96.4,96.6,96.9,97,97.1,97
214043,岐阜県池田町,50.3,54.9,57.1,59.4,61.7,63.9,66.2,67.7,70
214213,岐阜県北方町,57.3,59,61.2,63.4,65.7,67.9,69.6,71.8,71.9
215015,岐阜県坂祝町,,36.9,55.1,56.9,59.8,62.6,65.4,68.1,54.5
215023,岐阜県富加町,44.9,46.9,47.4,49.6,51.8,54.1,56.3,58.5,60.7
215031,岐阜県川辺町,,70.4,66.4,67.3,67.2,69.5,68.9,82,83.9
215040,岐阜県七宗町,79.2,75.7,77.3,76.3,78.4,80.4,82.4,84.4,86.4
215058,岐阜県八百津町,77.5,79.1,80.8,82.4,84,84.1,86.1,87.3,88.6
215066,岐阜県白川町,,,37.2,39.4,41.9,37.5,45.3,46.9,80.2
215074,岐阜県東白川村,,,,,,,,,
215210,岐阜県御嵩町,83.2,85.9,85.9,88.7,91.5,93.5,94.1,94.7,95.3
216046,岐阜県白川村,95.1,67,10.9,15.8,89.4,89.9,90.4,78,81.1
221007,静岡県静岡市,58.6,61.1,58.3,53.5,59.6,62.1,64.6,67,70.1
221309,静岡県浜松市,38.4,39.6,41.8,45.6,47.7,49.7,51.9,54.3,
222038,静岡県沼津市,,82.4,85.8,87.3,88.8,89.9,89.4,23,20.8
222054,静岡県熱海市,,35.3,37.5,39.7,41.9,44.1,46.2,48.4,50.6
222062,静岡県三島市,61.1,62.3,63.7,65.6,66.9,68.6,70.5,71.6,73.2
222071,静岡県富士宮市,,62.9,61.2,63.1,65.1,65.3,63.8,65.9,67.9
222089,静岡県伊東市,94.2,68,69,70,71,72,73,70.9,97.7
222097,静岡県島田市,73.6,36.1,39.2,40.3,43.5,46.4,50,52.9,55.4
222101,静岡県富士市,,55.1,58.4,57.1,57,60.7,63.2,64,67.3
222119,静岡県磐田市,52.1,51.1,52.7,55,57.2,60.4,62.6,64.7,66.8
222127,静岡県焼津市,,59.8,54.7,58.7,60.4,63.2,66.8,69.2,72.1
222135,静岡県掛川市,,28.5,30.7,33.2,34.5,36.9,39.4,41.8,42.2
222143,静岡県藤枝市,49.2,54.2,55.3,59.1,57.9,55.5,57.9,60.3,62.5
222151,静岡県御殿場市,50.5,51.9,53.8,29,30.2,32.6,34.6,38.6,27.6
222160,静岡県袋井市,,47.2,48.8,52,19,22.8,26.5,30.3,32.5
222194,静岡県下田市,44.8,50.8,52.6,49.2,51.4,53.7,55.6,57.5,54.7
222208,静岡県裾野市,81,42.7,45.8,49,52.1,55.2,57.4,51.5,53
222216,静岡県湖西市,32.3,35,37.2,39.5,41.7,43.9,46.1,48.3,48.8
222224,静岡県伊豆市,61,68.7,70.6,73.1,74.1,74,75.5,76.2,78
222232,静岡県御前崎市,49.5,52.8,54.9,57.5,60.3,58.8,59.7,62.6,55.5
222241,静岡県菊川市,71.8,74.1,76.1,77.9,80.2,80.6,82.8,85.2,89.9
222259,静岡県伊豆の国市,,71.9,74.1,76.4,78.8,80.3,82.4,84.1,82.8
222267,静岡県牧之原市,,,,80.4,81.7,83,84.2,85.5,86.5
223018,静岡県東伊豆町,59.7,63.3,67,70.7,74.3,63.6,67.4,70.9,68.7
223026,静岡県河津町,,55.8,58,48.9,51.1,53.3,55.5,57.7,59.9
223042,静岡県南伊豆町,74,,74,78.2,80.2,82.3,84,85.8,87.6
223051,静岡県松崎町,,65.1,67.3,69.5,71.7,73.9,76.1,78.3,80.5
223069,静岡県西伊豆町,,,80.9,82.6,84.3,84.5,81.5,89.3,90.9
223255,静岡県函南町,72.9,,75.5,77.6,79.7,81.3,82.3,84.5,79.4
223417,静岡県清水町,75.7,77.7,79.6,81.3,83.4,85.2,87,86.5,87.8
223425,静岡県長泉町,59.6,62.2,64.3,66.9,69.5,72,74.6,76.6,78
223441,静岡県小山町,,56.3,58.3,60.2,62.2,64.2,66.2,69.8,71.7
224243,静岡県吉田町,,76.9,53.2,55.7,58.2,52.6,55.6,58.4,61.5
224294,静岡県川根本町,,73.9,75.6,77.6,79.6,81.5,83.4,75.1,76.5
224618,静岡県森町,,,4.9,7.4,9.9,12.4,14.8,17.3,19.8
231002,愛知県名古屋市,63.3,65,66.5,68,69.2,74.6,74.6,74.2,
232017,愛知県豊橋市,47.1,49.4,51.8,54.1,56.5,58.7,60.3,63.3,64.5
232025,愛知県岡崎市,,70.2,68.4,70.6,70.4,72.5,74.7,76.4,77.9
232033,愛知県一宮市,29.6,26.6,27.9,30.3,29,31.4,33.8,34.8,37.3
232041,愛知県瀬戸市,,73.4,75.6,74.6,76.9,78.4,80.7,78.1,79.6
232050,愛知県半田市,,45.9,42.7,44.3,46.5,49.1,50.2,51.3,53.5
232068,愛知県春日井市,,42.5,43.9,45.8,47.4,47.8,47.8,48.9,50.9
232076,愛知県豊川市,,53.9,55.8,58.4,60.6,62.8,64.8,66.9,69
232084,愛知県津島市,,62,64,65.9,67.6,69.6,71.6,72.2,74.3
232092,愛知県碧南市,63.6,62.3,64.7,66.9,69.1,71.6,73.2,75.6,78.1
232106,愛知県刈谷市,29.8,42.3,39.5,41.2,42.8,44.6,46.4,46.9,49.8
232114,愛知県豊田市,37.5,39.5,41.5,43.5,45.4,44.9,42.4,48.8,50.3
232122,愛知県安城市,67.1,68.8,64.1,66,67.8,65.2,67.4,69.6,71.6
232131,愛知県西尾市,44.9,46.7,48.5,52.4,54.1,56,55.2,56.5,58.9
232149,愛知県蒲郡市,,86.3,87.4,88.5,90,90.1,46.6,41.2,44
232157,愛知県犬山市,93,3.1,6.1,8.2,10.4,12.6,12.6,17,19.1
232165,愛知県常滑市,,49.4,51.6,53.9,55.5,57.2,59.5,60.7,62.1
232173,愛知県江南市,97.8,99.1,16.6,3.9,7,10.2,13.3,16.5,19.6
232190,愛知県小牧市,69.5,64.6,67.3,69.6,72.1,73.6,75.9,78.3,78.6
232203,愛知県稲沢市,62.1,61.1,62.7,66.7,67,60.9,59.5,62.3,64.9
232211,愛知県新城市,,92.5,93.8,94.4,95.1,95.7,96.2,96.6,86.2
232220,愛知県東海市,61,63.1,64.9,67.1,66.5,68.8,71.1,69,66.2
232238,愛知県大府市,,64.1,62,63.4,65.1,67.6,69,72,72.9
232246,愛知県知多市,77.1,76.6,78.7,80.8,74.2,76.5,78.7,81,82.5
232254,愛知県知立市,,74.7,77.2,77.7,76.7,78.7,81.2,83.4,79.5
232262,愛知県尾張旭市,,88.2,90,91.8,93.7,95.5,97.3,99.2,100
232271,愛知県高浜市,,84.6,86.8,89,91.2,93.4,92.4,86,80.2
232289,愛知県岩倉市,,57.5,60.2,58,60.2,62.9,65.7,39.9,42.7
232297,愛知県豊明市,,66.7,68,70.2,72.5,74.7,77,82.2,76.7
232301,愛知県日進市,47.1,49.2,50.8,52.9,55,57.1,58.8,60.9,63.1
232319,愛知県田原市,76.6,79,72.9,75.4,74.7,77.5,80.1,82.8,85.5
232327,愛知県愛西市,,66.4,68.4,70.4,71.9,72.6,72.6,74.4,75.5
232335,愛知県清須市,46.9,48.9,49.4,49.9,53.9,63.6,62,51.7,52.3
232343,愛知県北名古屋市,,70.9,47.8,49.9,53.6,55.4,53.8,57.2,57.9
232351,愛知県弥富市,58.5,62.6,64.5,66.3,68.2,70.1,70.7,72.6,74.5
232360,愛知県みよし市,,66.9,67.4,,,,68.4,69.8,70.3
232378,愛知県あま市,,61.3,62.7,65,67.3,69.6,71.6,73.9,76.2
232386,愛知県長久手市,59.4,63.8,66,68.2,70.4,60.4,58.9,60.8,63.6
233021,愛知県東郷町,54.8,57.1,59.3,61.6,63.8,64.9,67.3,69.6,70.7
233421,愛知県豊山町,52.5,68.3,69.2,69.9,71.9,72.4,71.8,73.2,74.5
233617,愛知県大口町,,90.7,,95.5,96.1,96.7,97.3,96.7,97.3
233625,愛知県扶桑町,66.5,68.5,70.9,,75.9,78.2,73,73.4,75.1
234249,愛知県大治町,,46.6,48.9,50.9,45.5,47.8,46.5,49.2,51.9
234257,愛知県蟹江町,56.9,59,60.8,62.6,64.4,66.2,68,69.3,70.3
234273,愛知県飛島村,,68.1,78.1,71.2,73.2,66.8,69.5,72.1,74.8
234419,愛知県阿久比町,,,,,,,,,
234427,愛知県東浦町,,82.9,85.5,86.8,88.2,88.5,88.5,87.1,86.3
234451,愛知県南知多町,,57.2,59.3,61.5,63.3,,57.4,60.8,64.7
234460,愛知県美浜町,,72,75,78,81,84,87,90,93
234478,愛知県武豊町,62.8,65.5,68.2,69.8,71.3,72.9,36,37.4,39.9
235016,愛知県幸田町,,57.1,60.3,62.7,64.4,63.8,67.2,70.9,72.6
235610,愛知県設楽町,,,,,,82.6,82.8,85,81.2
235628,愛知県東栄町,,,,,,81.9,76.6,78.8,81
235636,愛知県豊根村,,43.3,45.7,49.6,50.9,53,54.9,57.4,61.4
242012,三重県津市,,65.6,67.6,69.6,65.1,31.6,35.3,39.4,42
242021,三重県四日市市,47.1,49.2,50.9,52.3,52.6,31.4,33.6,35.1,37.1
242039,三重県伊勢市,79.2,55.9,77.1,78.1,77.1,79.9,81.5,84,86.6
242047,三重県松阪市,,64.9,66.8,66.6,66.5,67.5,68.8,67.8,69.4
242055,三重県桑名市,73.9,76,78.2,80.4,82.5,84.6,86.7,88.8,90.8
242071,三重県鈴鹿市,,93.2,95.4,96.8,45.3,36.1,38.6,41.6,44.4
242080,三重県名張市,,75.4,77.6,79.9,82.1,50.4,51.8,53.6,
242098,三重県尾鷲市,,100,100,100,100,100,100,100,100
242101,三重県亀山市,,76.1,75.8,77.9,77.9,77.9,85,85.9,78.4
242110,三重県鳥羽市,72.5,74.3,67.5,76.2,37.5,22,23.9,26.4,28.6
242128,三重県熊野市,,,,,,,,72.2,78.5
242144,三重県いなべ市,,87.9,89.5,89.3,86.9,85.9,87.8,89.7,47.6
242152,三重県志摩市,,58.2,55.7,54.7,57.1,59.6,61.8,65.3,66.1
242161,三重県伊賀市,70.3,72,67.2,75.7,77.8,79.7,80.6,80,76.3
243035,三重県木曽岬町,,98.3,98.3,98.4,98.5,97.8,88,88.8,89.3
243248,三重県東員町,68.3,63.6,65.8,67.9,70.1,71,71.7,72.4,71.4
243418,三重県菰野町,65.8,67.9,70.1,72.2,72.9,74.3,76.5,78.7,
243434,三重県朝日町,71.8,71.8,78.4,80.6,82.7,84.9,87.1,89.3,91.5
243442,三重県川越町,72.6,74.3,73,75,76.8,78.6,79.7,81.7,83.6
244414,三重県多気町,67.8,70.2,72.7,75.1,77,78.7,84.7,81.8,83.5
244422,三重県明和町,57.2,59.4,61.6,63.8,66,66.5,68.8,72.3,74.6
244431,三重県大台町,83.6,96.4,99,100,100,100,100,100,100
244619,三重県玉城町,76.1,77.7,77.7,79.2,82.1,79.6,81.2,82.9,84.5
244708,三重県度会町,73.8,53.3,55.6,57.6,59.3,61.1,63.5,65.7,67.6
244716,三重県大紀町,,84.8,85.2,,,78.7,82.6,83.5,86.5
244724,三重県南伊勢町,,72.6,74.6,76.6,78.5,80.3,82,83.5,80.4
245437,三重県紀北町,88.7,85.4,87.2,83.2,84.6,84.6,95.1,97.3,82.9
245615,三重県御浜町,90,96,96,99,100,100,100,100,
245623,三重県紀宝町,59.6,65.6,68.6,70.6,72.2,73.8,75.4,75.2,78.6
252018,滋賀県大津市,,65.5,67.6,58.5,60.7,62.9,64.5,66.7,68
252026,滋賀県彦根市,,,,,,,,,
252034,滋賀県長浜市,65.9,66.9,68.7,70.6,52.3,54.6,56.1,56,58.6
252042,滋賀県近江八幡市,,62.2,34.5,37.8,41.2,43.7,45.7,47.7,50.1
252069,滋賀県草津市,,86.2,86.9,88,88.9,89.9,90.7,91.3,92.2
252077,滋賀県守山市,60.6,60.8,59.9,65,63.3,62.1,64.3,64,65.7
252085,滋賀県栗東市,85.2,87.5,89.9,92.2,94.2,95.9,97.6,72.7,73.3
252093,滋賀県甲賀市,68,66.4,68.4,65.6,50.4,52.3,56.9,51,55.9
252107,滋賀県野洲市,,50.9,52.7,54.9,57.2,44,46.3,45.6,45.5
252115,滋賀県湖南市,68.5,72.4,74.4,76.3,78.3,79.9,77.7,77.8,78.7
252123,滋賀県高島市,68.9,67.9,67.4,69.8,72,74.4,75.9,76.3,76.7
252131,滋賀県東近江市,,61.7,,,,,,,
252140,滋賀県米原市,39.2,40.1,42.4,44.3,46.5,48.9,51.4,58,59.9
253839,滋賀県日野町,,86.1,87.7,89.4,91.1,92.6,94.3,95.9,87.6
253847,滋賀県竜王町,30.9,33.2,35.5,37.9,40.2,42.5,44.9,47.1,49.4
254258,滋賀県愛荘町,,,46.1,48.2,50.3,52.1,54.1,51.5,54
254410,滋賀県豊郷町,47.8,,52.5,54.8,57.2,59.5,61.6,63.9,66.3
254428,滋賀県甲良町,,,,,,,,,
254436,滋賀県多賀町,70.2,,76,78.4,80.6,83,85.4,87,86.5
261009,京都府京都市,,,55.2,56.8,58.1,60.5,61.6,63.6,65.5
262013,京都府福知山市,79.9,62.2,61.9,62.7,63.7,63.5,64.3,65.9,67.2
262021,京都府舞鶴市,,66.9,69.1,71.8,72.5,74.2,76.1,78.1,80
262030,京都府綾部市,50.9,67,69.1,71,39.2,38.1,40.2,42.4,43.7
262048,京都府宇治市,,57.7,47.6,49.8,52.1,54.4,56.6,58.9,61.2
262056,京都府宮津市,95.5,95,95.6,96,96.3,96.5,95.5,95.8,
262064,京都府亀岡市,62,66.1,68.3,70.5,72.7,74.9,77.1,79.3,81.5
262072,京都府城陽市,68.2,68.2,70.4,72.6,74.8,77,79.2,81.4,83.6
262081,京都府向日市,,55.2,52.8,57.2,59.2,61.4,63.6,63.9,66.1
262099,京都府長岡京市,65.3,59.4,60,62.4,64.8,67.2,69.3,71.2,72.8
262102,京都府八幡市,78.1,68.1,66.9,69,70.7,72.8,82.2,,
262111,京都府京田辺市,59.5,61.8,62,61.9,64.6,59.8,62.8,65.8,68.8
262129,京都府京丹後市,63,65,65.6,68.2,70.1,72.2,74,73.6,75.7
262137,京都府南丹市,42.2,59,46,48.2,53.8,56,58.2,60.3,62.4
262145,京都府木津川市,,66.9,68.8,65.7,67.7,64.4,66.5,68.5,66.7
263036,京都府大山崎町,63.8,66,42.3,44.5,46,48.8,51,53.2,55.4
263222,京都府久御山町,84.5,86.1,86.7,87.2,87.6,89.1,89.1,90.7,90.7
263435,京都府井手町,,,,,,,,,
263443,京都府宇治田原町,46.2,72.2,74.4,76.6,78.8,81,83.3,85.5,86.5
263648,京都府笠置町,,,,,,,,,
263656,京都府和束町,,76.6,76.4,78.3,80.2,82.2,84.1,86,88
263664,京都府精華町,54.1,55.9,66.3,67,69.9,69.9,70.6,71.9,73.3
263672,京都府南山城村,,,,,,,,,
264075,京都府京丹波町,,79,80.3,82.2,83.5,84.7,85.7,86.7,87.7
264636,京都府伊根町,91.2,92.2,93.3,94.3,95.4,96.4,100,100,
264652,京都府与謝野町,58.1,59.1,61.2,64.2,68.2,70.2,72.2,73.7,75.4
271004,大阪府大阪市,42.3,44.5,46.8,49.1,51.4,53.7,56,58.3,60.6
271403,大阪府堺市,54.5,56.5,58.5,60.4,62.2,47.6,44.7,46.9,48.4
272027,大阪府岸和田市,,56.1,58.2,58.6,60.5,60.2,61.3,61.8,63.7
272035,大阪府豊中市,,57.8,61.6,60.7,62.7,59.9,58.2,60.5,62.9
272043,大阪府池田市,,49.3,51.4,53.6,52.7,53.6,55.3,57.7,60
272051,大阪府吹田市,49.8,51.9,53.9,56.1,57.9,60.1,62.4,64.6,66.8
272060,大阪府泉大津市,,25.8,58.8,61.1,63.8,66,66.9,65.9,54.6
272078,大阪府高槻市,,,,,,46.1,48.3,49.1,52.2
272086,大阪府貝塚市,,75.6,73.3,75.5,77.8,79.7,81.8,82.3,84.5
272094,大阪府守口市,67.8,68.3,70.5,74.7,74.8,78.2,83.1,75.9,77.4
272108,大阪府枚方市,58,69.6,69.5,69.9,71,73.5,75.8,77.2,79.2
272116,大阪府茨木市,,48.4,50.6,52.7,54.2,56.3,57.7,59.3,60.7
272124,大阪府八尾市,,42.6,44.8,46.9,49.1,51.4,53.6,55.9,57.5
272132,大阪府泉佐野市,,52,53.5,52.6,54.9,56.7,59.2,57,62.7
272141,大阪府富田林市,80.6,82.5,84.1,85.9,87.6,89.4,91.2,86.8,84.8
272159,大阪府寝屋川市,62.9,65.5,68.1,68.8,72.5,74.1,76.4,76,77.5
272167,大阪府河内長野市,79.2,81.5,83.9,86.2,88.5,90.9,93.2,95.5,96.8
272175,大阪府松原市,,88.3,89.4,86.3,87.6,88.9,90.2,90.7,92
272183,大阪府大東市,46,48.1,50,52.1,53.5,55.3,57.4,60.5,62.7
272191,大阪府和泉市,,50.6,52.1,54.8,57.1,59.5,61.5,63.8,66
272205,大阪府箕面市,,55.4,,,,,,,
272213,大阪府柏原市,48.6,77.7,79.8,83.3,85.5,87.6,88.4,90.6,91.6
272221,大阪府羽曳野市,44.1,46.2,48.3,50.4,51.4,53.5,55,50.4,52.7
272230,大阪府門真市,45.9,47.7,9.9,13.6,17.3,21,24.7,28.4,32.1
272248,大阪府摂津市,,63.7,65.7,67.6,69.6,71.5,35.2,37.3,38.4
272256,大阪府高石市,6.5,47.7,9.9,17.1,20.6,24.1,27.4,30.7,34
272264,大阪府藤井寺市,44.9,47.2,,75.7,76.6,78.4,79.7,80.7,81.8
272272,大阪府東大阪市,,50.7,52.8,55,57.1,59.2,61.3,61.8,63.7
272281,大阪府泉南市,,87.3,88.2,89,89.8,90.6,91.4,92.2,92.9
272299,大阪府四條畷市,60.8,60,64.9,66.6,68.3,70,71.7,73.2,75.2
272302,大阪府交野市,55.5,55.6,57.7,53.5,55.3,55,56.8,58.3,60.6
272311,大阪府大阪狭山市,,62.5,63.1,66.3,68.7,70.3,73.3,75.7,78
272329,大阪府阪南市,,73,79.7,81.3,82.3,84,85.6,87.2,88.8
273015,大阪府島本町,64,66.2,68,70.3,72.5,74.8,77,79.3,81.5
273210,大阪府豊能町,,48,50.1,,53,55.4,56.4,58.7,61
273228,大阪府能勢町,,56.1,58.1,60.2,62.3,64.4,63.4,65.6,67.8
273414,大阪府忠岡町,,38.2,65.6,21.8,44.7,45.8,47.3,48.8,47.6
273619,大阪府熊取町,,45.7,47.8,50.1,52.3,54.4,56.7,58.8,60.9
273627,大阪府田尻町,,100,100,91,91.6,77,78.7,80.3,81.9
273660,大阪府岬町,100,99.7,100,100,100,94.2,95,95.7,83
273813,大阪府太子町,46.8,48.8,50.9,52.9,53.8,54.9,56.3,57.5,58.1
273821,大阪府河南町,,48.4,,51.3,52.9,53.1,55.4,57.9,60.3
273830,大阪府千早赤阪村,56.4,64.3,67,69.8,72.5,73.3,75.6,75.1,44.8
281000,兵庫県神戸市,44.2,46.9,49.4,51.3,52.4,54,55.8,57.8,59.6
282014,兵庫県姫路市,55.5,56.9,57.8,58.6,60.3,61.8,60.9,63.1,65.2
282022,兵庫県尼崎市,62.2,65.2,67.4,69.4,71.6,73.8,76,69.1,69.5
282031,兵庫県明石市,60.8,59.9,58.4,60.8,61.7,61.3,64,66.8,69
282049,兵庫県西宮市,69.5,71.4,73.2,75,75.8,75,76.8,77.7,78.8
282057,兵庫県洲本市,,37,32.7,34.9,37,39.2,41.4,43.6,45.8
282065,兵庫県芦屋市,,58.8,60.1,55.3,56.6,58.2,59.6,61.1,63
282073,兵庫県伊丹市,64.6,31.6,29.9,32.8,35.8,38.7,40.1,43,45.7
282081,兵庫県相生市,,80.9,77.3,79.4,81.4,83.2,85,86.3,87.1
282090,兵庫県豊岡市,73.7,76.8,76,78.1,80.3,80.3,82.3,82.9,75.5
282103,兵庫県加古川市,41.3,43.7,46.2,48.6,51,52.8,55.2,57.7,60
282120,兵庫県赤穂市,,64.9,66.9,66,68,69.9,71.5,73.2,74.4
282138,兵庫県西脇市,,60.5,62.4,65.1,64.1,65.7,67.8,69.8,71.9
282146,兵庫県宝塚市,,61,63.3,67.1,69.4,71.8,73.3,74.8,76.8
282154,兵庫県三木市,67,66.6,43.8,30.7,29.1,31.5,35.9,39,42
282162,兵庫県高砂市,,64.2,65.9,68,70,72.1,74.1,76.1,78.1
282171,兵庫県川西市,66.8,39.3,40.7,42.9,45.1,46.6,49.8,52.2,54.2
282189,兵庫県小野市,,52.9,54.9,56,58.2,60.3,62.5,57.1,57.8
282197,兵庫県三田市,43.2,45.4,47.6,49.7,51.7,53.9,56.3,58.4,
282201,兵庫県加西市,66.9,75.2,85.7,87.8,90,92.1,94.2,95.8,97
282219,兵庫県丹波篠山市,,42.5,44.9,47.1,49.3,51.4,61.7,55.3,57.2
282219,兵庫県丹波篠山市,,42.5,44.9,47.1,49.3,51.4,61.7,55.3,57.2
282219,兵庫県篠山市,,42.5,44.9,47.1,49.3,51.4,61.7,55.3,57.2
282219,兵庫県篠山市,,42.5,44.9,47.1,49.3,51.4,61.7,55.3,57.2
282227,兵庫県養父市,,77.9,78.7,80,82.1,83.8,83.9,85.1,76.6
282235,兵庫県丹波市,57,59.6,59.6,63.8,65.6,67.9,70.4,71.9,73.9
282243,兵庫県南あわじ市,52.2,51.3,54.6,56.5,57.4,,60.8,,
282251,兵庫県朝来市,,83.6,86.6,89.4,91.6,91.1,90.4,91.6,92.7
282260,兵庫県淡路市,,65.6,67,68.1,69.3,72.8,72,73.4,74.8
282278,兵庫県宍粟市,76,65.8,66.8,68.6,69.9,71.2,73.2,74.8,76.6
282286,兵庫県加東市,78.1,72,72.6,78.6,78.7,75.4,75.8,76.8,58.7
282294,兵庫県たつの市,,70.3,72.5,74.7,76.2,77.8,79.3,80.3,81.4
283011,兵庫県猪名川町,,48.1,50.4,50.7,52.6,55,57.7,59.5,61.9
283657,兵庫県多可町,,77.5,83.6,84.8,85.7,86.8,87.7,88.5,87
283819,兵庫県稲美町,,54.7,54.4,57.4,60.5,,61.7,69.2,67.7
283827,兵庫県播磨町,,,,90.3,81.8,84.1,86.1,88.4,90.4
284424,兵庫県市川町,,79.7,60.6,63.1,65.3,67.5,69.7,71.9,73.7
284432,兵庫県福崎町,,67.1,68.4,69.7,70.9,72.2,73.4,74.6,
284467,兵庫県神河町,59.2,61.8,64,66.1,68.5,70.5,72.9,75.2,78.1
284645,兵庫県太子町,,83.6,85.8,86,45.4,48.7,51.3,54.1,56.8
284815,兵庫県上郡町,,63.6,65.8,68,69.3,71.5,72.6,73.8,75.7
285013,兵庫県佐用町,,57,58.4,60.6,63,65.1,67.3,68.2,72.5
285854,兵庫県香美町,71.2,73.4,76.3,76,78.8,81.5,84.1,78.4,80
285862,兵庫県新温泉町,,,,,73.6,43.1,63.9,66.1,67.9
292010,奈良県奈良市,55.8,58,59.9,62,63.5,65.3,67.3,68.9,69.2
292028,奈良県大和高田市,,64.2,66.2,67.8,69.7,71.8,73.6,75.7,77.8
292036,奈良県大和郡山市,,76.6,75.9,77.6,79.2,80,89,87,77.8
292044,奈良県天理市,79.6,81.7,79.1,80,80.9,81.7,81.6,82.5,83.4
292052,奈良県橿原市,46.3,50.4,52,54.4,56.6,59.2,61.5,63.6,65.7
292061,奈良県桜井市,,71.9,74,75.7,78,80,82.3,84.6,86.9
292079,奈良県五條市,61.8,67.7,69.4,70.9,71.4,72.8,73.9,75.6,59.4
292087,奈良県御所市,,,,,,,,,
292095,奈良県生駒市,,33.8,45.7,48.5,51.1,53.8,65,65.6,65.3
292109,奈良県香芝市,,85.5,87.7,89.8,92,81.6,84.3,86.3,87.5
292117,奈良県葛城市,,63.4,65.6,84.8,84,82.7,83.3,85,86.5
292125,奈良県宇陀市,,72.1,75.1,77.3,,,84,85.8,84.7
293229,奈良県山添村,,75,76.7,77.6,80.2,82.2,77.3,87.1,88.8
293423,奈良県平群町,50.1,69.5,71.7,73.9,76.1,78.4,80.6,82.5,84.3
293431,奈良県三郷町,56.6,60.5,62.8,65.1,67.2,68.1,70.5,70.3,72.5
293440,奈良県斑鳩町,62.9,65.9,65.9,68.2,70.3,72.5,74.3,76.3,76.5
293458,奈良県安堵町,,33.2,35.4,37.6,39.8,41.1,,46.4,48.6
293610,奈良県川西町,73.1,75.2,75.7,78,80.2,73.5,75.8,78.2,80.7
293628,奈良県三宅町,77.8,80.6,83.1,78,78,89.9,91.1,92.4,93.7
293636,奈良県田原本町,,77.9,,81.2,83.4,85.6,87.8,89.9,
293857,奈良県曽爾村,,57.7,59.7,61,63.1,65.2,67.3,69.4,71.4
293865,奈良県御杖村,,87.4,89,90.6,91.5,92.9,95.3,62.5,75.7
294012,奈良県高取町,,,,,,,,,
294021,奈良県明日香村,,73.2,100,100,100,100,100,100,100
294241,奈良県上牧町,78.5,79.3,68.3,68.8,71.1,73.8,76.3,78.8,71
294250,奈良県王寺町,58.1,60.3,62.5,64.7,64.1,66.3,68.5,67.2,69.6
294268,奈良県広陵町,76.9,76.2,76.2,74.3,76.5,73.7,76,78.3,81.2
294276,奈良県河合町,,77.5,79.9,82.3,84.8,87.7,90,92.4,62.8
294411,奈良県吉野町,66.9,70.1,76,78.6,73.8,65.9,69.5,86.2,88.9
294420,奈良県大淀町,,90.2,92.1,94.1,96,97.4,98.4,99.5,100
294438,奈良県下市町,99.3,99.9,89.6,89.9,90.2,90.3,90.4,90.4,90.7
294446,奈良県黒滝村,,,100,100,100,46.2,34.1,44.6,42.8
294462,奈良県天川村,,84.2,83.2,75.4,75.5,75.6,76,76.3,76.7
294471,奈良県野迫川村,,,,,,,,,
294497,奈良県十津川村,,72.6,74.8,87.7,88.9,90.1,91.2,92.4,93.6
294501,奈良県下北山村,,,,,,,,,
294519,奈良県上北山村,86.4,87.3,91.7,92.2,92.8,93.3,93.8,94.4,94.9
294527,奈良県川上村,,82.5,85.9,88.1,90.2,92.3,94.4,95,98
294535,奈良県東吉野村,75,77.2,,,,,,,
302015,和歌山県和歌山市,80,100,74.8,70.8,73.1,75.4,74.6,77.1,79.6
302023,和歌山県海南市,59.7,60.2,62.9,65.3,67.4,65.1,66.4,69.1,73.1
302031,和歌山県橋本市,75.7,66.9,69.3,75.5,75.5,77.9,80.3,82.7,85
302040,和歌山県有田市,,76.9,79.1,81.3,16.8,15.6,15.9,18.5,12.2
302058,和歌山県御坊市,97.6,98.6,98.6,98.7,98.8,99,99.1,99.3,99.4
302066,和歌山県田辺市,39,41.3,39.9,41.9,43.5,27.6,27.4,30.2,32.9
302074,和歌山県新宮市,61.3,63.7,66.2,68.7,70.1,72.6,72.4,74.9,77.4
302082,和歌山県紀の川市,21.1,24.9,22.7,25.7,30.3,33.3,36.7,39.9,43.2
302091,和歌山県岩出市,,80.2,81.7,64.4,65.4,67.3,69.7,71,72.9
303046,和歌山県紀美野町,,,79.7,79.1,81.4,,,,
303411,和歌山県かつらぎ町,38.5,41.2,51,53.1,40.1,42.5,51.1,,
303437,和歌山県九度山町,42.2,44.8,47.4,49.9,52.5,53.5,56.1,58.7,61.3
303445,和歌山県高野町,74.8,77,79.2,81.4,83.6,85.8,88,70.8,77.5
303615,和歌山県湯浅町,78.9,81.1,83.4,85.5,87.5,89.3,90.2,89.8,92
303623,和歌山県広川町,51.6,56,56,56,60.4,62.6,64.8,67,69.2
303666,和歌山県有田川町,,92.2,88.4,85,86.1,87.2,88.3,87.6,86.2
303810,和歌山県美浜町,70.4,72.6,77.5,79.4,81.4,83.4,85.3,73.7,65.1
303828,和歌山県日高町,79.3,80.7,82.1,83.5,84.7,41.2,43.3,45.4,47.5
303836,和歌山県由良町,71.9,73.1,73.9,74.4,75.6,76.7,77.8,79,80.1
303909,和歌山県印南町,76.6,78.7,53,81.5,83.7,63.3,67.5,71.6,75.8
303917,和歌山県みなべ町,90.6,61.1,61.1,64.5,67.9,71.3,74.7,78.1,81.5
303925,和歌山県日高川町,70.4,64.8,72.6,74.6,41.7,42.5,44.4,46.9,49.5
304018,和歌山県白浜町,64.8,65.8,75.6,77.6,79.5,81.5,83.4,85.3,86.7
304042,和歌山県上富田町,,100,100,100,100,100,100,100,100
304069,和歌山県すさみ町,,57.2,59.4,,,,,,
304212,和歌山県那智勝浦町,65.5,67.6,69.3,69.3,72.6,74.8,76.7,78.5,73.7
304221,和歌山県太地町,,,,,,,,,
304247,和歌山県古座川町,,68.3,70.6,72.9,75.3,77.6,79.9,81.8,83.2
304271,和歌山県北山村,,92.4,,96.8,99,100,100,100,100
304280,和歌山県串本町,,76.7,78.7,81,83,78,79.1,81.1,83.4
312011,鳥取県鳥取市,78.6,78.9,81,81.2,83.6,84.8,86,43.3,45.2
312029,鳥取県米子市,74.3,76.2,77.8,,79.5,75.1,76.6,78.1,79.1
312037,鳥取県倉吉市,45.5,48.3,50.9,53.5,56,58.6,61.3,63.9,
312045,鳥取県境港市,,,59.9,,63.2,,,,
313025,鳥取県岩美町,,99.3,99.2,99.3,99.4,99.5,99.6,99.7,99.8
313254,鳥取県若桜町,,94.9,95.4,62.7,64.5,66.2,65.1,66.9,68.5
313289,鳥取県智頭町,,69.8,72.6,75.8,52,83,85.4,87.5,82.1
313297,鳥取県八頭町,,58,58.1,62.7,64.9,66.2,68.3,70.4,72.5
313645,鳥取県三朝町,,55.1,,57.3,58.9,60.8,59.9,61.7,63.7
313700,鳥取県湯梨浜町,91.5,50.3,95.4,96.5,97.5,98.5,99.7,99.7,86
313718,鳥取県琴浦町,71.6,74.3,70.1,72.2,72.1,72.9,75,77,79.1
313726,鳥取県北栄町,,58.2,56.6,58.2,60.7,62.2,56,58.3,61.4
313840,鳥取県日吉津村,,68.2,81,83.7,74.8,77,79.2,81.4,83.6
313866,鳥取県大山町,,72.8,74.8,76.6,78.5,79.6,82.1,83.4,84.8
313891,鳥取県南部町,,27.9,98.6,61.5,63.3,64.8,66.5,68.1,69.6
313904,鳥取県伯耆町,,57.5,52.9,55.5,58.1,60.7,63.2,65.8,67.6
314013,鳥取県日南町,56.2,100,82.4,21.4,23.6,19.6,48.5,47.2,50.3
314021,鳥取県日野町,90.6,96.3,99.1,100,100,100,100,100,100
314030,鳥取県江府町,57.5,62.5,65,67.5,70.1,72.6,71.3,73.8,73.1
322016,島根県松江市,36.9,33.9,36.3,38,40.2,42.5,44.8,46.9,49.2
322024,島根県浜田市,50.2,53.3,52.7,56.1,58.1,60.7,62.6,65.6,68.2
322032,島根県出雲市,75.6,76.9,78.3,79.5,80.8,82.2,81.5,83.1,44.6
322041,島根県益田市,93.6,94.6,95.6,96.5,97.3,98.2,98.7,59.5,63.1
322059,島根県大田市,,84,85.5,81.1,68.6,69.7,71.5,72.4,73.4
322067,島根県安来市,76,78.2,80,74.4,76.3,78.1,69.4,71.3,72.9
322075,島根県江津市,81.2,74.6,75.8,77.1,78.8,84.5,87.8,86.4,88.1
322091,島根県雲南市,,,79.8,62.3,63.7,66,68.2,70.3,72.2
323438,島根県奥出雲町,90.2,89.2,90.4,93.7,93,94.3,79.1,80.1,81.2
323861,島根県飯南町,43.2,47.9,52.9,56.6,59.3,59.8,62.4,65,67.4
324418,島根県川本町,62.4,64.6,66.9,70.1,79.2,79.2,81.8,84.4,81
324485,島根県美郷町,68.4,71.1,73.8,73.2,75.2,77.2,79.2,84.5,86.5
324493,島根県邑南町,82.6,82.6,85.4,86.6,87.5,88.6,87.7,88.6,89.8
325015,島根県津和野町,74.6,76.4,78.1,73.2,,83.8,85.3,86.8,88.3
325058,島根県吉賀町,,,50.8,55.7,57.4,60.1,62.1,63.9,63.9
325252,島根県海士町,,100,100,100,100,100,100,100,100
325261,島根県西ノ島町,53.7,41.9,45.4,48.8,52.3,54.5,58,61.5,65
325279,島根県知夫村,,44,48,50.2,52.4,54.6,56.8,59,61.2
325287,島根県隠岐の島町,,53.7,51.1,54,57,59.8,61.7,64.6,66.8
331007,岡山県岡山市,50.6,52.5,54.6,57.5,59.6,61.8,62.8,64.8,66
332020,岡山県倉敷市,46,48.4,49.6,51.9,47.3,49.6,51.9,53.9,55.2
332038,岡山県津山市,,64.4,66.4,68.4,70.4,72.3,73.9,75.5,80.7
332046,岡山県玉野市,71,73,77.1,79.2,81.2,83.3,85.4,87.4,89.2
332054,岡山県笠岡市,,51.3,52.5,54.2,56,57.9,58.9,60.5,62.4
332071,岡山県井原市,66.4,68.5,70.2,72.4,73.7,71.9,74,77.5,81.2
332089,岡山県総社市,35.2,37.4,39.6,39.6,44,45.7,47.7,49.7,51.7
332097,岡山県高梁市,,58.3,,,64.4,66.4,68.2,70.2,71.9
332101,岡山県新見市,,70.8,73.1,73.7,76,77.7,79.7,80.7,82.3
332119,岡山県備前市,,64,66.2,68.3,62.6,65.2,67.8,70.4,73
332127,岡山県瀬戸内市,,66.3,68.6,70.1,72.4,74.8,77.1,76.5,78.2
332135,岡山県赤磐市,53.9,54.4,56.6,58.8,61,62.4,64.6,67.6,69.8
332143,岡山県真庭市,,58.5,60.5,62.5,64.7,66.7,68.8,70.7,72.4
332151,岡山県美作市,,50.5,51.9,53.9,56.1,57.9,59.7,62.1,64.3
332160,岡山県浅口市,78.6,85.5,87.1,88.6,88.2,88.4,90,90,89.7
333468,岡山県和気町,70.8,41.5,,100,100,45.1,49,52.9,56.8
334235,岡山県早島町,,,,,,,,,
334456,岡山県里庄町,,,,,,,,,
334618,岡山県矢掛町,77.1,70.5,73.3,,79.3,76.5,79.4,74.2,77.2
335860,岡山県新庄村,,,,,,,,,
336068,岡山県鏡野町,,,,54.9,57.3,59.6,61.8,61.8,60.8
336220,岡山県勝央町,30.1,39.7,41.9,44.1,46.3,56.3,58.5,60.7,62.9
336238,岡山県奈義町,,60.8,70.9,72.9,74.8,76,74.4,76.4,78.5
336432,岡山県西粟倉村,100,100,100,100,,,,,
336637,岡山県久米南町,63.2,69.2,71.4,73.5,75.6,77.6,79.3,77.3,78.9
336661,岡山県美咲町,66.1,77.7,89.8,91.2,92.1,92.9,93.6,94.4,94.9
336815,岡山県吉備中央町,53.4,55.8,55.8,58.3,60.9,63.4,66,68.5,70.9
341002,広島県広島市,64.2,66.4,68.7,70.6,72.9,74.4,76.5,78.3,
342025,広島県呉市,,49.3,50.7,39.7,42.2,44.6,47,49.4,51.3
342033,広島県竹原市,46.2,40,47.9,48.8,51.4,54,56.5,59.1,61.7
342041,広島県三原市,77,81.6,69.7,71.9,74.2,76.5,77.1,80.9,83
342050,広島県尾道市,60.6,89.4,89.5,88.8,87.6,66,67.7,69.4,63.2
342076,広島県福山市,,55.2,58.8,60.6,37.8,33.8,36,38.8,40.9
342084,広島県府中市,58.9,59.8,61.5,73.8,76.9,78,78.5,79.6,80.7
342092,広島県三次市,,90.2,91.3,89.7,89.5,87.6,87.5,88.7,89.1
342106,広島県庄原市,47.1,47.1,49.5,51.6,52,54,55.6,57.5,59.5
342114,広島県大竹市,78.4,80.6,82.8,84.9,87.1,89.3,91.5,93.7,
342122,広島県東広島市,,59.1,61,63,65,67,61.2,62.8,64.8
342131,広島県廿日市市,,72.5,73.7,74.7,74.6,75.9,77.2,78.4,71.9
342149,広島県安芸高田市,43.2,45.3,47.5,47.4,74,75.8,77.6,78.1,72.8
342157,広島県江田島市,,,60.7,61.3,63.9,62.7,64.4,66.6,67.9
343021,広島県府中町,,77.2,78.7,80.2,81.7,83.1,62.3,65.1,
343048,広島県海田町,100,100,100,100,100,100,100,100,100
343072,広島県熊野町,,54.7,56.9,59.2,61.4,62,64.3,66.6,68.9
343099,広島県坂町,85.2,80.5,81.7,82.9,84,85.2,86.4,87.6,88.7
343684,広島県安芸太田町,70.6,71.7,73.6,75.4,77.8,79.6,81.3,83.1,84.8
343692,広島県北広島町,35.8,48.7,50.3,52.5,54.8,57.1,59.1,61.3,63.4
344311,広島県大崎上島町,59.9,38.3,40.7,43,45.3,47.7,50,52.3,54.7
344621,広島県世羅町,59.1,61,62.7,64.9,66.7,69.9,72.1,74.3,76
345458,広島県神石高原町,78.1,79.3,80.5,81.6,82.8,83.9,84.9,84.9,86.2
352012,山口県下関市,,68.6,70.2,64.3,66.4,69,70,70.9,75.1
352021,山口県宇部市,85.6,87.1,88.5,89.2,63.9,65,66.2,67.3,66.9
352039,山口県山口市,58.9,60.3,62.6,64,65.9,67.7,62.4,64.3,64.7
352047,山口県萩市,79.5,81.6,83.6,85.5,87.5,89.4,91.4,93.1,94.8
352063,山口県防府市,,18,20.4,22.8,25.1,27.5,29.9,32.3,34.7
352071,山口県下松市,49.5,48.9,50.9,52.9,54.9,53,57.5,59.9,59.3
352080,山口県岩国市,,56.5,58.5,60.3,61.9,64.1,66.1,70.1,69.6
352101,山口県光市,58,59.8,61.4,63.3,65.3,66,67.9,69.9,71.8
352110,山口県長門市,44.1,46.1,48,49.9,51.8,53.7,55.7,57.6,58.2
352128,山口県柳井市,85.8,88,90.2,92.3,94.5,96.7,98.9,99.9,99.9
352136,山口県美祢市,,81,84.4,83.9,86.7,88.2,89.5,88.8,92.5
352152,山口県周南市,53.6,55.8,57.8,58.8,61.1,63.5,65.6,68,70.4
352161,山口県山陽小野田市,70.5,72.4,74.2,76,77.8,79.6,81.3,83.1,84.9
353051,山口県周防大島町,53,55.2,57.4,59.7,60.2,62.5,66.2,68.3,70.4
353213,山口県和木町,71.1,73.3,75.5,77.7,79.4,78.4,80.4,82.8,85.1
353418,山口県上関町,72.6,74.8,77,79.2,81,83.3,83.5,85.3,87.6
353434,山口県田布施町,70.8,65.9,67.2,68.5,69.9,71.2,72.4,73.8,75.1
353442,山口県平生町,74,76.4,78.8,81.2,83.6,84.2,80.5,83.2,85.8
355020,山口県阿武町,81.9,52.5,54.8,56.6,58.1,60.2,62.6,64.9,58.4
362018,徳島県徳島市,78.7,81,79.4,85.3,86.9,89.7,91.5,93.5,95.6
362026,徳島県鳴門市,89.3,88.8,89.8,91,91.5,86.6,87.6,88.4,90.6
362034,徳島県小松島市,68.7,70.9,69.7,74.3,74,79,80.6,82.5,84.4
362042,徳島県阿南市,47.7,45.6,47.4,49.6,51.8,53.9,47.3,40.3,38.2
362051,徳島県吉野川市,75.6,77.7,79.5,81.4,83.2,14.4,16.6,20.1,23.6
362069,徳島県阿波市,72.8,75.1,77.1,79.7,81.8,83.5,85.6,87.7,89.6
362077,徳島県美馬市,44.7,50.6,52.5,54.4,56.4,58.3,60.3,62.2,56.9
362085,徳島県三好市,64.6,72.6,71,62.9,65.2,67.4,69.7,71.8,70.7
363014,徳島県勝浦町,67.7,69.7,71.7,73.7,74.1,70.4,69.9,72,74.2
363022,徳島県上勝町,87,90,93,96,99,100,100,100,94.9
363219,徳島県佐那河内村,55.2,57.9,60.6,63.2,65.9,67.6,69.6,71.2,74.1
363413,徳島県石井町,28,41.6,43.8,46,48.1,50,52.2,54.5,37.4
363421,徳島県神山町,84,85.2,86.5,94.4,95.2,96.1,96.9,91.2,94.5
363685,徳島県那賀町,83.4,82.6,87.5,88.7,86.3,86.5,86.7,87.6,51.2
363839,徳島県牟岐町,61.6,64.1,66.5,69,71.4,73.9,73.9,76.3,81.2
363871,徳島県美波町,49.5,52.3,57,60,61.6,64.7,69,69.3,72.4
363880,徳島県海陽町,51.7,54.2,59.9,62.5,59.9,62.9,65.9,68.6,71.2
364011,徳島県松茂町,62.8,63.4,65.3,67.2,69,65.4,68.2,70.2,72.2
364029,徳島県北島町,37.8,52.6,55.5,57.9,60.6,63.4,66.2,68.4,68.7
364037,徳島県藍住町,21.2,23.3,25.4,27.4,28.5,31.2,33.3,24.8,37.5
364045,徳島県板野町,50,52,54.1,56.1,58.1,60.1,62.1,64.1,66.1
364053,徳島県上板町,74.2,80,83.4,86.8,90.2,93.6,97,98.5,98.6
364681,徳島県つるぎ町,42.5,45,48.5,50.9,49.4,51.9,54.4,49,51.4
364894,徳島県東みよし町,43.5,45.6,46,48.2,50.4,52.6,54.8,56.9,59.1
372013,香川県高松市,,39.4,33.8,41,42.9,44.2,45.6,50.1,52.4
372021,香川県丸亀市,71,73.2,74.5,78.1,80.8,82,67.8,73,76
372030,香川県坂出市,99.6,99.6,94.9,95.1,95.2,93.6,81.7,56.9,68
372048,香川県善通寺市,57.7,60.2,58.8,61.3,63.9,66.1,68.3,70.8,73
372056,香川県観音寺市,33.6,26.9,26.7,30.5,41.6,42.5,44.6,45.8,47.8
372064,香川県さぬき市,,80,75.9,78,52.7,55,57.3,59.7,62.1
372072,香川県東かがわ市,58.2,57.8,60.1,62.4,64.7,66.3,66.6,66,68.3
372081,香川県三豊市,57.4,59.2,59.2,60,62.2,62,54.3,56.4,57.8
373222,香川県土庄町,,57.1,61.4,63.4,65.3,63.3,65.8,68.1,69.5
373249,香川県小豆島町,,43.8,45.9,48.1,50.2,52.3,48.3,50.7,52.9
373419,香川県三木町,,62.2,64.4,66.6,68.8,76.8,78.7,80.5,81.2
373648,香川県直島町,,,,,,,,,
373869,香川県宇多津町,68.2,69.4,70,70.9,71.8,82.1,83,74.8,76.4
373877,香川県綾川町,60.2,63,64.8,67.5,69.8,74.6,68.2,71,73.7
374032,香川県琴平町,24.3,26.5,29,31.2,33.3,35.6,37.8,39.9,41.8
374041,香川県多度津町,75.7,77.1,74.5,75.7,77.7,78.7,81.8,83.6,81.1
374067,香川県まんのう町,32.2,34.5,36.7,38.9,39.4,40.6,42.8,45,45.6
382019,愛媛県松山市,,45.3,47.9,50,52.5,55.1,57.6,59.9,62.5
382027,愛媛県今治市,,71.4,72.3,74.5,77.7,81,82.6,84.5,85.8
382035,愛媛県宇和島市,52.4,54.6,56.8,48.1,50.5,52.9,54.7,57,59.4
382043,愛媛県八幡浜市,53.4,51.4,53.7,55.5,57.2,59.6,61.8,60.3,62.4
382051,愛媛県新居浜市,,75.5,76.4,76.5,71.7,58.1,60.5,63.2,63.2
382060,愛媛県西条市,67.6,67.6,67.9,67.2,69.5,70,72.3,74.6,76.9
382078,愛媛県大洲市,,69.6,69.7,72.1,72.9,75,77.3,78.6,80.1
382108,愛媛県伊予市,55.3,55.3,55.5,57.4,59.4,61.1,61.5,62.5,64.2
382132,愛媛県四国中央市,57.2,59.3,61.5,63.7,66,67.9,70.1,72.1,70.2
382141,愛媛県西予市,66,75.3,77.3,77.7,78.9,79,78.2,73.3,75.2
382159,愛媛県東温市,53.4,51.8,54.1,53,55.3,57.2,60.6,62.6,64.5
383562,愛媛県上島町,58.9,60.3,62.3,64.2,65.8,67.6,69.6,72.5,74.3
383864,愛媛県久万高原町,65.3,67.3,68.7,71,72.5,74,74.4,72,73.7
384011,愛媛県松前町,46.4,48.5,50.6,52.7,51.8,53.9,56,58.1,60.2
384020,愛媛県砥部町,40.9,43,48.4,50.6,52.9,51.9,54.1,56.3,58.3
384224,愛媛県内子町,53.6,48.3,50.3,65,66.3,68.1,70,72.1,73.9
384429,愛媛県伊方町,53.5,55.7,57.8,56.8,59.1,61.4,63.6,66,68
384844,愛媛県松野町,48.8,51.3,53.7,56.2,54.3,56.7,58.9,56.1,58.5
384887,愛媛県鬼北町,80.2,82.3,85.1,89.4,65,59.3,62,64.5,66.8
385069,愛媛県愛南町,50.6,52.8,55,57.1,59.1,61.9,63.8,64.9,63.5
392014,高知県高知市,,40.5,42.1,44.9,45.6,47.6,49.5,51.2,52.8
392022,高知県室戸市,39.7,59.6,72.9,74.3,80.2,71.4,75,90.6,92
392031,高知県安芸市,72.1,71.6,74.1,76.4,78.6,80.7,82.1,84,85.8
392049,高知県南国市,49,54.6,56.9,59.7,63.1,63.9,67.1,70,72.2
392057,高知県土佐市,68.6,69.5,71.4,73.3,75.2,76.3,78.3,80.3,82.3
392065,高知県須崎市,55.9,40.2,40.2,43.5,45.6,49.3,51.2,53.6,50.9
392081,高知県宿毛市,47.4,48.1,50.1,52.1,54.1,56.2,58.8,60.9,62.9
392090,高知県土佐清水市,35.2,37.4,42.3,44.1,46.3,53.7,50.8,53,55.2
392103,高知県四万十市,72.5,74.1,75.8,77.5,79.2,80.8,82.5,83.5,84.8
392111,高知県香南市,40.5,42.7,44.8,47,49.1,48.9,53.1,53.7,57.5
392120,高知県香美市,44,48.4,50.3,48.8,50.7,53.2,55.8,43.6,57.5
393011,高知県東洋町,,77,79.2,81.4,83.6,93.5,95.3,94.2,96.1
393029,高知県奈半利町,,,,,,,,,
393037,高知県田野町,66,70.4,70.4,67.3,69.5,71.7,73.9,76.1,83.6
393045,高知県安田町,98.3,98.7,99.1,99.5,99.9,100,100,100,100
393053,高知県北川村,57,,,,,,,,
393061,高知県馬路村,48.2,51.5,49,54,56.4,60.5,,,
393070,高知県芸西村,67.1,68.3,70.5,72.7,74.9,77.1,78.4,79.1,80.4
393410,高知県本山町,71.3,100,,,,63.8,64.8,65.8,66.8
393444,高知県大豊町,79,,,,,,,,
393631,高知県土佐町,80.4,82,82.9,83.8,86.3,87.3,88.8,85.4,90.7
393649,高知県大川村,,79.2,84,87,90,90,96,,
393860,高知県いの町,99.2,98.4,98.5,98.5,98.5,98.6,98.6,98.3,95.3
393878,高知県仁淀川町,83.1,92.9,88.4,91.7,93.4,95.1,97.6,99.3,100
394017,高知県中土佐町,69.8,70.9,55.6,45.5,48,50.3,42.8,45.4,48
394025,高知県佐川町,76.1,74.7,77.4,79.5,81.2,82.9,82.1,83.7,85.4
394033,高知県越知町,63.4,65.6,67.7,69.9,72,74.1,76.2,76.2,82
394050,高知県梼原町,78.5,79.7,84,88.6,93.1,94.8,94.8,94.2,95.1
394106,高知県日高村,,,52.5,55.2,58,64.3,66.4,68.5,70.9
394114,高知県津野町,,75.1,77.2,78.1,80.1,81.9,79.7,80.9,82.8
394122,高知県四万十町,43.4,45.5,48.2,50.8,53.3,55.9,58.2,60.3,61.1
394246,高知県大月町,,,,,,,,,
394271,高知県三原村,,,,,,,,,
394289,高知県黒潮町,,,,,,,,,
401005,福岡県北九州市,,61.4,63.7,66,56.5,57.6,57.4,59.1,60.6
401307,福岡県福岡市,74.1,74.8,74.9,43.6,44.7,47.2,48.9,48.3,50.4
402028,福岡県大牟田市,86.3,88.5,90.6,92.7,94.8,94.9,95.6,96.3,18.6
402036,福岡県久留米市,,39.9,41.9,44.7,39.7,42.1,45.9,52.6,52.5
402044,福岡県直方市,,99.6,99.9,99.9,99.9,100,89.2,89.5,89.8
402052,福岡県飯塚市,,,,,,,83.5,36.9,39.5
402061,福岡県田川市,73.5,76.2,66,65.9,67.8,69.8,71.7,73,74.7
402079,福岡県柳川市,68.5,79.7,70.7,72.9,75,85.5,85.1,84.7,84.2
402109,福岡県八女市,81,80.9,82.5,85.1,88.4,90.1,91.8,93,94.3
402117,福岡県筑後市,95.2,95.2,93.8,95.1,93.9,95.9,97.9,,
402125,福岡県大川市,71,73.1,75.3,77.3,79.4,73,75.2,77,79.1
402141,福岡県豊前市,62.7,64.8,,,,,,,
402150,福岡県中間市,81.4,83.6,,,,,94.5,96.8,98.2
402168,福岡県小郡市,91.9,93.6,95.4,97.1,98.8,99.7,95.9,100,99.9
402176,福岡県筑紫野市,71.7,73.8,76,77,79.2,79.7,81.9,84.1,86.3
402184,福岡県春日市,13.4,9.3,15.9,18.2,15.7,17.9,19.9,22.1,24.3
402192,福岡県大野城市,,58.1,76.7,58,60.2,58.5,60.5,55.6,62.6
402206,福岡県宗像市,,59.8,62.5,59.9,62.1,64.3,68.1,69.9,72
402214,福岡県太宰府市,63.1,11.2,14.7,18.1,21.5,24.9,28.1,31.3,34.4
402231,福岡県古賀市,29.7,45.4,47.9,50.4,51.5,54,56.6,59.1,61.6
402249,福岡県福津市,69.1,71.8,74.5,76.7,79.4,82,84.6,87.2,89.6
402257,福岡県うきは市,13.4,24.6,26.1,28.3,30.5,32.8,35,38,38.8
402265,福岡県宮若市,60.4,62.6,64.8,67,69.2,71.4,73.2,75.2,77.5
402273,福岡県嘉麻市,56.1,61.6,61.6,63.5,65.2,67.2,69.1,63.6,60.6
402281,福岡県朝倉市,78.8,81.3,83.9,85.8,88.3,88.5,91,93.5,95.3
402290,福岡県みやま市,74,76.3,76.9,79.1,76.2,78.3,80.2,50.5,52.4
402303,福岡県糸島市,,81.7,83.3,81.5,83.1,84.7,86.3,87.9,89.5
402311,福岡県那珂川市,53,55.6,58.2,60.7,63.3,65.9,59.9,62.6,65.3
402311,福岡県那珂川市,53,55.6,58.2,60.7,63.3,65.9,59.9,62.6,65.3
402311,福岡県那珂川町,53,55.6,58.2,60.7,63.3,65.9,59.9,62.6,65.3
402311,福岡県那珂川町,53,55.6,58.2,60.7,63.3,65.9,59.9,62.6,65.3
403415,福岡県宇美町,56.9,,59.5,61.8,66.3,68.6,70.8,72.8,64.6
403423,福岡県篠栗町,40.6,40.6,45.3,48.3,50.3,52.3,54.2,56,55.1
403431,福岡県志免町,74.7,68.4,68.6,68.7,70.7,69.6,71.6,73.6,50.5
403440,福岡県須恵町,,68.6,70.8,72.9,75,77.1,79.3,81.4,83.5
403458,福岡県新宮町,,90.4,90.7,90.6,90.9,91.2,91.5,91.8,92.1
403482,福岡県久山町,70.8,73.2,75.6,78,79.2,81.5,83.9,85.6,86.6
403491,福岡県粕屋町,39.2,41.3,43.4,44.8,47,48.5,50.4,52.5,44.8
403814,福岡県芦屋町,,65,67.2,64.6,66.8,69,71.2,53.4,54.6
403822,福岡県水巻町,76.9,79,78.9,80.9,81.4,84.6,86.1,87.7,88.6
403831,福岡県岡垣町,59.5,60.5,62.3,62,64.3,66.1,67.9,68.5,69.6
403849,福岡県遠賀町,75.1,75.8,74,75.3,77.7,80.2,82.6,85.1,87.5
404012,福岡県小竹町,,85.4,87.1,88.6,90.3,92,93.9,93.9,95.7
404021,福岡県鞍手町,71.5,73.1,74.7,75.8,77.5,79.2,67.9,70.7,73.5
404217,福岡県桂川町,49.5,51.7,53.9,55.9,58.1,60.1,62.3,64.1,66.4
404471,福岡県筑前町,58.9,74.4,76.7,76.3,78.3,80.4,81.8,83.9,86
404489,福岡県東峰村,,,,,,,,87.9,84.6
405035,福岡県大刀洗町,52.7,58.1,57.3,58.8,61.1,63.4,65.7,67.7,64.6
405221,福岡県大木町,59.1,61.4,63.5,65.8,68,54.1,56.5,58.8,61.2
405442,福岡県広川町,,93.9,,,,,,,
406015,福岡県香春町,78.2,80.4,82.6,84.8,82.4,84.7,84.3,87,89
406023,福岡県添田町,,92.2,65.8,67.9,70.1,73.5,73.4,75,76.6
406040,福岡県糸田町,86.2,87.9,89.5,91.1,100,100,100,11.1,
406058,福岡県川崎町,77.7,79.4,79.5,82.8,,86.1,87.8,89.5,91.2
406082,福岡県大任町,72.6,74.8,65.6,67.8,70.4,72.6,74.8,79.2,79.2
406091,福岡県赤村,95.3,66,69,71.6,74.8,76.6,79.6,82.7,85.8
406104,福岡県福智町,81.4,77.5,80,82.4,86.2,88,89.7,91.4,92.5
406210,福岡県苅田町,45.9,48.7,52.1,55.4,58.7,61.6,64.9,68.2,71.3
406252,福岡県みやこ町,,57,59,61.1,61.5,61.4,59.5,61.6,63.8
406422,福岡県吉富町,75.7,74.6,76.6,77.8,78.2,79.2,80.3,,
406465,福岡県上毛町,,,81.4,83.6,83.4,85.8,88.2,90,
406473,福岡県築上町,72.1,74.3,76.5,76.6,79.3,81.5,83.4,85.2,86.6
412015,佐賀県佐賀市,,49.7,51.8,54.1,56.3,58.5,60.7,62.9,65.1
412023,佐賀県唐津市,67.5,65.9,67.8,66.8,68.8,67.7,69.6,71.8,73.9
412031,佐賀県鳥栖市,80.6,83.9,85.6,87,87.4,88.7,60.1,59.2,61.6
412040,佐賀県多久市,59.8,61.3,61.7,63.2,64.5,66,60.7,62.2,64.5
412058,佐賀県伊万里市,91.8,94.2,94.5,94.8,95.1,95.4,95.7,96,96.3
412066,佐賀県武雄市,79.5,80.1,84.1,84.7,86.9,85.5,88.8,90.7,89.9
412074,佐賀県鹿島市,83,84.4,85.6,86.5,87.4,88.2,89.1,89.9,90.8
412082,佐賀県小城市,67.6,63.4,65.1,67,69.1,70.9,72.7,74.6,76.4
412091,佐賀県嬉野市,,86.1,83.3,41,40.3,42.8,45.4,23.5,32
412104,佐賀県神埼市,,47.3,49.1,51.1,53.1,54.5,54.8,56.8,57.5
413275,佐賀県吉野ヶ里町,59.3,73.4,75.3,77.1,79,26.5,20.9,24.2,27.4
413411,佐賀県基山町,53.8,55.5,57.7,58.4,56.9,52.7,51.1,53.2,55.6
413453,佐賀県上峰町,82.7,94.2,94.7,95.2,96.5,96.9,99.1,99.3,95.6
413461,佐賀県みやき町,71.9,74.1,76.4,78.4,79.6,65.4,67.3,63.8,66.8
413879,佐賀県玄海町,63.1,65,63.6,65.1,67.1,69.1,71.1,71.3,57.3
414018,佐賀県有田町,80.1,66,68.4,70.5,72.9,75.3,75.4,73.1,74.4
414239,佐賀県大町町,87.2,94.6,96.8,99,100,100,100,100,100
414247,佐賀県江北町,45.6,65.4,67.7,70.2,72.6,75,77.2,79.2,81.2
414255,佐賀県白石町,83.1,83.8,78,79.8,81.6,83.1,84.5,85.6,86.7
414417,佐賀県太良町,80.2,76.4,80.5,82.8,83.1,85.4,87.4,89.7,91.9
422011,長崎県長崎市,,53,53.1,52.9,53.1,55.4,54.3,54.5,55.8
422029,長崎県佐世保市,,159.5,78,80,81.9,83.9,85.5,87.4,90.6
422037,長崎県島原市,30.8,35.6,37.8,41.8,44,46.4,47.9,50.2,45.9
422045,長崎県諫早市,,41.3,43.5,45.6,47.6,49.2,51.7,53.6,55.5
422053,長崎県大村市,,44.5,46.6,49.7,51.8,53.9,56.1,58.1,60.2
422070,長崎県平戸市,72.8,79.1,71.9,74.5,73.6,76.1,77.9,86.6,87.4
422088,長崎県松浦市,,85.5,72.8,55.7,39.9,41.9,43.9,45.9,56.6
422096,長崎県対馬市,,60.4,62.9,65,67.1,69.2,71.3,72.9,75.2
422100,長崎県壱岐市,,59,50,50.5,50.7,52.5,51.4,50.7,52.6
422118,長崎県五島市,,53.1,55.1,56.6,58.7,63.2,65.4,67.5,72
422126,長崎県西海市,,53.1,53.1,55.4,57.7,59.8,62,65.7,67.1
422134,長崎県雲仙市,61.3,,,,,70.5,72.3,71.2,44.1
422142,長崎県南島原市,73.5,75.5,76.2,77.2,79.1,79.9,81.7,83.5,85.3
423076,長崎県長与町,64.5,70.7,64,67.5,69.1,70.7,72.3,73.8,75
423084,長崎県時津町,,66,58.8,69.6,71.9,74.3,70.5,72.6,74.3
423211,長崎県東彼杵町,85.4,87.6,89.7,91.8,94.1,95.8,96.5,96.7,96.8
423220,長崎県川棚町,81.4,83.5,85.7,87.5,,92.3,94.5,96.3,98.6
423238,長崎県波佐見町,68.2,70.4,72.6,74.4,77,79.2,81.4,83.6,85.8
423831,長崎県小値賀町,55.8,57.6,59.3,61,62.8,64.5,66.2,68,69.7
423912,長崎県佐々町,,85.9,69.6,72,72.8,75.7,74.4,70.6,71.5
424111,長崎県新上五島町,,50.2,50.1,48.5,48.5,52.4,57.3,59.4,61.4
431001,熊本県熊本市,61.5,63.1,64.5,65.5,63.6,65.4,65.9,67.7,69.5
432024,熊本県八代市,,58.7,60.7,58.7,58.6,60.8,67.4,67.5,69.6
432032,熊本県人吉市,44.2,46.3,48.4,50.6,52.7,54.9,54,56.4,58.8
432041,熊本県荒尾市,93.8,93.4,94,94.1,94.6,90.5,90.3,91,92.7
432059,熊本県水俣市,44.2,48.7,51.1,52.8,54.9,56.1,57.7,56,48.9
432067,熊本県玉名市,40.2,50.8,48.9,51.4,53.8,53,55.5,55.5,54.4
432083,熊本県山鹿市,54.9,57.1,59.2,60.8,62.1,63.1,64.8,66.4,68.2
432105,熊本県菊池市,,69.3,68.7,69.7,70.3,72.5,74.2,75.9,77.1
432113,熊本県宇土市,90,93.1,84.5,87.9,85.9,86.6,87.2,87,86
432121,熊本県上天草市,,51.3,53.5,52.7,55,57.3,60.4,62.7,65
432130,熊本県宇城市,64.1,63.5,65.4,67.4,68.1,70.1,72.1,74,74.8
432148,熊本県阿蘇市,61.2,62.9,65.1,67.8,68.9,71.1,73.3,75.2,75.2
432156,熊本県天草市,,67.7,69.1,70.7,73.2,73.3,74.7,75.9,77.5
432164,熊本県合志市,62,64.6,67.1,58.7,60.8,62,63.9,65.9,67.8
433489,熊本県美里町,53.4,53.2,55.3,55.9,57.7,59.8,61.8,63.5,65.1
433641,熊本県玉東町,62.1,68.9,68.6,63.6,65.2,73.6,78.8,80.9,83.1
433675,熊本県南関町,81,84,78.4,81.1,75.5,78.2,82.2,76.6,77.8
433683,熊本県長洲町,61.6,65,85.6,87.8,92,94.2,96.4,98.6,99.8
433691,熊本県和水町,45.2,47.2,46.3,49.5,51.5,53.4,56.5,58.5,51.8
434035,熊本県大津町,46.1,35.5,37.6,39.8,42.4,44.7,47.2,49.6,51.6
434043,熊本県菊陽町,,93.3,95.5,83.2,83.8,84.4,85,85.7,6.1
434230,熊本県南小国町,100,100,94.3,94.5,94.7,94.9,95.1,95.3,95.5
434248,熊本県小国町,,61.6,63.8,72,74.7,77.2,79.9,82.5,85
434256,熊本県産山村,73.2,65.3,68,79.7,81.5,83.7,85.9,88.1,90.3
434281,熊本県高森町,51.1,53.2,55.4,57.4,59.6,61.7,63.9,65.6,67.6
434329,熊本県西原村,55,57.2,59.4,61.6,63.8,66,6,8.1,10.4
434337,熊本県南阿蘇村,,79.1,81.1,86.2,87.5,86.2,87.8,89.4,88.9
434418,熊本県御船町,46.1,48.3,46.2,48.4,50.5,52.5,54.6,56.7,58.6
434426,熊本県嘉島町,53.3,55.5,57.2,59.9,61.7,63.9,66.1,68.4,70.6
434434,熊本県益城町,,89.8,,,0,2.2,4.4,6.6,8.8
434442,熊本県甲佐町,97.6,86.4,87.6,90.2,92.7,95.3,97.9,98.5,99.1
434477,熊本県山都町,98.2,99.5,94.4,92.4,91.4,91,81.5,72.5,38.4
434680,熊本県氷川町,51.5,51.4,52.1,55.7,57.9,59.9,62.2,64.4,66.7
434825,熊本県芦北町,,64.3,66.2,73.9,76,85.7,88,88.8,90.6
434841,熊本県津奈木町,100,92.3,99.6,83.9,85.3,86.8,87.1,84.6,79.7
435015,熊本県錦町,91.6,96.4,97.1,98.4,98.9,98.9,99,99,99
435058,熊本県多良木町,66.1,68.5,66.7,67.3,69.4,62,64.6,66.5,68.7
435066,熊本県湯前町,58.8,61.4,64,66.6,65.2,67.8,70.4,71.8,74.4
435074,熊本県水上村,24,80.7,82.5,78.6,79.4,81.4,79.5,81.7,83.8
435104,熊本県相良村,58.6,60.6,61.3,63.2,65.3,67.4,61.4,64.4,67.4
435112,熊本県五木村,,89.7,94.3,95.2,96.3,97.5,98.7,97.7,98
435121,熊本県山江村,92.4,98.8,99.3,99.3,99.3,99.2,99.2,82.9,
435139,熊本県球磨村,,,,,,,,,
435147,熊本県あさぎり町,66.4,64.6,66.1,60.8,62.7,64.6,66.6,68.5,70.4
435317,熊本県苓北町,,,,57.2,58.9,56.8,58.6,58.6,60.4
442011,大分県大分市,50.6,52.3,44.7,77.3,77.8,78.3,79.8,81.2,82.4
442020,大分県別府市,36.6,,40.3,40.3,40.3,40.4,40.3,53.3,52.3
442038,大分県中津市,59.7,61.2,64.3,65.8,66.5,68,68.2,69,68.8
442046,大分県日田市,,59.3,61.5,62.2,68.5,69.1,69.6,71.9,69.6
442054,大分県佐伯市,76.3,69.7,79.9,70.7,72.6,74.4,76.2,78,79.6
442062,大分県臼杵市,78.2,74.3,77,78.7,83,67.5,69.5,71.6,73.6
442071,大分県津久見市,66,66,88.1,78.6,80.6,83,85.2,87.4,89.6
442089,大分県竹田市,66,71.5,68.3,59.8,62.7,64.7,66,68,69.8
442097,大分県豊後高田市,70.4,72.3,80.2,82.3,84.7,87,78.1,77.9,76
442101,大分県杵築市,37.9,39.4,40.2,42.1,43.2,47.4,49.5,51.5,53.5
442119,大分県宇佐市,80,80.5,79.6,80.2,78.1,57.8,59,62.1,66
442127,大分県豊後大野市,52.6,54.6,48.9,45.4,47.2,49.2,51.2,52.6,54.6
442135,大分県由布市,81.5,83.8,89,82.1,72.5,82.2,71.5,72.2,73.8
442143,大分県国東市,65.5,74.4,75.9,75.9,73.6,77,78.5,80.4,72.8
443221,大分県姫島村,75.3,,53.5,,,,,,
443417,大分県日出町,81.4,69,75.8,78,75.3,77.5,78.7,80.5,82.8
444618,大分県九重町,36.3,38.4,64.7,65.8,67,68.3,69,70.2,71.7
444626,大分県玖珠町,55.4,58.3,61.2,63.1,65.9,68.3,70.7,73.2,75
452017,宮崎県宮崎市,42.8,44.9,46.9,48.4,51.1,53.6,55.4,56.9,59.7
452025,宮崎県都城市,72.4,69.2,70.5,42.3,49.2,51.2,53.2,53.8,54.6
452033,宮崎県延岡市,72.5,74,75.7,76.9,78.6,80.4,81.9,83.4,80.5
452041,宮崎県日南市,,69.4,71.3,74,76.7,79.4,80.9,81.7,82.9
452050,宮崎県小林市,,26.4,89.7,91.3,90.6,91.8,92.8,93.7,93.7
452068,宮崎県日向市,,96.1,95.8,96.4,97,97.6,98.2,98.6,98.5
452076,宮崎県串間市,81.4,85.4,87.6,89.8,92,94.1,96.3,98.5,99.2
452084,宮崎県西都市,72,74.4,76.5,78.7,80.8,82.6,81.9,82.5,83.9
452092,宮崎県えびの市,,64.5,66.7,64.1,71.1,73.3,69.2,77.6,79.7
453412,宮崎県三股町,,79.8,80.8,81.7,83,83.9,81.6,82.9,84.1
453617,宮崎県高原町,,100,100,100,93,93.2,93.3,93.2,93.4
453820,宮崎県国富町,66.8,69,67.7,25.4,27.4,29.3,31,32.8,34.5
453838,宮崎県綾町,,47.8,49.8,51.7,53.7,55.6,57.4,58.9,60.3
454010,宮崎県高鍋町,61.6,64.3,65.3,67.3,69.3,66.1,46.2,48.6,50.8
454028,宮崎県新富町,,82.1,84.3,86.5,88.1,89.2,76.2,76.9,48.3
454036,宮崎県西米良村,,90.8,93.1,95.4,97.2,99.9,99.1,99.2,99.3
454044,宮崎県木城町,48.8,34.6,34.3,37.6,40.6,42.9,45.3,47.6,50
454052,宮崎県川南町,50.3,70.8,72.9,75.3,77,77.1,79.3,81.5,81.9
454061,宮崎県都農町,92.2,90.1,94.5,95.8,97.3,93.3,94.1,93.8,93.8
454214,宮崎県門川町,89.2,72.5,74.3,74.6,75.7,76.6,78.5,80.3,82.2
454290,宮崎県諸塚村,,81.8,89.3,89.6,91.7,93.5,95.4,97.1,98
454303,宮崎県椎葉村,98.3,99.3,99.7,99.8,92.9,92.7,93.1,93.4,93.2
454311,宮崎県美郷町,78.2,86.2,80.5,83.1,85.6,87.9,89.4,91,85.5
454419,宮崎県高千穂町,64.4,70.4,72.3,74,75.5,77.1,78.7,80.2,81.7
454427,宮崎県日之影町,85.3,85.9,86.6,87.2,87.9,88.6,89.2,89.9,90.5
454435,宮崎県五ケ瀬町,,68.2,37.4,39.4,41.6,43.8,46,48.3,49
462012,鹿児島県鹿児島市,41.5,43.5,43.6,45.5,47.5,49.3,51.1,53.5,55
462039,鹿児島県鹿屋市,,72.7,54.2,55.9,65.2,67.2,68.7,70.7,72.6
462047,鹿児島県枕崎市,80.7,77.9,78.3,77.1,81.2,83.8,77.4,77.9,78.7
462063,鹿児島県阿久根市,,,72.7,73,76.9,78.8,80.9,83,85.2
462080,鹿児島県出水市,77,79,81,83.1,85.1,87,89,89.9,79.5
462101,鹿児島県指宿市,,57.4,59.6,61.8,64,53.8,56,58.2,60.4
462136,鹿児島県西之表市,59.2,58,60,62.1,63.8,70.3,78.4,80.2,82
462144,鹿児島県垂水市,64.7,66.8,68.2,54.1,51,51.8,52.7,55.2,57.6
462152,鹿児島県薩摩川内市,38.2,46.1,49.2,53.6,56.5,60.4,57.9,61.3,63.9
462161,鹿児島県日置市,57.8,63.2,65.1,67.9,69.8,71.7,73.6,75.5,73.4
462179,鹿児島県曽於市,63.4,78,80,82.2,82.7,78.1,78.2,79,80.9
462187,鹿児島県霧島市,69.9,72.1,74.3,67.5,65.8,67.7,70,70.9,71.5
462195,鹿児島県いちき串木野市,,26.5,33.4,35.3,37.2,38.4,40.4,42.3,45.8
462209,鹿児島県南さつま市,,74,76.2,78.3,78.3,80.4,82.1,78.4,80.3
462217,鹿児島県志布志市,68.3,70.4,72.7,75.8,78,82.6,83.1,79.8,72.3
462225,鹿児島県奄美市,,67.4,69.9,80.5,81.3,83.1,84.9,85.7,87.1
462233,鹿児島県南九州市,81.6,81.1,81.7,82.4,82.2,83.4,82.3,86,87.2
462241,鹿児島県伊佐市,79.4,,93.3,95.1,95.2,96.2,96.6,97,
462250,鹿児島県姶良市,47.4,49.3,51.3,54.3,54.9,56.7,58.6,60.1,63.3
463035,鹿児島県三島村,47.2,51.6,51.6,53.8,56,58.2,60.4,62.4,60.3
463043,鹿児島県十島村,,,,,,,,,
463922,鹿児島県さつま町,,,65.7,68,69.9,72.7,75,77.3,79.6
464040,鹿児島県長島町,,73.5,75.5,77.5,79.5,81.5,83.5,85.4,87.4
464520,鹿児島県湧水町,,56.3,59.9,61.9,63.9,65.7,67.7,69.7,71.7
464686,鹿児島県大崎町,59.4,61.6,63.8,66.8,69,71.1,71.1,73.1,75.3
464821,鹿児島県東串良町,,54.4,57.6,64.2,,63.1,65.2,67.5,71.9
464902,鹿児島県錦江町,67,77.3,78.2,80,81.8,78.9,81.1,83.3,85.5
464911,鹿児島県南大隅町,,85.4,87.7,82.5,83.5,83.9,73.6,75.8,76.9
464929,鹿児島県肝付町,,,,92.5,93.2,93.9,94.3,94.7,95
465011,鹿児島県中種子町,45.4,46,48.2,50,52.2,54.1,54.2,56.6,58.8
465020,鹿児島県南種子町,,,,79.2,81.4,83.6,85.8,88,88
465054,鹿児島県屋久島町,,72.7,62.2,64.7,67.1,69.6,72.1,74.5,77
465232,鹿児島県大和村,,73.4,75.6,68.3,65.2,67.4,69.6,71.8,74
465241,鹿児島県宇検村,62.3,64.4,63.9,66.1,66.1,70.5,72.7,76.8,78.9
465259,鹿児島県瀬戸内町,59.4,61.6,63.8,66,68.2,70.4,72.6,60.9,63.4
465275,鹿児島県龍郷町,34,36,38,40,42,44,40.1,43.1,46.1
465291,鹿児島県喜界町,99,77,77,83.6,85.8,88,90.2,92.4,94.6
465305,鹿児島県徳之島町,43.5,46.1,51.5,54.2,34.9,37.7,30.3,34.2,34.5
465313,鹿児島県天城町,,67.8,70,72.2,74.4,76.6,78.6,80.8,83
465321,鹿児島県伊仙町,,40.3,42.5,44.7,47.3,49.1,51.3,53.5,55.7
465330,鹿児島県和泊町,83.6,85.8,88,90.2,92.4,94.6,96.8,99,100
465348,鹿児島県知名町,63.8,65,68.5,70.7,72.9,75.1,76.7,79,81.2
465356,鹿児島県与論町,58,60.8,63.6,66.2,69,71.8,74.6,74.9,77.7
472018,沖縄県那覇市,,35.5,37.9,40.3,42.7,45.1,47.5,50.4,51
472051,沖縄県宜野湾市,61.6,64.5,66.6,69.1,71.4,74,76.2,78.6,81.1
472077,沖縄県石垣市,59.1,57.1,60.1,61.3,61.9,63.1,64.2,65.4,67.6
472085,沖縄県浦添市,,52,54.1,54.1,58.5,60.6,62.8,65,67.2
472093,沖縄県名護市,,55.3,57.5,59.7,63.1,63.5,65.8,68.1,70.4
472107,沖縄県糸満市,66.2,,58.5,57.2,57.6,58.6,62.1,64.4,65.9
472115,沖縄県沖縄市,,,,,,24,26.2,28.4,30.6
472123,沖縄県豊見城市,10.8,14.6,18.2,21.8,25.4,29,32.6,36.2,38.9
472131,沖縄県うるま市,67.5,69.7,71.9,74.1,76.2,78.4,80.6,82.8,85
472140,沖縄県宮古島市,63.8,66.3,77.1,78.2,79.7,81.6,79.8,81.7,49.6
472158,沖縄県南城市,63.9,66.1,68.3,61.4,63,63.6,65.8,68,70.2
473014,沖縄県国頭村,,64,72.7,74.9,40.6,40.9,43.3,45.7,48
473022,沖縄県大宜味村,,,,,,,,,
473031,沖縄県東村,71.1,69.4,71.6,73.8,76,78.1,80.3,82.5,84.7
473065,沖縄県今帰仁村,46.8,41.9,44,46.2,48.3,48.7,50.6,52.9,55.6
473081,沖縄県本部町,,40.2,42.9,44.8,46.8,48.8,50.7,52.7,54.6
473111,沖縄県恩納村,,67.4,76.4,78.6,80.8,83,85.2,87.5,89.7
473138,沖縄県宜野座村,68.2,72.6,74.8,77,79.2,81.4,83.6,85.8,88
473146,沖縄県金武町,41.9,42.7,44.8,47,49.2,51.4,53.6,22.3,25
473154,沖縄県伊江村,66.5,20.4,71,73.3,75.3,77.2,27.5,23.9,26.1
473243,沖縄県読谷村,77,64.7,79.2,69.1,71.3,73.5,75.7,77.9,80.1
473251,沖縄県嘉手納町,40.3,48.8,51.9,53.8,55.6,57.5,57,56.4,56.5
473260,沖縄県北谷町,47.3,42.9,59.4,61.6,63.8,66,68.2,70.4,72.6
473278,沖縄県北中城村,,,,,,,,,
473286,沖縄県中城村,,68.2,70.4,72.6,74.8,73,76,78.9,80.7
473294,沖縄県西原町,,63.8,68.2,70.4,72.6,74.8,77,79.2,81.4
473481,沖縄県与那原町,,18.7,6.6,8.8,11,13.2,15.4,17.6,19.8
473502,沖縄県南風原町,36.4,81,,,,,,,
473537,沖縄県渡嘉敷村,,,,81.6,85,88.4,91.8,95.2,98.6
473545,沖縄県座間味村,,,61.6,63.4,,,,,
473553,沖縄県粟国村,,,,,,,,,
473561,沖縄県渡名喜村,,52.8,55,,,,,,
473570,沖縄県南大東村,44,46.2,48.3,50.5,52.7,55,55.5,57.7,59.9
473588,沖縄県北大東村,37.4,39.6,41.8,44,46.2,48.4,50.6,52.8,52.5
473596,沖縄県伊平屋村,,69.3,71.4,74.2,77.4,80.1,82.8,85.5,88.2
473600,沖縄県伊是名村,37.4,41,43.2,45.4,47.6,49.8,52,54.2,56.4
473618,沖縄県久米島町,33.9,49.3,52.5,55.3,57.2,59.2,53.8,55.8,57.9
473626,沖縄県八重瀬町,67.9,72.2,72.3,74.6,75.1,77.2,79.4,81.7,84
473758,沖縄県多良間村,,,,,,,,,
473812,沖縄県竹富町,,,,,,,,,
473821,沖縄県与那国町,,,,,,,,,
